variant,score
G2A,2.944582328
G2C,1.514952815
G2D,2.277670285
G2E,3.406837303
G2F,0.626001338
G2H,2.028815098
G2I,2.43733774
G2K,1.572306758
G2L,2.336553044
G2M,1.502331453
G2N,2.848053134
G2P,1.872481312
G2Q,1.303843506
G2R,0.710224891
G2S,2.43710183
G2T,2.633354968
G2V,1.818608766
G2W,4.094355605
G2Y,3.835411348
Q3A,2.46338945
Q3C,1.397922549
Q3D,2.018182544
Q3E,1.564185509
Q3F,4.054504887
Q3G,2.747438036
Q3H,3.087043292
Q3I,2.5413014940000003
Q3K,1.807668774
Q3L,2.532319697
Q3M,1.289274333
Q3N,1.4887825819999998
Q3P,0.656431344
Q3R,1.406082935
Q3S,1.42826253
Q3T,2.049295916
Q3V,1.06031337
Q3W,4.844959493
Q3Y,3.693450342
P4A,2.144527762
P4C,2.7398378610000003
P4D,0.956682523
P4E,2.17329736
P4F,2.053656824
P4G,0.978762005
P4H,1.796504888
P4I,1.046946556
P4K,1.769888955
P4L,3.262510447
P4M,1.439959666
P4N,1.534616785
P4Q,2.092224165
P4R,2.628015259
P4S,2.484819978
P4T,1.803260444
P4V,2.735423515
P4W,1.929421634
P4Y,2.199805126
G5A,1.552700088
G5C,2.388244966
G5D,2.031440003
G5E,1.3020877240000002
G5F,2.066403012
G5H,2.294597465
G5I,2.1848514
G5K,2.161934491
G5L,1.5262012930000002
G5M,1.45881353
G5N,1.43143204
G5P,1.956793897
G5Q,2.078342747
G5R,2.415405088
G5S,1.830925323
G5T,1.770097277
G5V,1.974600694
G5W,1.395352299
G5Y,2.047348185
N6A,1.925605848
N6C,2.5916632230000003
N6D,0.795583343
N6E,1.435502967
N6F,2.314975967
N6G,1.553978642
N6H,1.483562378
N6I,2.64495146
N6K,2.7457627
N6L,3.166627239
N6M,2.493560867
N6P,1.239211581
N6Q,1.591433258
N6R,1.762833334
N6S,1.792996838
N6T,1.216574324
N6V,0.582328098
N6W,3.27224842
N6Y,2.830080767
G7A,1.939944039
G7D,1.726076212
G7E,1.950322105
G7F,0.6877192209999999
G7H,2.803563445
G7I,3.2409966860000003
G7K,1.547751047
G7L,2.145866061
G7M,3.184089527
G7N,2.343125028
G7P,2.722617913
G7Q,1.459206962
G7R,2.080639345
G7S,1.619577283
G7T,2.115941423
G7V,2.9328520780000003
G7W,2.492982076
G7Y,1.807044749
S8A,1.32702222
S8C,2.48744673
S8D,0.968554375
S8E,1.529269699
S8F,2.792561042
S8G,1.5533876519999998
S8H,1.222612241
S8I,4.657941627
S8K,1.654119916
S8L,2.286176933
S8M,3.65928623
S8N,2.138413794
S8P,4.06598168
S8Q,1.069006037
S8R,2.118131624
S8T,1.315571735
S8V,1.192561082
S8W,1.651429693
S8Y,1.299194337
A9C,2.1200152880000003
A9D,1.898548367
A9E,2.190315351
A9F,3.059071015
A9G,1.430327397
A9H,2.449357901
A9I,2.249336346
A9K,1.916628091
A9L,3.909767751
A9M,2.293130542
A9N,1.441383128
A9P,2.072099906
A9Q,2.907805817
A9R,1.763862966
A9S,2.223833923
A9T,1.429006016
A9V,2.163808787
A9W,1.677625446
A9Y,2.319240015
F10A,2.085959635
F10C,1.123956927
F10D,1.375675364
F10E,1.726440419
F10G,1.875547088
F10H,0.704081086
F10I,2.578706632
F10K,1.455271805
F10L,1.509248613
F10M,2.285335005
F10N,1.725641326
F10P,0.937481219
F10Q,1.802015765
F10R,1.5872269680000002
F10S,2.215492034
F10T,1.069498445
F10V,1.564669888
F10W,1.90509945
F10Y,1.663056529
L11A,1.781666144
L11C,1.076728713
L11D,0.798045798
L11E,1.481281703
L11F,2.042825412
L11G,0.539174196
L11H,2.458323796
L11I,1.95662694
L11K,1.7330682169999998
L11M,2.23384645
L11N,1.3474850619999998
L11P,1.541283311
L11Q,2.094915222
L11R,4.503258871
L11S,1.555881745
L11T,1.974948864
L11V,2.96789318
L11W,3.1706747510000004
L11Y,1.607025874
L12A,1.90673157
L12C,1.464346784
L12D,1.7664465319999998
L12E,1.6117361680000002
L12F,2.217278948
L12G,1.169922283
L12H,1.916263972
L12I,1.319089897
L12K,1.364976793
L12M,2.088231722
L12N,1.277739451
L12P,3.165473871
L12Q,0.804237792
L12R,1.248551309
L12S,1.782168609
L12T,1.403570574
L12V,1.4550635630000002
L12W,2.024278729
L12Y,2.186813765
A13C,1.570381489
A13D,1.693493589
A13E,1.828447413
A13F,2.399488202
A13G,1.262822169
A13H,2.530057255
A13I,1.837912914
A13K,1.5349267009999998
A13L,2.865884477
A13M,2.137824428
A13N,1.878063453
A13P,2.014035536
A13Q,1.787813769
A13R,1.793174891
A13S,4.21412337
A13T,1.590729228
A13V,2.179676186
A13W,2.033776113
A13Y,1.051310567
P14A,1.7566248969999998
P14C,2.441925222
P14D,1.937144525
P14E,1.507368099
P14F,2.129172067
P14G,1.188597582
P14H,1.39974675
P14I,0.935582908
P14K,3.173384984
P14L,2.273630572
P14M,2.044116353
P14N,2.59881958
P14Q,1.586661439
P14R,1.752579977
P14S,2.665461634
P14T,2.304947559
P14V,1.992763091
P14W,2.170525207
P14Y,3.150697754
N15A,2.52123342
N15C,2.159796515
N15D,1.4258798680000002
N15E,1.846951687
N15F,3.012397045
N15G,2.4509544
N15H,1.946820604
N15I,1.277632327
N15K,1.573082497
N15L,3.522561857
N15M,2.079244503
N15P,1.72599869
N15Q,1.969757068
N15R,2.421548162
N15S,2.2345101830000003
N15T,1.801899395
N15V,1.306396595
N15W,3.042302369
N15Y,2.058338527
G16A,2.399306371
G16C,1.880367277
G16D,3.04138549
G16E,3.498684417
G16F,2.630070756
G16H,2.282671827
G16I,2.359760219
G16K,1.393090384
G16L,3.424209658
G16M,2.124240397
G16N,2.138228412
G16P,1.504987108
G16Q,1.085641475
G16R,1.3620882580000002
G16S,1.387941025
G16T,1.035036784
G16V,1.5310137819999998
G16W,1.070508007
G16Y,0.374255801
S17A,1.200593924
S17C,1.466791406
S17D,2.15971475
S17E,1.519424295
S17F,3.289214757
S17G,1.997759761
S17H,2.637889192
S17I,3.220055556
S17K,2.367131771
S17L,2.054708278
S17M,0.502267997
S17N,2.440275034
S17P,2.469721341
S17Q,2.0577148640000003
S17R,1.6412950219999998
S17T,2.253872226
S17V,1.801336611
S17W,2.288078678
S17Y,1.577172111
H18A,1.35611364
H18C,1.3674556690000002
H18D,0.784101402
H18E,1.336702136
H18F,2.262781032
H18G,2.538257726
H18I,1.932603668
H18K,1.523940373
H18L,2.941153214
H18M,2.463699087
H18P,1.659363041
H18Q,1.777395737
H18R,0.8972249720000001
H18S,1.328068311
H18T,1.484352846
H18V,2.219060938
H18W,2.838011184
H18Y,1.214311963
A19C,2.104566433
A19D,2.27395349
A19E,1.823799212
A19F,2.770448244
A19G,1.5367590569999998
A19H,2.88890034
A19I,1.871028936
A19K,2.013089898
A19L,2.196328187
A19M,0.870686978
A19N,1.7830638840000002
A19P,1.50046515
A19Q,2.248932336
A19R,2.73580756
A19S,1.988942504
A19T,1.010680903
A19V,1.821747379
A19W,2.154745843
A19Y,0.0635104359999999
P20A,2.698216651
P20C,1.606910073
P20D,0.888607217
P20E,1.499192881
P20F,3.221081534
P20G,2.051743763
P20I,2.376789578
P20K,3.009261269
P20L,3.175348057
P20M,0.712166045
P20N,1.563553664
P20Q,1.886657743
P20R,2.105392942
P20S,1.662531713
P20T,1.4710212669999998
P20V,2.622790114
P20W,1.915240506
P20Y,2.437437442
D21C,2.205689342
D21E,1.679999579
D21F,1.830768932
D21G,2.27269792
D21H,1.952427633
D21I,1.6684005219999998
D21K,1.6846736919999998
D21L,2.07632499
D21M,3.570148135
D21N,2.653880451
D21P,1.304114356
D21Q,1.7058908919999998
D21R,14.64465672
D21S,3.378729523
D21T,1.750411168
D21V,3.288686329
D21W,4.65130051
D21Y,1.649216351
H22A,0.922829106
H22C,2.992635372
H22D,1.625402444
H22E,2.282945001
H22F,2.94255967
H22G,1.437843222
H22I,1.69818231
H22K,2.24742178
H22L,2.254048055
H22M,2.6677033690000003
H22N,1.787538607
H22P,1.517169161
H22Q,2.537185855
H22R,1.164832078
H22S,2.10396921
H22T,2.645131428
H22V,2.217354082
H22W,0.927541111
H22Y,2.0418211040000003
D23A,2.305018833
D23C,2.49557338
D23E,1.607262531
D23F,2.00868079
D23G,1.180990952
D23H,2.160515537
D23I,1.158320493
D23K,2.8352157160000004
D23L,1.861900267
D23M,1.971771177
D23N,1.73222963
D23Q,1.5240800280000002
D23R,2.223899855
D23S,2.136947722
D23T,1.335351095
D23V,2.065345079
D23W,2.114735923
D23Y,2.055382205
V24A,1.3985590959999998
V24C,1.6549875859999998
V24D,3.0592735560000004
V24E,2.519351697
V24F,2.182342029
V24G,2.115181889
V24H,2.392508916
V24I,2.756286472
V24K,2.17564335
V24L,1.505886548
V24M,2.067949879
V24N,1.976624963
V24P,1.644605611
V24Q,1.225643086
V24R,2.182882261
V24S,2.9586642910000003
V24T,1.23448135
V24W,1.192379408
V24Y,1.730564509
T25A,1.48907836
T25C,3.023615923
T25D,1.607403492
T25E,1.729548231
T25F,3.874692311
T25G,1.806919092
T25H,1.748536012
T25I,1.7144858369999998
T25K,1.80427374
T25L,1.874913507
T25M,2.657563518
T25N,2.747112537
T25P,2.183746748
T25Q,1.77042639
T25R,1.89337077
T25S,1.47590059
T25V,2.367700092
T25W,2.33368126
T25Y,2.66423311
Q26A,2.14683767
Q26C,1.61474655
Q26D,1.904480013
Q26E,1.536922119
Q26F,1.7603708830000002
Q26G,2.531177381
Q26H,1.745201728
Q26I,2.443673211
Q26K,1.367103536
Q26L,2.023264054
Q26M,1.056398376
Q26N,1.829224164
Q26P,2.033949706
Q26R,2.426192456
Q26S,1.947478945
Q26T,2.037272522
Q26V,2.09937487
Q26W,3.633356079
Q26Y,2.843553009
E27A,2.771896445
E27C,1.89895579
E27D,2.281535392
E27F,2.518510492
E27G,2.204959724
E27H,2.3646218830000003
E27I,2.839052987
E27K,0.655359143
E27L,3.5246262460000004
E27M,2.617984693
E27N,1.471958791
E27P,2.560111428
E27Q,2.47592602
E27R,1.844924364
E27S,1.4844199180000002
E27T,2.401428994
E27V,1.328861131
E27W,2.557830133
E27Y,3.968329114
R28A,1.796224038
R28C,1.7589334090000002
R28D,1.266337167
R28E,1.6505385890000002
R28F,4.145555863999999
R28G,2.009083001
R28H,1.568909799
R28I,1.741733664
R28K,1.698853224
R28L,2.196044584
R28M,2.798921521
R28N,3.027515729
R28P,2.8680008010000004
R28Q,0.840668303
R28S,2.960665321
R28T,3.680681045
R28V,2.2238864240000003
R28W,3.1214073260000004
R28Y,1.280070847
D29A,1.887489256
D29C,1.392012471
D29E,1.279606944
D29F,3.1959104810000003
D29G,2.7428690760000003
D29H,2.304880122
D29I,2.157803318
D29K,2.099589518
D29L,2.665334071
D29M,2.388933812
D29N,1.439948694
D29P,2.517883901
D29Q,2.148030127
D29R,2.188602379
D29S,3.328125707
D29T,2.443858381
D29V,2.721686084
D29W,2.398379648
D29Y,1.55565505
E30A,1.328994163
E30C,1.648618048
E30D,1.691488617
E30F,1.667781339
E30G,2.655172189
E30H,2.524558473
E30I,1.742835634
E30K,1.859576163
E30L,2.442674973
E30M,2.203777737
E30N,3.135600959
E30P,2.238377477
E30Q,1.481117274
E30R,1.524793368
E30S,1.903087366
E30T,2.234365851
E30V,2.382163448
E30W,1.811947432
E30Y,2.0149483530000003
V31A,1.943976334
V31C,1.120848754
V31D,1.5569733890000002
V31E,2.173555601
V31F,2.690930278
V31G,0.955788274
V31H,1.860848378
V31I,2.48126547
V31K,1.342988184
V31L,2.530361767
V31M,1.506933064
V31N,1.942787687
V31P,2.955676963
V31Q,2.31156904
V31R,1.781837013
V31S,2.47169291
V31T,1.307771161
V31W,1.710484055
V31Y,1.963646182
W32A,1.5540382780000002
W32C,1.191500871
W32D,1.6419592769999998
W32E,2.357575513
W32F,1.274521985
W32G,1.487891782
W32H,1.913293579
W32I,1.902139066
W32K,2.224524136
W32L,1.172955113
W32M,1.7460288869999998
W32N,0.886865227
W32P,1.1971696000000005
W32Q,1.876284205
W32R,1.89971009
W32S,2.766641421
W32T,1.916866028
W32V,2.220124401
W32Y,1.980540053
V33A,1.514464271
V33C,2.026923982
V33D,2.321574638
V33E,1.331763471
V33F,2.093582677
V33G,0.8240530209999999
V33H,1.604370086
V33I,3.35597655
V33K,1.226601026
V33L,1.930077015
V33M,2.348434857
V33N,0.715571801
V33P,1.810220431
V33Q,2.271516867
V33R,2.677456694
V33S,2.388970629
V33T,2.044918215
V33W,0.997498727
V33Y,1.131556337
V34A,1.028132766
V34C,2.729994961
V34D,1.511913551
V34E,1.4080624380000002
V34F,2.305858819
V34G,2.332969856
V34H,1.942482615
V34I,1.838487689
V34K,2.202405847
V34L,1.354768928
V34M,1.881995652
V34N,1.5603363069999998
V34P,1.065416624
V34Q,2.490230169
V34R,1.6727086569999998
V34S,1.084853511
V34T,2.18109793
V34W,2.805904695
V34Y,2.0697154280000003
G35A,2.7477403560000004
G35C,1.814490821
G35D,1.42631351
G35E,1.298690838
G35F,2.752525764
G35H,1.80304674
G35I,2.65376738
G35K,2.371660959
G35L,1.234531922
G35M,1.110459231
G35N,1.45387619
G35P,2.7289173160000004
G35Q,1.34339508
G35R,1.284637516
G35S,1.057733799
G35T,2.094473128
G35V,1.503933393
G35W,2.604021941
G35Y,1.620323986
M36A,2.661600963
M36C,1.244920992
M36D,1.306100172
M36E,1.046543365
M36F,1.710923026
M36G,1.857020816
M36H,1.869158163
M36I,2.19160841
M36K,1.5876494369999998
M36L,0.7952347809999999
M36N,2.202529674
M36P,1.331064934
M36Q,1.182517828
M36R,1.319443618
M36S,1.7936990659999998
M36T,1.802953025
M36V,2.274888492
M36W,1.49477651
M36Y,1.816919688
G37A,1.537162858
G37C,3.292914208
G37D,0.954271403
G37E,1.983919109
G37F,1.29768809
G37H,0.712376531
G37I,2.300761507
G37K,1.864617906
G37M,0.229296202
G37N,1.499422281
G37Q,0.070330454
G37R,1.396830079
G37S,2.249109207
G37T,2.2907776980000003
G37V,2.325934922
G37W,1.824750469
G37Y,1.511091565
I38C,2.8036271060000004
I38D,1.184520801
I38E,0.950589215
I38F,1.875129404
I38G,1.222880059
I38H,1.242148993
I38K,1.500202226
I38L,1.92342002
I38M,1.773367681
I38N,2.57819429
I38P,1.253607781
I38Q,1.912617797
I38R,1.792299634
I38S,1.91618099
I38T,1.7005719780000002
I38V,2.515323332
I38W,1.37067076
I38Y,1.559802724
V39A,1.96405891
V39C,1.660023605
V39D,1.594400299
V39E,1.092391676
V39F,1.82823192
V39G,1.836768763
V39H,1.456665717
V39I,3.070998737
V39K,1.346970342
V39L,1.797637445
V39M,2.114383999
V39N,1.53190129
V39P,1.5347649680000002
V39Q,1.172484722
V39R,1.4002156819999998
V39S,1.694832085
V39T,2.232366247
V39W,1.406217904
V39Y,1.630387965
M40A,1.841399856
M40C,1.807437895
M40D,1.114559266
M40E,1.854949492
M40F,1.894193687
M40G,0.6551366120000001
M40H,3.1673470060000004
M40I,1.038442899
M40K,2.727750677
M40L,1.348974574
M40N,1.03154608
M40P,1.37191562
M40Q,1.820777716
M40R,1.6161157780000002
M40S,1.91765746
M40T,1.639807799
M40V,1.568752966
M40W,1.017628412
M40Y,1.617188644
S41A,1.498274666
S41C,2.026080228
S41D,1.313076072
S41E,1.973128778
S41F,2.199378126
S41G,3.480301864
S41H,1.177607534
S41I,1.057606545
S41K,1.41201534
S41L,1.954970983
S41M,2.241680332
S41N,1.26467369
S41P,1.6700049869999998
S41Q,1.97207252
S41R,1.7097268819999998
S41T,2.040644899
S41V,2.90896835
S41W,1.994819068
S41Y,1.694041624
L42A,1.505060667
L42C,1.847964109
L42D,1.072418004
L42E,1.133369095
L42F,1.17096057
L42G,1.026179194
L42H,1.4371711319999998
L42I,2.085872389
L42K,1.511471075
L42M,2.214224797
L42N,1.42431047
L42P,1.546234151
L42Q,1.064636412
L42R,1.4163870769999998
L42S,2.602258778
L42T,2.369192726
L42V,2.1110551980000003
L42W,1.674318555
L42Y,1.295416174
I43A,2.48371528
I43C,1.250010015
I43D,2.949266316
I43E,3.623468702
I43F,1.830121612
I43G,1.646315833
I43H,0.568244164
I43K,1.253932285
I43L,1.764844809
I43M,2.756944588
I43N,1.6607817480000002
I43P,1.358684117
I43Q,1.200206108
I43R,1.541923172
I43S,1.687754433
I43T,1.545830354
I43V,2.227590438
I43W,1.724739663
I43Y,2.866809448
V44A,2.440508657
V44C,2.09576131
V44D,2.232338
V44E,1.322896471
V44F,5.191029379
V44G,2.479290003
V44H,1.956064779
V44I,1.900645529
V44K,1.6477435580000002
V44L,2.310225308
V44M,1.5397015530000002
V44N,2.411148267
V44P,2.624929878
V44Q,1.947195441
V44R,0.852202138
V44S,5.366557875
V44T,1.822741069
V44W,1.569350023
V44Y,2.17962159
L45A,1.946927321
L45C,0.901780562
L45D,0.695519911
L45E,1.095171125
L45F,2.031918326
L45G,1.400167715
L45H,1.015105644
L45I,3.903715133
L45K,1.620059426
L45M,2.363382483
L45N,1.411056891
L45P,1.758055496
L45Q,2.055834652
L45R,1.014895246
L45S,2.255727656
L45T,2.50858431
L45V,2.121754072
L45W,1.101133599
L45Y,1.568182785
A46C,1.797205081
A46D,1.025407165
A46E,1.279876037
A46F,2.711778958
A46G,2.42209373
A46H,1.815243271
A46I,1.73690281
A46K,1.752334031
A46L,2.031958777
A46M,1.072074578
A46N,1.527182772
A46P,1.32729078
A46Q,2.278117059
A46R,1.49187627
A46S,1.292688689
A46T,2.013994018
A46V,1.209332357
A46W,5.004510698
A46Y,1.903612299
I47A,1.996904166
I47C,1.300806624
I47D,2.673524573
I47E,1.790577948
I47F,1.042182263
I47G,1.962018345
I47H,1.467752999
I47K,1.763171904
I47L,2.0683225640000003
I47M,2.036773628
I47N,3.2154102589999995
I47P,1.09109825
I47Q,2.76485953
I47R,1.108036458
I47S,1.454670966
I47T,1.775520782
I47V,1.913874526
I47W,0.927962387
I47Y,1.163212431
V48A,2.207542168
V48C,2.434417547
V48D,1.1996639340000002
V48E,1.263481344
V48F,1.17774448
V48G,1.95166551
V48H,1.133040399
V48I,3.0747691660000003
V48K,0.84736266
V48L,1.510606654
V48M,1.947355027
V48N,2.280446386
V48P,1.081460208
V48Q,1.391432744
V48R,0.7811885270000001
V48S,1.514537153
V48T,3.714775805
V48W,1.18885067
V48Y,1.014521232
F49A,1.645747404
F49C,1.869717124
F49D,1.189810196
F49E,1.061773463
F49G,1.614788954
F49H,2.5909429790000003
F49I,1.541209669
F49K,1.822276127
F49L,2.929065877
F49M,1.767579758
F49N,1.718796659
F49P,2.243311796
F49Q,2.1221087780000003
F49R,0.833162892
F49S,2.53863181
F49T,1.704804234
F49V,2.119399545
F49W,2.126212175
F49Y,1.74391292
G50A,1.4439726919999998
G50C,1.241621261
G50D,1.819459562
G50E,3.3333164610000003
G50F,2.397989635
G50H,0.950156087
G50I,1.185035598
G50K,1.217804838
G50L,2.620309587
G50M,3.27686145
G50N,2.842170341
G50P,3.1077434630000003
G50Q,2.0355278
G50R,1.6180450080000002
G50S,2.627498162
G50T,3.50870934
G50V,1.292276289
G50W,1.703014719
G50Y,1.333903253
N51A,1.6933147730000002
N51C,1.472664949
N51D,0.031281454
N51E,1.171728497
N51F,1.174985902
N51G,0.8327161809999999
N51H,1.648549094
N51I,0.956802357
N51K,1.272572226
N51L,1.105572476
N51M,1.141476142
N51P,2.12664009
N51Q,1.4601997
N51R,0.8104209920000001
N51S,1.110506857
N51T,1.711195877
N51V,0.625919689
N51W,1.393737685
N51Y,1.199146482
V52A,2.6259120940000003
V52C,2.366346801
V52D,1.127825855
V52E,1.4385030090000002
V52F,0.49100003
V52G,2.18536148
V52H,0.6970943479999999
V52I,2.228167192
V52K,1.401684425
V52L,1.092891071
V52M,3.502402857
V52N,1.442457432
V52P,1.219910555
V52Q,1.228712346
V52R,1.495441253
V52S,2.202851415
V52T,2.555665942
V52W,1.860295737
V52Y,1.232849919
L53A,2.633329674
L53C,2.4932169980000003
L53D,1.256337527
L53E,2.125900828
L53F,1.928226967
L53G,2.134361106
L53H,0.864854645
L53I,2.014445155
L53K,1.450112829
L53M,0.837277666
L53N,1.820396827
L53P,1.587116609
L53Q,1.135106442
L53R,1.060354029
L53S,2.240463389
L53T,2.321062194
L53V,1.462937477
L53W,2.946239425
L53Y,1.504113155
V54A,2.184189259
V54C,2.035790962
V54D,0.722328532
V54E,1.239807538
V54F,1.029768581
V54G,1.78104232
V54H,1.212457876
V54I,1.871690955
V54K,1.232607581
V54L,1.312123451
V54M,1.38099562
V54N,1.196533869
V54P,1.529762773
V54Q,0.7530332270000001
V54R,1.304697915
V54S,1.580409281
V54T,1.509768463
V54W,1.637603874
V54Y,0.798966453
I55A,1.290665127
I55C,1.236025746
I55D,1.723150004
I55E,1.211119384
I55F,1.263951987
I55G,1.206692787
I55H,1.115838924
I55K,1.003170122
I55L,1.7592279709999998
I55M,3.42866376
I55N,2.425302217
I55P,1.182009996
I55Q,1.009144048
I55R,1.38236839
I55S,1.807140986
I55T,2.671251998
I55V,1.83181962
I55W,1.109502823
I55Y,1.315933855
T56A,1.782066358
T56C,1.959310196
T56D,1.405518221
T56E,1.205679443
T56F,2.122911687
T56G,1.430201442
T56H,1.462621173
T56I,2.226957175
T56K,2.911982226
T56L,3.346493687
T56M,1.5844680759999998
T56N,1.442922894
T56P,1.026926893
T56Q,1.093999667
T56R,2.108753458
T56S,2.052252135
T56V,1.662807652
T56W,2.17115507
T56Y,1.868730382
A57C,1.524893705
A57D,0.897214159
A57E,1.106518632
A57F,1.196695039
A57G,1.162445291
A57H,1.1904130240000002
A57I,1.10452012
A57K,1.314370477
A57L,1.7039374
A57M,1.955761699
A57N,1.283556412
A57P,0.8613898059999999
A57Q,1.717834892
A57R,1.447490656
A57S,2.197052437
A57T,1.982988376
A57V,3.155511213
A57W,1.56227543
A57Y,0.8875058659999999
I58A,1.10391189
I58C,1.707051361
I58D,1.5085115269999998
I58E,1.371414748
I58F,2.241673699
I58G,1.7992089830000002
I58H,2.295683609
I58K,0.843553069
I58L,1.125413925
I58M,1.869810317
I58N,1.739531501
I58P,1.190531348
I58Q,1.036544774
I58R,1.016824662
I58S,1.729881463
I58T,2.338224942
I58V,2.133254597
I58W,1.853195663
I58Y,3.026869281
A59C,2.544426353
A59D,0.952060086
A59E,1.695480617
A59F,2.681013338
A59G,1.208472854
A59H,2.29528999
A59I,1.905967436
A59K,2.657307722
A59L,2.579035157
A59M,2.055845336
A59N,2.043531425
A59P,1.41210519
A59Q,1.141971833
A59R,1.985179315
A59S,1.54885222
A59T,2.229017207
A59V,3.155998933
A59W,2.282740909
A59Y,2.588366957
K60A,1.3446656730000002
K60C,1.619355066
K60D,1.5530067159999998
K60E,0.909155253
K60F,1.7619358930000002
K60G,0.827554709
K60H,1.348063961
K60I,0.969911559
K60L,1.671380486
K60M,1.573612149
K60N,1.695251777
K60P,1.418852808
K60Q,1.311496091
K60R,2.05314394
K60S,1.602169781
K60T,1.641907685
K60V,1.646587312
K60W,1.587494741
K60Y,1.44802818
F61A,1.706049804
F61C,2.529176109
F61D,1.619676309
F61E,0.873742756
F61G,1.4808526569999998
F61H,1.721905375
F61I,1.7120888930000002
F61K,1.859388598
F61L,1.551582946
F61M,1.807425094
F61N,2.169847551
F61P,1.155486439
F61Q,3.282697819
F61R,2.673682088
F61S,2.361918015
F61T,1.862631646
F61V,1.707102314
F61W,1.223658918
F61Y,2.101097512
E62A,1.802810842
E62C,1.41545567
E62D,0.702979798
E62F,1.223752473
E62G,2.699858724
E62H,3.045469603
E62I,1.359756332
E62K,3.237318669
E62L,1.097632375
E62M,1.625276517
E62N,1.962547975
E62P,4.376246267
E62Q,3.688553431
E62R,7.314922205
E62S,2.247181388
E62T,2.459439802
E62V,1.511719124
E62W,1.737161079
E62Y,1.421619954
R63A,1.094187801
R63C,1.418331865
R63D,1.433711838
R63E,1.236852888
R63F,1.255942092
R63G,1.325528291
R63H,1.64846211
R63I,1.267524568
R63K,1.893154073
R63L,1.291156856
R63M,1.21271738
R63N,1.429268332
R63P,1.565480681
R63Q,1.4120426419999998
R63S,1.229719419
R63T,1.6268794640000002
R63V,1.240808936
R63W,1.32907291
R63Y,1.000375747
L64A,1.01108712
L64C,1.407112283
L64D,1.225821221
L64E,1.4972232909999998
L64F,1.318203732
L64G,1.252396604
L64H,0.941389972
L64I,1.381092082
L64K,1.457560783
L64M,1.138406026
L64N,1.479654235
L64P,1.5007740509999998
L64Q,1.477929749
L64R,1.50364814
L64S,1.226696333
L64T,1.140626788
L64V,1.608503274
L64W,1.16050559
L64Y,1.175518251
Q65A,1.834935797
Q65C,1.539301028
Q65D,1.222032627
Q65E,1.3249883059999998
Q65F,1.513055664
Q65G,1.327325899
Q65H,2.153836616
Q65I,1.108879558
Q65K,2.507925611
Q65L,1.274764548
Q65M,1.607135479
Q65N,1.479485386
Q65P,1.190532995
Q65R,2.610880196
Q65S,2.303848062
Q65T,2.011744375
Q65V,1.082593204
Q65W,1.3311979859999998
Q65Y,1.238292605
T66A,1.348481006
T66C,1.4209146419999998
T66D,1.279398447
T66E,1.251424648
T66F,1.347917269
T66G,1.392414456
T66H,1.470408276
T66I,1.735223028
T66K,2.192877667
T66L,1.260350046
T66M,0.93816294
T66N,1.790272408
T66P,1.140368465
T66Q,2.316835061
T66R,1.36069501
T66S,1.901551193
T66V,1.215454358
T66W,1.256125809
T66Y,1.463022126
V67A,1.6134725680000002
V67C,1.069299032
V67D,1.4802899180000002
V67E,2.081190726
V67F,1.5226012290000002
V67G,2.195819917
V67H,2.037654906
V67I,1.876223189
V67K,2.445808148
V67L,2.238562367
V67M,1.560448125
V67N,1.679309364
V67P,2.350758153
V67Q,2.62005286
V67R,2.087661598
V67S,2.615032331
V67T,2.173242732
V67W,1.192474127
V67Y,1.382140394
T68A,2.207204424
T68C,1.586492576
T68D,2.089892584
T68E,1.008072452
T68F,1.058793778
T68G,3.19879725
T68H,1.170391602
T68I,0.964583496
T68K,1.6353686530000002
T68L,1.328859855
T68M,1.328103697
T68N,2.397995306
T68P,1.988689058
T68Q,1.755239079
T68R,3.324418961
T68S,2.670829929
T68V,1.324982849
T68W,1.567392719
T68Y,1.199973391
N69A,2.240909024
N69C,1.68835106
N69D,1.200003877
N69E,1.231668545
N69F,1.245923533
N69G,1.804917534
N69H,1.367248323
N69I,0.95772448
N69K,1.244131095
N69L,1.412430803
N69M,1.881435906
N69P,1.30486619
N69Q,1.043401789
N69R,1.086184118
N69S,2.2467691640000003
N69T,1.358933013
N69V,1.46901275
N69W,1.191497811
N69Y,0.918186798
Y70A,2.622886117
Y70C,1.697788051
Y70D,1.712308746
Y70E,1.462556136
Y70F,1.558726496
Y70G,1.242193619
Y70H,1.848515874
Y70I,1.952632637
Y70K,1.93695689
Y70L,1.786595104
Y70M,1.470775577
Y70N,1.455616076
Y70P,1.28577289
Y70Q,1.738515812
Y70R,1.792791826
Y70S,1.2212577
Y70T,1.645204355
Y70V,1.6732603380000002
Y70W,1.5960989630000002
F71A,1.232645608
F71C,1.048916473
F71D,1.198774938
F71E,1.384835876
F71G,1.118018055
F71H,1.314208397
F71I,1.521224299
F71K,1.094904506
F71L,1.624567679
F71M,1.123520648
F71N,1.206789938
F71P,1.358277032
F71Q,1.49208623
F71R,1.344909593
F71S,1.381359267
F71T,1.918588024
F71V,1.176158538
F71W,2.308092427
F71Y,1.421836191
I72A,1.617938929
I72C,1.56171725
I72D,1.223752424
I72E,1.3495138169999998
I72F,1.295955092
I72G,0.980869918
I72H,1.29729486
I72K,1.600158351
I72L,1.505727336
I72M,1.260170526
I72N,1.303909235
I72P,1.325152199
I72Q,1.434997871
I72R,2.222594659
I72S,1.5207586919999998
I72T,1.4767872869999998
I72V,1.625236996
I72W,0.935014086
I72Y,1.279058675
T73A,2.607971303
T73C,1.487354908
T73D,1.10596257
T73E,1.073991811
T73F,2.373662946
T73G,2.676094294
T73H,1.959826629
T73I,1.898928639
T73K,1.5284426780000002
T73L,1.379122889
T73M,2.7280972080000003
T73N,0.986555149
T73P,0.520464548
T73Q,1.957776917
T73R,1.980295138
T73S,1.491235399
T73V,2.239713835
T73W,2.463562396
T73Y,2.126937432
S74A,1.791691701
S74C,2.7043541660000003
S74D,1.524910856
S74E,0.994458851
S74F,1.135025142
S74G,1.372404555
S74H,1.303093074
S74I,1.122414695
S74K,1.749141548
S74L,1.4019089480000002
S74M,2.466635464
S74N,0.710028098
S74P,0.592565702
S74Q,1.301795324
S74R,1.680192885
S74T,1.440844433
S74V,1.143727148
S74W,1.6125445669999998
S74Y,1.279562262
L75A,1.533990316
L75C,1.311155761
L75D,1.193543271
L75E,1.337880694
L75F,1.255839898
L75G,1.044708947
L75H,1.264444871
L75I,1.19718167
L75K,1.035541604
L75M,2.018014434
L75N,0.907312986
L75P,0.827371401
L75Q,1.410423796
L75R,1.199025118
L75S,1.6286025380000002
L75T,0.991430508
L75V,1.028952655
L75W,1.297305161
L75Y,1.42990024
A76C,2.375242661
A76D,1.401811655
A76E,1.053780226
A76F,1.047276895
A76G,1.244541107
A76H,1.273058399
A76I,1.459191891
A76K,1.35085077
A76L,1.750893903
A76M,0.88525876
A76N,1.02729821
A76P,1.308788663
A76Q,1.096663555
A76R,1.64637273
A76S,1.579388831
A76T,1.30096032
A76V,2.465942652
A76W,1.08042283
A76Y,1.223750219
C77A,1.6428072
C77D,1.093366991
C77E,1.476166804
C77F,2.110077394
C77G,1.850575806
C77H,1.627109235
C77I,2.51453989
C77K,1.186398612
C77L,2.275966518
C77M,2.576096954
C77N,1.388819119
C77P,1.04833234
C77Q,1.262914287
C77R,1.184382732
C77S,0.983783246
C77T,2.099977441
C77V,1.1837773
C77W,1.193471347
C77Y,1.321841493
A78C,1.367960431
A78D,1.4888431919999998
A78E,1.34229298
A78F,0.964423933
A78G,1.208476652
A78H,1.039207732
A78I,1.22963675
A78K,1.477839565
A78L,1.335831931
A78M,1.202644651
A78N,1.215815508
A78P,1.329381839
A78Q,1.483203264
A78R,1.193271342
A78S,2.026190442
A78T,1.422192858
A78V,1.3574906880000002
A78W,1.316622014
A78Y,1.163557561
D79A,1.3904314619999998
D79C,1.515298265
D79E,1.383211552
D79F,1.178018778
D79G,0.7909396940000001
D79H,1.053141516
D79I,1.233732096
D79K,0.8872263579999999
D79L,1.060822954
D79M,1.082826228
D79N,1.238105213
D79P,1.4356117730000002
D79Q,1.065457517
D79R,1.118851469
D79S,1.299594165
D79T,1.30335286
D79V,1.176619139
D79W,1.050487844
D79Y,1.760689203
L80A,2.07610987
L80C,1.740865291
L80D,1.605074064
L80E,1.006647866
L80F,1.752992385
L80G,1.638209037
L80H,1.237303762
L80I,2.140841166
L80K,1.362684806
L80M,2.651342675
L80N,1.278585701
L80P,1.228630747
L80Q,1.539944922
L80R,1.298458639
L80S,1.398933704
L80T,1.404123519
L80V,1.742298016
L80W,1.676590553
L80Y,1.06902019
V81A,1.825709874
V81C,2.7980950310000003
V81D,1.351450526
V81E,1.031317019
V81F,1.7186299619999998
V81G,2.529562376
V81H,1.151389985
V81I,1.500385663
V81K,1.409378464
V81L,1.63049024
V81M,1.906423947
V81N,1.112160853
V81P,1.117332512
V81Q,1.252449458
V81R,1.465548122
V81S,1.860215727
V81T,1.596429686
V81W,1.263687951
V81Y,1.276597513
M82A,1.637676435
M82C,1.208442786
M82D,0.995192299
M82E,1.5202759469999998
M82F,0.948908873
M82G,1.360629762
M82H,1.3629361
M82I,1.863525228
M82K,1.574624737
M82L,1.961478094
M82N,1.275311605
M82P,1.070004286
M82Q,1.1608919
M82R,1.382558596
M82S,1.277127841
M82T,1.700864137
M82V,2.280310155
M82W,1.816456021
M82Y,1.26561591
G83A,1.018096194
G83C,1.315782253
G83D,1.205270029
G83E,0.931595133
G83F,1.56069707
G83H,1.452937523
G83I,1.311862301
G83K,1.051218932
G83L,1.047114457
G83M,1.1235634209999998
G83N,1.792729555
G83P,1.3980497580000002
G83Q,1.266901254
G83R,1.276579172
G83S,1.3670177
G83T,2.210396362
G83V,1.042626533
G83W,1.603325743
G83Y,1.450113801
L84A,2.011721183
L84C,2.255276521
L84D,1.225170787
L84E,0.813781405
L84F,2.366797234
L84G,1.909899701
L84H,1.234376078
L84I,2.461281924
L84K,1.387432112
L84M,1.66841076
L84N,1.603395486
L84P,1.7916125369999998
L84Q,1.176227229
L84R,1.164576963
L84S,1.703380079
L84T,1.633044394
L84V,1.769590439
L84W,1.168773329
L84Y,1.295184346
A85C,1.372845745
A85D,1.076173484
A85E,1.195742686
A85F,1.774670329
A85G,1.854003446
A85H,0.844682769
A85I,2.601227681
A85K,1.4677369669999998
A85L,1.824914867
A85M,1.917316821
A85N,1.091581514
A85P,1.282640236
A85Q,1.6362741019999998
A85R,1.118104581
A85S,2.581339749
A85T,3.134892287
A85V,2.005235982
A85W,1.519475775
A85Y,2.2201119780000003
V86A,1.336566195
V86C,1.912222218
V86D,1.614836097
V86E,1.2349289209999998
V86F,1.455571214
V86G,1.276731469
V86H,1.078129766
V86I,1.302775252
V86K,1.077110395
V86L,1.05275026
V86M,1.36209464
V86N,1.064668641
V86P,1.381746565
V86Q,1.046224035
V86R,0.85227977
V86S,1.171131018
V86T,0.980082392
V86W,1.32003806
V86Y,1.07836334
V87A,2.021048572
V87C,2.135459617
V87D,1.081484392
V87E,0.85189113
V87F,1.421527702
V87G,1.081101993
V87H,1.613970349
V87I,2.286955944
V87K,1.052421971
V87L,4.142286748
V87M,2.687344688
V87N,1.246561536
V87P,1.4098336930000002
V87Q,1.428168977
V87R,1.279438186
V87S,1.302596388
V87T,2.780750225
V87W,1.662714962
V87Y,1.243115364
P88A,1.213138919
P88C,1.356114861
P88D,1.207545535
P88E,1.314730722
P88F,1.260806308
P88G,1.390290841
P88H,1.301454732
P88I,1.337783624
P88K,1.130353017
P88L,1.111602428
P88M,1.087734266
P88N,1.097604128
P88Q,1.254176861
P88R,1.339803616
P88S,1.6596068780000002
P88T,1.807158718
P88V,1.40739115
P88W,1.364682257
P88Y,1.1630181240000002
F89A,1.977465073
F89C,1.4012337380000002
F89D,1.941377053
F89E,1.231360559
F89G,2.046970308
F89H,1.435736874
F89I,1.843380805
F89K,1.239582365
F89L,2.203582521
F89M,2.166300552
F89N,1.050448893
F89P,1.55015646
F89Q,1.68594531
F89R,1.716220907
F89S,1.214651159
F89T,1.642648991
F89V,2.020470781
F89W,2.119881598
F89Y,1.206658948
G90A,1.637488535
G90C,2.510996524
G90D,1.3627108980000002
G90E,1.647336399
G90F,1.784143419
G90H,1.7804000780000002
G90I,1.149646406
G90K,1.301930248
G90L,1.416819075
G90M,2.205800106
G90N,2.103293832
G90P,1.107121979
G90Q,1.787782907
G90R,0.996302866
G90S,2.591750636
G90T,1.812446208
G90V,1.04666348
G90W,2.113510891
G90Y,1.303444371
A91C,1.83539641
A91D,1.272311872
A91E,1.92034775
A91F,1.7748798730000002
A91G,2.105478652
A91H,1.31967703
A91I,1.7609925030000002
A91K,1.040749099
A91L,2.475595347
A91M,2.781078051
A91N,0.7239348870000001
A91P,1.112098344
A91Q,1.774992313
A91R,0.981475542
A91S,1.876704575
A91T,1.644825104
A91V,1.817731703
A91W,1.202991392
A91Y,1.267423916
A92C,1.703276798
A92D,1.151357386
A92E,1.806416047
A92F,1.701453563
A92G,2.190130673
A92H,2.263187441
A92I,2.312072507
A92K,2.953406719
A92L,2.629353842
A92M,2.073806767
A92N,1.471396124
A92P,1.123164525
A92Q,2.3637578230000003
A92R,1.725433765
A92S,2.572110107
A92T,2.444645366
A92V,1.459634558
A92W,1.511595231
A92Y,2.083694473
H93A,1.608425921
H93C,1.499260595
H93D,1.7730853219999998
H93E,1.2050641640000002
H93F,1.7176657709999998
H93G,1.604538351
H93I,1.047180224
H93K,1.494925749
H93L,1.553542583
H93M,1.644608501
H93N,2.255914218
H93P,1.290783111
H93Q,1.318701029
H93R,1.245123244
H93S,1.5062297219999998
H93T,1.807911107
H93V,1.6275441119999998
H93W,2.253926712
H93Y,1.508998139
I94A,1.842624134
I94C,1.67181371
I94D,1.386887315
I94E,1.878011477
I94F,1.493249609
I94G,2.353196215
I94H,1.73996666
I94K,1.29642295
I94L,2.144470492
I94M,1.55474916
I94N,2.056869179
I94P,0.973212478
I94Q,1.485982785
I94R,1.689558004
I94S,1.350844484
I94T,1.455589417
I94V,1.698211393
I94W,1.851188594
I94Y,1.558986825
L95A,1.598939762
L95C,1.243014608
L95D,1.257891667
L95E,1.759488274
L95F,1.922246341
L95G,0.899706965
L95H,1.911495664
L95I,2.355418385
L95K,1.141400128
L95M,2.643213412
L95N,1.263541977
L95P,1.056322183
L95Q,2.668126708
L95R,1.158814008
L95S,3.021953909
L95T,1.6432872980000002
L95V,1.6867348569999998
L95W,2.323263161
L95Y,1.460848171
M96A,2.566182849
M96C,2.159368213
M96D,2.4112895780000003
M96E,1.91988333
M96F,2.449674468
M96G,2.180794672
M96H,2.430791668
M96I,1.855702682
M96K,2.827942893
M96L,1.88289982
M96N,1.371481371
M96P,1.977630425
M96Q,3.888057786
M96R,1.982467524
M96S,2.155281777
M96T,1.328398208
M96V,2.2237405580000003
M96W,1.989400481
M96Y,2.090858583
K97A,1.323737621
K97C,1.773222726
K97D,1.379134043
K97E,1.467955652
K97F,1.179316649
K97G,1.6167941469999998
K97H,1.177320074
K97I,1.117435666
K97L,1.506116454
K97M,1.269032742
K97N,2.0298463630000003
K97P,1.943675917
K97Q,3.440413249
K97R,1.931896717
K97S,3.181399654
K97T,2.234884933
K97V,1.692216977
K97W,1.961592483
K97Y,1.540657729
M98A,3.197960301
M98C,1.123058337
M98D,2.610001036
M98E,1.5362592819999998
M98F,2.20916554
M98G,2.111637598
M98H,1.783350055
M98I,2.382976018
M98K,1.665717783
M98L,2.424477038
M98N,2.130608075
M98P,1.93540146
M98Q,2.010083489
M98R,2.022494327
M98S,1.643009246
M98T,1.380469975
M98V,1.901269121
M98W,2.189333833
M98Y,2.2675239190000003
W99A,0.621008414
W99C,1.34267473
W99D,0.867942697
W99E,2.340269667
W99F,1.36341886
W99G,1.375784329
W99H,1.5492786719999998
W99I,1.007427607
W99K,0.84573291
W99L,1.5575499680000002
W99M,1.114231903
W99N,2.203680609
W99P,1.340461117
W99Q,1.089837029
W99R,0.951923214
W99S,0.92505345
W99T,1.3464424819999998
W99V,0.728788935
W99Y,0.936059807
T100A,1.732336708
T100C,1.587824778
T100D,2.101026102
T100E,2.302142857
T100F,1.735951766
T100G,2.527038121
T100H,1.958392642
T100I,1.509488287
T100K,2.246753515
T100L,1.470090405
T100M,1.562274112
T100N,2.457055531
T100P,3.0204332710000004
T100Q,2.036631372
T100R,2.670382987
T100S,1.963457502
T100V,1.7220427669999998
T100W,1.070231527
T100Y,1.628738695
F101A,1.299038408
F101C,0.686116545
F101D,1.304497625
F101E,1.079598503
F101G,2.508890659
F101H,1.858667783
F101I,1.96745796
F101K,1.454701272
F101L,2.673673598
F101M,1.745208701
F101N,1.063445002
F101P,1.188338881
F101Q,1.308438411
F101R,1.182015081
F101S,1.40163451
F101T,1.26492237
F101V,1.929442611
F101W,1.752494294
F101Y,1.954896731
G102A,1.41028069
G102C,1.226553783
G102D,1.3954957330000002
G102E,1.479466254
G102F,1.491116448
G102H,0.649159764
G102I,1.123118101
G102K,1.7666229619999998
G102L,1.18911583
G102M,0.759549613
G102N,1.700338397
G102P,1.244287423
G102Q,1.54001467
G102R,1.994558315
G102S,1.586208628
G102T,1.485657487
G102V,1.260272535
G102W,1.09269488
G102Y,0.92740002
N103A,1.884426241
N103C,1.758774616
N103D,1.5710356769999998
N103E,1.683159385
N103F,1.875425936
N103G,0.929291918
N103H,1.170701794
N103I,1.318862875
N103K,1.145521068
N103L,1.75188148
N103M,1.907181523
N103P,1.942397423
N103Q,1.860835069
N103R,2.343916945
N103S,2.012427419
N103T,1.758215687
N103V,1.575971064
N103W,1.2744428840000002
N103Y,2.003249637
F104A,1.589641602
F104C,1.617969384
F104D,1.5575171630000002
F104E,1.988563682
F104G,1.867771645
F104H,1.298447537
F104I,1.381895872
F104K,1.644644503
F104L,1.481752016
F104M,1.4258758930000002
F104N,0.5800906220000001
F104P,1.03826917
F104Q,1.6296187009999998
F104R,1.915343542
F104S,1.096346726
F104T,1.307957708
F104V,1.458257561
F104W,1.065569192
F104Y,1.751595908
W105A,1.7564992419999998
W105C,1.243650134
W105D,0.96043675
W105E,0.997267001
W105F,1.164106318
W105G,2.012716763
W105H,1.942006574
W105I,1.664533138
W105K,1.244616525
W105L,1.856784579
W105M,1.765730689
W105N,0.834721645
W105P,1.200794063
W105Q,1.061912205
W105R,1.137923752
W105S,1.524281495
W105T,1.053159258
W105V,1.69255806
W105Y,2.036781823
C106A,2.503258705
C106D,1.069860657
C106E,1.479635723
C106F,1.507415149
C106G,1.774483306
C106H,1.538414262
C106I,1.288912401
C106K,1.02362545
C106L,1.46956511
C106M,1.269234277
C106N,1.154523797
C106P,0.801995463
C106Q,1.206975236
C106R,1.075533876
C106S,1.175288175
C106T,1.008806391
C106V,1.574822704
C106W,1.739235611
C106Y,0.975091376
E107A,1.061776696
E107C,1.539931077
E107D,1.626943011
E107F,1.7112651559999998
E107G,2.5583512
E107H,1.386782086
E107I,1.664731198
E107K,1.719134147
E107L,1.116541674
E107M,1.470237262
E107N,1.009786865
E107P,1.053237984
E107Q,2.24387689
E107R,2.330804432
E107S,1.459993409
E107T,2.186021928
E107V,1.592640569
E107W,0.909986804
E107Y,1.241369951
F108A,1.264863622
F108C,1.266992905
F108D,0.967258853
F108E,1.600945122
F108G,1.439188185
F108H,1.263802442
F108I,1.736050114
F108K,1.346278777
F108L,1.075419005
F108M,1.491040208
F108N,1.2120327
F108P,1.058666804
F108Q,1.375048482
F108R,1.239976814
F108S,1.425390973
F108T,1.181487139
F108V,1.854210121
F108W,1.694993547
F108Y,1.70298789
W109A,1.577118187
W109C,1.38852858
W109D,1.141508326
W109E,1.785397897
W109F,2.207930967
W109G,1.949898705
W109H,1.027134334
W109I,2.014379518
W109K,1.400866105
W109L,2.235347581
W109M,1.299004173
W109N,1.439108663
W109P,1.134821467
W109Q,1.331594484
W109R,1.029089372
W109S,1.837249524
W109T,1.785319026
W109V,1.485019106
W109Y,1.83194934
T110A,1.5971917530000002
T110C,1.640794899
T110D,0.977010161
T110E,1.282341742
T110F,1.852072576
T110G,1.40719241
T110H,1.037377622
T110I,2.072119136
T110K,1.4150415230000002
T110L,1.537924543
T110M,2.003556566
T110N,1.912832576
T110P,1.1869262859999998
T110Q,2.345202402
T110R,1.259774153
T110S,1.257902665
T110V,2.3386613730000003
T110W,1.785951482
T110Y,1.971560025
S111A,1.862629215
S111C,1.472768848
S111D,1.078473974
S111E,1.347184573
S111F,1.974549713
S111G,1.742947476
S111H,1.562823722
S111I,1.195875355
S111K,0.98283186
S111L,1.317668249
S111M,1.343079083
S111N,1.6284077
S111P,1.740374891
S111Q,1.663639775
S111R,1.329170074
S111T,0.979393854
S111V,1.947545142
S111W,1.352270741
S111Y,1.295564239
I112A,1.753204307
I112C,1.6217711469999998
I112D,1.262911209
I112E,1.5817168869999998
I112F,1.537175873
I112G,1.23075589
I112H,1.966751108
I112K,1.284791831
I112L,2.866858188
I112M,1.865584976
I112N,1.696111132
I112P,1.121204504
I112Q,1.450481565
I112R,1.482677101
I112S,1.556943577
I112T,1.195756649
I112V,2.540221207
I112W,1.218488306
I112Y,1.082650719
D113A,1.422591795
D113C,1.219400381
D113E,1.375255054
D113F,1.220598012
D113G,1.444098564
D113H,1.149641289
D113I,1.513788515
D113K,1.36766725
D113L,1.147701732
D113M,1.562833444
D113N,1.413784311
D113P,0.971984396
D113Q,1.17533768
D113R,1.380532685
D113S,1.505720867
D113T,1.202512414
D113V,1.299789998
D113W,1.259607554
D113Y,1.175442788
V114A,1.076029463
V114C,0.946700744
V114D,1.247986465
V114E,1.42163452
V114F,1.590887085
V114G,1.075432143
V114H,1.178614847
V114I,2.761212211
V114K,1.069284398
V114L,0.64333821
V114M,1.156207547
V114N,1.253837642
V114P,1.5393092659999998
V114Q,1.343653307
V114R,1.40932291
V114S,1.299647637
V114T,1.036200818
V114W,1.286726816
V114Y,1.334125765
L115A,2.553867103
L115C,2.53223625
L115D,1.107172349
L115E,1.638958559
L115F,2.338717691
L115G,1.435206566
L115H,1.472028506
L115I,1.5695623280000002
L115K,1.316810859
L115M,2.174368511
L115N,1.255244634
L115P,1.257899753
L115Q,1.290172158
L115R,1.200222223
L115S,1.7925731530000002
L115T,1.21873889
L115V,1.2039133999999998
L115W,1.548928766
L115Y,1.652473988
C116A,2.286114739
C116D,1.068794969
C116E,1.110376504
C116F,1.302223506
C116G,2.239171079
C116H,1.1235781459999998
C116I,1.639963714
C116K,1.166470772
C116L,2.637908036
C116M,1.112486622
C116N,1.24012109
C116P,0.988273216
C116Q,1.558128077
C116R,1.745393147
C116S,1.766969784
C116T,1.875802539
C116V,3.020457659
C116W,1.567769199
C116Y,1.3885553919999998
V117A,1.789400144
V117C,2.06607965
V117D,1.3784388019999998
V117E,1.221457002
V117F,1.307129073
V117G,1.390037679
V117H,1.1172833999999998
V117I,1.009873045
V117K,1.249563495
V117L,1.014804736
V117M,1.054827715
V117N,1.461702483
V117P,1.4998927130000002
V117Q,1.539715519
V117R,0.978601109
V117S,1.197420215
V117T,1.76594889
V117W,1.136573741
V117Y,1.626290873
T118A,1.221541736
T118C,3.60721717
T118D,1.144285485
T118E,1.132798432
T118F,1.290613415
T118G,1.221108602
T118H,1.05555957
T118I,1.466050029
T118K,0.87039835
T118L,1.366493954
T118M,1.191875431
T118N,1.249447641
T118P,1.571294095
T118Q,1.855442265
T118R,1.06454332
T118S,1.912014985
T118V,1.086456788
T118W,0.831972349
T118Y,1.4460419569999998
A119C,2.048405981
A119D,0.921884381
A119E,2.119784395
A119F,1.286573019
A119G,1.338872428
A119H,1.041469984
A119I,1.330254344
A119K,1.255416256
A119L,0.972449982
A119M,0.497365931
A119N,1.049595727
A119P,1.5630263219999998
A119Q,1.412294816
A119R,1.521959413
A119S,2.062746011
A119T,1.352114386
A119V,1.303418786
A119W,1.417841273
A119Y,1.360177864
S120A,1.175113329
S120C,1.242316687
S120D,1.349262756
S120E,2.134275014
S120F,0.8490132159999999
S120G,1.835019657
S120H,1.235028451
S120I,1.42561744
S120K,1.288391676
S120L,1.539996204
S120M,1.895043289
S120N,1.612060541
S120P,0.956448367
S120Q,1.7509220069999998
S120R,1.5710349680000002
S120T,1.778627653
S120V,1.544256677
S120W,1.514013953
S120Y,1.008057942
I121A,0.770598393
I121C,1.400356364
I121D,0.986506522
I121E,1.554083071
I121F,0.986482175
I121G,1.346303611
I121H,1.718092523
I121K,1.652415871
I121L,1.41988308
I121M,1.745190934
I121N,1.889959459
I121P,0.73922411
I121Q,1.240573455
I121R,1.437186053
I121S,1.178906908
I121T,0.959806091
I121V,1.6314390909999998
I121W,1.380653254
I121Y,1.397440498
E122A,1.927336409
E122C,2.025548827
E122D,3.37339223
E122F,1.132094668
E122G,1.230321019
E122H,1.953554128
E122I,1.535878532
E122K,1.467679605
E122L,1.763472151
E122M,2.400258851
E122N,2.304995916
E122P,1.255579097
E122Q,2.311228214
E122R,1.489713812
E122S,2.105121385
E122T,1.136492705
E122V,2.060291207
E122W,2.015271719
E122Y,1.656954232
T123A,1.493766854
T123C,2.084656325
T123D,1.538800735
T123E,1.603549577
T123F,2.547957692
T123G,1.6571223119999998
T123H,2.889296438
T123I,1.847507225
T123K,1.040962596
T123L,2.35170754
T123M,2.905667514
T123N,3.636363593
T123P,0.962148939
T123Q,1.401704198
T123R,1.178315225
T123S,3.393558901
T123V,1.631174844
T123W,1.427583452
T123Y,1.669988225
L124A,1.916841986
L124C,0.36390631
L124D,1.048503568
L124E,1.545569218
L124F,1.712740764
L124G,1.178145555
L124H,2.248205502
L124I,2.433288759
L124K,1.918226996
L124M,1.532920134
L124N,1.312046089
L124P,1.1733823209999998
L124Q,2.5628503730000003
L124R,1.926147112
L124S,1.747443963
L124T,2.660235503
L124V,2.259272249
L124W,1.376002309
L124Y,1.457501356
C125A,1.871081946
C125D,1.084347545
C125E,1.182552345
C125F,1.4607916090000002
C125G,2.544045877
C125H,1.553020983
C125I,1.045276396
C125K,1.860570532
C125L,2.366558899
C125M,2.901984314
C125N,1.57216029
C125P,1.2628063
C125Q,1.864355981
C125R,1.4934052830000002
C125S,1.97357208
C125T,2.228001274
C125V,1.786898324
C125W,1.931797098
C125Y,1.234400673
V126A,1.914969283
V126C,1.092204627
V126D,1.420451078
V126E,1.224743877
V126F,1.253540338
V126G,1.5677760509999998
V126H,1.100643382
V126I,3.2243891380000003
V126K,1.208304996
V126L,2.62954523
V126M,1.135047487
V126N,1.242762864
V126P,1.788009521
V126Q,1.048158573
V126R,1.319548648
V126S,1.270301489
V126T,1.765261508
V126W,1.5576022230000002
V126Y,1.175100615
I127A,1.426486778
I127C,1.429150881
I127D,1.619933301
I127E,1.542120369
I127F,1.136765904
I127G,1.004248029
I127H,1.7055826669999998
I127K,1.192791391
I127L,1.597275588
I127M,1.482512209
I127N,1.6536540519999998
I127P,0.93430814
I127Q,1.098290703
I127R,1.237162818
I127S,1.088876228
I127T,1.51102533
I127V,1.565647196
I127W,1.160560895
I127Y,2.246348588
A128C,1.32416069
A128D,0.992493748
A128E,1.905558457
A128F,1.224952831
A128G,2.21469738
A128H,1.354914011
A128I,0.955765292
A128K,1.190814924
A128L,1.404921016
A128M,0.914289712
A128N,1.790070919
A128P,1.40629937
A128Q,1.341985285
A128R,1.05789019
A128S,2.096731874
A128T,1.266121024
A128V,1.171498091
A128W,1.397632845
A128Y,1.107193141
V129A,1.6114553180000002
V129C,2.057873704
V129D,1.546344889
V129E,1.052047312
V129F,0.8310637120000001
V129G,1.236247298
V129H,1.633092829
V129I,2.33635807
V129K,1.370273414
V129L,2.025500788
V129M,1.497002842
V129N,1.007571672
V129P,1.471468645
V129Q,1.412225675
V129R,1.130409388
V129S,1.163004933
V129T,1.893566868
V129W,1.978921249
V129Y,1.063163008
D130A,0.8703703070000001
D130C,2.716323108
D130E,1.331473609
D130F,1.613349781
D130G,1.619565497
D130H,1.331298807
D130I,2.8331568660000004
D130K,1.534570622
D130L,1.982292407
D130M,2.513805712
D130N,1.442182333
D130P,1.348395479
D130Q,1.516403402
D130R,1.6038183030000002
D130S,1.823296334
D130T,2.397872279
D130V,2.261831969
D130W,1.402627653
D130Y,1.978838522
R131A,1.825221008
R131C,1.786373241
R131D,1.4616532830000002
R131E,1.848129212
R131F,1.4884783869999998
R131G,1.062036389
R131H,2.04991213
R131I,1.47903429
R131K,1.534419486
R131L,1.201540435
R131M,1.922087535
R131N,2.01588017
R131P,1.300953953
R131Q,0.684384212
R131S,1.56261834
R131T,2.116462929
R131V,1.550099277
R131W,1.769662053
R131Y,1.318828586
Y132A,1.580002974
Y132C,2.078043991
Y132D,1.127720375
Y132E,1.581673663
Y132F,1.382148807
Y132G,2.382713512
Y132H,1.740759319
Y132I,1.336899162
Y132K,1.520113824
Y132L,0.988309732
Y132M,2.75580183
Y132N,1.440306019
Y132P,0.96880569
Y132Q,1.541844692
Y132R,1.058231055
Y132S,1.502864428
Y132T,1.489551391
Y132V,1.466088013
Y132W,1.927398975
F133A,2.068628002
F133C,2.608141947
F133D,1.361660055
F133E,1.43650748
F133G,1.252929366
F133H,1.82754003
F133I,2.623602094
F133K,2.375620949
F133L,2.920695638
F133M,2.844305663
F133N,1.548706628
F133P,1.058778808
F133Q,1.80493915
F133R,1.083581662
F133S,1.877390542
F133T,1.78389655
F133V,2.115173904
F133W,2.042631814
F133Y,2.018809259
A134C,2.535714226
A134D,1.312091412
A134E,1.667365183
A134F,2.100578077
A134G,1.775262264
A134H,2.10181161
A134I,2.52921769
A134K,2.933223529
A134L,2.023893674
A134M,1.96834661
A134N,2.762837228
A134P,1.18260021
A134Q,3.603548714
A134R,3.0936078910000004
A134S,2.934592565
A134T,1.529167285
A134V,2.61676728
A134W,1.327275443
A134Y,1.412229664
I135A,1.069560887
I135C,2.433885936
I135D,1.211522299
I135E,1.309848334
I135F,1.263223929
I135G,1.330278673
I135H,1.136575959
I135K,1.233114255
I135L,1.726106016
I135M,1.566721726
I135N,1.082275869
I135P,1.269548227
I135Q,1.488921349
I135R,1.284587286
I135S,1.284153313
I135T,2.100093101
I135V,2.55597609
I135W,1.343051592
I135Y,1.402063815
T136A,2.205764676
T136C,1.496394226
T136D,1.52325538
T136E,2.155625278
T136F,1.698159526
T136G,1.6764639769999998
T136H,1.94351275
T136I,1.729092508
T136K,0.838802292
T136L,1.882721789
T136M,1.837732407
T136N,1.496110122
T136P,1.624692366
T136Q,1.482704127
T136R,1.833765693
T136S,1.831870196
T136V,3.7784153
T136W,1.831600331
T136Y,1.641007825
S137A,1.917246919
S137C,2.154363916
S137D,1.679143269
S137E,1.901001337
S137F,1.737349319
S137G,2.9424571630000003
S137H,1.486249614
S137I,1.369414243
S137K,1.886125575
S137L,2.092194989
S137M,2.559655246
S137N,1.707157916
S137P,1.618545641
S137Q,2.78367185
S137R,1.978826976
S137T,2.002187136
S137V,3.809245554
S137W,1.07122573
S137Y,1.828919067
P138A,1.224301443
P138C,1.702977899
P138D,0.965195084
P138E,1.094491805
P138F,1.894878581
P138G,1.246593054
P138H,1.225391891
P138I,1.214887069
P138K,1.0876509840000002
P138L,1.787592312
P138M,1.283144033
P138N,2.046595361
P138Q,1.759486453
P138R,1.221231202
P138S,1.154380406
P138T,1.533698565
P138V,1.864804083
P138W,1.579445313
P138Y,1.678885476
F139A,0.938028483
F139C,1.127326846
F139D,1.985963147
F139E,1.498863684
F139G,1.311554
F139H,1.22533427
F139I,1.179284087
F139K,1.2891747
F139L,2.664900435
F139M,1.652676157
F139N,0.921023301
F139P,1.819174713
F139Q,1.445933598
F139R,1.2478568
F139S,1.530847156
F139T,1.204043216
F139V,1.609580379
F139W,1.632104393
F139Y,2.017307555
K140A,1.874112672
K140C,2.065686489
K140D,1.958251676
K140E,2.290160772
K140F,1.898606617
K140G,1.308794993
K140H,2.643494721
K140I,1.6543229169999998
K140L,1.5457077680000002
K140M,1.916984927
K140N,1.3593028109999998
K140P,1.818707042
K140Q,1.17862968
K140R,2.382925224
K140S,1.908293011
K140T,1.920010698
K140V,1.283644375
K140W,1.725492574
K140Y,1.687186819
Y141A,2.529213856
Y141C,1.499001111
Y141D,0.965865465
Y141E,1.162640326
Y141F,1.036095099
Y141G,1.407644341
Y141H,1.733953559
Y141I,1.077034857
Y141K,2.063401985
Y141L,1.3989042619999998
Y141M,1.475079262
Y141N,1.1874673
Y141P,1.216698014
Y141Q,1.290920341
Y141R,2.08923005
Y141S,1.931288212
Y141T,1.3680313
Y141V,1.108930329
Y141W,1.63205484
Q142A,1.541083301
Q142C,3.225947747
Q142D,1.91995866
Q142E,1.611671691
Q142F,0.720898706
Q142G,2.903004165
Q142H,1.620472109
Q142I,1.872040223
Q142K,1.90655857
Q142L,1.008556611
Q142M,2.511905664
Q142N,1.573900814
Q142P,3.76131277
Q142R,1.769989242
Q142S,2.178676032
Q142T,0.807483499
Q142V,2.14213778
Q142W,1.34749636
Q142Y,1.860223588
S143A,2.382477873
S143C,1.894538105
S143D,1.51349506
S143E,2.157982837
S143F,2.420512191
S143G,1.86314778
S143H,1.514758614
S143I,2.04639364
S143K,2.677129404
S143L,3.2054432760000005
S143M,1.46207544
S143N,2.291809663
S143P,1.872926938
S143Q,1.880808372
S143R,2.598163492
S143T,2.27033662
S143V,2.405039633
S143W,1.653000716
S143Y,1.984443654
L144A,1.511968257
L144C,1.758715302
L144D,2.50946258
L144E,1.400594862
L144F,2.09777659
L144G,2.362060875
L144H,1.56348539
L144I,1.6323858919999998
L144K,1.593952041
L144M,2.619933065
L144N,1.363591555
L144P,1.647592971
L144Q,1.590412582
L144R,2.193993847
L144S,2.011003992
L144T,2.148406382
L144V,1.256215794
L144W,3.4548901260000004
L144Y,1.909706678
L145A,1.555510215
L145C,1.82932685
L145D,0.779194893
L145E,1.372957395
L145F,1.4457715880000002
L145G,1.799925016
L145H,2.273988344
L145I,2.81867583
L145K,1.66040142
L145M,1.829891356
L145N,1.39728805
L145P,1.204400353
L145Q,1.871888881
L145R,1.953639773
L145S,1.202090163
L145T,1.304945904
L145V,2.0325229780000003
L145W,1.3672061080000002
L145Y,1.7317539219999998
T146A,1.741982453
T146C,1.5303029330000002
T146D,1.981916468
T146E,1.99463676
T146F,1.2558640209999998
T146G,1.862092427
T146H,1.6796402119999998
T146I,1.074117641
T146K,1.185199143
T146L,0.950892651
T146M,1.397401892
T146N,1.940955958
T146P,1.410506763
T146Q,1.147198024
T146R,1.723720612
T146S,1.26697353
T146V,1.8011714840000002
T146W,1.680783805
T146Y,1.343107897
K147A,1.919928625
K147C,1.4362221780000002
K147D,1.27800935
K147E,0.941360897
K147F,1.125645817
K147G,1.5331572759999998
K147H,1.534112283
K147I,1.617953297
K147L,1.845351569
K147M,1.129968934
K147N,0.906370974
K147P,2.071161741
K147Q,1.38771855
K147R,1.4747247069999998
K147S,1.3626110619999998
K147T,1.813757455
K147V,1.328972278
K147W,1.55836404
K147Y,1.600639355
N148A,3.114822385
N148C,1.895950826
N148D,1.705939904
N148E,1.645442043
N148F,1.838846436
N148G,2.7960729960000004
N148H,2.392267961
N148I,1.509227051
N148K,1.985212523
N148L,1.5972488230000002
N148M,2.217862201
N148P,1.281911768
N148Q,2.811173981
N148R,1.175308065
N148S,3.377007282
N148T,1.341571547
N148V,2.146876209
N148W,1.545613523
N148Y,1.702179439
K149A,1.876713982
K149C,2.268069386
K149D,1.424489593
K149E,1.196857177
K149F,1.586132264
K149G,1.4388078130000002
K149H,2.2880172830000003
K149I,1.5291922969999998
K149L,1.63039351
K149M,1.60371744
K149N,2.266592192
K149P,1.393008455
K149Q,1.209979912
K149R,2.156542302
K149S,1.056965701
K149T,2.02816119
K149V,2.241349424
K149W,1.903964413
K149Y,1.390853774
A150C,1.962125289
A150D,1.009007062
A150E,0.978847398
A150F,1.290877958
A150G,1.318663526
A150H,1.004813604
A150I,1.130105625
A150K,1.5324840709999998
A150L,1.49948768
A150M,1.032740641
A150N,1.251365652
A150P,1.210531415
A150Q,1.060087565
A150R,1.323708392
A150S,1.671955033
A150T,1.551666855
A150V,2.90034828
A150W,2.286191209
A150Y,1.140478006
R151A,1.398770631
R151C,0.847836771
R151D,1.553699903
R151E,1.836398433
R151F,1.922703958
R151G,1.397864644
R151H,1.392936722
R151I,1.5170220230000002
R151K,1.653916885
R151L,2.557034725
R151M,2.192735506
R151N,1.502532189
R151P,1.726419203
R151Q,1.475818197
R151S,2.18174048
R151T,1.389183083
R151V,2.401427324
R151W,1.672559837
R151Y,1.516545229
V152A,2.021301324
V152C,2.79396297
V152D,1.238284984
V152E,1.302218829
V152F,2.258936329
V152G,2.453806346
V152H,1.624660473
V152I,1.5368956580000002
V152K,1.446408001
V152L,1.152213402
V152M,1.7733979780000002
V152N,1.817727587
V152P,1.5138553819999998
V152Q,1.391618183
V152R,2.075815603
V152S,1.745258786
V152T,2.766101286
V152W,2.159196922
V152Y,1.141453476
I153A,1.562462329
I153C,1.582434904
I153D,0.915268823
I153E,1.029280472
I153F,0.95546464
I153G,1.5497758069999998
I153H,1.266907704
I153K,1.062171481
I153L,1.613039827
I153M,1.121137982
I153N,1.3404350390000002
I153P,1.401780393
I153Q,1.5570042030000002
I153R,1.285801433
I153S,1.312865634
I153T,1.402242305
I153V,3.059846357
I153W,1.69786286
I153Y,1.274478209
I154A,1.949528025
I154C,1.916923301
I154D,1.331357205
I154E,0.932552042
I154F,1.047083525
I154G,1.4133178990000002
I154H,1.249509468
I154K,1.331280452
I154L,1.122459946
I154M,1.407171064
I154N,2.014398573
I154P,1.511936407
I154Q,1.770603158
I154R,1.532444365
I154S,1.303924635
I154T,1.799081364
I154V,1.867072461
I154W,1.429277072
I154Y,1.081147206
L155A,1.735999738
L155C,1.919175629
L155D,1.82635009
L155E,1.964366646
L155F,1.804768459
L155G,1.7187263819999998
L155H,1.4089853019999998
L155I,1.765645329
L155K,1.3755291790000002
L155M,1.902284294
L155N,1.436969741
L155P,1.235075658
L155Q,1.541572859
L155R,1.4053184319999998
L155S,2.012414959
L155T,1.267489171
L155V,1.062099897
L155W,1.925474956
L155Y,2.657815435
M156A,3.064765372
M156C,2.444934953
M156D,0.985511886
M156E,1.28587353
M156F,1.569108465
M156G,2.331431483
M156H,1.836817976
M156I,1.371931749
M156K,1.039354567
M156L,1.626179925
M156N,1.526331041
M156P,1.096200593
M156Q,1.628356479
M156R,1.29966736
M156S,2.3104060790000003
M156T,2.608739564
M156V,1.942994853
M156W,2.422568746
M156Y,1.4948655919999998
V157A,1.583536655
V157C,1.881747673
V157D,1.1118875190000002
V157E,1.620360641
V157F,1.365848434
V157G,1.166074771
V157H,1.269785458
V157I,2.259020651
V157K,1.4189306869999998
V157L,1.82159407
V157M,1.816169202
V157N,1.316095849
V157P,1.473835189
V157Q,0.919121459
V157R,1.287082475
V157S,1.845654683
V157T,2.176611446
V157W,1.231743958
V157Y,1.05862401
W158A,1.261911009
W158C,1.4355418219999998
W158D,1.2483796
W158E,1.429261944
W158F,1.228202216
W158G,1.810767906
W158H,1.405711875
W158I,1.349883502
W158K,1.387316515
W158L,1.347940171
W158M,1.327072974
W158N,1.313377423
W158P,1.11434269
W158Q,1.335320457
W158R,1.015367531
W158S,1.111284426
W158T,1.4171912880000002
W158V,1.339247605
W158Y,1.281178008
I159A,1.337555199
I159C,2.403912042
I159D,1.324965
I159E,1.311014048
I159F,1.899985884
I159G,1.1976701509999998
I159H,1.09795131
I159K,1.143889249
I159L,1.919645146
I159M,2.064308951
I159N,0.985035526
I159P,1.388235663
I159Q,1.104681832
I159R,1.100120352
I159S,1.778114056
I159T,2.402897875
I159V,0.914209781
I159W,1.777725304
I159Y,0.660331503
V160A,1.609740689
V160C,2.023573469
V160D,1.198446933
V160E,1.058307364
V160F,1.688869876
V160G,1.783074127
V160H,0.848456002
V160I,1.813704678
V160K,1.301623348
V160L,1.77412552
V160M,1.506352593
V160N,2.52704947
V160P,1.041064222
V160Q,1.4517089
V160R,1.154728802
V160S,1.726981334
V160T,1.774363954
V160W,1.141530873
V160Y,1.1937337890000002
S161A,2.728304465
S161C,1.315690603
S161D,0.924244314
S161E,1.2547802540000002
S161F,1.278703382
S161H,1.451630538
S161I,1.189638564
S161K,1.199448687
S161L,0.931129604
S161M,1.095231795
S161N,0.8352276559999999
S161P,1.4743626580000002
S161Q,1.450795924
S161R,1.071581553
S161T,1.424236531
S161W,1.7712228630000002
S161Y,1.141225385
G162A,2.061704137
G162C,1.192904615
G162D,1.6059922219999998
G162E,1.265275522
G162F,2.103329279
G162H,0.928872969
G162I,3.1425148910000003
G162K,1.896093236
G162L,1.934138271
G162M,2.050699784
G162N,1.009402168
G162P,1.134409747
G162Q,1.513743808
G162R,1.212900172
G162S,2.16405981
G162T,2.066829121
G162V,2.268929507
G162W,1.717492337
G162Y,2.444043251
L163A,1.189329891
L163C,2.4514707
L163D,1.064324628
L163E,1.314188719
L163F,1.192904944
L163G,1.960664603
L163H,1.6852918890000002
L163I,0.7599080979999999
L163K,1.134666542
L163M,1.437981965
L163N,1.68390462
L163P,1.140159157
L163Q,1.525866015
L163R,1.011202183
L163S,1.42179756
L163T,1.637486285
L163V,1.59198292
L163W,1.436904171
L163Y,1.840409693
T164A,1.701293629
T164C,2.468294422
T164D,1.920952889
T164E,0.870980166
T164F,2.0684415
T164G,1.7783478380000002
T164H,1.317990303
T164I,1.310371521
T164K,1.153370223
T164L,1.996727287
T164M,1.531827546
T164N,2.15337875
T164P,1.308488256
T164Q,1.796566615
T164R,1.242691835
T164S,1.473474934
T164V,2.381614547
T164W,1.935637158
T164Y,2.1450258840000003
S165A,1.441412581
S165C,1.634952678
S165D,1.078957566
S165E,1.519451965
S165F,1.107781989
S165G,1.290786244
S165H,1.1011359040000002
S165I,1.5642688530000002
S165K,1.266684009
S165L,0.954089206
S165M,1.275580432
S165N,0.992806712
S165P,1.380806838
S165Q,1.3904373209999998
S165R,1.127413929
S165T,1.347448516
S165V,1.25135301
S165W,1.402725571
S165Y,1.780483777
F166A,1.818909324
F166C,1.96610289
F166D,1.199231881
F166E,1.014793567
F166G,1.191760234
F166H,1.406241114
F166I,1.444317337
F166K,1.118393312
F166L,1.70565549
F166M,3.023461557
F166N,1.047278857
F166P,1.660976861
F166Q,1.549465638
F166R,2.121908945
F166S,1.581501515
F166T,1.78510552
F166V,2.229434733
F166W,2.2736160030000003
F166Y,2.379286607
L167A,1.668210456
L167C,1.257168063
L167D,1.586862025
L167E,1.455549555
L167F,1.999823652
L167G,1.6397982830000002
L167H,1.051861521
L167I,1.189358963
L167K,0.907453519
L167M,1.734285656
L167N,1.407472304
L167P,1.5905659559999998
L167Q,1.317395221
L167R,1.660503426
L167S,1.221741367
L167T,1.115330072
L167V,1.401850728
L167W,1.7283022119999998
L167Y,1.456514256
P168A,1.239980706
P168C,1.361905766
P168D,1.578443932
P168E,1.142085167
P168F,1.27025576
P168G,1.4687442430000002
P168H,1.351380873
P168I,0.834347347
P168K,1.243038288
P168L,1.613711671
P168M,1.438525301
P168N,1.900708577
P168Q,0.997307318
P168R,1.335938329
P168S,1.053388301
P168T,0.978994827
P168V,1.200329908
P168W,1.230362239
P168Y,1.551246488
I169A,1.3767222680000002
I169C,1.140938129
I169D,2.305789989
I169E,1.132831059
I169F,0.997813128
I169G,1.158515328
I169H,1.287438012
I169K,1.204992576
I169L,0.95205876
I169M,1.273823388
I169N,1.035483514
I169P,1.156774948
I169Q,2.6125401000000004
I169R,2.104026317
I169S,1.212935689
I169T,1.341111678
I169V,2.136812129
I169W,1.496156526
I169Y,0.945022348
Q170A,1.526817245
Q170D,1.183443265
Q170E,1.307093502
Q170F,2.278832466
Q170H,2.114935767
Q170I,1.7057890480000002
Q170K,1.68994016
Q170L,2.06358436
Q170M,2.647187314
Q170N,4.140546429
Q170P,1.42500153
Q170R,1.880520051
Q170T,1.5765624180000002
Q170V,1.299166976
Q170W,1.913996913
Q170Y,1.541225822
M171A,1.667537377
M171C,1.288910855
M171D,1.381295097
M171E,1.55712743
M171F,1.48151287
M171G,1.879705679
M171H,1.455381277
M171I,1.447992748
M171K,1.839926005
M171L,1.628261155
M171N,2.101483424
M171P,1.098372932
M171Q,1.720731664
M171R,1.894321807
M171S,2.594456661
M171T,1.7953598169999998
M171V,1.296275338
M171W,1.720189161
M171Y,1.81640085
H172A,1.495628171
H172C,1.010857589
H172D,1.078879224
H172E,1.335227172
H172F,1.023343611
H172G,1.34160098
H172I,1.396655976
H172K,1.271681975
H172L,1.731204784
H172M,1.561829252
H172N,1.827878097
H172P,1.0240658
H172Q,2.506563084
H172R,2.361645129
H172S,1.75257817
H172T,1.942634124
H172V,0.910376718
H172W,1.635163206
H172Y,1.164952041
W173A,1.214413394
W173C,1.313850303
W173D,1.486480494
W173E,0.8756710670000001
W173F,0.969502791
W173G,2.154540399
W173H,1.64900049
W173I,1.567252888
W173K,1.015730379
W173L,2.036429649
W173M,1.394266241
W173N,1.387436127
W173P,1.240295151
W173Q,1.696880902
W173R,1.221715091
W173S,1.384503663
W173T,1.279462461
W173V,1.299202289
W173Y,1.186984037
Y174A,1.678550922
Y174C,1.229377821
Y174D,1.229279773
Y174E,2.540796583
Y174F,2.288974679
Y174G,2.065862973
Y174H,1.783436819
Y174I,1.228955505
Y174K,0.960623661
Y174L,1.072077913
Y174M,1.465737773
Y174N,1.688923543
Y174P,1.265284685
Y174Q,1.855046441
Y174R,1.289509176
Y174S,1.22630765
Y174T,1.840935182
Y174V,2.725684944
Y174W,1.3585902680000002
R175A,1.199566889
R175C,1.166134801
R175D,1.5961282469999998
R175E,2.32837229
R175F,1.064011489
R175G,1.010909363
R175H,1.459315479
R175I,1.014892248
R175K,1.598297486
R175L,1.175856673
R175M,1.899691274
R175N,1.491088479
R175P,1.466549352
R175Q,1.952546385
R175S,1.4045199469999998
R175T,1.221296823
R175V,1.314025958
R175W,1.789550823
R175Y,2.191707042
A176C,1.306731908
A176D,2.120727063
A176E,1.443576705
A176F,1.246903783
A176G,0.954942333
A176H,2.1485504840000003
A176I,1.211081956
A176K,2.151552899
A176L,1.366874645
A176M,1.60920695
A176N,1.819959944
A176P,1.743185472
A176Q,1.717734986
A176R,1.5027262069999998
A176S,1.52358665
A176T,1.69528289
A176V,1.312616477
A176W,1.161991137
A176Y,1.427339638
T177A,1.193453271
T177C,1.787603309
T177D,1.854075163
T177E,1.65235105
T177F,2.237199054
T177G,1.7966503180000002
T177H,1.6369452430000002
T177I,0.7008733429999999
T177K,0.963072284
T177L,2.466996998
T177M,1.652710116
T177N,1.7723958130000002
T177P,1.749808626
T177Q,1.9543873
T177R,1.485169427
T177S,1.929185436
T177V,1.769136213
T177W,1.252303345
T177Y,1.541382979
H178A,1.504756115
H178C,1.4099317690000002
H178D,1.150420109
H178E,1.198690642
H178F,1.027760794
H178G,0.687318689
H178I,1.4525050380000002
H178K,1.4081007369999998
H178L,2.01974847
H178M,2.5419356680000003
H178N,1.901921365
H178P,1.46817297
H178Q,1.11612544
H178R,1.21077996
H178S,4.165549059
H178T,2.256305034
H178V,1.368596977
H178W,1.490684745
H178Y,2.016847466
Q179A,2.432371887
Q179C,1.185647665
Q179D,1.863269109
Q179E,1.6235546230000002
Q179F,2.281847284
Q179G,1.596693445
Q179H,1.646903714
Q179I,2.064760062
Q179K,2.009064566
Q179L,1.5847073
Q179M,1.943601517
Q179N,2.301723418
Q179P,1.484233429
Q179R,2.25206378
Q179S,1.692680292
Q179T,1.7920587680000002
Q179V,2.117264988
Q179W,2.088251081
Q179Y,1.367120162
E180A,1.690667176
E180C,1.80382414
E180D,1.95664777
E180F,1.4538450019999998
E180G,0.474431348
E180H,1.551135995
E180I,1.271592825
E180K,2.987587142
E180L,1.512205361
E180M,1.566583939
E180N,1.917199972
E180P,2.0395045830000003
E180Q,1.654815807
E180R,1.915245511
E180S,2.681000606
E180T,1.834833135
E180V,1.631708077
E180W,1.513195276
E180Y,1.600019558
A181C,1.322340714
A181D,1.207015535
A181E,2.289963205
A181F,1.392173039
A181G,1.934509068
A181H,1.446985756
A181I,1.106873989
A181K,0.958994167
A181L,1.5260950080000002
A181M,1.203292711
A181N,1.182895381
A181P,1.394145538
A181Q,1.252105887
A181R,1.633913576
A181S,1.734422057
A181T,1.037435759
A181V,1.80481012
A181W,1.347367873
A181Y,1.7628768519999998
I182A,1.823902343
I182C,2.372026967
I182D,1.873309105
I182E,1.338041539
I182F,2.087701502
I182G,1.597747305
I182H,1.665280687
I182K,1.830262434
I182L,1.672963735
I182M,1.435811454
I182N,1.846396233
I182P,1.209448202
I182Q,1.848249304
I182R,1.44290449
I182S,2.185671058
I182T,1.72188814
I182V,1.909512692
I182W,1.812190934
I182Y,1.6867355030000002
N183A,2.288121592
N183C,1.302550935
N183D,2.352709092
N183E,1.257248088
N183F,1.075583619
N183G,1.06400528
N183H,1.626111988
N183I,2.181722145
N183K,2.36192765
N183L,1.672687083
N183M,1.823047045
N183P,1.240789793
N183Q,2.1343912080000003
N183R,1.257499192
N183S,1.448490411
N183T,1.015919767
N183V,1.172687422
N183W,1.451518284
N183Y,0.903795593
C184A,1.70207092
C184D,1.646039844
C184E,1.092027623
C184F,0.946217517
C184G,0.877938117
C184H,1.023205743
C184I,1.277729375
C184K,1.399339171
C184L,2.201420503
C184M,1.148836389
C184N,1.369117144
C184P,1.266931843
C184Q,1.027931251
C184R,0.973495829
C184S,1.698154785
C184T,0.913718535
C184V,1.118287479
C184W,1.003613633
C184Y,1.342562154
Y185A,1.5869416669999998
Y185C,1.093363294
Y185D,1.197935752
Y185E,1.05618195
Y185F,2.820107251
Y185G,1.21431849
Y185H,1.340605287
Y185I,1.099516669
Y185K,1.334538686
Y185L,1.157199369
Y185M,1.823064274
Y185N,1.1740057659999998
Y185P,1.194983151
Y185Q,1.399034084
Y185R,1.145050334
Y185S,0.987762968
Y185T,1.6279354190000002
Y185V,1.028455637
Y185W,1.966312612
A186C,2.396785236
A186D,1.379034066
A186E,1.373992509
A186F,2.154202797
A186G,1.5713027730000002
A186H,2.233771132
A186I,1.697348745
A186K,1.808517583
A186L,1.896154969
A186M,2.201627729
A186N,1.928576266
A186P,1.149978057
A186Q,1.388527694
A186R,1.88114382
A186S,2.807053663
A186T,1.6370538069999998
A186V,1.035865395
A186W,1.842798061
A186Y,1.210517193
N187A,1.27327006
N187C,2.278520975
N187D,3.172105659
N187E,2.196643402
N187F,1.49413984
N187G,2.031920271
N187H,1.608435962
N187I,1.910160351
N187K,1.372011404
N187L,1.932566598
N187M,1.68979076
N187P,1.005084399
N187Q,1.83879836
N187R,1.957293649
N187S,2.465220685
N187T,2.769949104
N187V,2.276290114
N187W,1.6887073869999998
N187Y,1.381663368
E188A,1.878013684
E188C,1.428841929
E188D,2.536750913
E188F,1.936042522
E188G,1.892216792
E188H,2.113951734
E188I,1.934154557
E188K,2.074214934
E188L,1.517742694
E188M,1.596064656
E188N,2.28415429
E188P,1.443690972
E188Q,3.030229058
E188R,1.37735628
E188S,1.096447055
E188T,2.174123776
E188V,1.656715026
E188W,1.483151347
E188Y,1.775746414
T189A,1.405464684
T189C,2.457753439
T189D,2.816964824
T189E,2.265223395
T189F,1.345542124
T189G,1.63966238
T189H,1.494633913
T189I,1.84515713
T189K,1.44837232
T189L,1.579526091
T189M,2.142889046
T189N,1.44212091
T189P,1.5967077980000002
T189Q,1.51432199
T189R,1.632852891
T189S,1.961299808
T189V,2.403284058
T189W,1.5434741019999998
T189Y,2.108877923
C190A,1.061317583
C190D,1.364022068
C190E,1.346429392
C190F,1.375056539
C190G,1.3640234969999998
C190H,1.148226508
C190I,1.381488805
C190K,1.152251538
C190L,1.449051969
C190M,1.4242823999999998
C190N,1.435924961
C190P,1.044583687
C190Q,1.423850246
C190R,1.123699636
C190S,1.480292575
C190T,1.340849202
C190V,0.877544352
C190W,0.669812286
C190Y,1.634959685
C191A,1.808931286
C191D,1.954044573
C191E,1.600359481
C191F,1.6458907269999998
C191G,1.3695366969999998
C191H,0.895817755
C191I,1.3467753690000002
C191K,1.196919651
C191L,1.308707121
C191M,1.673604294
C191N,2.304131413
C191P,1.740878671
C191Q,1.455046663
C191R,1.315792579
C191S,1.278244987
C191T,1.388592775
C191V,1.4443099519999998
C191W,1.6214883269999998
C191Y,1.110073193
D192A,1.40154322
D192C,1.195201849
D192E,1.470668493
D192F,1.527740575
D192G,1.414904752
D192H,1.690195325
D192I,1.581817394
D192K,1.464843019
D192L,1.841394329
D192M,1.713899341
D192N,1.595615821
D192P,1.225451625
D192Q,1.5486374719999998
D192R,1.62586259
D192S,1.461937183
D192T,1.3898254680000002
D192V,1.281478284
D192W,1.084881306
D192Y,0.999624292
F193A,1.636080985
F193C,1.06773711
F193D,1.056993705
F193E,1.185882849
F193G,1.332628558
F193H,1.411114936
F193I,1.131845867
F193K,1.533774493
F193L,1.4669401169999998
F193M,1.508412251
F193N,1.476340742
F193P,1.1921296
F193Q,1.135120003
F193R,1.552712818
F193S,1.551136703
F193T,1.274127557
F193V,1.116773187
F193W,1.478916466
F193Y,1.173837381
F194A,1.29655262
F194C,1.566765322
F194D,0.98978543
F194E,1.5986619030000002
F194G,1.183653298
F194H,2.101340119
F194I,1.7929385530000002
F194K,1.769992291
F194L,2.076590951
F194M,1.185109524
F194N,2.819832159
F194P,1.338210593
F194Q,1.415164869
F194R,1.1997617109999998
F194S,1.229600066
F194T,1.5828610419999998
F194V,1.353474043
F194W,2.126657067
F194Y,2.371443481
T195A,2.420253229
T195C,2.770281634
T195D,1.919835618
T195E,1.827951366
T195F,1.7554259019999998
T195G,1.624010948
T195H,1.42196385
T195I,2.924502286
T195K,1.451382831
T195L,1.864622112
T195M,2.176091352
T195N,1.106519213
T195P,3.4158672830000003
T195Q,1.927066987
T195R,1.222443868
T195S,1.838426468
T195V,2.19577312
T195W,1.4852492330000002
T195Y,1.967022925
N196A,2.521501335
N196C,2.568371341
N196D,2.17823904
N196E,0.877565826
N196F,1.19458486
N196G,1.19057847
N196H,1.21718767
N196I,1.375069478
N196K,1.535184709
N196L,1.20492155
N196M,1.458201254
N196P,1.370903458
N196Q,1.225125365
N196R,1.696280653
N196S,1.786276754
N196T,2.110950591
N196V,1.237952919
N196W,1.365381716
N196Y,1.106646626
Q197A,2.838334371
Q197C,1.410902424
Q197D,1.302489973
Q197E,1.942810229
Q197F,1.26891327
Q197G,1.562099004
Q197H,1.987187779
Q197I,1.424460769
Q197K,2.022831057
Q197L,1.999203272
Q197M,1.321000895
Q197N,2.175097216
Q197P,2.078230125
Q197R,1.819589205
Q197S,2.558791539
Q197T,2.363944864
Q197V,1.7404314319999998
Q197W,1.0966793190000002
Q197Y,1.720678058
A198C,1.698679106
A198D,1.597148252
A198E,2.120281815
A198F,2.334273053
A198G,2.646975575
A198H,2.636071596
A198I,1.518029619
A198K,1.158349675
A198L,1.479627739
A198M,2.366019842
A198N,1.493227036
A198P,1.637355795
A198Q,1.09110722
A198R,1.6172027830000002
A198S,1.448473668
A198T,1.845408937
A198V,1.575768792
A198W,2.271168932
A198Y,1.49232139
Y199A,1.462777562
Y199C,1.4109165069999998
Y199D,0.7500016209999999
Y199E,0.863370856
Y199F,2.5274437990000003
Y199G,1.0579633999999998
Y199H,1.013048863
Y199I,1.560768475
Y199K,1.680419998
Y199L,1.193720002
Y199M,1.727403653
Y199N,1.277701919
Y199P,1.743679247
Y199Q,1.504530343
Y199R,1.211222686
Y199S,1.23722068
Y199T,1.041503309
Y199V,0.959604729
Y199W,1.583091926
A200C,1.995086481
A200D,1.880094744
A200F,1.341806269
A200G,3.637821666
A200H,1.341270567
A200I,1.896806615
A200K,1.079107413
A200L,2.052553291
A200M,1.976998843
A200N,1.770164614
A200P,0.858731895
A200Q,1.470277847
A200R,1.5287423919999998
A200S,1.97598109
A200T,1.511930361
A200V,1.609578091
A200W,1.27415425
A200Y,1.454646824
I201A,2.031092071
I201C,2.562239945
I201D,0.974868657
I201E,1.242788506
I201F,2.692457898
I201G,1.202558265
I201H,2.358678402
I201K,1.30414444
I201L,1.7156530819999998
I201M,1.5242543380000002
I201N,1.359452914
I201P,1.48391363
I201Q,0.901301244
I201R,1.653147734
I201S,1.972580874
I201T,1.758114091
I201V,1.888957046
I201W,1.473473817
I201Y,1.400199074
A202C,3.462824505
A202D,1.0038931
A202E,1.81228024
A202F,1.530452741
A202G,1.540931325
A202H,1.4037167030000002
A202I,1.760406427
A202K,1.126387688
A202L,1.819377391
A202M,1.828753308
A202N,1.342054463
A202P,1.579587116
A202Q,2.231436053
A202R,1.012703892
A202S,2.544309487
A202T,2.92653478
A202V,2.496179908
A202W,2.20081528
A202Y,1.756738476
S203A,1.812755892
S203C,1.729016017
S203D,1.338187987
S203E,1.294080988
S203F,1.51485171
S203G,1.21436538
S203H,0.968628061
S203I,0.852485756
S203K,1.082110111
S203L,2.1538679430000003
S203M,1.510267611
S203N,0.919002784
S203P,0.946470467
S203Q,1.068791982
S203R,1.782110528
S203T,2.2931354
S203V,1.224246171
S203W,1.813205628
S203Y,1.10073089
S204A,1.705907375
S204C,1.5408041959999998
S204D,1.354441367
S204E,1.152699339
S204F,1.432930959
S204G,1.462427695
S204H,0.989349175
S204I,1.263579719
S204K,1.593010375
S204L,1.226551665
S204M,1.829417703
S204N,1.301820306
S204P,1.282690537
S204Q,1.357858635
S204R,1.5514763319999998
S204T,1.6174152240000002
S204V,1.789476878
S204W,1.454005456
S204Y,1.111074933
I205A,2.08748923
I205C,1.903607336
I205D,1.419303985
I205E,1.423359941
I205F,2.0835349
I205G,1.557483894
I205H,1.188208508
I205K,1.138240693
I205L,1.366083228
I205M,2.090411001
I205N,1.675391558
I205P,1.087857749
I205Q,1.699863365
I205R,1.433642913
I205S,2.125403997
I205T,1.5234095719999998
I205V,2.139495202
I205W,1.5420165
I205Y,1.463338834
V206A,2.155491444
V206C,1.430953292
V206D,2.0241465080000003
V206E,1.484789942
V206F,1.284176065
V206G,1.515277689
V206H,1.370949318
V206I,2.693772129
V206K,2.006027532
V206L,0.8997880559999999
V206M,1.269116121
V206N,2.775732727
V206P,1.57654043
V206Q,1.5889046130000002
V206R,1.826884683
V206S,1.721152863
V206T,1.976757008
V206W,1.971698714
V206Y,1.4622343430000002
S207A,2.567198243
S207C,2.696727873
S207D,1.320813689
S207E,1.438790632
S207F,1.514718047
S207G,1.176297642
S207H,1.340192139
S207I,1.826821101
S207K,1.910070114
S207L,1.281425071
S207M,1.432504368
S207N,1.261802346
S207P,1.392155064
S207Q,1.140939635
S207R,1.211666772
S207T,1.587150476
S207V,1.34917935
S207W,0.8676752940000001
S207Y,1.374740145
F208A,1.28046529
F208C,1.628979295
F208D,1.323623068
F208E,1.356745826
F208G,1.323141729
F208H,1.139390639
F208I,1.239080504
F208K,1.384563735
F208L,1.249085717
F208M,1.937089809
F208N,1.084632122
F208P,1.046078848
F208Q,1.377448229
F208R,0.972284259
F208S,1.242411331
F208T,0.856755811
F208V,1.294520312
F208W,1.369259444
F208Y,1.273084235
Y209A,1.641702007
Y209C,1.846283154
Y209D,1.008148835
Y209E,1.470536121
Y209F,2.063840121
Y209G,2.377878617
Y209H,1.232449693
Y209I,0.8900099890000001
Y209K,1.215531582
Y209L,1.59425392
Y209M,1.448147838
Y209N,1.419207459
Y209P,1.498215309
Y209Q,1.903068105
Y209R,1.1331646999999998
Y209S,1.579567694
Y209T,0.98696789
Y209V,2.17819928
Y209W,1.947570605
V210A,1.21817628
V210C,1.801824938
V210D,1.067221156
V210E,1.322636023
V210F,2.425765357
V210G,1.536323526
V210H,1.241845048
V210I,3.660087394
V210K,1.41073856
V210L,1.154389615
V210M,0.46891977
V210N,2.130763384
V210P,0.5512117529999999
V210Q,0.703966326
V210R,1.192795389
V210S,2.9542905810000004
V210T,1.856524247
V210W,1.201003187
V210Y,2.291178201
P211A,0.650599633
P211C,1.6404340819999998
P211D,1.087216399
P211E,1.524962894
P211F,0.068651383
P211G,0.7722458729999999
P211H,1.271996327
P211I,1.133566826
P211K,1.273611832
P211L,1.199387949
P211M,1.4705740880000002
P211N,0.935805293
P211R,0.594600741
P211S,1.201992127
P211T,1.102073752
P211V,1.481729939
P211W,1.303789349
P211Y,0.7569349590000001
L212A,1.538818604
L212C,4.080381162
L212D,1.212812564
L212E,1.339878284
L212F,1.934332852
L212G,1.34870737
L212H,3.063481045
L212I,1.502627098
L212K,1.275446351
L212M,2.50844098
L212N,1.220953642
L212P,1.135206463
L212Q,1.591208517
L212R,1.030197751
L212S,2.366346119
L212T,1.475334928
L212V,2.1917916230000003
L212W,2.581820981
L212Y,1.159999722
V213A,2.14934949
V213C,1.556664417
V213D,2.572708925
V213E,1.105994409
V213F,1.894440086
V213G,1.672224278
V213H,1.402639432
V213I,0.446678224
V213K,1.098875929
V213L,5.572991991
V213M,1.302145768
V213N,0.6552000610000001
V213P,1.590873227
V213Q,1.7953132530000002
V213R,1.444978574
V213S,3.503405796
V213T,2.268340386
V213W,1.654485267
V213Y,1.468419779
I214A,1.099963533
I214C,2.081612995
I214D,1.274714401
I214E,1.950482329
I214F,1.368951239
I214G,1.718233834
I214H,1.339343522
I214K,0.898283507
I214L,1.773179869
I214M,2.157353874
I214N,1.42573239
I214P,1.100508215
I214Q,1.519815004
I214R,1.4545008469999998
I214S,1.97585271
I214T,1.869357306
I214V,1.712860359
I214W,1.987837487
I214Y,1.165559561
M215A,1.409461403
M215C,1.115776014
M215D,1.968832644
M215E,1.3626101119999998
M215F,1.021572425
M215G,0.8403290640000001
M215H,1.5727928919999998
M215I,1.81655602
M215K,1.256028763
M215L,1.466482986
M215N,1.36107228
M215P,1.046361192
M215Q,1.45338117
M215R,0.984565287
M215S,1.429945981
M215T,1.200537374
M215V,1.410536319
M215W,0.960718366
M215Y,0.935726076
V216A,1.08760652
V216C,3.030253997
V216D,1.5558716869999998
V216E,1.295955042
V216F,1.504836129
V216G,1.460928704
V216H,1.305044151
V216I,3.030594999
V216K,1.509684854
V216L,1.221807444
V216M,1.595678952
V216N,1.281016966
V216P,1.347233698
V216Q,1.031674008
V216R,1.515196624
V216S,2.067841473
V216T,2.0210374680000003
V216W,1.0230131
V216Y,1.108661492
F217A,1.42505913
F217C,1.83449921
F217D,1.3779500180000002
F217E,1.499293535
F217G,1.4391629819999998
F217H,1.218442693
F217I,1.386160829
F217K,2.386734843
F217L,2.365825093
F217M,1.71106178
F217N,2.740018323
F217P,1.27348283
F217Q,1.70161391
F217R,2.390702548
F217S,0.8677860620000001
F217T,1.518968193
F217V,1.6445039419999998
F217W,2.234603183
F217Y,2.19648102
V218A,1.973652104
V218C,3.0437809010000003
V218D,1.616162991
V218E,1.679126507
V218F,1.972676194
V218G,2.052831571
V218H,2.175163038
V218I,1.39356653
V218K,1.547746109
V218L,1.778733582
V218M,2.105590289
V218N,1.76749294
V218P,0.805660478
V218Q,1.409495776
V218R,1.414420554
V218S,2.301868834
V218T,1.6332311659999998
V218W,1.305356022
V218Y,0.898001543
Y219A,1.006508344
Y219C,1.7083648219999998
Y219D,1.071331943
Y219E,1.201278882
Y219F,1.171380171
Y219G,0.879061005
Y219H,1.4741813540000002
Y219I,1.368871717
Y219K,1.13489583
Y219L,1.627736029
Y219M,1.334462747
Y219N,1.587873891
Y219P,1.724290234
Y219Q,0.97004961
Y219R,1.050145839
Y219S,1.551038063
Y219T,1.580371065
Y219V,1.057451348
Y219W,1.122580376
S220A,7.713815558999999
S220C,4.912748377
S220D,1.257230193
S220E,1.001089182
S220F,2.512142318
S220G,2.323307196
S220H,1.832384213
S220I,0.026803711
S220K,1.444107265
S220M,1.119221849
S220N,1.5090342019999998
S220P,1.317784631
S220Q,2.799335344
S220R,2.598483669
S220T,2.5726543
S220W,1.6377223440000002
S220Y,1.23942437
R221A,1.290478165
R221C,1.987670426
R221D,0.714033565
R221E,1.385863434
R221F,1.145354129
R221G,1.181209797
R221H,1.243164593
R221I,1.75940927
R221K,1.408922575
R221L,1.238619007
R221M,2.015372534
R221N,1.429757886
R221P,3.2300899380000003
R221Q,1.709409283
R221S,1.235061196
R221T,0.913992223
R221V,1.20314412
R221W,1.688444035
R221Y,1.072444442
V222A,0.7892807009999999
V222C,1.398072969
V222D,0.9482248
V222E,1.288716055
V222F,1.553807309
V222G,1.438424054
V222H,1.3817003209999998
V222I,2.278565605
V222K,0.894684677
V222L,2.65924489
V222M,0.911732823
V222N,1.613549172
V222P,0.8875750640000001
V222Q,1.5618958669999998
V222R,0.833040714
V222S,1.6163902
V222T,1.4612514090000002
V222W,1.5134495730000002
V222Y,1.076776849
F223A,6.808375292000001
F223C,1.395222248
F223D,1.509044674
F223E,0.994964271
F223G,1.943807377
F223H,4.37887595
F223I,1.263014454
F223K,1.122898318
F223L,1.909957239
F223M,0.7432442890000001
F223N,1.517011713
F223P,0.655093558
F223Q,1.557974915
F223R,1.5258002819999998
F223S,1.457226739
F223T,1.17571199
F223V,0.958944369
F223W,1.137177911
F223Y,3.225862919
Q224A,1.512226986
Q224C,1.807268096
Q224D,1.5856746330000002
Q224E,1.938067467
Q224F,2.070771467
Q224G,1.614857588
Q224H,1.73034353
Q224I,1.970121345
Q224K,1.513474721
Q224L,2.158697219
Q224M,2.3455952730000003
Q224N,1.572640843
Q224P,1.5389181019999998
Q224R,1.81478117
Q224S,1.7368562769999998
Q224T,1.543467919
Q224V,2.132736655
Q224W,1.485384763
Q224Y,1.5215040219999998
E225A,2.587771977
E225C,1.592498327
E225D,1.221137774
E225F,1.580897154
E225G,0.8848910440000001
E225H,1.567235375
E225I,1.57270877
E225K,1.778567306
E225L,1.5355855230000002
E225M,1.966185574
E225N,1.620030413
E225P,1.459160514
E225Q,2.500643096
E225R,1.5103997130000002
E225S,1.517959293
E225T,2.248211212
E225V,1.469436426
E225W,1.432905982
E225Y,1.215593438
A226C,2.11736052
A226D,0.5889157970000001
A226E,1.768926316
A226F,2.501203441
A226G,1.476074019
A226H,1.846006145
A226I,1.470347255
A226K,1.308278481
A226L,1.592702728
A226M,0.801921436
A226N,1.248603053
A226P,1.243226108
A226Q,1.744149729
A226R,1.5733000069999998
A226S,1.421316196
A226T,2.7816554910000004
A226V,2.324114634
A226W,1.649174928
A226Y,2.188837623
K227A,3.118982799
K227C,1.034867906
K227D,1.884075747
K227E,0.8963122259999999
K227F,1.283693019
K227G,1.697415432
K227H,1.7848517119999998
K227I,1.873623484
K227L,2.076036696
K227M,1.230144458
K227N,2.2561759
K227P,1.374227352
K227Q,3.0389964160000003
K227R,3.270876541
K227S,2.026314856
K227T,1.934774433
K227V,1.321594678
K227W,3.497827114
K227Y,2.55248333
R228A,1.490472882
R228C,2.462749605
R228D,3.489225561
R228E,1.989323736
R228F,2.709606173
R228G,2.0680525640000003
R228H,2.3010492780000003
R228I,1.850961427
R228K,1.651339252
R228L,1.348004219
R228M,0.973891926
R228N,1.893246972
R228P,1.478750924
R228Q,2.183403979
R228S,2.473558167
R228T,2.539114952
R228V,1.690744059
R228W,1.806569037
R228Y,2.091401159
Q229A,1.825014249
Q229C,1.957026366
Q229D,1.320570692
Q229E,1.5129731730000002
Q229F,1.195857175
Q229G,0.8754282309999999
Q229H,0.8412229640000001
Q229I,1.850053921
Q229K,1.020998077
Q229L,1.501453731
Q229M,1.6356747619999998
Q229N,1.34567408
Q229P,1.465675029
Q229R,1.051722751
Q229S,4.065954908999999
Q229T,2.256928694
Q229V,1.060576374
Q229W,1.3391785859999998
Q229Y,2.925447138
L230A,0.860689687
L230C,2.598897829
L230D,1.331956713
L230E,2.187863437
L230F,1.267818548
L230G,1.631978004
L230H,1.979943765
L230I,1.109887177
L230K,0.730106768
L230M,2.315564302
L230N,1.948064753
L230P,1.271342685
L230Q,2.672732092
L230R,2.804057454
L230S,1.347822144
L230T,1.919091124
L230V,1.611654155
L230W,2.38470175
L230Y,0.935556718
Q231A,1.508674096
Q231C,1.485783854
Q231D,2.596865651
Q231E,1.328004098
Q231F,1.677892886
Q231G,1.106864929
Q231H,2.190618376
Q231I,3.343570325
Q231K,2.163154172
Q231L,1.0900580009999998
Q231M,2.107242931
Q231N,2.226157764
Q231P,1.178976538
Q231R,0.669204835
Q231S,1.3617289419999998
Q231T,1.95440403
Q231V,0.599574102
Q231W,2.48616998
Q231Y,1.432582033
K232A,1.7294210019999998
K232C,1.503250077
K232D,1.101045936
K232E,2.165134557
K232F,1.298919217
K232G,0.7439784309999999
K232H,0.88672065
K232I,2.227385131
K232L,0.502752204
K232M,1.395521553
K232N,1.9129711
K232P,1.9052544
K232Q,3.261257864
K232R,2.016128456
K232S,1.436348459
K232T,1.867404913
K232V,3.664945767
K232W,1.593208178
K232Y,1.870717981
I233A,1.891879148
I233C,2.362669904
I233D,1.172188686
I233E,1.88272786
I233F,0.886549039
I233G,1.469033015
I233H,1.50388676
I233K,1.885666589
I233L,1.680187502
I233M,1.032292503
I233N,1.722591911
I233P,1.494893548
I233Q,0.853012296
I233R,0.7324543259999999
I233S,1.05526917
I233T,1.384099536
I233V,1.7042894240000002
I233W,1.384443673
I233Y,1.319813224
D234A,2.562811822
D234C,1.465612286
D234E,2.57374629
D234F,1.917159278
D234G,1.707350581
D234H,1.788039209
D234I,3.469696674
D234K,1.883344649
D234L,1.6347214369999998
D234M,1.6613028419999998
D234N,1.961979216
D234P,1.217313549
D234Q,1.377214189
D234R,4.098086846
D234S,2.383818733
D234T,1.919197367
D234V,4.07225755
D234W,2.91252949
D234Y,1.562732637
K235A,0.95739911
K235C,2.289494213
K235D,2.114369605
K235E,1.72663226
K235F,1.912610481
K235G,2.000375267
K235H,1.929393049
K235I,2.283164279
K235L,1.811792534
K235M,3.1112732430000003
K235N,1.451089206
K235P,1.044572763
K235Q,1.638184179
K235R,1.699535513
K235S,2.759275279
K235T,1.401130623
K235V,1.98576657
K235W,0.959959715
K235Y,1.029560237
S236A,1.509185978
S236C,1.546019613
S236D,1.268903308
S236E,1.345122802
S236F,2.28262064
S236G,1.243936817
S236H,1.949232557
S236I,2.686195279
S236K,0.788634108
S236L,1.823973902
S236M,2.535289595
S236N,0.8066862370000001
S236P,1.364562091
S236Q,0.998541467
S236R,3.70151316
S236T,0.627932606
S236V,2.4422012090000003
S236W,1.331562348
S236Y,2.10014004
E237A,1.373566965
E237C,2.257612642
E237D,2.442942102
E237F,1.980838685
E237G,1.989616067
E237H,1.881318481
E237I,1.634114445
E237K,1.997228239
E237L,0.94920818
E237M,2.409182706
E237N,2.244556944
E237P,1.05591065
E237Q,2.343991692
E237R,0.8136101609999999
E237S,1.484777739
E237T,1.281395906
E237V,1.092516176
E237W,1.7756364269999998
E237Y,3.3325922930000003
G238A,2.483310758
G238C,1.5236212830000002
G238D,0.636135597
G238E,1.128148118
G238F,1.567593206
G238H,1.908492483
G238I,2.700415127
G238K,1.828371972
G238L,1.590988086
G238M,1.37723739
G238N,2.275759151
G238P,1.562813124
G238Q,2.345223334
G238R,1.706691732
G238S,0.875523353
G238T,1.389625099
G238V,1.951160571
G238W,1.6841549569999998
G238Y,4.584208774
R239A,0.984276706
R239C,1.772306762
R239D,1.859724273
R239E,1.625879532
R239F,1.296953197
R239G,1.339482517
R239H,2.200618431
R239I,0.961762311
R239K,0.8614727879999999
R239L,1.548669647
R239M,0.982723791
R239N,0.656298275
R239P,1.916736235
R239Q,1.930471498
R239S,1.573132657
R239T,1.918210274
R239V,1.607015211
R239W,1.4483373119999998
R239Y,1.5156004419999998
F240A,1.842243557
F240C,1.89243031
F240D,2.6618932980000003
F240E,1.418576295
F240G,1.53973452
F240H,1.385853054
F240I,1.208164225
F240K,1.888593772
F240L,2.004920537
F240M,1.569092133
F240N,1.620626614
F240P,0.65970378
F240Q,1.849142241
F240R,1.1717432490000002
F240S,2.148070606
F240T,1.785562689
F240V,1.5858615109999998
F240W,2.321509476
F240Y,0.350716565
H241A,2.9767977310000004
H241C,1.845625833
H241D,1.148463676
H241E,1.789966041
H241F,2.3844758980000003
H241G,0.592345098
H241I,0.974949686
H241K,2.167264769
H241L,1.901492056
H241M,1.640106609
H241N,2.65210009
H241P,1.507056462
H241Q,1.418180327
H241R,2.246812852
H241S,1.7106160069999998
H241T,1.675684388
H241V,2.250041771
H241W,2.868673437
H241Y,1.945398726
V242A,1.773762009
V242C,3.262213385
V242D,1.816371345
V242E,1.6044234730000002
V242F,2.120332863
V242G,1.715359017
V242H,2.082743096
V242I,1.293683546
V242K,2.3141642140000003
V242L,2.758795395
V242M,3.212582386
V242N,1.412585533
V242P,2.5209788840000003
V242Q,2.536232167
V242R,1.808855466
V242S,1.831910352
V242T,2.276293977
V242W,1.4350579
V242Y,1.278580524
Q243A,2.593509211
Q243C,1.306153465
Q243D,1.455717591
Q243E,2.216966556
Q243F,4.9749292060000005
Q243G,2.107266499
Q243H,1.408267469
Q243I,1.861696229
Q243K,1.562308444
Q243L,1.3846743680000002
Q243M,1.849327774
Q243N,3.2178693060000003
Q243P,2.208272076
Q243R,1.969079155
Q243S,2.1065405740000003
Q243T,1.314413387
Q243V,2.436854724
Q243W,2.354220129
Q243Y,1.940481562
N244A,0.978443863
N244C,2.330364135
N244D,1.380116698
N244E,1.405853934
N244F,3.162252577
N244G,2.460502644
N244H,1.4188134119999998
N244I,2.392702562
N244K,1.754918981
N244L,2.505226854
N244M,2.41593451
N244P,2.256231644
N244Q,2.4009701690000003
N244R,2.199913228
N244S,2.832079189
N244T,1.681790935
N244V,2.347239363
N244W,2.178321266
N244Y,1.5978523919999998
L245A,0.611571368
L245C,2.837000302
L245D,1.407775368
L245E,1.660549076
L245F,1.4794868490000002
L245G,1.17079594
L245H,2.347475435
L245I,0.79682539
L245K,2.402192793
L245M,2.409381159
L245N,1.249742352
L245P,2.271549431
L245Q,1.574559751
L245R,1.927450533
L245S,2.3277833080000003
L245T,2.841365584
L245V,1.724286665
L245W,1.4976756130000002
L245Y,0.962787059
S246A,1.67440495
S246C,1.107226396
S246D,2.685259315
S246E,1.617922685
S246F,2.560253535
S246G,1.90645889
S246H,2.155795999
S246I,0.579831573
S246K,2.084422681
S246L,2.401924083
S246M,2.296421798
S246N,1.511456191
S246P,1.9568797
S246Q,0.780098948
S246R,1.606164059
S246T,2.258834081
S246V,3.0094694539999995
S246W,0.443193346
S246Y,0.22812164
Q247A,2.064440158
Q247C,1.830567382
Q247D,1.374837539
Q247E,1.679178706
Q247F,1.129150772
Q247G,2.020765392
Q247H,1.708131627
Q247I,2.1453747080000003
Q247K,3.094809839
Q247L,1.4775381419999998
Q247M,1.489950434
Q247N,1.4714634919999998
Q247P,1.36554798
Q247R,0.6780991059999999
Q247S,1.777138036
Q247T,2.656047585
Q247V,1.214824261
Q247W,1.444042155
Q247Y,1.566677006
V248A,1.523147945
V248C,2.279767563
V248D,2.903386487
V248E,2.714964555
V248F,1.846908233
V248G,1.7996502
V248H,1.568973999
V248I,1.607667818
V248K,2.287074038
V248L,1.346444436
V248M,1.966210944
V248N,2.11861699
V248P,2.83160727
V248Q,1.776391021
V248R,2.674563643
V248S,1.328217675
V248T,1.844425652
V248W,2.655648146
V248Y,1.849058873
E249A,1.53750619
E249C,1.683579617
E249D,1.7117445830000002
E249F,1.832081317
E249G,1.336947883
E249H,1.880546364
E249I,2.844041481
E249K,1.671356824
E249L,2.556905335
E249M,2.963013887
E249N,2.436578681
E249P,2.098889718
E249Q,1.250966925
E249R,1.637870441
E249S,2.630210575
E249T,1.946976666
E249V,1.7369614880000002
E249W,2.116118365
E249Y,1.154812187
Q250A,1.920283836
Q250C,0.942398348
Q250D,1.645693996
Q250E,1.741290841
Q250F,1.6297303580000002
Q250G,1.4733980780000002
Q250H,3.241937328
Q250I,1.400980296
Q250K,2.5538357780000003
Q250L,1.525377798
Q250M,2.067191255
Q250N,1.857402014
Q250P,3.250026173
Q250R,1.974305304
Q250S,2.177577937
Q250T,1.821600913
Q250V,2.612702334
Q250W,1.193564071
Q250Y,1.45672687
D251A,1.480971335
D251C,1.124878773
D251E,2.084448941
D251F,2.578370793
D251G,1.790104769
D251H,1.6542868380000002
D251I,2.292727949
D251K,2.396021859
D251L,2.322599945
D251M,2.09063131
D251N,0.49139911
D251P,1.974327615
D251Q,1.5177712369999998
D251R,3.710972679
D251S,2.380758373
D251T,2.548521199
D251V,1.038219862
D251W,3.5948128560000003
D251Y,1.748024912
G252A,1.572752868
G252C,1.684761385
G252D,1.928708845
G252E,1.890794142
G252F,2.59490784
G252H,3.042784227
G252I,0.717238789
G252K,1.386651714
G252L,1.405919705
G252M,1.677368942
G252N,1.383744725
G252P,2.209709864
G252Q,2.253561452
G252R,1.393931422
G252S,1.911769901
G252T,1.89769115
G252V,2.62579215
G252W,1.762474137
G252Y,2.733512471
R253A,1.561370156
R253C,0.546910883
R253D,1.489716405
R253E,1.693864016
R253F,1.474893143
R253G,0.630876003
R253H,1.317232924
R253I,1.192561755
R253K,3.408216054
R253L,1.591408317
R253M,1.590154289
R253N,2.099516527
R253P,1.007916983
R253Q,3.167538742
R253S,2.345964252
R253V,2.886442413
R253W,1.228096297
R253Y,2.242275409
T254A,2.631441368
T254C,1.402452237
T254D,1.755824445
T254E,3.139078052
T254F,1.867544
T254G,2.024011181
T254H,3.1561212610000005
T254I,1.565598251
T254K,1.999683376
T254L,1.689802424
T254M,2.419168339
T254N,1.7850063619999998
T254P,2.086106479
T254Q,3.372228769
T254R,2.339784275
T254S,2.409102937
T254V,2.711766212
T254W,1.876468329
T254Y,1.443445571
G255A,4.801023542
G255C,2.108826022
G255D,3.021839255
G255E,1.111552487
G255F,1.551390492
G255H,2.3088319040000003
G255I,2.471124574
G255K,3.0913004710000003
G255L,2.087658641
G255M,1.665152841
G255N,2.104608784
G255P,2.177291203
G255Q,2.124552575
G255R,1.7963915869999998
G255S,1.523025816
G255T,1.886545561
G255V,1.88996988
G255W,1.909162447
G255Y,1.951181951
H256A,1.168091739
H256C,1.665766073
H256D,1.412542159
H256E,2.281951112
H256F,1.720852193
H256G,1.685688969
H256I,1.867010999
H256K,1.632712244
H256L,1.2024397
H256M,1.268274265
H256N,0.87661631
H256P,2.46323066
H256Q,1.997987807
H256R,1.757261005
H256S,2.1177099040000003
H256T,2.209139091
H256V,1.87080358
H256W,2.555444093
H256Y,2.272262229
G257A,1.475939444
G257C,1.834838525
G257D,2.647574185
G257E,2.411741844
G257F,1.740945404
G257H,1.729718375
G257I,2.261617151
G257K,4.107941735
G257L,2.702729193
G257M,2.399432833
G257N,3.2887998510000003
G257P,2.529219337
G257Q,1.879540849
G257R,2.765390895
G257S,2.252042859
G257T,2.559597873
G257V,2.16137306
G257W,2.667225427
G257Y,1.655808091
L258A,2.039466504
L258C,2.213037874
L258D,1.568550335
L258E,1.885343751
L258F,1.814783962
L258G,2.014044662
L258H,1.63207771
L258I,1.60335523
L258K,1.168676658
L258N,1.2564116090000002
L258P,0.061527271
L258Q,1.5214583519999998
L258R,2.266323975
L258S,2.985970375
L258T,3.008688774
L258V,1.691492606
L258W,2.9796093110000004
L258Y,1.497401328
R259A,1.409078124
R259C,2.506471827
R259D,1.6805296440000002
R259E,2.042251413
R259F,1.468009195
R259G,1.530326574
R259H,2.323355133
R259I,0.351275901
R259K,1.491642624
R259L,0.57983958
R259M,1.701988827
R259N,1.209705847
R259P,1.656118715
R259Q,2.499371745
R259S,1.873137828
R259T,1.885911312
R259W,1.469609538
R259Y,1.280172654
R260A,2.663196798
R260C,2.41887201
R260D,3.944121883
R260E,1.194791946
R260F,1.848101822
R260G,2.555071399
R260H,2.4817572830000003
R260I,2.129658496
R260K,1.284379382
R260L,0.796043188
R260M,2.290598774
R260N,1.435482135
R260P,2.051874296
R260Q,1.2576498109999998
R260S,2.371307879
R260T,1.326118563
R260V,3.088623629
R260W,1.7541540919999998
R260Y,2.428794995
S261A,2.281120661
S261C,2.027986994
S261D,1.670394503
S261E,1.560540438
S261F,1.520538096
S261G,1.466546785
S261H,2.548979491
S261I,3.776137658
S261K,1.619967991
S261L,1.576291375
S261M,2.059022126
S261N,2.116678663
S261P,0.624844714
S261Q,3.070688054
S261R,1.7509901999999995
S261T,1.217701087
S261V,1.331008348
S261W,1.526886521
S261Y,2.613848091
S262A,2.580615324
S262C,2.37469162
S262D,1.576119668
S262E,1.424942429
S262F,3.3017419789999995
S262G,2.552892308
S262H,1.522041706
S262I,2.7477527160000004
S262K,2.301874962
S262L,2.627937064
S262M,2.623156227
S262N,1.46165483
S262P,1.329264363
S262Q,1.216160575
S262R,3.1856996260000003
S262T,3.663701443
S262V,1.7811351619999998
S262W,1.853123338
S262Y,1.440802571
K263A,1.471574984
K263C,2.087185208
K263D,1.635133433
K263E,1.59193075
K263F,1.637565296
K263G,2.497735683
K263H,1.792903404
K263I,2.053966175
K263L,1.936494297
K263M,1.610610782
K263N,1.6634653190000002
K263P,1.985541662
K263Q,1.578201665
K263R,2.983119611
K263S,1.700999121
K263T,1.234433275
K263V,1.936573547
K263W,0.6770101140000001
K263Y,1.5719509580000002
F264A,1.717830454
F264C,1.397506903
F264D,1.784154946
F264E,1.736401734
F264G,1.885544723
F264H,2.247152301
F264I,1.453634698
F264K,1.838224298
F264L,1.66975253
F264M,1.850705548
F264N,1.282376419
F264P,1.7082974919999998
F264Q,0.6878832020000001
F264R,1.884609277
F264S,1.762603076
F264T,2.277508482
F264V,1.609498342
F264W,1.692476214
F264Y,2.739601554
C265A,1.092511108
C265D,1.683414565
C265E,2.024689614
C265F,1.867095616
C265G,1.7504113730000002
C265H,2.872249357
C265I,1.946169228
C265K,1.98065117
C265L,2.391036472
C265M,2.093713471
C265N,2.41985671
C265P,1.902988387
C265Q,2.408627765
C265R,1.631877305
C265S,1.959285274
C265T,1.6485700769999998
C265V,1.940459005
C265W,1.562969939
C265Y,2.396497724
L266A,1.943664802
L266C,3.124748099
L266D,1.208441663
L266E,2.220705232
L266F,2.261878026
L266G,1.5653535980000002
L266H,1.995649383
L266I,2.166534106
L266K,1.6008604869999998
L266M,1.695296095
L266N,1.708366064
L266P,1.791924368
L266Q,1.911586049
L266R,1.7783615780000002
L266S,1.527368456
L266T,2.00041739
L266V,1.55926312
L266W,1.922358805
L266Y,1.299733643
K267A,2.227312306
K267C,1.6727857730000002
K267D,1.378044659
K267E,1.876841973
K267F,1.863962357
K267G,1.4725733369999998
K267H,1.577160406
K267I,1.592908943
K267L,2.009771544
K267M,1.876702321
K267N,1.867117113
K267P,2.174920212
K267Q,1.129799517
K267R,1.811480862
K267S,1.813088962
K267T,1.3472239330000002
K267V,1.440403119
K267W,1.4699133640000002
K267Y,1.94154615
E268A,0.94118324
E268C,1.476882214
E268D,2.257273672
E268F,1.729106522
E268G,2.089392346
E268H,1.74721793
E268I,1.500651837
E268K,4.429157324
E268L,1.264171837
E268M,1.60131862
E268N,2.245188296
E268P,3.275978222
E268Q,3.321429652
E268R,2.001915614
E268S,1.530798314
E268T,1.589948634
E268V,1.902737191
E268W,1.952615071
E268Y,2.053142156
H269A,2.628013242
H269C,2.02140442
H269D,1.683426049
H269E,2.603182577
H269F,1.336904255
H269G,2.035545188
H269I,1.4686378409999998
H269K,2.599557405
H269L,1.442852003
H269M,1.213388093
H269N,2.665442356
H269P,1.68294287
H269Q,0.642368199
H269R,3.635152156
H269S,2.1612606
H269T,2.031632473
H269V,0.929934333
H269W,1.75350333
H269Y,1.588084478
K270A,2.165530336
K270C,1.635347497
K270D,1.377433049
K270E,1.335275116
K270F,1.270733261
K270G,1.841591828
K270H,1.16573483
K270I,1.224311798
K270L,1.566246558
K270M,1.611825124
K270N,1.069884274
K270P,2.230634313
K270Q,1.734327688
K270R,2.25075862
K270S,1.637755192
K270T,1.64298425
K270V,1.4584870090000002
K270W,1.141701731
K270Y,1.598288995
A271C,1.684406073
A271D,0.987585246
A271E,1.207132571
A271F,1.042110931
A271G,1.377156029
A271H,1.558152219
A271I,2.5979178590000003
A271K,0.956807688
A271L,1.372737078
A271M,1.236226368
A271N,1.11666246
A271P,1.7542471030000002
A271Q,1.135302459
A271R,1.092311458
A271S,1.211667375
A271T,1.357345965
A271V,2.1555589630000003
A271W,1.203500939
A271Y,1.6129018569999998
L272A,2.081905129
L272C,2.759997712
L272D,1.664516242
L272E,1.6518835509999998
L272F,2.888387826
L272G,1.471434225
L272H,2.011942367
L272I,1.600269928
L272K,1.404474806
L272M,2.247223348
L272N,1.732564609
L272P,1.392799514
L272Q,2.857701235
L272R,1.769809961
L272S,1.7094793190000002
L272T,1.47137628
L272V,1.992583854
L272W,1.870784901
L272Y,2.452101364
K273A,1.967599362
K273C,1.655620365
K273D,0.8575558640000001
K273E,1.4463580230000002
K273F,2.506564625
K273G,1.78229188
K273H,1.4801316759999998
K273I,1.624793876
K273L,1.820139007
K273M,1.243860955
K273N,1.435418907
K273P,1.472765946
K273Q,1.554598525
K273R,2.62892981
K273S,2.059553306
K273T,1.521192989
K273V,1.381112081
K273W,1.742144532
K273Y,1.713706507
T274A,3.663040536000001
T274C,2.315756865
T274D,1.4759282930000002
T274E,2.822257641
T274F,1.5320392530000002
T274G,1.775692323
T274H,1.97425695
T274I,1.837931715
T274K,2.317069956
T274L,0.986449701
T274M,1.502049069
T274N,2.403804359
T274P,1.819418357
T274Q,2.670231195
T274R,1.614368199
T274S,1.883093962
T274V,1.594233255
T274W,2.491566184
T274Y,1.505645086
L275A,1.624472791
L275C,1.956070093
L275D,1.1876882
L275E,1.403957794
L275F,1.124048605
L275G,1.404953315
L275H,0.921297348
L275I,2.445740919
L275K,1.646317895
L275M,1.635229414
L275N,0.998117548
L275P,1.435249415
L275Q,1.22599233
L275R,0.968510707
L275S,1.547430563
L275T,2.5256843680000003
L275V,1.648781328
L275W,1.3828199019999998
L275Y,1.026789307
G276A,2.077378248
G276C,1.65148945
G276D,1.175864287
G276E,1.285125055
G276F,1.105640078
G276H,1.592362337
G276I,3.3015043630000003
G276K,1.4641587619999998
G276L,3.626442199
G276M,2.414945408
G276N,1.447271903
G276P,1.656238786
G276Q,1.7082210480000002
G276R,1.656814844
G276S,1.454153539
G276T,3.005329304
G276V,1.453420542
G276W,2.292354196
G276Y,1.497574634
I277A,1.3788771430000002
I277C,1.604328152
I277D,1.2864826459999998
I277E,1.830857888
I277F,1.91744007
I277G,1.662928685
I277H,1.123514788
I277K,1.742295974
I277L,1.63679947
I277M,1.764282946
I277N,0.98134159
I277P,1.759438965
I277Q,1.352533777
I277R,2.211366099
I277S,1.696362309
I277T,2.583473891
I277V,3.629820753
I277W,1.979278451
I277Y,1.591654149
I278A,2.285640135
I278C,2.330329491
I278D,0.794351968
I278E,1.760336176
I278F,2.293742977
I278G,2.566180326
I278H,2.2610912880000003
I278K,1.460271902
I278L,1.935919881
I278M,1.915236026
I278N,1.76728206
I278P,1.327897905
I278Q,1.5483205080000002
I278R,1.653337412
I278S,1.720759933
I278T,2.063404741
I278V,1.923694615
I278W,1.720090483
I278Y,1.4108751780000002
M279A,1.559559572
M279C,1.265299345
M279D,1.10021507
M279E,0.997387036
M279F,1.485318968
M279G,1.537673611
M279H,1.272882997
M279I,1.446230279
M279K,2.04521123
M279L,2.8914812000000003
M279N,0.869662968
M279P,1.7667573090000002
M279Q,1.3851606369999998
M279R,1.366449962
M279S,1.294857063
M279T,1.072618968
M279V,2.03953003
M279W,1.191278093
M279Y,1.444926799
G280A,1.46825114
G280C,2.023074309
G280D,1.579845281
G280E,1.174929067
G280F,1.5666881
G280H,1.108569772
G280I,1.374412339
G280K,1.028023367
G280L,1.733429576
G280M,1.398032657
G280N,1.5485532480000002
G280P,1.260733331
G280Q,1.196042559
G280R,1.249703417
G280S,0.920431346
G280T,1.679642377
G280V,1.68343456
G280W,1.529254546
G280Y,1.600762084
T281A,1.697280136
T281C,1.711441657
T281D,1.126831696
T281E,1.6204594819999998
T281F,1.743404525
T281G,1.408611778
T281H,1.770007533
T281I,2.408013071
T281K,1.301017309
T281L,1.208160453
T281M,1.658378158
T281N,1.074995627
T281P,1.4394867480000002
T281Q,2.140016832
T281R,1.08868478
T281S,1.234504391
T281V,1.730626926
T281W,1.590606855
T281Y,2.113241972
F282A,2.18996336
F282C,1.277545463
F282D,1.37888538
F282E,1.966022413
F282G,1.18592598
F282H,1.348519323
F282I,1.85683391
F282K,0.884442548
F282L,1.674056605
F282M,2.585437995
F282N,1.416128335
F282P,1.54807324
F282Q,1.210460726
F282R,1.173686153
F282S,1.491271103
F282T,1.378209164
F282V,2.281744134
F282W,1.799322913
F282Y,1.31978606
T283A,1.404872724
T283C,3.026771175
T283D,1.027856219
T283E,1.4953486530000002
T283F,1.65279432
T283G,0.8412071520000001
T283H,1.115174495
T283I,2.000787363
T283K,1.335566964
T283L,2.972940518
T283M,2.424911466
T283N,1.344657217
T283P,1.948263372
T283Q,1.623805814
T283R,1.308885525
T283S,1.645137184
T283V,2.312607264
T283W,1.536337928
T283Y,1.211823244
L284A,1.752389469
L284C,1.530505007
L284D,1.716799508
L284E,1.1768161190000002
L284F,2.312186735
L284G,1.03155987
L284H,1.673246681
L284I,1.508483627
L284K,1.24166117
L284M,1.897408199
L284N,1.108678747
L284P,1.324216162
L284Q,1.198176554
L284R,1.233406601
L284S,1.656134184
L284T,1.266430984
L284V,1.6735112319999998
L284W,1.129749012
L284Y,1.112048891
C285A,1.730299597
C285D,1.331507851
C285E,1.3434206869999998
C285F,2.118398121
C285G,1.068095363
C285H,1.235059834
C285I,1.488025589
C285K,1.207282027
C285L,1.41360666
C285M,1.4537095530000002
C285N,1.723077221
C285P,1.393855885
C285Q,1.3633269819999998
C285R,1.70071704
C285S,2.043400411
C285T,1.18728763
C285V,1.17714361
C285W,1.246187163
C285Y,1.517477121
W286A,0.974006262
W286C,1.411198552
W286D,1.159798346
W286E,0.9216254
W286F,1.066072614
W286G,0.79750469
W286H,1.59986896
W286I,1.313088399
W286K,0.7756731459999999
W286L,0.959179359
W286N,1.085957879
W286P,1.100296351
W286Q,1.378524198
W286R,1.192925344
W286S,1.28467771
W286T,1.908823416
W286V,1.0491033
W286Y,1.288954257
L287A,2.710694957
L287C,2.140196654
L287D,1.47368593
L287E,0.968464105
L287F,2.447427483
L287G,2.032562656
L287H,1.39606978
L287I,1.596135399
L287K,1.190530473
L287M,1.966585754
L287N,1.605643074
L287P,1.195666414
L287Q,1.264801183
L287R,1.554626737
L287S,2.108991558
L287T,2.868891226
L287V,1.140332512
L287W,1.23921467
L287Y,1.643550204
P288A,1.408236473
P288C,1.032959279
P288D,1.165979849
P288E,1.353465312
P288F,1.361907348
P288G,1.234011856
P288H,1.453704089
P288I,1.327127738
P288K,1.380446586
P288L,1.080215954
P288M,0.943224686
P288N,0.980501808
P288Q,1.402154799
P288R,1.762293282
P288S,1.086313921
P288T,1.345262959
P288V,1.384981789
P288W,1.446074565
P288Y,1.011498924
F289A,1.222033724
F289C,1.211957009
F289D,1.294354672
F289E,1.387654285
F289G,0.904588718
F289H,1.028469452
F289I,1.4479175130000002
F289K,1.025232784
F289L,1.226137189
F289M,1.174945567
F289N,1.083213141
F289P,1.801472565
F289Q,1.013586325
F289R,1.30069459
F289S,0.919870806
F289T,1.192095252
F289V,1.52050502
F289W,1.163543073
F289Y,0.975683816
F290A,1.496941949
F290C,1.594163974
F290D,1.116663154
F290E,1.283785916
F290G,0.977271342
F290H,0.66212613
F290I,1.531289611
F290K,1.104512629
F290L,1.890764439
F290M,1.193460245
F290N,1.816103713
F290P,0.846044577
F290Q,1.011251044
F290R,1.314109893
F290S,1.278748395
F290T,1.282415649
F290V,0.871479063
F290W,1.138338873
F290Y,1.495658289
I291A,1.4866398159999998
I291C,1.58741138
I291D,1.09758738
I291E,0.944040318
I291F,2.725391319
I291G,1.656124806
I291H,1.051351888
I291K,1.0778641409999998
I291L,1.771445563
I291M,1.6815060869999998
I291N,1.455055978
I291P,1.345549639
I291Q,1.063778526
I291R,1.122648162
I291S,1.907072456
I291T,1.082926615
I291V,1.9722985
I291W,1.702645951
I291Y,0.8348438859999999
V292A,1.6669433930000002
V292C,1.872020529
V292D,1.392264969
V292E,1.291893174
V292F,1.418790847
V292G,1.0152353159999998
V292H,1.4893206069999998
V292I,1.547909772
V292K,1.087798084
V292L,1.722944315
V292M,1.204021468
V292N,0.999714312
V292P,1.396505086
V292Q,1.192069749
V292R,1.57881713
V292S,1.495830568
V292T,1.568736001
V292W,1.175404297
V292Y,2.058042899
N293A,1.625826582
N293C,1.87267797
N293D,0.95193664
N293E,1.634236503
N293F,1.176242359
N293G,1.948138263
N293H,1.709315065
N293I,1.627598788
N293K,1.31765091
N293L,1.981321418
N293M,1.078673669
N293P,1.421818816
N293Q,1.649075418
N293R,1.246306276
N293S,1.136077321
N293T,1.099138342
N293V,1.938088288
N293W,1.166891967
N293Y,1.323527861
I294A,1.49248095
I294C,1.567959885
I294D,1.238188537
I294E,1.23842809
I294F,1.276627357
I294G,1.268834469
I294H,1.201472278
I294K,1.232062473
I294L,2.526166495
I294M,1.457363418
I294N,1.038250944
I294P,1.3819212419999998
I294Q,1.151487214
I294R,1.320246438
I294S,0.8748862340000001
I294T,1.479390459
I294V,2.052493772
I294W,1.10492599
I294Y,1.407757987
V295A,2.083089964
V295C,2.959483425
V295D,1.05111998
V295E,1.074844637
V295F,1.49555104
V295G,1.041778902
V295H,1.442885661
V295I,2.26806236
V295K,1.253902708
V295L,1.820224308
V295M,1.833051774
V295N,1.196116763
V295P,1.564162398
V295Q,2.354690091
V295R,1.261056242
V295S,2.238838491
V295T,1.955876233
V295W,2.733137644
V295Y,1.501386146
H296A,2.303492904
H296C,2.159370931
H296D,1.7880585999999998
H296E,1.209779433
H296F,1.765191777
H296G,1.38002309
H296I,1.454205864
H296K,1.876796346
H296L,1.869550133
H296M,3.263806462
H296N,2.619831481
H296P,0.968162487
H296Q,2.36189367
H296R,1.287866799
H296S,2.142200583
H296T,1.57455692
H296V,1.679612404
H296W,2.212421342
H296Y,3.069978382
V297A,2.166304308
V297C,1.922715836
V297D,1.537480664
V297E,1.626072302
V297F,2.275297538
V297G,2.7299218730000003
V297H,1.849417013
V297I,1.189590029
V297K,1.315365245
V297L,1.3783637709999998
V297M,1.6714136819999998
V297N,1.688558978
V297P,2.452124656
V297Q,1.364531599
V297R,1.439683822
V297S,2.24404367
V297T,1.38559153
V297W,1.360078851
V297Y,1.568919013
I298A,1.063067176
I298C,2.644801295
I298D,1.4911429109999998
I298E,1.602731064
I298F,2.806616354
I298G,2.393662859
I298H,1.137420205
I298K,1.514627186
I298L,2.393503111
I298M,1.734365335
I298N,2.798044997
I298P,1.398758584
I298Q,1.69256679
I298R,1.594871572
I298S,2.755923357
I298T,1.612248977
I298V,1.92332894
I298W,1.572073543
I298Y,2.430537296
Q299A,1.969374706
Q299C,1.686649899
Q299D,1.206842478
Q299E,2.099962531
Q299F,2.034837606
Q299G,1.018531473
Q299H,1.926005546
Q299I,1.505216929
Q299K,2.269642224
Q299L,1.908927777
Q299M,1.591682452
Q299N,1.9414719
Q299P,1.523487786
Q299R,2.027380142
Q299S,2.220848565
Q299T,1.510112607
Q299V,1.808282131
Q299W,1.699959082
Q299Y,1.797892775
D300A,2.009745729
D300C,1.473116121
D300E,2.516123673
D300F,1.336348833
D300G,1.732057908
D300H,1.749095539
D300I,1.221715402
D300K,2.227286707
D300L,2.252040703
D300M,1.945431193
D300N,1.74755843
D300P,1.71057203
D300Q,1.884023929
D300R,3.203234845
D300S,1.636290353
D300T,3.256171025
D300V,1.976312345
D300W,1.956706158
D300Y,1.212896346
N301A,1.174323295
N301C,1.627067151
N301D,1.761468923
N301E,0.999574377
N301F,1.797784909
N301G,1.4472492
N301H,1.6917451
N301I,1.6496197380000002
N301K,1.783182616
N301L,1.257776598
N301M,1.513693393
N301P,1.568521876
N301Q,1.718183298
N301R,1.804830524
N301S,2.192133891
N301T,2.136594793
N301V,1.719958964
N301W,1.753258351
N301Y,1.703600428
L302A,2.106201978
L302C,1.288152478
L302D,1.491853436
L302E,2.36853268
L302F,1.544899882
L302G,2.567147849
L302H,2.010352114
L302I,2.128674727
L302K,1.772144071
L302M,1.970616301
L302N,1.711531565
L302P,1.963230141
L302Q,2.076905289
L302R,1.699072824
L302S,2.07984508
L302T,1.920494899
L302V,1.735201473
L302W,1.401165636
L302Y,1.575193282
I303A,0.864161941
I303C,1.1695867359999998
I303D,0.8996931990000001
I303E,1.352990444
I303F,1.252318531
I303G,1.511397015
I303H,1.28636468
I303K,1.380561739
I303L,1.590221319
I303M,1.189180651
I303N,1.637719869
I303P,1.155547883
I303Q,1.130620465
I303R,1.289197819
I303S,1.547070828
I303T,1.662460752
I303V,1.556578716
I303W,1.60268719
I303Y,1.825927012
R304A,2.8045891760000004
R304C,2.225104483
R304D,1.6766413830000002
R304E,2.286889151
R304F,1.904623246
R304G,1.888108664
R304H,1.969140162
R304I,1.7869682880000002
R304K,2.229745608
R304L,1.339023107
R304M,1.657991039
R304N,1.955797548
R304P,1.711926406
R304Q,2.03126505
R304S,2.110797236
R304T,2.352584601
R304V,2.042647038
R304W,1.88454717
R304Y,1.703587451
K305A,1.34864427
K305C,1.526077514
K305D,1.976676094
K305E,1.776036909
K305F,1.358886443
K305G,1.561816879
K305H,1.198579862
K305I,1.666132821
K305L,1.305911145
K305M,1.517538814
K305N,1.826845787
K305P,2.501423322
K305Q,1.905088098
K305R,2.348829672
K305S,0.99254291
K305T,1.788812892
K305V,1.197694951
K305W,1.425333632
K305Y,1.6343036359999998
E306A,1.257519133
E306C,1.429928286
E306D,2.068853179
E306F,1.504338915
E306G,1.7065716130000002
E306H,1.566729841
E306I,1.438891921
E306K,2.595192435
E306L,1.229100631
E306M,1.164442971
E306N,1.703059687
E306P,1.438950273
E306Q,2.124778672
E306R,1.22107168
E306S,1.594209122
E306T,1.175658361
E306V,1.068091835
E306W,1.7035432030000002
E306Y,1.814072567
V307A,1.875492626
V307C,1.873303621
V307D,1.669196456
V307E,1.835871657
V307F,1.98136192
V307G,1.457025175
V307H,1.334124236
V307I,2.357114089
V307K,1.382731315
V307L,5.089199651
V307M,2.57811231
V307N,1.647192805
V307P,2.173017894
V307Q,1.095173869
V307R,1.1211925390000002
V307S,1.718147345
V307T,2.215642983
V307W,1.1054875240000002
V307Y,1.900191703
Y308A,0.94224068
Y308C,1.015055327
Y308D,0.999361451
Y308E,1.228980777
Y308F,1.453414973
Y308G,1.411675784
Y308H,1.789023112
Y308I,1.230154624
Y308K,0.985475458
Y308L,1.7097244390000002
Y308M,0.7767339209999999
Y308N,1.2478363
Y308P,1.304060998
Y308Q,1.557740858
Y308R,1.723458765
Y308S,1.131082508
Y308T,0.9278359
Y308V,1.568367214
Y308W,0.979515418
I309A,1.234459594
I309C,2.087826738
I309D,1.254296056
I309E,1.755392726
I309F,1.395288937
I309G,1.444708972
I309H,1.554865287
I309K,1.917358178
I309L,2.751341329
I309M,1.734170702
I309N,1.218861665
I309P,1.4042016119999998
I309Q,1.898235794
I309R,2.112734737
I309S,1.400097722
I309T,1.184517909
I309V,1.5843977130000002
I309W,1.666479771
I309Y,2.227050981
L310A,1.711776944
L310C,2.205366144
L310D,1.511314012
L310E,1.263379344
L310F,2.244447195
L310G,1.996884299
L310H,1.651665807
L310I,1.610284393
L310K,1.15754018
L310M,1.951791367
L310N,1.179173682
L310P,1.863542718
L310Q,1.434840687
L310R,1.289638908
L310S,1.093350272
L310T,1.893844498
L310V,2.421257876
L310W,1.362800098
L310Y,2.174415515
L311A,1.551895904
L311C,1.55668022
L311D,1.097859304
L311E,1.648688303
L311F,1.938723836
L311G,1.902197253
L311H,1.388937164
L311I,1.396818496
L311K,1.589674644
L311M,1.466873452
L311N,1.7044462880000002
L311P,1.164162339
L311Q,1.643843517
L311R,1.3621774969999998
L311S,2.117245558
L311T,1.912693602
L311V,1.522241234
L311W,1.839349792
L311Y,1.036280735
N312A,1.800554119
N312C,1.4696108630000002
N312D,1.358933257
N312E,1.609074043
N312F,1.456569479
N312G,1.308559402
N312H,1.178620805
N312I,0.938933073
N312K,1.25308527
N312L,1.338248756
N312M,1.429304531
N312P,1.498916696
N312Q,1.454196127
N312R,1.6312413069999998
N312S,1.032274966
N312T,1.244307579
N312V,1.570500353
N312W,1.354351212
N312Y,1.167505901
W313A,1.6754729169999998
W313C,1.241110694
W313D,0.980705616
W313E,1.104345365
W313F,1.884999376
W313G,1.450360856
W313H,1.738857394
W313I,1.5335310080000002
W313K,1.28277345
W313L,1.391728464
W313M,1.685468846
W313N,1.881743382
W313P,1.297856248
W313Q,1.550424988
W313R,0.782879962
W313S,1.342092906
W313T,0.7072934209999999
W313V,1.547378982
W313Y,2.006938697
I314A,2.172584199
I314C,1.908426833
I314D,1.128714591
I314E,1.262912362
I314F,2.08450458
I314G,1.226429861
I314H,1.218659061
I314K,0.938663438
I314L,2.33007419
I314M,2.375935048
I314N,0.8526655879999999
I314P,1.000953709
I314Q,1.172640365
I314R,1.407108417
I314S,1.473483355
I314T,2.61360105
I314V,1.940465778
I314W,2.106089964
I314Y,1.4085404469999998
G315A,1.08048226
G315C,1.4899650619999998
G315D,1.455409618
G315E,0.8959840570000001
G315F,1.170104785
G315H,1.35963279
G315I,1.042174972
G315K,1.263973633
G315L,0.955127887
G315M,1.121001985
G315N,1.223322
G315P,1.70963389
G315Q,1.3697061380000002
G315R,1.849359009
G315S,0.8503112279999999
G315T,0.997260255
G315V,1.204765428
G315W,1.374177799
G315Y,0.8604141340000001
Y316A,1.131715772
Y316C,1.105304184
Y316D,1.055342165
Y316E,1.195092322
Y316F,1.244923176
Y316G,1.22990415
Y316H,1.194443107
Y316I,1.207661646
Y316K,1.602817123
Y316L,1.113124792
Y316M,1.067407958
Y316N,1.790726629
Y316P,1.295602296
Y316Q,1.226149813
Y316R,1.563017476
Y316S,1.364146625
Y316T,1.0574317
Y316V,1.329986635
Y316W,1.316825448
V317A,2.117374299
V317C,1.897365626
V317D,1.463147816
V317E,1.446049701
V317F,2.107595291
V317G,1.759258779
V317H,1.18471148
V317I,1.325394873
V317K,1.435969164
V317L,2.556852347
V317M,3.241030012
V317N,1.284116306
V317P,1.229377918
V317Q,1.43965123
V317R,1.028705454
V317S,1.353635432
V317T,2.268488975
V317W,0.953663217
V317Y,1.271137773
N318A,1.559804541
N318C,1.182456473
N318D,0.885068955
N318E,2.012467838
N318F,1.132035364
N318G,0.856886942
N318H,2.098934828
N318I,1.290749619
N318K,1.050719663
N318L,1.366173425
N318M,1.1557180809999998
N318P,1.555668295
N318Q,1.304788652
N318R,1.059200459
N318S,2.254545821
N318T,1.5103751630000002
N318V,1.515596622
N318W,1.631156614
N318Y,1.4531906630000002
S319A,1.644457466
S319C,1.5907059609999998
S319D,0.968531646
S319E,1.571465243
S319F,1.4748700259999998
S319G,1.52257207
S319H,1.301898879
S319I,1.368278345
S319K,1.25871943
S319L,1.071280682
S319M,1.01274394
S319N,1.999802356
S319P,1.290234635
S319Q,0.7393772909999999
S319R,1.237376835
S319T,1.257621097
S319V,0.8912468159999999
S319W,1.188506574
S319Y,1.406918897
G320A,1.576278851
G320C,1.787251605
G320D,1.38069019
G320E,1.621029545
G320F,2.432801025
G320H,1.017242711
G320I,1.741609566
G320K,0.907857725
G320L,2.561348398
G320M,2.063569825
G320N,1.421148571
G320P,1.058739807
G320Q,0.993036027
G320R,1.040376753
G320S,1.584612261
G320T,1.491359968
G320V,1.582344502
G320W,1.501188245
G320Y,0.6470070179999999
F321A,1.246617174
F321C,1.078567437
F321D,1.110585898
F321E,1.238013442
F321G,1.934499573
F321H,0.697705402
F321I,1.459179235
F321K,1.147392457
F321L,1.70669605
F321M,1.660234218
F321N,1.560802567
F321P,1.037039917
F321Q,1.482715004
F321R,2.606877836
F321S,1.390757484
F321T,1.050294364
F321V,1.397994531
F321W,1.090001237
F321Y,1.375487036
N322A,0.928775531
N322C,1.521315858
N322D,1.123944096
N322E,1.490858146
N322F,1.649639228
N322G,0.95342266
N322H,1.548662942
N322I,0.839387937
N322K,1.769084034
N322L,1.300234823
N322M,1.301772022
N322P,1.090134003
N322Q,1.909355885
N322R,1.072011158
N322S,1.495313975
N322T,1.250664537
N322V,1.70642234
N322W,1.508305485
N322Y,1.226790372
P323A,1.271252225
P323C,1.434721747
P323D,1.176041189
P323E,3.417483603
P323F,1.3500255280000002
P323G,1.5981650019999998
P323H,0.769866348
P323I,1.172266531
P323K,1.277119623
P323L,1.3949350969999998
P323M,1.163127859
P323N,1.2299861440000002
P323Q,1.428296043
P323R,0.834890696
P323S,1.234298394
P323T,1.400943966
P323V,1.376538993
P323W,1.554138071
P323Y,1.373583643
L324A,1.848690028
L324C,1.593004926
L324D,2.049873203
L324E,1.38833925
L324F,1.606685805
L324G,1.185796562
L324H,1.6652043580000002
L324I,1.65883091
L324K,1.978897969
L324M,1.143260722
L324N,1.349429731
L324P,1.599765273
L324Q,1.308133117
L324R,1.23159049
L324S,1.149245778
L324T,1.749903477
L324V,2.355721357
L324W,2.548912907
L324Y,1.865569623
I325A,0.8858985420000001
I325C,1.4592989369999998
I325D,1.673826744
I325E,0.981652403
I325F,1.32208625
I325G,0.957354671
I325H,1.746352977
I325K,1.008198079
I325L,1.561742587
I325M,1.5074325869999998
I325N,0.964869005
I325P,1.378135429
I325Q,1.349215888
I325R,1.7256386730000002
I325S,1.299193443
I325T,0.8393194359999999
I325V,1.855819516
I325W,1.6024543690000002
I325Y,1.470370874
Y326A,1.476922983
Y326C,1.234028386
Y326D,0.916768206
Y326E,0.907137507
Y326F,1.213222752
Y326G,3.0259728010000004
Y326H,1.219376816
Y326I,1.190986657
Y326K,0.8596119759999999
Y326L,1.350607784
Y326M,1.147430771
Y326N,2.325464344
Y326P,1.567113316
Y326Q,1.262531336
Y326R,0.330947209
Y326S,1.125622296
Y326T,1.407952268
Y326V,1.469532736
Y326W,1.118614453
C327A,4.08978346
C327D,10.38202175
C327E,1.659959859
C327F,1.86105288
C327G,1.979979506
C327H,0.929584698
C327I,1.4276116819999998
C327K,1.003168555
C327L,1.30391624
C327M,1.40887918
C327N,1.953231611
C327P,2.0000455930000003
C327Q,1.15198215
C327R,0.955748667
C327S,2.724771465
C327T,2.268336442
C327V,1.3852216240000002
C327W,1.327594068
C327Y,1.354548519
R328A,1.915195441
R328C,1.324867713
R328D,1.557565859
R328E,1.423282413
R328F,1.262677235
R328G,1.062951479
R328H,1.72390835
R328I,1.501454246
R328K,2.042886298
R328L,1.234247256
R328M,1.4509189319999998
R328N,1.568691172
R328P,1.5212386569999998
R328Q,2.064023315
R328S,1.336186249
R328T,1.6075204669999998
R328V,1.485910831
R328W,1.304038976
R328Y,1.035362472
S329A,3.183229028
S329C,1.129621792
S329D,1.551403736
S329E,1.268512011
S329F,1.277730499
S329G,1.654913585
S329H,0.837553232
S329I,1.4008521369999998
S329K,1.727352838
S329L,1.576997257
S329M,1.062854929
S329N,1.569216605
S329P,1.2686093509999998
S329Q,1.254568919
S329R,3.999113917
S329T,1.614983701
S329V,1.971456142
S329W,1.027816397
S329Y,1.325186545
P330A,2.516501623
P330C,1.6323730580000002
P330D,2.294897292
P330E,1.965942442
P330F,3.303614447
P330G,2.573187946
P330H,2.508021733
P330I,1.542804844
P330K,2.327436815
P330L,1.729831182
P330M,1.904134023
P330N,1.870899414
P330Q,1.840364631
P330R,2.323614048
P330S,1.6157258630000002
P330T,1.816320424
P330V,3.124381863
P330W,2.265159705
P330Y,1.813868627
D331A,2.24835209
D331C,1.025118814
D331E,1.3525706080000002
D331F,1.547845568
D331G,0.907246659
D331H,1.501709767
D331I,1.461060889
D331K,1.878532983
D331L,1.936607856
D331M,1.883474837
D331N,1.950443737
D331P,1.238722187
D331Q,1.502674844
D331R,2.114789227
D331S,2.17699945
D331T,1.86479933
D331V,1.193153005
D331W,1.7563274080000002
D331Y,1.573457155
F332A,1.29288069
F332C,1.521491421
F332D,1.033536448
F332E,1.300706986
F332G,0.779223088
F332H,1.829978271
F332I,1.286241193
F332K,1.295444985
F332L,1.140208965
F332M,1.637474757
F332N,1.341358787
F332P,1.373820827
F332Q,0.563536258
F332R,1.19249532
F332S,1.4251931430000002
F332T,1.35271192
F332V,1.030932821
F332W,1.982191835
F332Y,1.410360532
R333A,1.349364794
R333C,2.357229311
R333D,1.180531965
R333E,3.184297701
R333F,1.768115145
R333G,1.793477183
R333H,3.01287667
R333I,1.3598723169999998
R333K,3.601891354
R333L,1.838388785
R333M,2.428462053
R333N,2.828568072
R333P,1.33786546
R333Q,2.296140055
R333S,1.679575923
R333T,3.464871485
R333V,2.195937694
R333W,2.9020266930000003
R333Y,1.768327653
I334A,3.948524577
I334C,0.945925376
I334D,1.983948047
I334E,1.957573144
I334F,1.961591316
I334G,1.613580842
I334H,1.18399562
I334K,0.8198631040000001
I334L,1.834051277
I334M,2.341030735
I334N,2.289074438
I334P,1.377750435
I334Q,2.125481988
I334R,3.240514127
I334S,1.408718434
I334T,1.4937438
I334V,1.916940348
I334W,2.251023485
I334Y,1.552562538
A335C,1.680224825
A335D,1.33042457
A335E,1.643344168
A335F,1.42274872
A335G,1.797553015
A335H,1.232059601
A335I,2.104472583
A335K,1.876581349
A335L,1.93953637
A335M,0.8799322890000001
A335N,1.502176156
A335P,1.023467762
A335Q,1.786961145
A335R,1.391455352
A335S,2.040641339
A335T,1.170543267
A335V,1.646066999
A335W,1.37632278
A335Y,1.99282469
F336A,1.98459496
F336C,1.923184282
F336D,1.467718607
F336E,1.1049914440000002
F336G,1.744991475
F336H,1.066287036
F336I,1.775734779
F336K,1.243316936
F336L,2.062290654
F336M,1.239664201
F336N,2.1237023880000003
F336P,1.195594722
F336Q,1.4076301880000002
F336R,2.045270328
F336S,1.240083751
F336T,1.543823912
F336V,1.012915879
F336W,1.350762249
F336Y,1.40736889
Q337A,1.470733631
Q337C,1.5223864480000002
Q337D,2.25171239
Q337E,1.442678906
Q337F,0.984968612
Q337G,1.418831594
Q337H,1.338731248
Q337I,1.451813843
Q337K,1.7001302230000002
Q337L,1.234542662
Q337M,1.546297855
Q337N,2.033027718
Q337P,2.044380743
Q337R,2.698048951
Q337S,1.16822994
Q337T,1.751209656
Q337V,2.030601894
Q337W,3.151275137
Q337Y,1.638815476
E338A,1.721215625
E338C,1.485891394
E338D,1.850576377
E338F,1.5212330269999998
E338G,1.393191694
E338H,2.628451829
E338I,1.467300953
E338K,1.567590365
E338L,1.328097867
E338M,1.457454043
E338N,0.759074219
E338P,1.119040422
E338Q,3.062769713
E338R,1.913887417
E338S,2.279709891
E338T,1.932772964
E338V,1.193159202
E338W,1.556881524
E338Y,1.7495512290000002
L339A,1.844902679
L339C,1.721341552
L339D,1.323303627
L339E,1.04538209
L339F,2.292823982
L339G,1.95711895
L339H,1.045052958
L339I,1.238449013
L339K,1.163210534
L339M,1.5410237759999998
L339N,1.101482151
L339P,1.170297582
L339Q,2.09700511
L339R,1.172916953
L339S,1.573236861
L339T,1.632928648
L339V,2.188194472
L339W,2.126804885
L339Y,1.559337939
L340A,2.601469036
L340C,1.393058056
L340D,1.204572829
L340E,0.915815109
L340F,2.115163963
L340G,1.425757049
L340H,1.302641258
L340I,1.568406077
L340K,1.153604655
L340M,2.216712702
L340N,1.710101593
L340P,0.860866866
L340Q,1.374337694
L340R,1.685458029
L340S,1.738160316
L340T,1.439796709
L340V,1.6969346230000002
L340W,2.275527876
L340Y,2.468981934
C341A,2.164523802
C341D,1.778613454
C341E,1.063985026
C341F,2.67179787
C341G,1.923509024
C341H,1.343314071
C341I,1.6035967519999998
C341K,2.099477275
C341L,3.578918589
C341M,1.93794744
C341N,2.022317242
C341P,1.65633343
C341Q,2.062732208
C341R,1.933867348
C341S,1.809370153
C341T,1.482946599
C341V,1.486344563
C341W,2.013256202
C341Y,2.449623136
L342A,1.747102439
L342C,2.007650935
L342D,1.344203157
L342E,1.712059964
L342F,1.7982544580000002
L342G,2.1538503330000003
L342H,1.208716589
L342I,1.6592577919999998
L342K,1.206115398
L342M,1.850538942
L342N,1.829395433
L342P,2.365084161
L342Q,2.094531757
L342R,1.307268244
L342S,1.745389988
L342T,3.883040777
L342V,2.259386353
L342W,2.095688966
L342Y,2.733985304
R343A,1.6955391080000002
R343C,1.400942217
R343D,2.880246952
R343E,0.961219813
R343F,1.803013426
R343G,2.193941674
R343H,1.955533326
R343I,2.138290939
R343K,2.232770078
R343L,1.922650741
R343M,1.906521691
R343N,1.962597755
R343P,2.631491263
R343Q,0.378239225
R343S,1.777469665
R343T,1.562572284
R343V,1.139574407
R343W,2.159224616
R343Y,1.469369009
R344A,1.545784178
R344C,1.394396555
R344D,1.805639006
R344E,1.588770477
R344F,1.937494154
R344G,2.132091552
R344H,1.895703684
R344I,1.991050676
R344K,2.333243584
R344L,1.402022455
R344M,2.188330395
R344N,2.107677391
R344P,1.685116771
R344Q,1.677548501
R344S,1.450175824
R344T,2.147763475
R344V,2.220532651
R344W,1.92537164
R344Y,1.45993684
S345A,1.410553939
S345C,1.482987545
S345D,3.014925587
S345E,2.807186434
S345F,1.953576362
S345G,2.038378046
S345H,1.830485124
S345I,2.85530539
S345K,2.465755783
S345L,0.682177458
S345M,2.23170624
S345N,2.294434952
S345P,3.399009845
S345Q,2.120165526
S345R,1.431783513
S345T,1.261892392
S345V,0.967377682
S345W,2.046066943
S345Y,1.898639468
S346A,1.999621265
S346C,1.858904352
S346D,1.956561417
S346E,2.894478037
S346F,1.97930543
S346G,1.860554875
S346H,2.187356581
S346I,1.479213734
S346K,1.854568874
S346L,1.007843552
S346N,2.072875225
S346P,1.4811991759999998
S346Q,1.995052848
S346R,1.861136568
S346T,2.0577695940000003
S346V,2.04467236
S346W,1.750452168
S346Y,1.253336272
L347A,2.320288964
L347C,2.681638673
L347D,1.481577437
L347E,1.774044461
L347F,1.457764307
L347G,1.868023825
L347H,1.924546646
L347I,2.11795964
L347K,2.549165934
L347M,2.816046764
L347N,1.287630069
L347P,1.3935949
L347Q,1.154920788
L347R,1.974038227
L347S,1.895634082
L347T,1.836651381
L347V,1.814678105
L347W,2.412459292
L347Y,2.707003275
K348A,1.979130079
K348C,2.18026383
K348D,1.940848918
K348E,1.697438852
K348F,2.605601598
K348G,2.296900396
K348H,2.288321239
K348I,1.297968604
K348L,1.170279149
K348M,1.6053247430000002
K348N,2.096056174
K348P,3.311789647
K348Q,2.264788462
K348R,1.989886958
K348S,1.040759045
K348T,1.388324769
K348V,2.049959593
K348W,1.971946994
K348Y,1.459364624
A349C,2.748540959
A349D,2.6695833490000003
A349E,1.545239934
A349F,2.524572456
A349G,2.742895861
A349H,1.648231258
A349I,1.919335406
A349K,2.00426852
A349L,2.748292847
A349M,2.289285788
A349N,2.072814452
A349P,1.444761902
A349Q,2.630320294
A349R,1.211427354
A349S,1.654888165
A349T,1.628296037
A349V,0.687840522
A349W,1.668707828
A349Y,2.204098003
Y350A,0.919653007
Y350C,2.45390096
Y350D,1.710893169
Y350E,1.78116929
Y350F,2.526788283
Y350G,2.960765257
Y350I,2.503898446
Y350K,2.7038915
Y350L,1.340688683
Y350M,1.673655304
Y350N,2.325765349
Y350P,0.821542839
Y350Q,1.458124122
Y350R,1.59873328
Y350S,1.269030626
Y350T,1.693953312
Y350V,2.697475826
Y350W,1.458449775
G351A,1.878113083
G351C,1.5480001819999998
G351D,2.559526445
G351E,2.748707201
G351F,2.672328089
G351H,1.921152249
G351I,2.597130685
G351K,1.523281729
G351L,3.928094014
G351M,2.4800376980000003
G351N,2.606579966
G351P,1.367252425
G351Q,4.959643583
G351R,2.103934845
G351S,1.3713688430000002
G351T,1.3678320469999998
G351V,1.933282874
G351W,1.886590738
G351Y,2.01316907
N352A,1.233532092
N352C,1.589779701
N352D,2.222317971
N352E,1.703370441
N352F,1.5898648119999998
N352G,1.991220977
N352H,1.378726043
N352I,2.498394122
N352K,2.213841927
N352L,1.959287096
N352M,1.987235513
N352P,1.842536202
N352Q,1.184525813
N352R,2.685963039
N352S,2.174300379
N352T,1.698366763
N352V,2.194403291
N352W,1.865607975
N352Y,1.645371848
G353A,2.422415699
G353C,2.182735483
G353D,1.762460819
G353E,1.304132465
G353F,2.370871762
G353H,1.737068022
G353I,1.981623004
G353K,2.054187184
G353L,1.5228261230000002
G353M,1.185982366
G353N,1.613431244
G353P,1.884579021
G353Q,0.873641503
G353R,3.0751001710000003
G353S,1.696122459
G353T,2.33194724
G353V,1.6821167680000002
G353W,1.862816437
G353Y,1.924114603
Y354A,3.762584335
Y354C,1.689975331
Y354D,1.901630737
Y354E,2.179791332
Y354F,2.416624392
Y354G,2.440944199
Y354H,1.910780387
Y354I,1.445989139
Y354K,1.515438535
Y354L,2.946614182
Y354M,1.222980077
Y354N,2.067753118
Y354P,1.944100372
Y354Q,2.772393599
Y354R,1.839218279
Y354S,2.379834808
Y354T,2.358365587
Y354V,1.221485954
Y354W,1.256073666
S355A,2.164475293
S355C,2.060748637
S355D,1.847080882
S355E,1.448370788
S355F,2.464255346
S355G,1.996481469
S355H,2.338651887
S355I,1.93947077
S355K,1.534720609
S355L,2.073591032
S355M,0.625056455
S355N,3.3543640060000004
S355P,0.8281063320000001
S355Q,1.983666135
S355R,1.174174874
S355T,1.992689378
S355V,2.8673117460000004
S355W,2.103460646
S355Y,2.303019757
S356A,1.727257552
S356C,1.72793042
S356D,1.4317568930000002
S356E,2.303070701
S356F,2.036003397
S356G,1.15485911
S356H,1.836039874
S356I,2.8958286280000003
S356K,0.806770667
S356L,1.5270848469999998
S356M,1.99610986
S356N,2.670973092
S356P,1.848905823
S356Q,1.7624072569999998
S356R,1.934341058
S356T,3.570318442
S356V,1.053055658
S356W,0.693108895
S356Y,2.670137324
N357A,1.658247926
N357C,3.344850494
N357D,0.897726549
N357E,1.719947762
N357F,1.322496957
N357G,1.383102057
N357H,1.368081568
N357I,1.936009987
N357K,2.513840403
N357L,1.890591658
N357M,1.379799675
N357P,2.175217857
N357Q,2.06371393
N357R,0.997851856
N357S,2.140221597
N357T,2.297104781
N357V,1.940263324
N357W,1.96302778
N357Y,1.910372554
G358A,1.384744033
G358C,2.122645254
G358D,1.806005872
G358E,1.17009005
G358F,2.9356945110000003
G358H,2.166018995
G358I,1.795144151
G358K,1.239901222
G358L,1.799263269
G358M,0.999227532
G358N,1.563354945
G358P,1.953888952
G358Q,2.952899798
G358R,2.870504964
G358S,0.89934135
G358T,1.352119786
G358V,0.992607947
G358W,1.890786119
G358Y,2.106450095
N359A,1.418999255
N359C,1.816348964
N359D,2.422719973
N359E,1.6399964580000002
N359F,2.0868296
N359G,1.385646701
N359H,1.865616193
N359I,1.656909151
N359K,1.7445777930000002
N359L,1.1726500009999998
N359M,2.563126536
N359P,1.078612052
N359Q,1.561144677
N359R,2.770023454
N359S,2.324123689
N359T,2.607430176
N359V,1.715906532
N359W,1.281974075
N359Y,1.628576256
T360A,1.590377138
T360D,2.184222037
T360E,1.6998454530000002
T360F,2.808038274
T360G,1.939395582
T360H,0.917272411
T360I,2.483806441
T360K,3.620038368
T360L,1.671033032
T360M,1.953253153
T360N,1.835293161
T360P,1.396102709
T360Q,1.333260953
T360R,2.042518616
T360S,1.829484962
T360V,2.065056852
T360Y,1.759144546
G361A,1.631597011
G361C,1.6644475
G361D,1.717432502
G361E,2.248699418
G361F,1.670096714
G361H,3.389358142
G361I,1.834182955
G361K,0.8745345090000001
G361L,1.914670142
G361M,1.6523181180000002
G361N,1.879746738
G361P,2.176400079
G361Q,1.6056306669999998
G361R,1.276535772
G361S,2.473365294
G361T,2.17205908
G361V,2.8328469810000003
G361W,2.442839431
G361Y,0.8353552879999999
E362A,1.77625004
E362C,1.751463064
E362D,2.12428111
E362F,1.666029584
E362G,1.291983923
E362H,1.322209512
E362I,1.251925739
E362K,2.88392871
E362L,0.937681476
E362N,1.73441162
E362P,2.315287208
E362Q,1.830832991
E362R,1.7118058369999998
E362S,2.66708941
E362T,2.138773075
E362V,2.118717983
E362W,2.376643531
E362Y,1.623702769
Q363A,0.7357616859999999
Q363C,2.7394170960000004
Q363D,2.021082539
Q363E,1.6638331169999998
Q363F,1.680965904
Q363G,1.483004108
Q363H,2.784803589
Q363I,2.139691587
Q363K,1.564134695
Q363L,1.878705313
Q363M,2.498608511
Q363N,2.629324562
Q363P,1.700355197
Q363R,2.396328192
Q363S,2.563191376
Q363T,1.816163912
Q363V,0.8200838890000001
Q363W,1.719474805
Q363Y,2.1412033480000003
S364A,2.136421891
S364C,1.5436509619999998
S364D,1.64614926
S364E,2.131100839
S364F,1.779272372
S364G,1.902077897
S364H,2.858033616
S364I,2.210934494
S364K,2.214983744
S364L,2.137978831
S364M,1.555712568
S364N,2.929534802
S364P,1.377588736
S364Q,2.772074728
S364R,1.688023899
S364T,1.376617978
S364V,2.1883736330000003
S364W,1.746051731
S364Y,1.933029785
G365A,2.326801105
G365C,2.419078772
G365D,1.885294826
G365E,0.936243328
G365F,1.991447452
G365H,2.300967387
G365I,1.892116171
G365K,1.430867549
G365L,1.922903153
G365M,1.956599611
G365N,1.4619739630000002
G365P,2.992211222
G365Q,1.569128426
G365R,0.978290768
G365S,2.480287276
G365T,1.542335829
G365V,1.606361971
G365W,1.614394239
G365Y,1.622626472
Y366A,2.3068494040000003
Y366C,1.336726535
Y366D,1.63777993
Y366E,2.127431419
Y366F,1.363531141
Y366G,2.132331803
Y366H,2.088668004
Y366I,2.097420481
Y366K,2.136244355
Y366L,1.969159238
Y366M,1.324382992
Y366N,1.299623379
Y366P,2.207213678
Y366Q,2.539324119
Y366R,2.249858008
Y366S,1.401781825
Y366T,2.427791436
Y366V,2.527948267
Y366W,2.2109749830000003
H367A,2.257333862
H367C,1.613529301
H367D,1.879753277
H367E,1.704700317
H367F,2.141803945
H367G,2.460528991
H367I,2.759516475
H367K,1.687766078
H367L,2.641707281
H367M,1.7946979369999998
H367N,2.019974472
H367P,1.702913799
H367Q,2.08897359
H367R,1.623512959
H367S,1.253090258
H367T,1.443944067
H367V,1.715117539
H367W,1.845463176
H367Y,1.791439332
V368A,2.209140734
V368C,0.99597651
V368D,1.907910406
V368E,2.262932172
V368F,1.7336395969999998
V368G,2.182504955
V368H,3.310411333
V368I,2.3499629090000003
V368K,2.068884551
V368L,2.6638716540000003
V368M,1.475093659
V368N,1.871619735
V368P,1.4479946519999998
V368Q,1.649608469
V368R,2.252346571
V368S,1.709536115
V368T,2.76138757
V368W,1.216460783
V368Y,1.844667721
E369A,2.220661156
E369C,1.636999523
E369D,1.423500761
E369F,1.516186712
E369G,0.840227237
E369H,1.88176519
E369I,1.731902332
E369K,2.147235624
E369L,1.786417292
E369M,1.458468232
E369N,2.188158927
E369P,1.666062547
E369Q,2.766031579
E369R,2.166837578
E369S,1.803257647
E369T,0.836078807
E369V,2.359758226
E369W,1.5924560330000002
E369Y,1.640144831
Q370A,1.901061161
Q370C,2.378584081
Q370D,1.684031983
Q370E,0.835257156
Q370F,1.7057280540000002
Q370G,3.115166786
Q370H,2.652383109
Q370I,2.566703552
Q370K,2.072001261
Q370L,1.845619517
Q370M,2.7445959460000005
Q370N,1.945196633
Q370P,2.309933869
Q370R,3.096261642
Q370S,1.277546754
Q370T,1.885770218
Q370V,1.76421764
Q370W,1.865612273
Q370Y,2.55439784
E371A,1.750446286
E371C,3.2406344330000003
E371D,1.76652587
E371F,2.487918247
E371G,1.755070534
E371H,1.907840856
E371I,2.934963244
E371K,0.797242791
E371L,1.7659186059999998
E371M,1.377954821
E371N,2.255609278
E371P,3.088991902
E371Q,1.75772608
E371R,2.871947098
E371S,1.49298197
E371T,2.3701503180000003
E371V,1.815707641
E371W,1.427095417
E371Y,1.232059977
K372A,1.137557292
K372C,2.219654517
K372D,3.177114184
K372E,1.789767542
K372F,1.292356679
K372G,2.647135072
K372H,2.5076574000000003
K372I,2.487962694
K372L,3.050731199
K372M,2.569783635
K372N,3.0452426310000003
K372P,1.589108805
K372Q,0.550164356
K372R,2.06187763
K372S,1.4880997809999998
K372T,0.992599769
K372V,1.565479279
K372W,1.871900532
K372Y,1.747197355
E373A,1.536731235
E373C,2.766169882
E373D,1.145181777
E373F,1.4020681940000002
E373G,2.301945594
E373H,1.370997616
E373I,1.65110276
E373K,2.544259959
E373L,1.4733484819999998
E373M,1.956716549
E373N,2.221558083
E373P,1.223561693
E373Q,2.885695318
E373R,2.815348465
E373S,2.359918223
E373T,1.959601597
E373V,1.625389482
E373W,1.082710335
E373Y,2.483303999
N374A,2.564500016
N374C,2.866384043
N374D,1.524835002
N374E,1.285586544
N374F,1.5978540469999998
N374G,1.890366251
N374H,1.19369069
N374I,1.945616288
N374K,1.793338324
N374L,1.668836045
N374M,1.684436666
N374P,1.823608513
N374Q,1.605788768
N374R,3.02449995
N374S,2.379406187
N374T,2.246383268
N374V,1.857014683
N374W,4.916445459
N374Y,2.034359767
K375A,1.478371721
K375C,1.614210063
K375D,2.012272327
K375E,1.541971756
K375F,1.4932376859999998
K375G,2.594261709
K375H,2.614516095
K375I,1.597837144
K375L,1.7656651069999998
K375M,2.7349551739999995
K375N,1.384197463
K375P,1.670175041
K375Q,1.930164368
K375R,1.835590552
K375S,2.114327888
K375T,1.838880452
K375V,2.336700779
K375W,1.659232003
K375Y,1.798377026
L376A,1.602221641
L376C,2.1325851730000003
L376D,2.34055845
L376E,1.52680566
L376F,1.009104367
L376G,1.833363015
L376H,2.208906577
L376I,1.437381779
L376K,1.835269372
L376M,2.147596108
L376N,1.93174224
L376P,1.666979564
L376Q,1.3570877069999998
L376R,2.170312315
L376S,2.250628062
L376T,2.168676255
L376V,3.2297804460000004
L376W,1.7629777080000002
L376Y,1.957383287
L377A,2.965862958
L377C,2.442564411
L377D,1.4003265669999998
L377E,2.708848653
L377F,1.974911849
L377G,1.949111758
L377H,2.277354687
L377I,1.523658429
L377K,1.786740154
L377M,2.820226004
L377N,2.570119411
L377P,2.071717465
L377Q,2.668660074
L377R,2.771733805
L377S,2.380838997
L377T,2.663740107
L377V,2.799867192
L377W,1.939335184
L377Y,0.879564647
C378A,2.161727836
C378D,1.922835556
C378E,1.314076789
C378F,2.447785496
C378G,1.509493219
C378H,1.704382179
C378I,1.657221121
C378K,2.5054145180000003
C378L,1.179407948
C378M,3.017222203
C378N,1.770528233
C378P,1.279431527
C378Q,0.431386752
C378R,3.676044967
C378S,2.1247448280000003
C378T,1.643025709
C378V,1.885537592
C378W,2.511609452
C378Y,2.874516313
E379A,2.471169991
E379C,2.082956508
E379D,1.755852288
E379F,5.6913834
E379G,1.41889516
E379H,2.589300553
E379I,0.975956444
E379K,1.857663678
E379L,1.4282402769999998
E379M,1.233851572
E379N,3.2099821530000003
E379P,1.226307041
E379Q,3.472366049
E379R,1.499025806
E379S,1.201717424
E379T,1.64492874
E379V,2.601586933
E379W,2.43812553
E379Y,1.82798885
D380A,2.372307349
D380C,1.341609552
D380E,1.861747091
D380F,3.158316976
D380G,1.262542711
D380H,1.988069848
D380I,1.870668392
D380K,1.336744261
D380L,1.955361236
D380M,3.441427584
D380N,1.824087899
D380P,2.18307762
D380Q,2.0197529480000003
D380R,1.5464195719999998
D380S,1.036225602
D380T,3.342377697
D380V,1.822595973
D380W,1.290199316
D380Y,2.719818393
L381A,2.49049993
L381C,2.06451881
L381D,2.787639555
L381E,1.642637219
L381F,1.677676585
L381G,2.0189261480000003
L381H,2.244454289
L381I,2.187675942
L381K,2.088234838
L381M,1.615441019
L381N,1.58955601
L381P,1.091331605
L381Q,2.187564868
L381R,3.88320828
L381S,1.3440807380000002
L381T,1.707337505
L381V,1.262548318
L381W,2.820614497
L381Y,1.929463605
P382A,1.002066598
P382C,2.210849932
P382D,2.243185172
P382E,2.314798302
P382F,1.45103492
P382G,1.872507405
P382H,1.619811866
P382I,2.961065113
P382K,1.764436451
P382L,1.992104732
P382M,2.312926825
P382N,1.545908698
P382Q,1.4146540769999998
P382R,1.6118469780000002
P382S,3.306528274
P382T,3.052612629
P382V,1.843107292
P382W,2.096646324
P382Y,2.795229912
G383A,2.378238367
G383C,2.512430154
G383D,2.449624714
G383E,1.483052428
G383F,2.079372207
G383H,2.003385317
G383I,1.910920651
G383K,2.520657216
G383L,2.013527109
G383M,2.244697267
G383N,3.375477377
G383P,1.257511518
G383Q,1.058218602
G383R,2.272446385
G383S,0.640936183
G383T,1.091325569
G383V,2.381191459
G383W,1.6772922140000002
G383Y,2.189601863
T384A,0.581262295
T384C,1.030471355
T384D,1.828699394
T384E,2.186959473
T384F,3.091703126
T384G,1.631704113
T384H,1.294084246
T384I,1.369303304
T384K,4.045787457
T384L,1.625687556
T384M,1.298372319
T384N,0.629101668
T384P,0.82632725
T384Q,1.4409284880000002
T384R,1.900722141
T384S,1.986430128
T384V,1.6476083419999998
T384W,1.847672683
T384Y,2.178774401
E385A,2.24591597
E385C,1.749948899
E385D,1.860063966
E385F,1.95193977
E385G,1.84890952
E385H,1.502539074
E385I,2.9527259910000003
E385K,1.452756243
E385L,1.39024901
E385M,2.920775134
E385N,2.234516207
E385P,1.653255621
E385Q,2.426513572
E385R,1.700207036
E385S,3.891127468
E385T,2.408501074
E385V,1.979197486
E385W,2.048872567
E385Y,1.99546667
D386A,1.560890094
D386C,1.6673867569999998
D386E,1.893167531
D386F,2.739973157
D386G,1.6361304369999998
D386H,2.358311295
D386I,1.593555135
D386K,1.894093219
D386L,2.178820656
D386M,1.4935229280000002
D386N,2.7294843980000003
D386P,2.1993898
D386Q,1.758598776
D386R,1.6403192169999998
D386S,2.033343433
D386T,1.877784429
D386V,1.106692111
D386W,1.506821624
D386Y,1.328028706
F387A,1.14743766
F387C,2.085257119
F387D,0.984662032
F387E,1.837510348
F387G,1.6364287519999998
F387H,3.225380634
F387I,3.221613278
F387K,1.8843337
F387L,2.645697315
F387M,1.975875026
F387N,1.541165539
F387P,1.878077361
F387Q,1.848699074
F387R,2.069960002
F387S,2.05626474
F387T,1.4515151819999998
F387V,1.631251346
F387W,1.786481241
F387Y,1.611039403
V388A,3.3911971860000003
V388C,1.642936928
V388D,2.06474258
V388E,0.835509852
V388F,1.865682164
V388G,0.246870598
V388H,1.542859035
V388I,2.274766118
V388K,1.93181429
V388L,1.708211705
V388M,1.170497477
V388N,2.046485969
V388P,1.7253341759999998
V388Q,1.745565162
V388R,1.676870081
V388S,3.027762747
V388T,1.519791911
V388W,1.65337385
V388Y,1.453056809
G389A,1.805414013
G389C,2.173308096
G389D,2.45067342
G389E,1.832465216
G389F,2.8063220230000003
G389H,2.103624496
G389I,1.330529896
G389K,2.229557534
G389L,2.112107404
G389M,1.996555539
G389N,1.256801613
G389P,2.545492908
G389Q,1.647888932
G389R,1.5036878
G389S,3.359673117
G389T,2.2232917000000003
G389V,2.734072517
G389W,2.347444624
G389Y,1.757579257
H390A,0.816674488
H390C,1.601605633
H390D,1.848055143
H390E,2.150895168
H390F,2.160502987
H390G,0.876562298
H390I,2.919674519
H390K,2.367173782
H390L,2.49248364
H390M,0.058440744
H390N,1.697483184
H390P,2.29927459
H390Q,1.193386011
H390R,2.528122769
H390S,1.368106176
H390T,1.336814589
H390V,2.001556961
H390W,2.678724935
H390Y,1.7136538
Q391A,1.600881216
Q391C,1.524451231
Q391D,1.68789039
Q391E,1.424298791
Q391F,2.213879995
Q391G,1.991683
Q391H,2.032721908
Q391I,2.06331988
Q391K,2.357960538
Q391L,2.599505846
Q391M,1.7105944869999998
Q391N,1.838551946
Q391P,2.027810978
Q391R,1.7649119009999998
Q391S,1.6319651430000002
Q391T,1.237344703
Q391V,1.7286285680000002
Q391W,2.658536077
Q391Y,2.3280869280000003
G392A,2.897062801
G392C,1.6274075680000002
G392D,2.097759866
G392E,2.009576285
G392F,1.81140767
G392H,1.329483454
G392I,1.932947481
G392K,2.185743996
G392L,1.7844247480000002
G392M,1.522235957
G392N,2.217568507
G392P,1.4497161440000002
G392Q,2.099786455
G392R,1.726535387
G392S,2.38798151
G392T,2.003186313
G392V,1.382676945
G392W,1.600369704
G392Y,2.161524305
T393A,1.623740168
T393C,2.55391033
T393D,2.498331632
T393E,2.616340975
T393F,1.150183606
T393G,2.694832167
T393H,1.140611771
T393I,1.416840319
T393K,4.797063879
T393L,1.90961677
T393M,1.904402957
T393N,1.611890819
T393P,1.729861654
T393Q,1.767919286
T393R,1.86972099
T393S,1.523486782
T393V,3.2080736830000003
T393W,1.6259435169999998
T393Y,2.123343095
V394A,1.3867789119999998
V394C,1.702549892
V394D,1.465477353
V394E,1.948560511
V394F,1.844425441
V394G,1.435606173
V394H,2.311212466
V394I,1.3668748240000002
V394K,1.753521148
V394L,1.943746732
V394M,1.629023612
V394N,2.495423031
V394P,2.852596824
V394Q,1.70356454
V394R,1.931396764
V394S,1.180544541
V394T,2.222858953
V394W,2.629457441
V394Y,1.7688351530000002
P395A,1.832441256
P395C,2.178944647
P395D,1.2849168
P395E,2.301292981
P395F,1.827243855
P395G,1.7185225080000002
P395H,2.241635372
P395I,1.774473997
P395K,1.720846665
P395L,1.262176896
P395M,1.930154351
P395N,2.199986671
P395Q,0.592271345
P395R,2.412209936
P395S,2.713080597
P395T,1.5247600890000002
P395V,2.746126003
P395W,1.302614077
P395Y,2.381859781
S396A,2.727180849
S396C,2.050257699
S396D,1.4636222559999998
S396E,1.781235429
S396F,2.113484343
S396G,2.322176382
S396H,1.355072953
S396I,1.868090462
S396K,2.470551383
S396L,1.061890901
S396M,2.732512227
S396N,1.90604774
S396P,3.76654385
S396Q,1.660333645
S396R,1.488655316
S396T,2.7290378960000004
S396V,0.847511824
S396W,1.315266798
S396Y,1.950743238
D397A,2.068944207
D397C,1.7861842959999998
D397E,1.466493195
D397F,1.816350915
D397G,2.473978816
D397H,2.626398557
D397I,1.817980214
D397K,1.151327273
D397L,1.5150242180000002
D397M,1.570107015
D397N,2.543105427
D397P,2.302335193
D397Q,1.940644761
D397R,1.369003658
D397S,3.949628571
D397T,1.5082370859999998
D397V,2.017665795
D397W,1.368343305
D397Y,1.971001766
N398A,1.362404331
N398C,2.157662408
N398D,1.987997712
N398E,2.124605045
N398F,1.922924225
N398G,1.5176148109999998
N398H,1.763519459
N398I,1.135074805
N398K,1.064966645
N398M,3.656296316
N398P,2.273930452
N398Q,1.018251119
N398R,1.454671446
N398S,2.378321403
N398T,1.207735737
N398V,2.42682225
N398W,2.012277161
N398Y,1.933532861
I399A,0.770182742
I399C,1.4062006180000002
I399D,2.522725698
I399E,2.045934044
I399F,1.32072661
I399G,1.4983790469999998
I399H,1.974321058
I399K,1.576036959
I399L,1.63546453
I399M,2.267920488
I399N,2.478003632
I399P,1.571951997
I399Q,2.877650319
I399R,2.392957006
I399S,1.46734877
I399T,1.763807547
I399V,1.269502729
I399W,2.066264489
I399Y,1.851166257
D400A,2.126295023
D400C,1.903607225
D400E,1.804305284
D400F,2.022279492
D400G,1.851714347
D400H,1.375743796
D400I,2.588623311
D400K,1.4914321469999998
D400L,0.926318276
D400M,3.358274975
D400N,1.816545179
D400P,1.099905282
D400Q,1.7553860119999998
D400R,1.465289586
D400S,2.57924946
D400T,1.6778780969999998
D400V,1.532023317
D400W,2.073538012
D400Y,3.2451183880000003
S401A,2.381050501
S401C,1.7943890269999998
S401D,2.4409630680000003
S401E,1.460162482
S401F,1.959899235
S401G,1.904676241
S401H,1.835441039
S401I,1.84554352
S401K,1.701269279
S401L,2.113220933
S401M,1.899036712
S401N,1.1014203340000002
S401P,1.994314129
S401Q,1.964166234
S401R,1.514825071
S401T,1.892220135
S401V,1.610666895
S401W,2.273315465
S401Y,0.890376304
Q402A,1.873686285
Q402C,1.177606784
Q402D,1.794247646
Q402E,2.890575193
Q402F,1.97640101
Q402G,2.32378414
Q402H,1.568932437
Q402I,1.842096863
Q402K,1.820911315
Q402L,2.270628851
Q402M,2.30918851
Q402N,1.757902563
Q402P,1.811927125
Q402R,2.018195424
Q402S,1.982214607
Q402T,1.886628725
Q402V,3.0429552330000003
Q402W,2.435970714
Q402Y,1.6252263
G403A,1.471217366
G403C,2.247019811
G403D,1.914169335
G403E,1.6780984230000002
G403F,2.052335055
G403H,0.985784613
G403I,2.140748559
G403K,1.4289307130000002
G403L,1.475692714
G403M,1.415495035
G403N,1.429844642
G403P,2.07227014
G403Q,1.195529967
G403R,2.8549069260000004
G403S,2.126013759
G403T,1.721467873
G403V,3.177564068
G403W,0.91934545
G403Y,1.401013904
R404A,1.431744018
R404C,2.210585373
R404D,1.629149302
R404E,1.683203142
R404F,1.321872339
R404G,2.463002591
R404H,1.555522647
R404I,2.655026859
R404K,2.459840275
R404L,2.231462649
R404M,1.561354343
R404N,0.836891481
R404P,1.389994555
R404Q,1.198975051
R404S,2.472418661
R404T,1.518599312
R404V,1.319694858
R404W,2.6744910980000003
R404Y,1.208079219
N405A,2.586505575
N405C,2.327319521
N405D,1.470510455
N405E,1.436172162
N405F,2.939365257
N405G,3.0739866410000003
N405H,1.789891417
N405I,1.982963967
N405K,3.138531716
N405L,2.542790722
N405M,1.424317969
N405P,1.213844432
N405Q,1.630505221
N405R,1.548445972
N405S,2.80763466
N405T,1.9377482
N405V,1.398721109
N405W,1.697095455
N405Y,2.147409489
C406A,1.227713504
C406D,1.6786567369999998
C406E,2.340158101
C406F,1.914957103
C406G,2.441600368
C406H,2.249250682
C406I,2.687309359
C406K,1.694393546
C406L,2.014900566
C406M,1.219857126
C406N,1.607546155
C406P,3.690086606
C406Q,3.1476499560000004
C406R,1.58923379
C406S,1.730592854
C406T,0.8313166259999999
C406V,2.634724814
C406W,1.028163299
C406Y,2.902467988
S407A,2.220187489
S407C,2.054848025
S407D,2.685798715
S407E,1.734933886
S407F,2.000264647
S407G,1.68821169
S407H,2.501878482
S407I,2.551245268
S407K,1.816402805
S407L,1.340497055
S407M,2.198442398
S407N,1.505374
S407P,1.900277362
S407Q,2.4784998330000003
S407R,1.937108564
S407T,1.4377824769999998
S407V,2.749001467
S407W,1.576056831
S407Y,2.630878
T408A,1.0413646909999998
T408C,1.776272599
T408D,1.817746661
T408E,1.278214984
T408F,1.468254758
T408G,2.617529283
T408H,1.994242321
T408I,1.656129203
T408K,1.735650304
T408L,1.446156869
T408M,2.654738263
T408N,2.157177613
T408P,1.444273963
T408Q,2.035721913
T408R,2.005209278
T408S,1.069962638
T408V,2.761050862
T408W,2.006642744
T408Y,2.622751154
N409A,2.265240515
N409C,1.427939169
N409D,2.8061355260000003
N409E,2.284914508
N409F,2.719209958
N409G,2.030953674
N409H,2.865599872
N409I,1.794028362
N409K,2.860213427
N409L,2.734215982
N409M,2.939972954
N409P,1.798901026
N409Q,2.878558497
N409R,2.304539631
N409S,1.616548572
N409T,1.445698229
N409V,3.170309788
N409W,3.219682504
N409Y,1.954192772
D410A,2.305911072
D410C,2.4357634530000003
D410E,2.285608962
D410F,1.84950175
D410G,0.942991566
D410H,2.752200959
D410I,0.7559274159999999
D410K,1.4569999880000002
D410L,1.39379853
D410M,1.987384783
D410N,2.450460886
D410P,1.504829213
D410Q,2.02271707
D410R,2.646086779
D410S,2.491358066
D410T,1.972336011
D410V,2.522388846
D410W,1.848508268
D410Y,2.421057099
S411A,1.78419894
S411C,1.908807441
S411D,1.159943901
S411E,2.94317184
S411F,3.698262633
S411G,1.86734067
S411H,2.3570234880000003
S411I,1.779208788
S411K,1.781944361
S411L,1.630184192
S411M,0.927621509
S411N,3.382214759
S411P,2.177675477
S411Q,1.97164339
S411R,2.486681683
S411T,1.979174472
S411V,2.2916967130000003
S411W,2.569538947
S411Y,1.07471275
L412A,2.479894086
L412C,2.133840986
L412D,2.165026857
L412E,3.932693926
L412F,1.813100677
L412G,1.852205561
L412H,1.119179645
L412I,1.480890145
L412K,1.492639663
L412N,1.213062615
L412P,2.9763239
L412Q,2.880551987
L412R,1.784305559
L412S,2.187016911
L412T,2.498446081
L412V,2.11467952
L412W,2.155165273
L412Y,1.151257498
L413A,2.415645861
L413C,3.240784839
L413D,3.998809373
L413E,1.378113512
L413F,2.770358138
L413G,4.298250634
L413H,3.284953283
L413I,2.673082461
L413K,2.013001509
L413M,2.633675619
L413N,2.571895268
L413P,5.475229008
L413Q,1.765949402
L413R,0.544418787
L413S,2.370923355
L413T,4.163043051
L413V,1.941492133
L413W,0.840970003
L413Y,3.681572126
