variant,score
A102C,1.271001493
A102D,0.144433024
A102E,0.191951093
A102F,0.25235928
A102G,0.733594569
A102H,0.238601297
A102I,0.703671072
A102K,0.236697188
A102L,0.554525116
A102M,0.559553966
A102N,0.907058762
A102P,0.331967187
A102Q,0.732589429
A102R,-0.162854383
A102S,0.909039563
A102T,0.796349863
A102V,0.848334832
A102W,-0.591808596
A102Y,0.426454065
A103C,0.814874458
A103D,1.091377011
A103E,0.750984204
A103F,0.777467127
A103G,0.979909895
A103H,0.785994727
A103I,0.851415325
A103K,1.190130772
A103L,1.029639155
A103M,1.020828095
A103N,1.200468251
A103P,0.797601058
A103Q,1.029152391
A103R,1.061561547
A103S,1.006671079
A103T,1.174581114
A103V,1.107711323
A103W,0.767982225
A103Y,-0.129917242
A110C,0.821080449
A110D,1.022349483
A110E,-0.130331476
A110G,1.081801742
A110H,-0.791095259
A110I,0.350318285
A110K,0.29848956
A110L,0.595166483
A110M,0.442178865
A110Q,0.098227954
A110R,-0.276813694
A110S,0.752789013
A110T,1.047351955
A110V,0.101688633
A110W,0.041652883
A110Y,-0.336171701
A127C,0.652511635
A127F,0.015229978
A127G,0.884160972
A127I,0.038213804
A127K,-0.294059381
A127R,-0.253394928
A127S,0.762890819
A127T,0.752511487
A127V,0.234729387
A127W,-0.436039653
A127Y,-0.342577494
A136C,1.168487509
A136D,0.386618299
A136E,0.603119771
A136F,0.951342876
A136G,1.118668154
A136I,1.216822888
A136K,0.986491736
A136L,1.085193662
A136R,1.01258727
A136S,1.17733586
A136T,1.388241546
A136V,1.305608738
A136W,0.301945481
A143C,0.602413076
A143D,0.184366118
A143E,-0.292455937
A143F,1.326926111
A143G,1.050648152
A143K,0.207424749
A143L,0.302695936
A143N,0.835901832
A143P,-0.360747522
A143Q,-0.024983535
A143R,0.321037687
A143S,1.002953139
A143T,0.848463546
A143V,0.455347091
A143W,-0.152492323
A146E,-0.035775615
A146G,0.844859006
A146L,-0.023625049
A146N,0.290146228
A146P,-0.220991727
A146Q,0.182154517
A146S,0.815432826
A146T,0.670356506
A146V,0.486777784
A146W,-0.561836527
A150C,1.283104305
A150D,0.844407374
A150E,0.952873833
A150G,1.029700678
A150H,1.141638641
A150L,0.451795538
A150Q,0.9528193
A150R,0.957758402
A150S,0.895742126
A150T,0.924787289
A150V,0.747786988
A150W,0.376991622
A163C,-0.040570228
A163D,-0.239606914
A163E,0.395771806
A163G,1.156440182
A163H,-0.477703349
A163I,-0.147623434
A163P,0.944368073
A163R,0.026064245
A163S,1.06545756
A163T,-0.299691771
A163V,-0.320324457
A163W,-0.440120178
A18D,1.114857214
A18G,1.103858528
A18H,0.984966763
A18K,0.973472715
A18L,1.338511464
A18N,1.16449289
A18Q,0.837414015
A18R,0.529928851
A18T,1.306785686
A18V,1.004849969
A18W,1.136418064
A18Y,0.864579553
A206C,1.153669222
A206D,0.531550897
A206E,0.597146142
A206G,1.104039096
A206H,1.10215149
A206I,0.542354318
A206K,0.202269652
A206L,0.841277744
A206N,0.885482077
A206P,0.148751715
A206Q,0.852012511
A206R,0.078553212
A206S,0.579691958
A206T,0.840780719
A206V,0.726552669
A206W,-0.069011854
A22C,1.241770777
A22D,0.586539606
A22E,0.622698514
A22F,0.41849805
A22G,0.861222322
A22H,0.684194983
A22I,1.014090047
A22K,0.7432648
A22L,0.856592753
A22M,1.112244688
A22N,1.311877362
A22P,1.042261891
A22Q,0.911156286
A22R,0.768920877
A22S,1.230861344
A22T,1.033204296
A22V,1.060124611
A22W,0.805493087
A22Y,0.485475691
A230C,0.488027827
A230D,0.086473158
A230G,0.663614322
A230I,0.591397349
A230L,-0.059345503
A230M,0.062427281
A230N,0.169108801
A230Q,-0.126869837
A230R,-0.104275609
A230S,0.679835963
A230T,0.300827143
A230V,0.506909645
A230W,0.124974581
A230Y,0.089867195
A235C,1.211052523
A235D,0.842081984
A235E,1.028089659
A235F,1.071143132
A235G,1.026243581
A235H,1.10792047
A235I,0.847474408
A235K,0.798063501
A235L,1.089615407
A235M,0.850247304
A235N,1.035030865
A235P,1.304681406
A235Q,0.987103897
A235R,0.79217667
A235S,0.867897454
A235T,0.960077322
A235V,1.12083798
A235W,1.051257877
A235Y,1.114483413
A256C,0.734572596
A256E,-0.108399184
A256F,0.038709252
A256G,0.972780269
A256H,-0.483819172
A256I,-0.216628717
A256K,-0.556426104
A256L,-0.308209034
A256M,0.925290656
A256P,0.561384718
A256Q,-0.177929052
A256R,0.028808561
A256S,1.226780425
A256T,0.696335644
A256V,0.561345665
A256W,-0.563043168
A260C,0.576817524
A260D,-0.205287863
A260E,0.282059758
A260G,0.928534205
A260I,-0.304894234
A260K,0.209935213
A260L,0.148502526
A260M,0.562899624
A260Q,0.753820234
A260R,-0.073428621
A260S,0.93699818
A260T,-0.051556623
A260V,0.08358738
A260W,0.703402603
A260Y,-0.124929633
A273C,1.14612664
A273D,0.713499212
A273E,0.993602629
A273F,1.080905575
A273G,1.171373373
A273H,1.264092144
A273I,0.532075463
A273K,0.267999164
A273L,0.729948889
A273M,1.052880678
A273N,0.954961002
A273P,0.09553976
A273Q,0.911189684
A273R,-0.116733548
A273S,1.059665001
A273T,1.038382775
A273V,0.587512188
A273W,0.218372717
A273Y,0.286196137
A291C,0.052858507
A291D,-0.199504883
A291E,-0.069675723
A291F,0.342805472
A291G,-0.051371022
A291H,0.546576681
A291I,0.10769173
A291L,0.055259681
A291M,0.227592679
A291N,-0.17950554
A291P,-0.096351021
A291Q,0.04490477
A291R,-0.020414865
A291S,0.296627386
A291T,0.069527581
A291V,0.015212987
A291W,0.076680853
A291Y,-0.471115956
A2C,1.195937125
A2D,0.906548782
A2E,0.662441304
A2F,1.308996235
A2G,0.407715778
A2H,1.365300228
A2I,0.997074512
A2K,1.251709404
A2L,1.038230298
A2M,1.104845626
A2N,1.350886162
A2P,0.937279119
A2Q,1.260714116
A2R,1.101292313
A2S,1.247329682
A2T,1.107179844
A2V,0.471422906
A2W,0.693293154
A2Y,1.484133761
A308C,1.170792534
A308D,0.275196975
A308E,-0.222440825
A308F,-0.451923755
A308G,0.948147696
A308H,-0.060512882
A308I,-0.140591168
A308K,0.148982422
A308L,0.030257481
A308M,-0.281006079
A308N,0.425719306
A308P,-0.003166134
A308Q,0.248103469
A308R,0.021560374
A308S,0.918024052
A308T,1.035664344
A308V,0.038231218
A308W,0.092026127
A308Y,0.013884077
A322C,1.114171688
A322D,0.326825313
A322E,1.002251872
A322F,0.753698165
A322G,0.622671927
A322H,0.900356938
A322I,1.200197172
A322K,0.183491948
A322L,1.088937522
A322M,1.130988515
A322N,0.393759393
A322P,0.109655131
A322Q,0.972018367
A322R,0.14698003
A322S,0.884054865
A322T,1.144538028
A322V,1.168252337
A322W,0.968445756
A322Y,0.938376363
A335C,1.077337174
A335D,0.204408624
A335E,-0.155002491
A335F,0.443408676
A335G,1.017333659
A335H,0.15261086
A335I,-0.056222933
A335K,0.005916143
A335L,0.147818624
A335M,0.652541545
A335N,-0.024594646
A335P,0.919081648
A335R,0.011838435
A335S,1.216407746
A335T,0.953201749
A335V,0.728415005
A335W,0.106731044
A335Y,0.312919687
A342C,1.028321271
A342D,1.348354015
A342E,0.564655998
A342G,1.164445403
A342I,1.021992313
A342L,0.598271759
A342M,0.860221537
A342N,0.962747269
A342Q,0.84027712
A342R,0.673593612
A342T,1.034496392
A342V,1.343921012
A342W,1.009106226
A344C,0.614516193
A344D,0.210460246
A344E,-0.264619446
A344F,-0.341705484
A344G,1.18231275
A344I,0.043135749
A344L,0.19334793
A344N,-0.229834373
A344P,0.424468211
A344R,0.279090237
A344S,0.833666675
A344T,0.263480103
A344V,0.037249822
A344W,0.00655599
A344Y,-0.063448173
A348C,1.176071011
A348D,0.06192668
A348E,0.54900263
A348F,0.063927127
A348G,0.964468778
A348H,0.251688042
A348I,1.068191527
A348K,-0.125217333
A348L,0.802012077
A348M,0.930708145
A348N,0.618705304
A348P,0.262513877
A348Q,-0.123163885
A348R,0.070905596
A348S,0.837331176
A348T,1.052084804
A348V,1.038590836
A348W,0.129435598
A348Y,0.234170836
A381C,0.483018827
A381D,0.855254528
A381E,0.66340207
A381F,0.412669962
A381G,0.51316818
A381H,1.00610842
A381I,0.729813303
A381K,0.302120616
A381L,0.915968737
A381M,0.740342474
A381P,-0.292211581
A381Q,0.875432434
A381R,0.247760343
A381S,0.542385758
A381T,1.263059362
A381V,0.892026567
A381W,0.066977764
A381Y,0.865821461
A388C,0.890879405
A388D,-0.182700158
A388E,0.843918988
A388F,-0.243558137
A388G,0.717738886
A388H,-0.033525197
A388I,0.610322603
A388K,0.135490183
A388L,0.533942989
A388M,0.115485278
A388N,-0.148787997
A388Q,0.324997366
A388R,0.161294796
A388S,0.702968887
A388T,0.542112844
A388V,0.095481844
A388W,0.477278466
A388Y,0.327041105
A392C,1.039546531
A392D,0.645083057
A392E,0.404584228
A392F,0.492481705
A392G,0.902546598
A392H,1.117435237
A392I,0.805031458
A392K,0.920983549
A392L,0.64902399
A392P,0.687289294
A392Q,0.963088671
A392R,0.696060785
A392S,0.867550144
A392T,0.906746682
A392V,0.887091854
A392W,1.384037605
A392Y,0.619831955
A3C,1.148267432
A3D,1.33847764
A3E,1.004658312
A3F,0.775449147
A3G,0.932771801
A3H,0.961710785
A3I,1.297567149
A3K,1.077044437
A3L,0.954306747
A3M,1.195709156
A3N,1.231958243
A3P,-0.081644176
A3R,0.952013828
A3S,0.952973366
A3T,0.788942091
A3V,0.945350834
A3W,0.902194522
A3Y,1.196222006
A410C,0.464516865
A410D,0.160704714
A410E,0.296481138
A410G,0.663336652
A410H,0.168280769
A410I,0.25810986
A410K,1.049283013
A410L,0.393181739
A410M,0.408969526
A410N,0.544268126
A410P,-0.241773739
A410Q,-0.20086436
A410R,-0.150655989
A410S,0.805416821
A410T,0.32867836
A410V,0.261994224
A410W,0.148584121
A410Y,0.324496797
A411C,1.111235886
A411D,-0.15186047
A411E,0.557784569
A411F,0.340847711
A411G,1.240065305
A411H,-0.10983621
A411I,0.559904374
A411K,0.955684362
A411L,0.585432081
A411M,0.450512924
A411N,0.60114055
A411P,0.209161501
A411Q,1.168404816
A411R,0.696238156
A411S,0.699350454
A411T,0.98339448
A411V,0.814621432
A411W,0.567816949
A411Y,0.364274848
A431D,0.893911199
A431E,1.115292979
A431F,0.853917064
A431G,0.980023487
A431K,1.124131048
A431L,0.933088625
A431N,1.007173115
A431R,1.348630426
A431S,1.018710953
A431T,0.959310346
A431V,0.857246102
A431W,0.465479814
A431Y,0.649756268
A453C,1.041002938
A453D,0.022318424
A453E,0.115076877
A453G,0.925068361
A453H,0.806249702
A453K,0.049775257
A453L,0.340118319
A453M,-0.009341068
A453N,1.273629798
A453P,0.280131334
A453R,0.284233306
A453S,1.099234935
A453T,0.915165618
A453V,0.655274625
A453W,0.128119245
A453Y,0.606576931
A47C,0.295349971
A47D,-0.284447624
A47E,-0.239172022
A47F,0.199618398
A47G,1.040649665
A47H,0.072389574
A47I,-0.467431713
A47K,0.029517895
A47L,-0.055862
A47M,0.217365811
A47N,0.032689977
A47P,0.458215512
A47Q,-0.00543474
A47R,-0.025154564
A47S,0.817139581
A47T,0.490212852
A47V,0.603082558
A47W,0.116971635
A47Y,-0.278392081
A480C,1.333103617
A480D,0.910194356
A480E,1.436698919
A480F,1.373625373
A480G,1.357544432
A480I,1.254528408
A480L,1.390288944
A480R,1.092710635
A480S,1.619529818
A480T,1.338989455
A480V,1.319145323
A480W,1.320442328
A49C,0.761399008
A49D,-0.257193631
A49E,-0.120727106
A49G,0.884206958
A49H,0.293604521
A49I,0.225326377
A49K,-0.233462338
A49L,0.009859445
A49M,-0.021004064
A49N,0.059327306
A49Q,-0.507288628
A49R,-0.503556559
A49S,1.033527864
A49T,0.344507736
A49V,0.700095924
A77C,0.811973476
A77D,1.261015074
A77E,0.716178649
A77F,1.264436406
A77G,1.108988812
A77H,1.546840305
A77I,1.216757734
A77K,0.43062308
A77L,1.221501375
A77M,1.120371774
A77N,0.992274362
A77P,0.894117414
A77Q,1.197350502
A77R,-0.045329947
A77S,0.927168245
A77T,1.202072863
A77V,1.063970519
A77W,0.502509139
A77Y,0.94080692
A78C,1.139100937
A78D,1.112485208
A78E,1.042533384
A78F,0.952602605
A78G,0.981745417
A78H,0.622245293
A78I,0.836486118
A78K,0.866739131
A78L,0.653408672
A78M,0.914591389
A78N,0.950683183
A78P,1.113677792
A78Q,1.345743003
A78R,0.991536951
A78S,1.056842633
A78T,0.98028889
A78V,0.948745291
A78W,0.960424051
A78Y,0.964822639
A90C,0.94106718
A90D,-0.319175578
A90E,0.129575004
A90G,1.125483399
A90L,0.033707273
A90P,0.453566926
A90Q,-0.643513007
A90R,-0.511339645
A90S,0.853262954
A90T,1.319036751
A90V,0.929676444
A90W,0.461122867
C113A,0.748954618
C113E,0.762991844
C113G,1.234546651
C113H,0.351153616
C113K,0.359500997
C113L,0.173901084
C113M,0.557317206
C113P,0.021463894
C113R,-0.228500983
C113T,0.168116111
C113W,-0.054328973
C172A,0.837022412
C172F,0.605090197
C172G,0.764104787
C172H,0.166112738
C172I,0.872136639
C172K,0.085680383
C172L,0.53412398
C172M,0.514249204
C172R,-0.059487929
C172S,0.99764162
C172T,1.007459655
C172V,1.243371776
C172W,0.357320694
C172Y,1.07622438
C173A,1.119777403
C173D,0.008724258
C173E,0.254952241
C173F,0.297977017
C173G,0.980846587
C173H,0.100364903
C173I,-0.332359727
C173K,-0.134161752
C173L,0.243880439
C173M,-0.168667295
C173N,-0.228239312
C173P,-0.380029386
C173Q,0.148071067
C173R,-0.120199828
C173S,1.102261257
C173T,0.852793665
C173V,0.583968475
C173W,-0.314559448
C173Y,-0.047304602
C180A,0.972255188
C180D,0.007174595
C180E,0.212710775
C180F,0.828703542
C180G,0.912491406
C180I,1.192505846
C180K,0.591353981
C180L,1.015848456
C180M,1.096794008
C180N,1.065947714
C180P,-0.055089134
C180Q,0.633657259
C180R,0.294919028
C180S,0.989410993
C180T,1.204173888
C180V,0.885186842
C180W,0.178687311
C180Y,0.720580554
C266A,0.897315308
C266D,0.340772115
C266E,0.516409434
C266F,0.930548922
C266G,0.925239383
C266H,0.888801631
C266I,0.440102351
C266K,-0.195798478
C266L,1.117176306
C266M,1.251621299
C266N,0.713047709
C266P,0.587684166
C266Q,0.914535806
C266R,-0.027659495
C266S,0.87054431
C266T,1.060023892
C266V,1.047026289
C266W,0.106025015
C266Y,0.000373257
C27A,1.064420958
C27D,1.239053486
C27E,0.937969883
C27F,0.956136072
C27G,0.934095516
C27K,0.412729576
C27P,1.062597359
C27Q,0.871357648
C27R,1.269584389
C27S,0.880394048
C27T,1.238625405
C27V,1.122478895
C27W,0.701270242
C27Y,0.957954698
C304A,1.240898231
C304D,0.177777116
C304E,0.421524644
C304F,0.50158882
C304G,1.140275869
C304I,1.095925248
C304K,0.16803066
C304L,1.280072893
C304M,1.094617927
C304N,1.399910995
C304P,-0.481683829
C304Q,0.599221029
C304R,-0.165771708
C304S,0.885931641
C304T,0.986708706
C304V,1.04312539
C304W,0.192758759
C304Y,0.366367693
C305A,0.806031514
C305D,0.205063685
C305E,-0.397063448
C305F,0.281544693
C305G,0.787814485
C305I,0.010514173
C305K,-0.234801695
C305L,-0.326451847
C305M,0.329455638
C305N,0.217700838
C305P,0.188565692
C305Q,0.058159296
C305R,0.22571512
C305S,1.009519053
C305T,1.088638055
C305V,0.507017223
C305W,0.100657821
C305Y,0.027065901
C340A,1.105853288
C340D,0.32103035
C340E,-0.030757864
C340F,1.106783524
C340G,0.835173784
C340I,1.054602867
C340K,-0.068427568
C340L,0.833073016
C340M,0.878869384
C340N,1.324724984
C340R,0.167794805
C340S,0.987616542
C340T,1.13772335
C340V,1.19946827
C340W,0.022617906
C340Y,1.238685947
C399A,1.114184943
C399D,0.258445033
C399E,0.374344667
C399F,0.011771505
C399G,0.752636043
C399H,1.010584456
C399I,0.976816003
C399K,-0.109359469
C399L,0.491799922
C399M,0.716475186
C399N,0.563159743
C399P,0.097578938
C399Q,0.077887387
C399R,-0.242345943
C399S,1.111065083
C399T,1.125918838
C399V,0.97293741
C399W,0.11777984
C399Y,0.318023974
C483A,0.962180341
C483D,1.064362029
C483E,1.119781998
C483F,0.708147203
C483G,1.282918356
C483H,1.107663077
C483I,1.187494766
C483K,0.854582152
C483L,0.910866665
C483N,1.383298531
C483P,1.319977115
C483Q,1.237634145
C483R,1.221496673
C483S,1.09773844
C483T,1.24648752
C483V,1.125727424
C483W,0.826392126
C483Y,0.534702945
C98A,1.092472337
C98D,0.917118707
C98E,0.899711391
C98F,1.022676406
C98G,0.884290376
C98H,0.914396427
C98I,1.110593742
C98K,0.947353657
C98L,1.031309998
C98M,0.786229571
C98N,0.894395754
C98P,0.580384097
C98Q,1.049176615
C98R,1.049069674
C98S,0.95242084
C98T,0.933742561
C98V,0.967913962
C98W,0.861882172
C98Y,1.359734657
C99G,0.642240206
C99I,0.881845882
C99L,1.360124671
C99M,0.844845311
C99Q,0.254033489
C99R,0.252936985
C99S,0.798070163
C99T,0.871025118
C99V,1.148792395
C99W,0.601647368
C99Y,-0.016493412
D117A,-0.533304458
D117C,0.966949442
D117E,0.365593769
D117F,0.0516712
D117G,0.461987501
D117H,-0.102201544
D117I,0.200878172
D117L,-0.251690759
D117N,0.009573482
D117P,-0.138353276
D117Q,-0.476748963
D117R,-0.605359541
D117S,0.352311469
D117T,-0.007728118
D117V,-0.075015581
D117W,-0.000172727
D117Y,-0.543121568
D11A,0.77554595
D11C,1.253971029
D11E,1.016005687
D11G,0.91691817
D11H,1.142061103
D11K,0.789880132
D11L,0.844885687
D11M,0.912262219
D11N,0.984591169
D11Q,1.137999758
D11R,1.03159747
D11S,0.603906617
D11T,0.697640129
D11V,0.940176458
D11W,1.235992671
D11Y,0.808401974
D120A,0.593841016
D120C,0.60709607
D120E,1.12885576
D120F,1.112968459
D120G,0.473917548
D120H,0.875105727
D120I,0.485670049
D120K,0.768555237
D120L,0.795447012
D120M,0.45458976
D120N,0.696653712
D120P,0.386077191
D120R,0.680281584
D120S,0.542854734
D120T,0.949209223
D120V,1.077319156
D120W,0.62365576
D129A,0.935511643
D129E,0.905239979
D129G,1.041008925
D129I,1.148503746
D129K,0.91378049
D129N,1.083710624
D129P,-0.172644177
D129R,0.688266502
D129S,0.877115234
D129T,1.101930232
D129V,0.908077544
D144A,1.186300048
D144C,1.091071523
D144E,1.152431896
D144F,1.137145034
D144G,1.185547258
D144H,1.121315489
D144I,1.148000042
D144K,1.281153115
D144L,1.336694449
D144M,1.232801194
D144N,1.128769079
D144P,1.115025169
D144Q,1.026862729
D144R,1.287558188
D144S,1.206918462
D144T,1.169266319
D144V,1.283816341
D144W,1.056659
D144Y,1.116550816
D178A,0.477527165
D178C,0.52170462
D178E,1.018582818
D178F,-0.677714505
D178G,0.525899156
D178K,0.216662607
D178L,-0.426978528
D178N,1.044341687
D178Q,0.631235684
D178R,1.058888799
D178S,0.608018345
D178T,0.89674359
D178V,0.412238733
D178W,-0.167788274
D182A,0.031859639
D182C,-0.220898707
D182E,-0.061676876
D182F,0.155540064
D182G,0.034069185
D182H,-0.387502769
D182I,-0.153720436
D182K,-0.117346228
D182L,-0.156219323
D182N,-0.087858952
D182P,0.345395681
D182Q,-0.273496953
D182R,-0.538187234
D182S,0.161317132
D182T,-0.125587456
D182V,-0.150744403
D182W,0.59144388
D182Y,0.201635174
D191A,0.838404199
D191C,0.77705372
D191E,0.90722404
D191F,0.686062482
D191G,0.589839366
D191H,1.242785987
D191I,0.845526378
D191K,0.66442377
D191L,0.605649929
D191M,0.768711088
D191N,0.746372098
D191P,-0.043933795
D191Q,0.925559049
D191R,0.509705121
D191S,0.621099115
D191T,0.97216348
D191V,0.797346589
D191W,0.823107922
D191Y,0.937248279
D192A,1.208794964
D192C,0.955874409
D192E,1.03860642
D192G,0.963825478
D192H,0.72262741
D192I,0.962983247
D192K,0.814520257
D192M,1.062885087
D192N,0.712615856
D192P,-0.310157831
D192R,0.94118613
D192S,0.900341238
D192T,1.087533252
D192V,0.604759221
D192W,0.69147186
D192Y,0.765516495
D215A,0.953618445
D215C,0.817281042
D215E,1.119873166
D215G,0.882583342
D215H,1.078214799
D215I,0.940972062
D215K,1.068070327
D215L,0.592278889
D215M,1.030263887
D215N,0.872821228
D215Q,1.047335344
D215R,0.985759653
D215S,1.542685906
D215T,1.00773391
D215V,0.827214112
D215W,0.76843947
D215Y,1.278920815
D216A,0.789985312
D216C,0.609474756
D216E,0.794893768
D216F,0.52574527
D216G,1.2685249
D216H,0.975209481
D216I,0.701708153
D216K,0.394742061
D216L,0.498219565
D216M,0.569485817
D216N,1.088665205
D216P,0.803751185
D216Q,0.933073781
D216R,0.419013674
D216S,0.879033606
D216T,0.818541657
D216V,0.955132301
D216W,0.660899313
D216Y,0.573433368
D223A,0.589734155
D223E,0.851510962
D223G,0.716781758
D223K,-0.072851441
D223L,0.135134217
D223M,0.675965722
D223N,0.901865801
D223P,0.176275221
D223Q,1.07427814
D223R,-0.34368452
D223S,0.706580288
D223T,0.849432392
D223V,0.060063753
D223W,0.00864177
D248A,0.131334106
D248C,-0.099844673
D248E,0.935393002
D248G,0.1226257
D248H,0.150428173
D248I,0.291523997
D248K,0.108944632
D248L,0.237758767
D248M,0.068275211
D248N,0.111392451
D248Q,0.135282066
D248R,-0.022639572
D248S,-0.154172109
D248T,0.050786746
D248V,-0.089012457
D248W,0.163587388
D248Y,-0.518259971
D268A,0.96254096
D268C,0.808492561
D268E,1.220091327
D268F,-0.036590233
D268G,0.803212043
D268H,0.797282541
D268K,-0.215325048
D268L,0.031077043
D268M,-0.012812806
D268N,1.122166422
D268P,-0.269288624
D268Q,0.395043592
D268R,0.245133597
D268S,1.047646102
D268T,0.790654986
D268V,-0.131873797
D268W,0.016164351
D268Y,0.63464121
D317A,0.823937977
D317C,0.791728925
D317E,0.100822697
D317G,1.006640104
D317H,0.235771501
D317I,0.412930132
D317K,-0.088138546
D317L,0.254528799
D317M,1.027385347
D317N,0.715069316
D317P,0.662426863
D317Q,0.924586684
D317R,-0.230963744
D317S,0.796733708
D317T,0.554848371
D317V,0.442716465
D317W,-0.345699812
D32A,1.098114526
D32C,0.870922563
D32E,1.249471515
D32F,0.887661364
D32G,1.063776214
D32H,1.420676942
D32I,1.094278977
D32K,1.00262729
D32L,1.073382246
D32M,0.898112643
D32N,1.124419958
D32P,1.154354609
D32Q,1.051173085
D32R,0.931313851
D32S,1.17412262
D32T,1.111834027
D32V,1.106349201
D32W,0.732546859
D32Y,0.865977547
D332A,0.020636085
D332E,-0.110738705
D332F,0.09955785
D332G,-0.098605042
D332H,-0.176903698
D332K,-0.197311175
D332L,0.541500187
D332M,0.260859913
D332N,-0.479274812
D332P,0.174226428
D332Q,0.088667314
D332R,-0.205030856
D332S,-0.092919803
D332T,0.159238205
D332V,-0.139300151
D332W,-0.040917693
D332Y,-0.547220124
D333A,0.118777716
D333C,-0.050157599
D333E,-0.072591831
D333F,-0.434235463
D333G,0.096768266
D333H,-0.086495809
D333I,-0.510618233
D333K,0.239970582
D333L,-0.395610535
D333M,0.090113729
D333N,-0.581145164
D333P,0.132598674
D333Q,0.202563469
D333R,-0.269528312
D333S,-0.266027643
D333T,0.287455109
D333V,0.23586503
D333W,-0.072235705
D333Y,-0.148828922
D349A,1.059493414
D349C,0.894854813
D349E,0.72867982
D349F,0.480720313
D349G,0.839492895
D349H,0.619889306
D349I,0.42405482
D349K,0.425727237
D349L,0.048650398
D349M,0.955316235
D349N,0.644952969
D349P,0.126481181
D349Q,0.76341102
D349R,0.101336891
D349S,0.966485135
D349T,0.936409323
D349V,0.475499397
D349W,0.268345479
D349Y,0.613479071
D398A,1.016646037
D398C,0.926979768
D398E,0.892058636
D398F,0.737772583
D398G,1.143462497
D398H,1.210363994
D398I,0.623992078
D398K,1.133445018
D398L,1.119466201
D398M,1.017788002
D398N,1.047772899
D398P,0.221476365
D398Q,1.293465977
D398R,1.056157256
D398S,1.072971368
D398T,1.044908526
D398V,0.990015786
D398W,0.629742154
D398Y,1.222982978
D420A,-0.038825275
D420E,0.608757924
D420F,0.681986636
D420G,0.200530348
D420H,0.821535515
D420I,0.279295404
D420K,0.126409026
D420L,0.437081151
D420M,0.274376707
D420N,0.475427976
D420P,0.341857338
D420Q,0.573543746
D420R,0.128609402
D420S,0.341256232
D420T,0.529139154
D420V,-0.247307804
D420Y,0.23630201
D422A,0.400347985
D422C,0.834515153
D422E,0.818722927
D422F,1.039416316
D422G,0.67021132
D422H,0.741293709
D422I,0.740324424
D422K,0.925938118
D422L,0.372208667
D422M,1.111255427
D422N,0.809966118
D422P,1.064737393
D422Q,0.583397196
D422R,0.489381079
D422S,1.118798584
D422T,0.97966134
D422V,1.14527594
D422W,0.910721241
D422Y,0.735712179
D430A,0.916738398
D430C,0.931286491
D430E,1.03480177
D430G,0.45184809
D430H,1.307996518
D430K,0.376972353
D430L,0.477779121
D430M,0.851136642
D430N,0.867957005
D430P,0.121237783
D430Q,1.010719477
D430R,0.598927658
D430S,1.050874836
D430T,1.046989614
D430V,0.299527912
D430W,0.576260211
D430Y,0.401591422
D441A,0.858612929
D441C,0.920848682
D441E,1.054450224
D441F,1.066799932
D441G,0.980799429
D441H,0.877576781
D441I,0.598134806
D441K,0.929297453
D441L,1.054911357
D441M,0.61664224
D441N,0.985481745
D441P,0.848824976
D441Q,1.182632591
D441R,0.85588578
D441S,0.529023791
D441T,0.836340752
D441V,0.930377137
D441W,0.645854265
D441Y,1.023658463
D445A,1.350356411
D445C,0.979267136
D445E,1.056906382
D445G,0.766710484
D445H,1.027426238
D445K,0.881573263
D445L,1.401833545
D445M,1.040336826
D445N,1.098460536
D445P,0.086356756
D445R,1.069602058
D445S,1.259419889
D445T,1.083054291
D445V,0.918601916
D445W,0.82766987
D445Y,0.60326576
D59A,1.03682617
D59C,1.186867159
D59E,0.639958551
D59F,0.798038307
D59G,0.832400253
D59H,0.764865054
D59I,0.994748244
D59K,0.854052341
D59L,0.795775194
D59M,0.767543272
D59N,0.843251253
D59P,0.888545353
D59Q,0.997136895
D59R,0.879517574
D59S,0.922527564
D59T,0.883165453
D59V,0.783040577
D59W,0.675539504
D59Y,1.024843548
D6A,0.865507624
D6C,0.362104304
D6E,1.134098529
D6F,0.580530425
D6G,0.824524745
D6H,-0.186109691
D6I,1.177802627
D6K,0.878335454
D6L,0.629503035
D6M,1.089229559
D6N,0.798331045
D6P,0.50953301
D6Q,0.074962681
D6R,0.779293546
D6S,0.973987692
D6T,1.008943549
D6V,1.011970658
D6W,0.679316541
D6Y,0.909654866
D73A,0.896853637
D73C,1.003607666
D73E,0.804327801
D73F,0.974023778
D73G,0.770537983
D73I,0.330934379
D73K,0.643116168
D73L,0.515329662
D73M,0.271863827
D73N,0.936943006
D73P,1.134107298
D73Q,0.751504004
D73R,0.642005866
D73S,0.930266588
D73T,0.741284532
D73V,0.793378794
D73W,0.835351777
D73Y,0.864499443
D87A,-0.140598814
D87C,-0.451604349
D87E,1.178240653
D87G,-0.25462589
D87H,0.273968694
D87I,-0.536224356
D87K,0.3943378
D87L,0.171835244
D87M,-0.336431068
D87N,0.8864735
D87P,-0.987596742
D87Q,0.370697854
D87R,-0.137760749
D87S,0.570104084
D87V,-0.124743284
D87W,0.272859388
D87Y,-0.030890329
E148A,0.954038243
E148C,1.061760137
E148D,1.061372245
E148F,1.010840908
E148G,0.94659584
E148H,0.906367844
E148I,0.932302936
E148K,0.882687623
E148L,0.742547941
E148M,0.890968924
E148N,0.872709036
E148P,0.877043547
E148Q,0.973035526
E148R,0.824733547
E148S,1.151217297
E148T,0.956957244
E148V,0.903069544
E148W,0.829055664
E148Y,0.565618287
E213A,1.00180311
E213C,0.917502772
E213D,0.566262946
E213G,1.086068489
E213H,1.145149298
E213I,1.318598485
E213K,1.373733798
E213L,1.156178244
E213M,1.099498131
E213N,0.871676111
E213P,1.214041364
E213Q,1.06822617
E213R,1.151374824
E213S,0.948869486
E213T,1.122071302
E213V,1.163910688
E213W,0.939810313
E213Y,1.154933117
E220A,1.031570016
E220C,0.967912523
E220D,1.191744899
E220F,0.974253489
E220G,0.888557316
E220H,1.120173384
E220I,0.842765979
E220K,0.590165891
E220L,0.666899269
E220M,0.981720272
E220N,1.038408834
E220P,-0.363928095
E220Q,0.851558409
E220R,0.874112054
E220S,1.017460303
E220T,0.927707871
E220V,0.967937781
E220W,0.973465243
E220Y,0.693803021
E228A,1.044833402
E228C,0.902726065
E228F,0.822054569
E228G,0.819397215
E228H,0.669013188
E228K,1.094523003
E228L,0.852940582
E228M,1.052412105
E228N,0.700279078
E228P,-0.093608801
E228Q,0.950077022
E228R,0.888333087
E228S,0.746195717
E228T,1.182057844
E228V,0.805819121
E228W,1.081677059
E228Y,1.090966869
E250A,0.85178425
E250C,1.09871847
E250D,0.974322139
E250F,0.772622523
E250G,1.091952434
E250H,0.585857946
E250K,0.799718306
E250L,0.883504226
E250M,0.818587621
E250N,0.852332226
E250P,1.102596678
E250Q,0.859810494
E250R,0.869862176
E250S,0.98103693
E250T,0.834889759
E250V,0.737934507
E250W,0.673231394
E250Y,0.900062549
E25A,1.176752004
E25C,0.542356671
E25D,1.041490243
E25F,0.808706464
E25G,0.985786828
E25K,1.173879621
E25L,1.11024296
E25M,0.857765411
E25P,0.872447545
E25Q,1.040928408
E25R,1.116922477
E25S,1.115440805
E25T,1.012426623
E25V,0.935804903
E25W,0.958105632
E25Y,0.950515221
E277A,-0.006310251
E277C,0.557743653
E277D,0.254181571
E277F,0.429653068
E277G,0.088169806
E277H,0.336996795
E277I,-0.134964588
E277K,-0.161815954
E277L,-0.09719322
E277M,0.493026293
E277N,0.009830363
E277P,0.457381502
E277Q,-0.055434603
E277R,0.336797421
E277S,0.015309783
E277T,0.0546357
E277V,0.192428552
E277W,0.193543214
E277Y,0.495580256
E279A,0.821031831
E279C,0.799270978
E279F,0.620760243
E279G,0.704230131
E279K,0.012494081
E279L,0.409196428
E279M,0.369120962
E279Q,1.017897593
E279R,-0.281536114
E279S,0.647011068
E279T,0.935630845
E279V,0.483914287
E279W,0.13354724
E279Y,-0.033122648
E280A,0.212502387
E280C,0.133373153
E280D,0.716603994
E280F,0.082705288
E280G,0.091105909
E280I,0.109554033
E280K,0.064008411
E280L,-0.457230134
E280M,-0.019825752
E280P,0.486658129
E280Q,-0.259932631
E280R,-0.164354983
E280S,-0.311567693
E280T,0.104865335
E280V,-0.200328916
E280W,-0.256454111
E280Y,-0.321533668
E283A,1.140204013
E283C,0.938246971
E283D,1.2604939
E283F,0.657887531
E283G,1.002513025
E283H,1.056576487
E283I,1.274820615
E283K,1.193182022
E283L,1.005042425
E283M,1.18957381
E283P,0.070508725
E283Q,1.164688205
E283R,0.486610832
E283S,1.147972087
E283T,1.334441146
E283V,0.893719972
E283W,-0.210229472
E283Y,0.000546142
E302C,-0.207986153
E302D,0.004381583
E302G,-0.260914596
E302K,-0.203321656
E302L,0.674275215
E302M,0.290359324
E302N,-0.318847047
E302Q,-0.339572625
E302R,0.123560864
E302S,0.529821877
E302T,0.524480014
E302W,0.05280244
E328A,0.225621013
E328C,0.906611833
E328D,0.360091859
E328F,-0.394131289
E328G,0.15949538
E328H,0.42956231
E328I,0.083798442
E328K,0.041953322
E328L,0.030279997
E328M,-0.116891003
E328N,-0.104730958
E328P,0.138747951
E328Q,0.25044394
E328R,-0.215326772
E328S,-0.026143497
E328T,-0.524085734
E328V,-0.015519437
E328W,-0.231084218
E328Y,-0.018760869
E343A,0.757214686
E343C,1.255075991
E343D,1.141296301
E343G,1.079962421
E343H,0.958597403
E343I,0.990369867
E343K,0.838077598
E343L,0.266640404
E343M,0.554888396
E343N,0.912170872
E343P,0.956455506
E343Q,1.145087732
E343R,0.404889768
E343S,1.021442501
E343T,1.195516895
E343V,0.431612514
E343W,-0.048993612
E343Y,0.574701561
E360A,1.52899277
E360C,0.726096089
E360D,1.218912915
E360F,0.321110067
E360G,1.052469865
E360H,0.501913236
E360I,0.493820842
E360K,0.150000191
E360L,0.47138364
E360M,0.402725137
E360R,-0.469720901
E360S,1.153012507
E360T,0.788876237
E360V,0.745819024
E360W,-0.257433692
E360Y,0.878124746
E370A,0.797775764
E370C,0.751238763
E370D,1.208481182
E370F,1.14246787
E370G,0.825517967
E370I,1.040955825
E370K,0.537415813
E370L,0.9964116
E370M,1.08688658
E370R,0.833231623
E370S,1.038822427
E370T,0.749401495
E370V,0.775084478
E370W,0.776012396
E370Y,0.763554636
E376A,0.663191917
E376C,0.107550123
E376D,0.802923165
E376F,0.893578535
E376G,-0.219784106
E376K,0.738081957
E376L,0.516655154
E376R,0.305533861
E376S,-0.318568542
E376V,0.216736156
E376W,0.220821069
E383A,-0.138363543
E383C,0.257760073
E383D,0.999078207
E383F,0.160643859
E383G,-0.047785968
E383H,0.003217911
E383I,0.082389057
E383K,0.007964732
E383L,0.095062143
E383M,-0.206724671
E383N,0.171431057
E383P,-0.056038569
E383Q,-0.96142282
E383R,0.185660668
E383S,0.096743692
E383T,1.057167354
E383V,0.038248646
E383W,0.150867941
E383Y,0.433736866
E401A,1.387109333
E401D,1.383976641
E401F,0.81007349
E401G,1.069496496
E401H,1.029076738
E401K,1.152623304
E401L,0.649177212
E401M,0.832223882
E401Q,0.964575539
E401R,1.14013191
E401S,0.966758744
E401T,0.892187058
E401V,0.133430566
E401W,0.826107753
E401Y,0.509120759
E417A,0.770649307
E417C,0.877075888
E417D,0.835445631
E417F,0.744916232
E417G,0.934982825
E417H,0.730247968
E417I,0.512785318
E417K,0.904009276
E417L,0.937001548
E417M,0.952107228
E417N,0.873964787
E417P,-0.007028339
E417Q,1.133759318
E417R,0.918320577
E417S,0.872334433
E417T,0.743259429
E417V,0.65836523
E417W,0.963864998
E417Y,0.892327413
E425A,1.072941737
E425C,0.776016396
E425D,1.03617785
E425F,0.974424856
E425G,0.888633803
E425H,1.33005455
E425I,0.691282097
E425K,0.92158382
E425L,0.928049456
E425M,0.76335452
E425N,0.969742988
E425P,0.816349158
E425Q,1.045949364
E425R,0.995727849
E425S,0.981113125
E425T,0.933404366
E425V,0.700123096
E425W,0.987010501
E425Y,0.987949841
E462A,0.954373313
E462C,1.271754636
E462D,1.10434277
E462F,0.888022641
E462G,0.966996506
E462I,0.787718513
E462K,0.927889376
E462L,1.072264493
E462M,1.174934082
E462P,1.080002325
E462Q,1.446405941
E462R,0.837521677
E462S,0.883582195
E462T,1.068775589
E462V,0.767971805
E462W,0.937686091
E462Y,0.918501279
E463A,0.875017174
E463D,0.888497802
E463F,1.080875427
E463G,1.055518028
E463H,1.400647586
E463I,0.6606055
E463K,0.713494109
E463L,1.024508272
E463M,1.211400318
E463N,1.217036389
E463P,-0.332115721
E463Q,0.921189158
E463R,1.044370156
E463S,0.869845648
E463T,0.788468137
E463V,0.875524208
E463W,1.036836266
E463Y,0.962680279
E464A,0.901401406
E464D,1.297682024
E464F,0.380853581
E464G,0.694031054
E464I,1.229438853
E464K,-0.018981722
E464L,0.416079229
E464M,0.706171458
E464N,-0.139885896
E464P,0.188867279
E464Q,0.63686995
E464R,0.080289003
E464S,0.509360447
E464T,0.837268893
E464V,0.441539287
E464W,0.598017266
E473A,1.112112079
E473C,1.287569455
E473D,1.088317299
E473F,0.92901391
E473G,1.035619653
E473H,0.861491803
E473I,1.217211352
E473K,1.245696529
E473L,1.101868012
E473M,1.131955016
E473N,1.037503673
E473P,1.256497952
E473R,1.2189833
E473S,1.239821088
E473T,1.092474397
E473V,1.171617984
E473Y,1.037221238
E481A,1.221475159
E481C,1.136564164
E481D,1.270143798
E481F,0.613500538
E481G,1.403136407
E481H,0.82557307
E481I,0.690445987
E481K,1.185040119
E481L,0.947162079
E481M,1.182116374
E481N,1.052501787
E481P,1.308544556
E481Q,1.121003565
E481R,1.185414187
E481S,1.298720091
E481T,1.163936151
E481V,0.867328983
E481W,0.899304787
E481Y,0.514141385
E48A,0.448189275
E48C,0.453248725
E48D,0.917023161
E48F,0.12572276
E48G,0.23390042
E48H,0.226802641
E48I,0.989141492
E48K,0.302784274
E48L,0.75659237
E48M,0.675074942
E48N,0.056137694
E48P,-0.504185123
E48Q,0.678452587
E48R,0.258368457
E48S,0.562511555
E48T,0.599758193
E48V,0.53194194
E48W,-0.382143299
E48Y,0.331142274
E50A,0.658772953
E50C,0.735584547
E50D,0.431489387
E50F,0.540478755
E50G,0.828542256
E50H,0.752334461
E50I,0.440011809
E50K,0.391044809
E50L,0.920686363
E50M,0.56650007
E50Q,0.295689966
E50R,-0.101088092
E50S,0.969983345
E50T,0.782857205
E50V,0.630493799
E50Y,0.919586813
E60A,0.846079221
E60C,0.999509409
E60D,0.821306728
E60F,0.93783971
E60G,0.932520116
E60H,0.993727128
E60I,0.920075987
E60K,1.160945563
E60L,1.038339978
E60M,0.909346913
E60N,0.896025175
E60P,0.904209463
E60Q,1.077127231
E60R,0.842226357
E60S,0.999763482
E60T,0.921617266
E60V,0.933115404
E60W,0.973472504
E60Y,0.820920527
E64A,1.055045833
E64C,1.009741162
E64D,1.021561077
E64F,1.123229626
E64G,0.901695684
E64H,0.944563985
E64I,1.040988658
E64K,0.800827182
E64L,0.969867606
E64M,0.849411696
E64N,0.65859145
E64Q,1.174640611
E64R,0.648409145
E64S,1.076228401
E64T,0.996955282
E64V,1.07857492
E64W,0.625243573
E64Y,1.024262723
E70A,0.905673268
E70C,0.59153265
E70D,0.941027548
E70F,1.144145256
E70G,1.110105398
E70H,1.073610343
E70K,1.074749008
E70L,0.86429617
E70N,0.864030485
E70P,0.776330551
E70Q,0.947610201
E70R,1.15259998
E70S,1.319640048
E70T,1.19749869
E70V,0.832891694
E70W,0.82565697
E79A,0.629359318
E79C,0.921918141
E79F,1.064650139
E79G,0.995112634
E79H,0.876571152
E79I,0.956621702
E79K,0.996190832
E79L,1.131488011
E79M,0.858448859
E79N,0.949331641
E79Q,1.031988811
E79R,1.21531606
E79S,0.940000057
E79T,0.932615039
E79V,0.845090089
E79W,0.971198189
E79Y,1.191778253
E80A,1.150907877
E80C,1.0550831
E80D,0.948152332
E80F,0.251994687
E80G,0.988773592
E80K,0.837493534
E80L,0.464179125
E80M,0.829504251
E80N,0.958056264
E80P,0.053781502
E80R,0.761121144
E80S,1.091450664
E80T,0.991055922
E80V,0.814278732
E80W,0.498236675
E80Y,0.582856745
E81A,-0.430756346
E81C,-0.609218999
E81D,1.299553685
E81F,-0.441897375
E81G,-0.631202342
E81H,0.060327304
E81I,0.578709338
E81L,0.109419292
E81M,-0.12168249
E81P,-0.135776776
E81Q,1.019735597
E81R,-0.099864538
E81S,0.14230235
E81V,-0.082879723
E81W,-0.804911486
E81Y,-0.126654043
F145A,0.637379426
F145C,0.935995332
F145E,0.967393202
F145G,0.62381106
F145H,0.302041735
F145I,0.117318072
F145K,0.031811585
F145L,0.640658726
F145M,0.665514478
F145N,0.497627698
F145P,-0.397835098
F145Q,0.606616273
F145R,0.510056363
F145S,0.772611692
F145T,0.955773832
F145V,0.908103664
F145W,0.930545294
F145Y,0.810042153
F157A,0.817988552
F157C,0.40726515
F157D,0.044541841
F157E,-0.066301742
F157G,0.454169069
F157H,0.979154037
F157I,0.04408753
F157K,0.628938448
F157L,0.641006677
F157M,0.875742377
F157P,-0.002132863
F157Q,0.413764333
F157R,0.446933682
F157S,0.751621294
F157T,0.1616693
F157V,-0.181933803
F157W,0.826136752
F157Y,0.945057582
F160A,-0.170067245
F160D,0.451325045
F160G,0.552133854
F160I,0.485698136
F160L,0.834209017
F160M,0.425526206
F160N,0.731821307
F160S,0.715700463
F160V,-0.188595636
F160W,0.141075062
F160Y,1.298260854
F195A,0.511395169
F195C,0.959108849
F195D,0.393377979
F195E,0.223687208
F195G,0.669462508
F195H,-0.370727553
F195I,1.198413846
F195L,0.880206043
F195M,1.151470841
F195N,0.047396185
F195P,0.325979974
F195Q,-0.430614446
F195R,-0.129443657
F195S,0.415696962
F195T,0.529141487
F195V,0.373345965
F195W,0.755151503
F195Y,1.081140377
F208A,0.287682781
F208C,0.694511543
F208D,0.318253652
F208E,-0.376905902
F208G,0.520472734
F208H,0.885455374
F208I,1.008279713
F208K,0.31773705
F208L,1.125164826
F208M,1.051771381
F208N,0.25696275
F208P,-0.431466462
F208Q,0.341202455
F208R,0.156828627
F208S,0.175440824
F208T,0.181855402
F208V,0.634344028
F208W,0.170451458
F208Y,0.627647803
F212A,0.603826795
F212C,0.905245729
F212D,0.26373633
F212E,0.371554819
F212G,0.528712736
F212H,-0.085574008
F212I,1.003237707
F212K,0.164052889
F212L,0.919063138
F212M,0.974131806
F212N,0.348531125
F212P,0.334896898
F212Q,0.537683923
F212R,-0.044867676
F212S,0.448552677
F212T,0.600178317
F212V,0.908761541
F212W,1.104596667
F212Y,0.614174043
F232A,0.129882198
F232C,0.10199706
F232D,-0.128458874
F232E,-0.375393071
F232G,0.01766972
F232H,0.240217025
F232I,0.121468879
F232K,0.140279915
F232L,1.070160436
F232M,0.847966176
F232N,-0.119814299
F232P,-0.094095588
F232Q,-0.278206293
F232R,-0.257581826
F232S,0.246101989
F232T,0.330803988
F232V,0.10887313
F232W,0.268590781
F232Y,0.850221874
F236A,0.911440572
F236C,0.50040584
F236D,0.220619929
F236E,0.432780079
F236G,-0.05815177
F236H,0.936148469
F236I,0.660460596
F236K,-0.080754061
F236L,0.902092204
F236M,0.872824068
F236N,0.588687903
F236P,-0.356667825
F236Q,0.805682321
F236R,0.273707144
F236S,0.780603313
F236T,0.66235627
F236V,0.632271805
F236W,0.987323268
F236Y,0.962909581
F282A,1.245860519
F282C,0.377563676
F282D,0.753132927
F282E,0.601185324
F282G,1.003188264
F282H,0.678854159
F282I,1.030024661
F282K,0.721138254
F282L,0.929351642
F282N,1.203650249
F282P,-0.124417104
F282Q,0.775849132
F282R,0.840020533
F282S,1.059065062
F282T,0.671125937
F282V,0.45905866
F282W,0.861847394
F282Y,1.178080269
F28A,0.84969394
F28C,0.176530536
F28D,0.813211855
F28E,0.690837804
F28G,0.576826681
F28H,0.637159522
F28I,0.550317631
F28K,0.737262241
F28L,0.831229086
F28M,1.012978963
F28N,0.768502417
F28P,0.044257919
F28R,0.647192653
F28S,0.493558154
F28T,0.912073647
F28V,0.323228161
F28W,0.476361431
F28Y,1.023731949
F30A,0.177194152
F30C,0.986085829
F30D,-0.243299609
F30E,0.146356695
F30G,-0.111308053
F30I,0.507757067
F30K,-0.011808922
F30L,1.105190188
F30M,0.870980935
F30P,-0.780727982
F30Q,0.969506421
F30R,-0.216796556
F30S,-0.32876423
F30T,0.579645727
F30V,0.874936119
F30W,0.989183498
F30Y,0.936952134
F327A,1.026367193
F327C,1.012685549
F327D,-0.156104013
F327E,0.566211771
F327G,0.819042248
F327H,0.788337502
F327I,0.789640228
F327K,0.00189863
F327L,0.824940281
F327M,0.913503925
F327N,0.453297493
F327P,0.06997334
F327Q,0.865515331
F327R,0.125437483
F327S,0.374363219
F327T,0.85540065
F327V,1.045806626
F327W,0.283257506
F327Y,1.041054593
F345A,0.997500667
F345C,0.985017621
F345D,-0.121217246
F345E,0.017853875
F345G,0.61220591
F345H,0.966416248
F345I,0.845678112
F345K,0.206837993
F345L,1.000727222
F345M,0.799761354
F345N,0.905769831
F345P,-0.25507828
F345Q,0.265778621
F345R,-0.069692448
F345S,0.936234697
F345T,0.926969075
F345V,0.908752854
F345W,0.27955209
F345Y,0.78867215
F36A,1.339817548
F36C,1.23249411
F36D,1.133474295
F36E,1.23732825
F36G,1.155796697
F36H,1.300146797
F36I,1.2524931
F36K,1.063088912
F36L,0.972909665
F36M,1.095065604
F36N,0.968336908
F36P,0.431152174
F36S,1.076458876
F36T,1.145677137
F36V,1.348541732
F36W,1.327451341
F379A,0.111973916
F379C,-0.103212065
F379D,-0.028701061
F379E,0.315136118
F379G,-0.034372198
F379H,0.56428343
F379I,0.605005814
F379K,0.04230907
F379L,0.36564065
F379M,1.050178927
F379N,0.051374485
F379P,0.340239801
F379Q,-0.053170337
F379R,0.129705791
F379S,0.129556298
F379T,0.124032542
F379V,0.009698073
F379W,0.600916944
F379Y,0.08280351
F433A,0.380983204
F433C,0.545745925
F433D,0.130475019
F433E,-0.074382687
F433G,0.044270078
F433H,0.396106989
F433I,0.404178275
F433K,0.059868324
F433L,0.524854915
F433M,0.70708107
F433N,0.26100311
F433P,0.211656622
F433Q,-0.204029734
F433R,0.10183698
F433S,0.506820121
F433T,0.520184542
F433V,0.283989869
F433W,0.194874261
F433Y,0.803571114
F449A,0.36634881
F449C,0.1697841
F449D,0.217845652
F449E,0.304502331
F449G,0.213690622
F449H,0.558053446
F449I,0.293285787
F449K,0.8256799
F449L,0.293609836
F449M,0.216360154
F449N,0.317303659
F449P,0.132453701
F449Q,0.301222449
F449R,0.525596074
F449S,0.226809387
F449T,0.313952017
F449V,0.380386836
F449W,0.435880836
F449Y,1.251409962
F460A,-0.013171218
F460C,0.494019759
F460D,-0.274225063
F460E,0.04750009
F460G,-0.072121263
F460H,0.580434214
F460I,0.12533196
F460K,-0.497359274
F460L,0.44470354
F460M,0.791109122
F460P,-0.457132138
F460Q,-0.314424687
F460R,-0.077351575
F460S,-0.155233556
F460T,0.342703549
F460V,0.620643658
F460W,0.469691945
F460Y,0.423587803
F74A,0.990261132
F74C,1.107755347
F74D,1.265649419
F74E,1.077162067
F74G,1.011828342
F74I,1.292163163
F74K,1.021954165
F74L,1.088418455
F74M,1.316285829
F74N,1.111335137
F74P,0.806181599
F74Q,0.977977832
F74R,0.965178614
F74S,0.986653541
F74T,1.356427298
F74V,1.26496376
F74W,0.898532109
F74Y,1.033768361
F95A,0.770716487
F95C,0.520777696
F95D,-0.039648414
F95E,0.041485165
F95G,-0.474637933
F95H,0.622957349
F95I,0.574579992
F95K,-0.252553693
F95L,0.579119971
F95M,0.8513996
F95N,0.919984838
F95P,-0.30747596
F95Q,0.280971855
F95R,-0.095051584
F95S,0.460172946
F95T,0.748081881
F95V,0.543478751
F95W,0.955163002
F95Y,0.902161611
G104A,1.032175713
G104C,0.953713009
G104D,0.828851608
G104E,0.603980365
G104F,0.637447971
G104H,1.003931427
G104I,0.871977001
G104K,1.131644221
G104L,1.027669853
G104M,1.064245757
G104N,1.006143748
G104P,1.03538836
G104Q,1.049887497
G104R,1.020567221
G104S,1.021480079
G104T,1.166832331
G104V,1.079943374
G104W,1.106494739
G104Y,0.761681423
G109A,0.796439723
G109D,-0.049370893
G109E,-0.165354814
G109F,-0.471514498
G109H,-0.061500691
G109K,0.021699451
G109L,-0.172785318
G109N,-0.279592239
G109Q,0.464844945
G109R,-0.063102506
G109S,1.241543297
G109T,0.240945804
G109V,0.004046313
G109W,-0.327330639
G109Y,-0.034347386
G116A,1.245494483
G116C,0.863061908
G116D,1.300735322
G116E,0.017731616
G116F,-0.53296863
G116H,0.656187684
G116I,0.567828827
G116K,-0.264827114
G116L,0.71490985
G116M,0.505295456
G116N,1.164104402
G116P,0.084388588
G116R,0.016104788
G116S,1.145994089
G116T,1.159707757
G116V,1.171523194
G116W,0.190041767
G156A,0.987834407
G156C,0.599656209
G156D,0.372040913
G156E,0.122300717
G156F,-0.166291067
G156I,0.129509023
G156K,-0.136114265
G156L,-0.019400186
G156M,-0.178788173
G156N,0.372133389
G156R,-0.077529776
G156S,1.109014159
G156T,0.194456929
G156V,-0.003297344
G156W,0.050660093
G156Y,0.614910766
G169A,-0.009694467
G169C,-0.365979066
G169D,-0.059104871
G169E,0.03702225
G169F,0.518902842
G169H,0.14650181
G169I,0.058640867
G169K,-0.147578442
G169L,-0.248938015
G169M,0.044611806
G169P,0.406085077
G169Q,0.036533964
G169R,0.182552776
G169S,0.096267289
G169T,0.296393412
G169V,0.58633826
G169W,0.249184546
G169Y,0.297472505
G197A,1.114428418
G197C,0.878265714
G197D,0.313255722
G197E,-0.171722678
G197H,0.278932449
G197I,0.149552802
G197K,0.564029896
G197L,-0.316648496
G197P,0.04025854
G197Q,-0.407969857
G197R,-0.084018892
G197S,0.943074184
G197T,-0.040444868
G197V,-0.326732798
G197W,-0.113017882
G197Y,0.124560127
G200A,1.047187797
G200C,-0.306059508
G200D,0.262407926
G200E,-0.559212503
G200F,0.315300482
G200H,-0.422771449
G200I,-0.102215918
G200K,0.012995715
G200L,0.447051607
G200Q,0.426621854
G200R,0.244400271
G200S,1.093823557
G200V,-0.227484291
G200W,0.207050245
G203A,-0.094136099
G203C,-0.128797502
G203D,-0.074644677
G203E,-0.157641686
G203F,0.440471037
G203H,-0.083012997
G203I,0.108214451
G203K,-0.006205161
G203L,0.240980659
G203M,-0.047978688
G203N,-0.06628425
G203P,-0.059033425
G203Q,-0.067303854
G203R,-0.276670095
G203S,-0.000891865
G203T,-0.029832034
G203V,-0.122735502
G203W,-0.057933827
G203Y,-0.351755304
G214A,1.07896547
G214C,0.802102274
G214D,0.87252718
G214E,0.955160403
G214F,1.040893998
G214K,0.721770018
G214L,0.834846834
G214M,0.379158792
G214N,1.153259919
G214P,0.905923376
G214Q,0.81592619
G214R,0.974552774
G214S,0.965231754
G214T,0.760922031
G214V,0.575979924
G214W,0.938277602
G214Y,0.954272831
G231A,0.799542797
G231C,0.671403079
G231D,0.873102333
G231E,0.66458018
G231F,0.443370241
G231H,0.911333659
G231I,-0.441145277
G231K,0.895374027
G231L,0.945872459
G231M,0.766982562
G231N,0.862549127
G231P,0.128671944
G231Q,0.768669994
G231R,0.847742828
G231S,0.879710759
G231T,0.751626233
G231V,0.352040625
G231W,0.32301793
G231Y,0.809208995
G240A,1.092900666
G240C,0.636835987
G240D,-0.502436693
G240E,0.01407848
G240H,1.20454652
G240K,0.059827237
G240L,0.222260617
G240M,0.257118379
G240N,1.561869554
G240P,0.304764691
G240Q,0.18846625
G240R,-0.536364037
G240S,0.598987122
G240T,0.935096468
G240V,-0.287977536
G240W,0.115259145
G259A,0.707815078
G259C,0.639448142
G259D,-0.238361326
G259E,-0.1278877
G259F,-0.552326348
G259I,-0.184405574
G259L,-0.282977259
G259N,0.209525171
G259P,0.345380853
G259Q,0.348528695
G259R,-0.261243307
G259S,0.899104894
G259T,0.078564104
G259V,-0.486901761
G259W,0.315291643
G259Y,0.146786326
G288A,0.814519926
G288C,0.411755507
G288D,-0.304474384
G288E,0.190374083
G288F,0.285437766
G288H,0.201428465
G288K,0.187316156
G288L,-0.282246719
G288M,-0.039143351
G288N,-0.17954994
G288P,0.11897725
G288Q,-0.198912495
G288R,-0.118592886
G288S,0.531194507
G288T,0.437031701
G288V,0.036268596
G288W,0.05462429
G288Y,-0.112865877
G361A,1.261141722
G361C,1.210720403
G361D,1.167262544
G361E,1.198955363
G361F,0.77236183
G361H,1.230196444
G361L,1.041995763
G361N,1.217864713
G361P,0.520607883
G361Q,1.010372231
G361R,1.102877557
G361S,1.18578601
G361T,1.165682652
G361V,0.54763897
G361W,1.000829209
G361Y,1.006318608
G393A,0.684816067
G393C,0.5559169
G393D,0.821281113
G393E,0.748017879
G393F,0.548118492
G393H,0.631097434
G393I,0.812912654
G393K,0.768869074
G393L,0.393958038
G393M,-0.057612345
G393N,0.541273877
G393P,0.016128217
G393Q,0.734982932
G393R,0.675947312
G393S,0.397750294
G393T,0.928006217
G393V,0.254603417
G393W,0.288319803
G393Y,0.312661538
G394A,0.907328228
G394C,0.913108555
G394D,0.446034933
G394E,0.819618159
G394F,0.911656562
G394H,0.427325546
G394I,0.31068966
G394L,0.771462129
G394M,0.718233974
G394N,0.802176956
G394P,0.737354344
G394Q,0.37252614
G394R,0.831077369
G394S,0.947507209
G394T,1.011860343
G394V,0.610928341
G394W,0.656673704
G418A,0.325303499
G418C,0.383892393
G418D,-0.119358829
G418E,-0.383400229
G418F,0.23396932
G418H,-0.533669172
G418I,0.464317657
G418L,-0.074242164
G418M,0.016955357
G418N,-0.016706934
G418P,0.0927312
G418R,-0.00999702
G418S,0.116789567
G418T,-0.14308209
G418V,-0.057852135
G418W,0.191994863
G418Y,-0.012297311
G419A,0.895684187
G419C,0.682122128
G419D,0.716645932
G419E,1.169107838
G419F,0.335905149
G419H,1.008750551
G419I,0.593669825
G419K,1.058394792
G419L,1.149992893
G419M,1.336923522
G419N,1.055055113
G419P,-0.251691009
G419Q,0.943709274
G419R,1.047588823
G419S,0.871944141
G419T,0.662970082
G419V,0.511348442
G419W,0.562905254
G419Y,0.640696043
G451A,1.033057725
G451C,1.308277607
G451D,0.077880717
G451E,0.079670923
G451F,-0.177274116
G451H,-0.165279806
G451I,0.654051433
G451L,0.720785002
G451P,0.306259418
G451Q,0.647740098
G451R,0.216329571
G451S,0.436693044
G451T,0.026181322
G451V,0.154516649
G451W,0.237440702
G451Y,-0.218926326
G4A,1.225715219
G4C,1.279590467
G4D,1.196209592
G4E,1.306428623
G4F,1.321251157
G4H,1.319890111
G4I,1.26569424
G4K,1.286735472
G4L,1.217274628
G4M,1.225834761
G4N,1.207370128
G4P,1.098643086
G4Q,1.459944527
G4R,1.222296546
G4S,1.143311422
G4T,1.266784542
G4V,1.19134614
G4W,1.179095177
G4Y,1.403452935
G54A,1.073517596
G54C,0.828346829
G54D,1.204555922
G54E,1.116944911
G54F,1.014644973
G54H,0.926680491
G54K,0.740541496
G54L,0.760116991
G54M,0.809778704
G54N,1.026973502
G54P,0.786507695
G54Q,0.877434201
G54R,0.810225476
G54S,1.007011826
G54T,0.032282117
G54V,-0.38781066
G54W,-0.072590249
G5A,0.729301941
G5C,0.805343668
G5D,0.992073664
G5E,1.162335198
G5F,0.944575923
G5H,0.514840047
G5I,1.118319738
G5K,1.249936522
G5L,0.597814743
G5M,1.182539063
G5N,1.272697389
G5P,0.450398276
G5Q,0.248195742
G5R,1.024705948
G5S,1.110854934
G5T,1.119512997
G5V,0.836846507
G5W,1.019365993
G5Y,1.007711142
G8A,1.236782693
G8C,1.304576969
G8D,1.174060074
G8E,1.314868647
G8F,1.328221614
G8H,1.371073409
G8I,1.396505709
G8K,1.323702747
G8L,1.257575858
G8M,1.269113591
G8N,1.406378289
G8P,1.150851277
G8Q,1.245104274
G8R,1.251801026
G8S,1.296811499
G8T,1.337892456
G8V,1.316182662
G8W,1.207094499
G8Y,1.441271811
G96A,0.962021576
G96C,0.456522787
G96D,0.686141756
G96E,1.016177177
G96F,0.381489545
G96I,0.788122684
G96K,0.350659164
G96L,0.730146541
G96M,0.620223906
G96N,0.68001405
G96Q,0.008240978
G96R,-0.151737356
G96S,0.888974192
G96T,1.179624689
G96V,1.128957101
G96W,0.070310051
G96Y,0.661107544
H107A,0.134116842
H107C,0.442773342
H107D,0.132485179
H107E,-0.091862661
H107G,-0.110059941
H107I,0.445894345
H107L,0.023007823
H107M,0.35884843
H107N,-0.434398489
H107P,-0.373180071
H107Q,0.199486652
H107R,-0.389640158
H107S,-0.585805991
H107T,0.178387048
H107V,0.009964008
H107W,-0.362441745
H159D,-0.231387785
H159E,0.554789326
H159F,-0.364390011
H159G,-0.094322562
H159K,0.654235648
H159L,-0.078636468
H159M,-0.006221151
H159Q,0.157229674
H159R,0.090393679
H159S,-0.489826664
H159T,0.022502889
H159V,0.211365875
H159W,-0.345567847
H159Y,-0.364933793
H217A,0.946287225
H217C,0.891255234
H217D,0.766614009
H217E,0.849392404
H217F,1.233747647
H217G,0.970890174
H217I,0.906452199
H217K,0.617691145
H217L,0.992264854
H217M,0.906528983
H217N,0.92775762
H217P,0.787283903
H217Q,1.006296499
H217R,0.967198853
H217S,1.065665406
H217T,1.024373989
H217V,0.95825405
H217W,0.978489101
H217Y,1.251453271
H263G,0.569279604
H263I,0.646672891
H263K,-0.057308379
H263L,0.020661507
H263M,0.583479674
H263N,1.343168789
H263P,0.03380397
H263Q,-0.117477782
H263R,0.164685059
H263S,0.918098741
H263T,1.051053655
H263V,0.59822414
H263W,0.699925501
H263Y,0.270530789
H310A,0.748822545
H310C,0.649849188
H310D,0.010695291
H310E,-0.141905317
H310F,0.648767626
H310G,0.647688347
H310I,1.007301675
H310K,0.964343542
H310L,0.896060439
H310M,0.744896909
H310N,0.814530788
H310P,-0.063389169
H310Q,0.438087165
H310R,1.068917551
H310S,0.84085098
H310T,0.715049026
H310V,0.895519327
H310W,0.508627222
H310Y,0.793180272
H400A,0.166394668
H400C,0.068719598
H400D,-0.222719127
H400E,0.194989996
H400F,-0.151831639
H400G,0.073018134
H400I,0.298630895
H400K,-0.289711644
H400L,0.248089008
H400M,0.152326585
H400N,-0.286020092
H400P,0.118795531
H400Q,-0.230094256
H400R,0.095578176
H400S,-0.05217974
H400T,-0.150324296
H400V,0.333920101
H400W,-0.363457882
H400Y,0.221037926
H437A,1.094020608
H437C,0.945370192
H437E,0.472200687
H437F,0.542541596
H437G,0.570351744
H437I,1.216623839
H437K,1.092745455
H437L,0.420169599
H437M,0.236989248
H437N,0.685111037
H437P,-0.210177879
H437Q,1.008995951
H437R,0.846196879
H437S,0.821675079
H437T,0.687244985
H437V,0.912869314
H437W,1.001119256
H437Y,0.708262266
H442A,1.106071634
H442C,1.053721997
H442D,1.113091043
H442E,1.02532887
H442F,1.603752848
H442G,1.047953815
H442K,0.675284065
H442L,0.909827206
H442M,1.677583635
H442N,0.977073508
H442P,0.679542258
H442Q,1.031868859
H442R,0.932946524
H442S,0.799577193
H442T,1.145368784
H442V,1.049586735
H442W,1.115971972
H442Y,0.888263265
H7A,0.824357213
H7C,0.850756181
H7D,0.723311334
H7E,0.684935892
H7F,0.828838839
H7G,0.215422667
H7I,0.920188158
H7K,1.175951079
H7L,1.013354513
H7M,1.197951086
H7N,1.051330316
H7P,0.988532875
H7Q,1.168483252
H7R,1.012952992
H7S,0.965042395
H7T,1.170302322
H7V,0.875103373
H7W,0.872073998
H7Y,1.030958699
H86A,-0.153840457
H86C,-0.72857596
H86D,-0.178505739
H86F,-0.114417783
H86G,-0.136803034
H86I,-0.13516255
H86K,-0.722918234
H86L,-0.084947245
H86M,0.335826474
H86N,-0.07028664
H86P,-0.122244614
H86Q,0.716251835
H86R,-0.530918773
H86S,0.049306253
H86T,0.356165154
H86V,-0.79163618
H86W,-0.521182615
H86Y,-0.662968487
H91A,1.141981601
H91C,0.8566421
H91D,0.267973215
H91E,0.768252189
H91F,0.987421935
H91G,0.966506107
H91I,-0.20282388
H91K,-0.282193072
H91L,0.815400968
H91M,0.857543827
H91N,1.067994515
H91P,0.407470213
H91Q,1.286623203
H91R,0.277193234
H91S,1.038223947
H91T,0.228596814
H91V,0.439671786
H91W,0.549548829
H91Y,0.679389391
H93A,1.218332848
H93C,1.163759316
H93D,1.180800918
H93E,1.151965236
H93F,0.787526339
H93G,1.05363022
H93I,0.515037816
H93K,1.203793188
H93L,0.454899234
H93M,0.84540624
H93N,1.039425754
H93P,-0.031425082
H93Q,1.055277154
H93R,1.043521579
H93S,1.154068575
H93T,1.276024329
H93V,1.144562315
H93W,1.152725132
H93Y,1.193377266
H97A,1.015748979
H97D,1.064259042
H97E,0.811700504
H97F,0.96606166
H97G,0.918395794
H97I,1.121457823
H97K,1.064017295
H97L,1.071307468
H97M,0.982248613
H97N,0.955479516
H97P,-0.248193388
H97Q,1.018250773
H97R,0.901636391
H97S,0.904656093
H97T,0.894806641
H97V,1.214437087
H97W,0.938045035
H97Y,0.924672572
I105A,1.080325967
I105C,1.057517779
I105D,0.594887337
I105E,0.427350715
I105F,0.929117337
I105G,0.816775971
I105H,0.976576807
I105K,1.281421259
I105L,1.036250243
I105M,1.033217359
I105N,1.052686292
I105Q,1.006024926
I105R,1.140799176
I105S,1.197697205
I105T,0.850948234
I105V,1.160960166
I105W,0.785685259
I105Y,0.86003901
I106A,0.678448648
I106C,0.789797726
I106D,-0.485400546
I106E,-0.867414953
I106F,0.736182033
I106G,-0.288516622
I106H,0.283322502
I106K,0.023160595
I106L,0.711924256
I106M,0.785617992
I106N,-0.177711136
I106Q,0.516172966
I106S,0.346657343
I106T,0.585230212
I106V,1.080598208
I106W,0.516968247
I122A,0.019338191
I122C,0.731854164
I122F,0.842354376
I122G,-0.252748195
I122K,-0.323788032
I122L,1.149230756
I122M,0.797146121
I122N,0.338903829
I122R,-0.465629833
I122S,-0.085722193
I122T,0.262483014
I122V,0.898244286
I122Y,0.997668744
I123C,0.796557046
I123D,-0.695843351
I123E,0.663251272
I123F,0.013836403
I123G,0.812412216
I123H,0.906485249
I123K,0.306126394
I123L,1.05676542
I123P,0.212281475
I123R,0.68314416
I123S,1.089096909
I123V,0.932090964
I123W,-0.081145738
I139A,0.763261124
I139D,0.083936878
I139E,0.090490313
I139F,-0.796620244
I139G,0.64080695
I139H,-0.415316591
I139K,0.463915635
I139L,1.096547136
I139M,0.696987474
I139N,1.235277529
I139Q,0.108904183
I139R,0.310921694
I139S,0.715533086
I139T,0.888621472
I139V,0.974690961
I139W,-0.246454467
I176A,0.843813446
I176C,0.963629736
I176D,0.460711034
I176E,0.542084373
I176F,0.097285524
I176G,0.097981542
I176K,0.300681644
I176L,1.125981163
I176M,1.133082853
I176N,0.745078286
I176P,-0.196702343
I176Q,0.347861158
I176R,-0.333188998
I176S,0.403068193
I176T,0.648622642
I176V,0.924308741
I176W,-0.17305347
I176Y,0.217610911
I237A,0.864080409
I237C,0.879267453
I237D,0.020022969
I237E,0.696808922
I237F,0.893029221
I237G,0.544498327
I237H,0.837519721
I237K,0.838093681
I237L,0.944352622
I237M,1.051980222
I237N,0.856651652
I237P,0.661903349
I237Q,0.620340458
I237R,0.852169114
I237S,0.650969155
I237T,0.69396743
I237V,0.883078323
I237W,0.692754235
I237Y,0.919637798
I238A,0.588301745
I238E,-0.573435321
I238F,0.013679621
I238G,0.483257922
I238H,0.573870125
I238K,-0.167533948
I238L,0.634862376
I238M,0.76332881
I238N,0.586171506
I238P,0.230525152
I238Q,0.414274301
I238R,-0.037865929
I238S,0.449686114
I238T,0.67697317
I238V,0.996511167
I238W,-0.234175962
I249A,1.051354927
I249C,0.446952427
I249E,-0.255570175
I249F,0.78191285
I249G,0.596458641
I249K,0.737389789
I249L,0.804609818
I249M,0.728806528
I249N,0.485709449
I249P,0.015041144
I249Q,0.208036778
I249R,-0.309110254
I249S,0.431956462
I249T,0.781109817
I249V,0.90772108
I249W,-0.047802761
I249Y,0.522128196
I265A,1.097315428
I265C,1.229575623
I265D,-0.231679257
I265E,0.308205458
I265F,1.176989294
I265G,0.289936187
I265H,0.714770258
I265K,0.592376791
I265L,1.300807011
I265M,1.309087149
I265N,0.237000521
I265P,-3.07E-05
I265Q,1.266302641
I265R,-0.009405528
I265S,1.064904968
I265T,0.994504144
I265V,0.994033716
I265W,1.114821726
I265Y,1.16898643
I269A,0.002012925
I269C,0.490627538
I269D,0.005520955
I269E,0.445773171
I269G,0.391536603
I269H,0.527646251
I269L,0.53655194
I269M,0.494813345
I269N,0.185004177
I269P,-0.035704587
I269Q,-0.024965107
I269R,0.281390666
I269S,0.003767136
I269T,0.830444939
I269V,1.086296918
I269W,1.353279942
I269Y,-0.141828069
I287A,0.94013961
I287C,1.008098726
I287D,0.119646456
I287E,-0.103425549
I287F,-0.046525953
I287G,-0.107328543
I287H,0.427221776
I287K,0.050696719
I287L,0.722278895
I287M,0.722024804
I287N,0.347431404
I287P,-0.264670833
I287Q,0.300758804
I287R,-0.096969233
I287S,0.468084406
I287T,1.08964548
I287V,0.40630928
I287W,0.205446205
I287Y,0.143336564
I339A,0.858106481
I339C,1.121370571
I339D,0.385871215
I339F,1.128977602
I339G,0.242447261
I339H,0.887471156
I339K,0.89677592
I339L,0.971562252
I339M,0.851380009
I339N,0.944748977
I339P,-0.178102775
I339Q,1.331884414
I339R,-0.077460906
I339S,1.304222639
I339T,1.138394418
I339V,1.094554366
I339W,-0.145967203
I339Y,0.151808416
I351A,0.904717691
I351C,0.878635615
I351D,-0.001320698
I351E,0.143091902
I351F,0.452867546
I351G,0.089255632
I351H,0.74915704
I351K,0.841648611
I351L,1.101504199
I351M,1.173050099
I351N,-0.395705523
I351P,0.200043522
I351Q,0.331437364
I351R,-0.255837099
I351S,0.40024712
I351T,1.23043442
I351V,0.966207332
I351W,0.076874663
I351Y,-0.350364113
I358A,1.304571864
I358C,1.127037349
I358D,0.751257265
I358E,0.308478442
I358F,1.180652651
I358G,0.433986662
I358H,-0.322743869
I358K,0.94775812
I358L,1.172082568
I358M,1.312854628
I358N,0.993175908
I358P,0.063278288
I358Q,0.762004136
I358R,0.182254786
I358S,0.990803634
I358T,1.055646304
I358V,0.908517104
I358W,0.115015847
I369A,0.992940658
I369C,0.981659025
I369D,0.052310984
I369E,0.02942116
I369F,0.24161971
I369G,0.853233094
I369H,-0.027448595
I369K,0.756191985
I369L,0.882959543
I369M,1.013751424
I369N,0.884537823
I369P,0.246096628
I369Q,0.67153647
I369R,0.041272076
I369S,0.995753037
I369T,0.822864472
I369V,0.977816288
I369W,0.366250702
I369Y,-0.104343958
I373A,0.544347014
I373C,0.558118897
I373D,-0.327847161
I373E,0.066855011
I373F,0.268355967
I373G,0.084624677
I373H,0.300345593
I373K,0.169524095
I373L,1.093176032
I373M,0.959768067
I373N,0.519694227
I373P,-0.025138953
I373Q,-0.367315092
I373R,0.094926021
I373S,0.060201984
I373T,0.391408702
I373V,0.915070062
I373W,0.201823162
I373Y,0.24451274
I385A,-0.270378412
I385C,0.7347963
I385D,0.13830294
I385E,0.354281516
I385F,0.683702131
I385G,-0.090565982
I385H,0.416150402
I385K,-0.021404914
I385L,1.224837136
I385M,0.63443953
I385N,0.442685741
I385P,0.468624206
I385Q,-0.145307505
I385R,-0.069012829
I385S,0.128323253
I385T,0.375906877
I385V,1.085384069
I385W,0.103415439
I385Y,1.027647309
I386A,0.535938178
I386C,0.822052277
I386D,-0.061269909
I386E,0.05880206
I386F,-0.153200124
I386G,0.390792319
I386H,0.608414115
I386K,-0.105865529
I386L,0.033825684
I386M,0.071350031
I386N,0.923452642
I386P,-0.572354938
I386Q,0.663256654
I386R,-0.139918229
I386S,0.413090203
I386T,1.068281475
I386V,1.123934608
I386W,-0.072644554
I386Y,0.082837714
I403D,0.096835669
I403E,0.370330907
I403F,0.69619664
I403G,0.424885184
I403L,-0.066232848
I403M,0.973019785
I403N,0.526296427
I403P,-0.167684136
I403Q,0.224210645
I403R,-0.50895984
I403S,0.247220074
I403T,0.690318784
I403V,1.039024611
I403Y,0.31451115
I424A,1.212924423
I424C,1.138683912
I424D,0.550629863
I424E,1.036012754
I424F,0.883959689
I424G,1.005120116
I424H,1.018055528
I424K,1.118652372
I424L,1.06029108
I424M,1.156870492
I424N,0.779119945
I424P,0.900597285
I424Q,1.115072897
I424R,1.144318872
I424S,1.045671994
I424T,1.025613793
I424V,1.19808682
I424W,0.985998201
I424Y,1.195370887
I427A,0.897985461
I427C,0.814544027
I427D,-0.638384906
I427E,0.144073213
I427F,1.085818392
I427G,0.060965597
I427H,0.365692223
I427K,0.33209909
I427L,1.067918381
I427M,0.934208485
I427N,0.362433556
I427P,0.064606396
I427Q,0.776254742
I427R,0.309233214
I427S,0.349561598
I427T,0.425493075
I427V,1.071118945
I436A,0.178339737
I436C,0.043437288
I436D,0.08508499
I436E,0.160339979
I436F,0.073858921
I436G,0.047983142
I436H,0.36368675
I436K,0.066781062
I436L,0.722403495
I436M,0.55896097
I436N,0.24959705
I436P,0.129173737
I436Q,0.115444908
I436R,0.063464917
I436S,0.10893044
I436T,0.476634283
I436V,0.707770803
I436W,0.380703063
I436Y,0.495259569
I57A,0.301108839
I57C,0.462515134
I57D,0.439208752
I57E,-0.020655185
I57F,0.715261875
I57G,0.300631558
I57H,0.80927394
I57K,-0.664559126
I57L,0.585579208
I57M,0.41484692
I57N,-0.037155645
I57P,-0.071979721
I57Q,-0.152319052
I57R,-0.292553708
I57S,-0.100869333
I57T,0.269317085
I57V,0.790933571
I57Y,0.439156187
I62A,0.167438126
I62C,0.817852238
I62D,0.316109899
I62E,0.039135367
I62F,0.53981504
I62G,-0.270820754
I62H,0.229221488
I62K,0.344542815
I62L,1.043473935
I62M,0.833479973
I62N,0.508133658
I62P,-0.217201298
I62Q,0.597638079
I62R,0.439711994
I62S,-0.038258888
I62T,0.677299038
I62V,0.896216321
I62W,0.418117422
I62Y,0.360301882
I72A,0.588246266
I72C,0.965202627
I72D,0.654055807
I72E,0.960765487
I72F,0.932458353
I72G,0.60852498
I72H,0.562487952
I72K,-0.098601416
I72L,0.992089144
I72M,0.967578109
I72N,0.95497646
I72P,0.788722031
I72Q,1.16159719
I72R,0.288461699
I72S,0.619497193
I72T,0.644119354
I72V,0.862483636
I72W,1.089194022
I72Y,1.039072124
K101A,0.83191957
K101C,0.848989452
K101D,1.055339529
K101E,1.245877447
K101F,0.886497516
K101G,0.979436101
K101H,0.839096605
K101I,0.969470886
K101L,1.205415886
K101M,1.024637293
K101N,0.795106565
K101Q,0.938581167
K101R,0.955015952
K101S,0.94712871
K101T,0.995992495
K101V,1.003372149
K101W,0.856869117
K101Y,0.635049574
K134A,0.950812985
K134C,0.908339409
K134D,1.494107983
K134E,0.836400871
K134F,0.501537413
K134G,1.011596122
K134H,1.133768684
K134I,0.623964723
K134L,1.048498885
K134N,1.124708894
K134Q,1.604170024
K134R,0.87890484
K134S,0.745410721
K134T,1.221024601
K134V,0.790250751
K134W,1.038488687
K147A,1.070391763
K147C,0.728135906
K147D,0.92397194
K147E,0.981748518
K147F,0.864110855
K147G,0.875897084
K147H,0.824667588
K147I,0.871612908
K147L,0.935672463
K147M,0.997220009
K147N,1.155688545
K147Q,1.117279426
K147R,1.012131311
K147S,0.888478537
K147T,1.027984773
K147V,1.006704422
K147W,0.844347721
K147Y,1.145766127
K170A,0.583200697
K170C,0.590336958
K170D,0.496606653
K170E,-0.014293488
K170F,0.55771619
K170G,0.184536398
K170H,0.939236773
K170I,0.016481211
K170L,0.705454944
K170M,0.822478274
K170N,-0.061481314
K170P,-0.181835905
K170Q,0.377349812
K170R,1.156259904
K170S,0.073308032
K170T,0.011994641
K170V,-0.053415753
K170W,-0.145385063
K170Y,-0.378812233
K187A,1.208381538
K187C,0.879146245
K187E,0.765564182
K187F,0.754487564
K187G,1.051886951
K187I,1.442223151
K187L,0.675279249
K187M,0.997632579
K187N,0.755975654
K187Q,1.086210849
K187R,1.104957761
K187S,0.972793481
K187V,0.90950845
K187W,0.979212685
K187Y,0.929187189
K199A,1.151768103
K199C,0.468485625
K199D,0.105844072
K199E,-0.401493981
K199G,0.746222778
K199I,-0.405180134
K199L,0.538973962
K199M,-0.007063323
K199Q,0.258551653
K199R,0.191910959
K199S,1.037021274
K199T,0.419493937
K199V,0.236429615
K218A,0.896998231
K218D,0.327554198
K218E,1.130756072
K218F,0.847800491
K218G,0.906306799
K218I,0.437016529
K218M,0.830336148
K218Q,0.89326264
K218R,1.096888542
K218S,0.93927985
K218T,0.646357127
K218V,0.598567702
K218W,0.895680921
K218Y,1.462770818
K224A,1.113661507
K224C,0.819414791
K224D,1.233984307
K224E,0.884788478
K224F,1.052573713
K224G,0.966711648
K224I,0.764417707
K224L,1.023753494
K224M,0.818102235
K224N,0.724367515
K224Q,0.737230903
K224R,0.921456229
K224S,0.799791296
K224T,1.125739755
K224V,0.912807129
K224W,0.849452578
K224Y,1.240529315
K229A,0.648237013
K229C,0.944421906
K229D,0.467057385
K229E,0.113073131
K229G,-0.246663474
K229H,0.595860902
K229I,-0.099005531
K229L,0.707449053
K229M,0.739633613
K229N,-0.027466323
K229P,-0.027496197
K229Q,0.810584492
K229R,0.59841899
K229S,1.092988921
K229T,0.232024423
K229V,0.084858627
K229W,0.386471798
K233A,1.010994153
K233C,0.915678202
K233D,0.922185298
K233E,0.960701353
K233F,0.898719266
K233G,0.963493552
K233H,0.858522523
K233I,0.761407873
K233L,0.841204292
K233M,1.174705241
K233N,1.146081042
K233P,1.352400182
K233Q,0.648167442
K233R,1.083074025
K233S,1.029192941
K233T,0.724109552
K233V,1.067260468
K233W,0.801269705
K233Y,0.381912017
K246A,-0.005250583
K246C,-0.070445643
K246D,-0.418489208
K246E,0.175534354
K246F,-0.102848344
K246G,-0.004638417
K246H,0.451703569
K246I,-0.40841067
K246L,-0.020390676
K246M,-0.054583087
K246N,-0.137098326
K246P,-0.295611274
K246Q,-0.003755029
K246R,0.542611173
K246S,-0.073143854
K246T,0.138324945
K246V,-0.001716297
K246W,0.18049173
K246Y,0.03830624
K264A,0.840389449
K264C,0.478929529
K264D,0.119190535
K264E,-0.207567221
K264F,0.07746061
K264G,0.144315883
K264I,-0.221919354
K264L,0.206869311
K264M,-0.112482523
K264P,0.124795043
K264Q,-0.181697862
K264R,1.065609237
K264S,0.313941959
K264T,-0.260160493
K264V,-0.036265575
K264W,0.038806025
K264Y,0.186507922
K276A,0.243677518
K276C,0.080687563
K276D,0.769417516
K276E,0.383944113
K276F,0.821721709
K276G,0.787975759
K276H,0.608027952
K276I,0.369389313
K276L,0.669441943
K276M,0.383486035
K276N,0.489886304
K276P,-0.114831323
K276Q,0.304207363
K276R,0.594612679
K276S,0.233090578
K276T,0.678669798
K276V,0.380797787
K276W,0.120053084
K276Y,0.85097101
K284A,0.729389358
K284C,1.1137916
K284D,1.061116163
K284E,0.834726703
K284F,1.061889992
K284G,1.185238116
K284H,0.94211458
K284I,1.309658916
K284L,1.029948645
K284M,1.040277932
K284N,1.028644987
K284P,0.771423419
K284Q,0.927070923
K284R,0.990506828
K284S,1.011306943
K284T,1.092735278
K284V,0.928310931
K284W,1.179697093
K284Y,1.402721436
K295A,0.039017821
K295C,0.828274545
K295F,-0.358844295
K295G,-0.274925998
K295H,0.409803001
K295I,-0.347046758
K295L,0.186476421
K295N,-0.006027271
K295P,0.403204081
K295Q,-0.164276112
K295R,0.126868872
K295S,0.487346696
K295T,-0.182434569
K295V,-0.240351986
K295W,0.337476093
K295Y,-0.112591186
K35A,1.005782589
K35C,0.908463112
K35D,0.025390809
K35E,0.856080064
K35F,0.465399938
K35G,0.428052115
K35H,1.007841776
K35I,0.808742087
K35L,0.972789985
K35M,0.968346776
K35N,1.020469797
K35P,0.237555398
K35Q,1.238843043
K35R,1.095583561
K35S,0.677346473
K35T,0.866395273
K35V,1.165433625
K35Y,0.485876765
K367A,1.218021847
K367C,0.636243112
K367D,0.048374444
K367E,0.548678906
K367F,0.446195419
K367G,0.826105615
K367H,0.730514957
K367I,-0.029923138
K367L,0.100592469
K367M,0.567433897
K367N,1.094032952
K367P,0.519260355
K367Q,0.968786826
K367R,0.934404176
K367S,0.91108114
K367T,0.103122561
K367V,-0.017788235
K367W,0.463904808
K367Y,0.584504419
K391D,0.082267573
K391E,0.95817088
K391G,1.164660787
K391H,1.161212692
K391L,0.32408863
K391M,0.489261143
K391P,0.895360129
K391Q,1.13832415
K391R,1.185605171
K391S,1.104969001
K391T,0.964754251
K391V,0.629127349
K391Y,1.090743887
K402A,0.60874044
K402C,-0.301899505
K402D,0.544704859
K402E,0.348978935
K402G,0.030351237
K402H,0.364975148
K402I,0.616704925
K402L,0.821393869
K402M,0.93428666
K402P,0.151788116
K402Q,0.712357735
K402R,1.166197982
K402S,0.536216747
K402T,0.171146757
K402V,0.258623861
K402W,-0.409371997
K402Y,0.614821445
K415A,0.775735814
K415C,0.697897761
K415D,0.136859835
K415E,0.503173374
K415F,0.343727807
K415G,0.000678004
K415H,0.000425327
K415I,0.77403428
K415L,0.574327511
K415M,0.66784334
K415N,0.202664483
K415P,0.151486233
K415Q,0.414943814
K415R,0.655090375
K415S,0.565465073
K415T,0.625311102
K415V,0.888159189
K415W,-0.244731315
K415Y,0.564440238
K470A,1.085971602
K470C,1.134560978
K470D,1.167160899
K470E,1.157423266
K470F,0.994350786
K470G,1.070660896
K470H,0.98950853
K470I,0.573356017
K470L,1.126489887
K470M,1.011108874
K470N,1.057410191
K470P,0.338425553
K470Q,1.044854151
K470R,1.090965552
K470S,1.187495414
K470T,1.081719476
K470V,0.878238779
K470W,1.016074212
K470Y,1.189525618
K477A,0.887312406
K477C,0.902680897
K477D,0.536397497
K477E,1.290689954
K477F,1.117065288
K477G,0.871073857
K477H,0.636176253
K477I,1.21897303
K477L,1.129150992
K477M,1.056632898
K477P,1.401242356
K477Q,1.187059468
K477R,1.032621977
K477S,1.009804683
K477T,1.193430932
K477V,1.331706478
K477W,0.677997956
K477Y,0.824887199
K479A,1.183446475
K479C,1.220100471
K479D,1.31366386
K479E,1.518739826
K479G,1.485086105
K479I,1.206005458
K479L,1.236546324
K479M,1.101287845
K479P,1.320151909
K479R,0.971646531
K479S,1.160244349
K479T,1.104916673
K479V,1.095114031
K479W,1.174806423
K479Y,0.868351478
K66A,0.909759491
K66C,0.884409854
K66D,0.754013461
K66E,0.824275727
K66F,0.577355921
K66G,0.749930316
K66H,0.964543434
K66I,1.079864566
K66L,0.821246641
K66M,0.74769322
K66N,1.225628404
K66P,0.432019122
K66Q,1.008207469
K66R,0.795237987
K66S,0.780201534
K66T,0.986591814
K66V,0.728420519
K66W,0.896729202
K66Y,1.043065828
K75C,1.051336451
K75E,0.934886331
K75F,0.864743618
K75G,0.877773974
K75H,0.911036102
K75I,0.986362566
K75L,0.849286972
K75M,0.984082603
K75N,1.103440745
K75P,1.039881009
K75Q,1.075848933
K75R,1.023437318
K75S,1.154608947
K75T,0.952598369
K75V,0.969659693
K75W,1.204193519
K75Y,0.823956038
K82A,0.983697605
K82C,0.93412156
K82D,1.127587507
K82E,0.984938398
K82F,0.807264932
K82G,1.100012635
K82H,0.944026353
K82I,1.214950987
K82L,1.17859553
K82M,1.029678824
K82N,1.00799283
K82P,1.090388827
K82Q,1.011724559
K82R,0.987884338
K82S,0.941568756
K82T,0.981406494
K82V,1.21827703
K82W,0.88852971
K82Y,0.726815964
L108A,1.13345585
L108C,1.178619182
L108D,-0.208345879
L108E,-0.002161249
L108F,0.964336803
L108G,0.649248457
L108H,0.81582407
L108I,1.048858792
L108K,-0.013224569
L108M,1.109706037
L108N,0.979072265
L108P,-0.014779357
L108Q,-0.173596952
L108R,-0.167576894
L108S,1.192831218
L108T,0.886826581
L108V,0.749476067
L108W,1.184948711
L108Y,0.940429994
L121A,0.997304953
L121C,1.117275751
L121D,-0.036276982
L121E,0.69821798
L121F,0.073049156
L121G,0.713815604
L121H,-0.043718111
L121I,1.03001865
L121K,0.60851258
L121M,0.845182389
L121N,0.925884604
L121Q,0.965323392
L121R,0.031451561
L121S,0.741400126
L121T,0.951018038
L121V,1.151132221
L121W,-0.751218513
L121Y,0.098123143
L124A,0.921414186
L124C,1.048340774
L124D,0.839105664
L124F,0.396271502
L124G,0.462258974
L124H,1.136793258
L124I,0.742380151
L124K,1.085474926
L124M,0.904510588
L124Q,0.658122938
L124R,-0.295701369
L124S,0.813550439
L124T,1.221655375
L124V,1.092075495
L124W,1.030737218
L124Y,0.758560372
L128A,1.039191133
L128C,0.806965851
L128E,0.646492234
L128F,0.77154365
L128G,1.089679103
L128I,0.693640097
L128K,0.416804511
L128M,0.880047533
L128N,1.351140785
L128P,-0.18086207
L128R,-0.002012983
L128S,0.95531998
L128T,0.803082403
L128V,1.00653622
L128W,0.336400078
L128Y,1.437392753
L130A,0.856821423
L130C,0.900526027
L130D,0.594049518
L130F,0.988437732
L130G,0.636039442
L130H,0.794522292
L130M,0.792730995
L130N,0.778883543
L130Q,0.58982623
L130R,0.762420105
L130S,1.060275858
L130T,0.871106342
L130V,0.989699374
L130Y,0.667991222
L131A,1.132919387
L131C,1.045764958
L131E,1.167271277
L131F,1.110128892
L131G,0.699681169
L131H,0.970703266
L131I,0.963225934
L131K,0.765978207
L131M,1.049922538
L131N,0.802635374
L131P,0.057650405
L131Q,1.158417081
L131R,-0.018012137
L131S,1.011904659
L131T,0.768692098
L131V,0.820040196
L131W,-0.373082647
L131Y,0.544386439
L132A,0.980735598
L132C,1.190601064
L132D,1.148430177
L132E,0.869749056
L132F,0.937460327
L132G,1.124185168
L132H,1.171646786
L132I,1.094745441
L132K,0.907692676
L132M,1.014259497
L132N,1.171913058
L132P,0.854943332
L132Q,1.040285976
L132R,1.101137731
L132S,1.081399268
L132T,1.063163468
L132V,1.057396135
L132W,1.211942278
L132Y,1.021339236
L135A,0.692319827
L135C,0.626391633
L135D,-0.022565499
L135E,0.738459172
L135F,1.07009163
L135G,0.714343604
L135H,0.782410516
L135I,1.121085569
L135K,0.6979333
L135M,1.286343851
L135N,0.764237581
L135P,0.704206742
L135Q,1.426870636
L135R,0.309728547
L135S,0.777659045
L135T,1.215548001
L135V,1.050209141
L135W,-0.355652309
L135Y,0.837295753
L142A,0.469110132
L142C,0.975392384
L142E,0.310952465
L142F,0.898138971
L142G,0.086086911
L142I,0.88936479
L142K,0.726339328
L142M,1.039348969
L142R,0.082905379
L142S,0.657841996
L142T,0.990874969
L142V,0.658642244
L142W,0.845144434
L142Y,0.742216015
L152A,0.991901201
L152C,1.066102722
L152E,0.932130472
L152F,0.839139069
L152G,-0.026629067
L152I,1.099146171
L152K,-0.186808935
L152M,0.81842357
L152N,0.835203696
L152R,-0.002597769
L152S,0.767398404
L152V,0.813897519
L152W,0.43498049
L155A,-0.050601422
L155C,0.188374412
L155D,-0.423721757
L155E,-0.018703394
L155F,0.592208261
L155G,0.22375445
L155H,0.892234293
L155I,0.030865563
L155K,-0.116353275
L155M,0.180492103
L155N,-0.014439511
L155P,-0.079081168
L155Q,0.020841876
L155R,-0.030218382
L155S,-0.073324627
L155T,-0.3595927
L155V,0.145828701
L155W,0.228769165
L155Y,0.339891332
L165D,0.227457434
L165K,0.344297732
L165Q,0.468002421
L165R,0.049116803
L165S,0.265511268
L165T,-0.514486424
L165V,0.963328756
L165W,-0.31180977
L174A,1.027959583
L174C,1.211672478
L174D,0.818791995
L174E,0.750930333
L174F,1.303839968
L174G,1.160135563
L174H,1.09236917
L174I,0.800984993
L174K,0.602162753
L174M,1.254497366
L174N,1.159424163
L174P,1.322597526
L174Q,1.043137039
L174R,0.159821223
L174S,1.073959122
L174T,0.842838269
L174V,1.084029625
L174W,0.940373804
L174Y,0.834696262
L179A,0.9788352
L179C,0.799272214
L179E,-0.088119338
L179F,1.097304359
L179G,0.442595658
L179K,0.484369379
L179M,0.974388267
L179N,-0.255248339
L179P,0.276685181
L179Q,0.382925062
L179R,0.108667663
L179S,0.379302455
L179T,1.021337517
L179V,0.983793405
L179W,0.124705221
L179Y,-0.306807763
L17C,1.36734299
L17G,0.618482674
L17M,1.22197156
L17N,0.843057723
L17Q,1.297497819
L17S,0.949733561
L17T,1.051592977
L17V,1.182735298
L17W,1.208852309
L183A,0.725973723
L183C,0.875032615
L183D,0.175841547
L183E,0.752822672
L183G,0.321515826
L183H,1.232161776
L183I,0.946776097
L183K,0.482877697
L183M,0.820845972
L183P,0.260531015
L183Q,0.834438581
L183R,-0.057745666
L183S,0.886851581
L183T,1.065180315
L183V,1.132581775
L183W,0.972426487
L183Y,0.692763469
L186A,0.937969341
L186C,1.129958518
L186D,-0.442390144
L186E,0.101169243
L186F,1.075259085
L186G,1.049280353
L186H,0.852369588
L186I,1.018442676
L186K,0.014263378
L186M,0.797216588
L186N,0.337939217
L186P,-0.055927751
L186Q,0.640491032
L186R,-0.04367995
L186S,0.918311745
L186T,0.975472579
L186V,0.959062283
L186W,0.998096085
L186Y,0.090810669
L193A,0.903077075
L193C,0.714406148
L193E,0.656719969
L193G,0.490107048
L193M,1.122810075
L193P,0.112211679
L193Q,0.931885094
L193R,-0.02686807
L193S,0.676959162
L193T,0.882174785
L193V,0.899904845
L193W,0.234780485
L193Y,0.774340928
L209A,1.133798955
L209C,0.647306945
L209D,1.118269344
L209E,0.866845786
L209F,0.94170568
L209G,0.781126683
L209I,1.011184981
L209K,0.795295182
L209M,0.66929943
L209N,1.354802456
L209P,-0.216951156
L209Q,1.121791643
L209R,0.698233525
L209S,0.942097111
L209T,1.020865614
L209V,1.047275155
L209W,0.984220664
L209Y,0.974234404
L211C,0.953869488
L211D,0.426719068
L211E,0.441832697
L211F,0.528791614
L211G,-0.114065548
L211H,0.563544347
L211K,-0.033943529
L211M,1.09912914
L211P,1.232529064
L211Q,0.808250392
L211R,0.263250074
L211S,0.993807706
L211T,1.203224415
L211V,1.122177641
L211W,0.622318414
L211Y,1.271203576
L222A,0.701073102
L222C,1.015004497
L222E,-0.207819635
L222F,1.052713386
L222G,0.082674003
L222H,0.048495516
L222I,0.626048142
L222K,-0.100127802
L222M,0.757455147
L222N,-0.190456898
L222P,-0.248497122
L222Q,-0.074381263
L222R,-0.383881796
L222S,0.037705706
L222T,0.174411675
L222V,1.006084861
L222W,-0.403775931
L222Y,0.092263351
L252A,1.150362809
L252C,1.029176896
L252D,0.792030102
L252E,-0.008560036
L252F,0.817409744
L252G,1.083058121
L252H,0.847038575
L252I,1.052192991
L252K,0.237850426
L252M,1.097582299
L252N,1.076542668
L252P,0.250654946
L252Q,0.801153687
L252R,-0.004927427
L252S,0.971556849
L252T,1.047946189
L252V,1.068514358
L252W,0.080846703
L252Y,0.097423016
L255A,0.854684997
L255C,1.191564864
L255E,-0.16695569
L255F,1.045972803
L255G,0.072830167
L255H,0.886232786
L255I,1.208947087
L255K,-0.012767101
L255M,0.957127564
L255N,0.446400863
L255P,-0.326862033
L255Q,0.966416654
L255R,-0.137413405
L255S,0.550574438
L255T,1.028055577
L255V,0.858549947
L255W,7.18E-05
L255Y,0.107225375
L258A,1.127561981
L258C,0.873513856
L258D,-0.067898836
L258E,0.079401281
L258F,1.220574131
L258G,-0.009036684
L258H,1.00083344
L258I,0.422123331
L258K,0.416654995
L258M,1.005527382
L258N,0.615665059
L258P,-0.065597781
L258Q,0.771680097
L258R,-0.030341468
L258S,0.773562804
L258T,0.774125678
L258V,0.841835846
L258W,1.16223499
L258Y,1.251759584
L271A,0.405561693
L271C,0.478327588
L271D,0.184241489
L271E,0.399356093
L271F,0.343817127
L271G,0.482567527
L271H,0.965208325
L271I,1.250414399
L271K,0.068971246
L271M,0.575687696
L271N,0.126251563
L271P,-0.077425742
L271Q,0.604222283
L271R,0.054260304
L271S,0.276733035
L271T,0.430502718
L271V,0.643471822
L271W,-0.083603282
L271Y,-0.123006894
L272A,0.82227019
L272C,0.705474635
L272D,0.761632265
L272E,0.726862811
L272F,0.251655216
L272G,0.83639871
L272H,0.341967182
L272K,0.157417222
L272M,1.107561475
L272N,0.349936529
L272P,0.161946772
L272Q,0.564575871
L272R,-0.260486475
L272S,1.02581213
L272T,0.298560257
L272V,1.005621387
L272W,0.6695046
L272Y,0.27568305
L275A,1.063583847
L275C,0.660203735
L275D,0.840816375
L275E,0.209896739
L275F,0.676533294
L275G,0.501366833
L275H,0.797259953
L275I,1.216161076
L275K,0.020113865
L275M,1.269410678
L275N,0.748168352
L275P,-0.022560489
L275Q,-0.03709818
L275R,0.801253202
L275S,1.080385751
L275T,0.67579897
L275V,0.947343706
L275W,1.066646396
L275Y,0.669369844
L307A,1.107423441
L307C,1.414084068
L307D,0.070672683
L307E,0.190501626
L307F,1.343544386
L307G,1.130778891
L307H,1.305076722
L307I,1.159763496
L307K,0.677736743
L307M,1.297697861
L307N,1.527411904
L307P,-0.047507058
L307Q,1.356235126
L307R,-0.002635744
L307S,0.831492842
L307T,1.169163884
L307V,1.143339678
L307W,0.52677159
L307Y,-0.124368266
L311A,0.257493579
L311C,-0.204889826
L311D,-0.155220457
L311E,-0.217038398
L311F,0.216500414
L311G,0.164192071
L311H,-0.098357268
L311I,0.941436458
L311K,0.376483931
L311M,1.055871225
L311N,0.229565804
L311P,-0.397887104
L311Q,0.95124631
L311R,-0.113450891
L311S,-0.089025494
L311T,-0.179065135
L311V,0.860282572
L311W,-0.070033232
L311Y,-0.138005703
L314A,1.059491725
L314C,0.948466216
L314D,0.022774259
L314E,0.282548121
L314F,1.122631129
L314G,0.800572358
L314H,1.191504428
L314I,1.108985149
L314K,0.782453702
L314M,1.074316179
L314N,0.66149691
L314P,0.040725588
L314Q,0.958624805
L314R,0.815946114
L314S,0.985379423
L314T,0.866334445
L314V,0.872503105
L314W,0.596823264
L314Y,1.314610454
L319C,0.165294072
L319D,-0.1509111
L319E,0.351310086
L319F,0.264480683
L319G,-0.148382219
L319H,0.30628669
L319I,1.163229575
L319K,-0.330120263
L319M,0.801992513
L319N,-0.398404048
L319P,-0.097551036
L319Q,-0.106337912
L319R,-0.301307288
L319S,0.186718179
L319T,-0.104669885
L319V,0.642442499
L319W,-0.252571756
L319Y,0.806528913
L331A,0.033853597
L331C,0.977479629
L331D,-0.217644169
L331E,0.057806007
L331F,-0.613041593
L331G,0.325520573
L331I,0.767552074
L331K,0.283426402
L331M,0.336040119
L331P,-0.479032885
L331Q,-0.149756808
L331R,-0.106550305
L331S,0.045147933
L331T,0.21036156
L331V,0.686552521
L331W,0.296745675
L331Y,1.098102867
L341A,1.267650638
L341C,1.200891503
L341D,1.223970882
L341E,0.908954524
L341F,1.119937172
L341G,1.191727704
L341H,1.084348877
L341I,1.061388095
L341K,1.13340678
L341M,1.208242945
L341N,0.9402131
L341P,0.541303026
L341Q,1.153048486
L341R,0.711277383
L341S,1.208970285
L341T,1.255092819
L341V,1.030451039
L341W,0.917553872
L341Y,1.082765006
L346A,0.895913151
L346C,0.663797535
L346E,0.7802504
L346F,1.053206068
L346G,0.752526977
L346H,1.329395581
L346I,1.413551698
L346K,0.156606422
L346M,1.186528543
L346P,0.27154331
L346Q,0.843154737
L346R,0.439924618
L346S,1.000234338
L346T,1.168969151
L346V,1.084909252
L346W,0.581768675
L346Y,0.913049453
L352A,0.857409413
L352C,0.752888703
L352D,0.256639032
L352E,0.287280973
L352F,1.252242436
L352G,0.673552027
L352H,0.692057404
L352I,0.96599975
L352K,-0.213499835
L352M,1.052962276
L352P,-0.399546427
L352Q,0.610709752
L352R,0.047710506
L352S,0.651199395
L352T,0.983965976
L352V,0.922551513
L352W,-0.011419848
L352Y,0.779148814
L355A,0.923138572
L355C,0.923540853
L355E,-0.058483119
L355F,1.115209874
L355G,0.367728898
L355H,0.070624852
L355K,0.847578033
L355M,1.191333875
L355P,-0.636106631
L355Q,0.680535516
L355R,-0.256023765
L355S,0.599621415
L355T,0.827218632
L355V,0.991622142
L355W,0.739790671
L362A,0.701827215
L362C,0.657270227
L362D,0.126378955
L362E,0.588579849
L362F,1.057124458
L362G,0.369521753
L362H,0.467957744
L362I,0.961698055
L362M,1.125010156
L362N,0.05677936
L362P,0.421770836
L362Q,0.607844222
L362R,0.005706268
L362S,0.256789828
L362T,0.816214538
L362V,0.752224054
L362W,0.134530972
L377A,0.083937438
L377C,0.165901525
L377D,0.232549297
L377E,-0.419836412
L377F,0.11666999
L377G,-0.122833879
L377H,-0.218519028
L377I,1.044210135
L377K,0.332641083
L377M,-0.095188358
L377P,-0.025244573
L377R,0.005471927
L377S,-0.040676603
L377T,-0.252604332
L377V,0.272114969
L377W,0.049737749
L406A,0.941528647
L406C,0.333700867
L406D,0.346085698
L406E,0.181229212
L406F,1.230906652
L406G,0.480246667
L406H,1.233898488
L406I,1.014151829
L406K,0.902214857
L406M,1.094365282
L406N,0.383307275
L406P,0.048927459
L406Q,0.691185331
L406R,0.474214272
L406S,0.356156595
L406T,0.618398983
L406V,0.927968703
L406W,0.363290929
L406Y,0.937576005
L423A,0.239416276
L423C,0.005435436
L423D,0.084305917
L423E,0.275187015
L423F,1.102757139
L423G,0.132238086
L423H,0.330748416
L423I,0.77741121
L423K,0.066052945
L423M,1.014605282
L423N,0.306822194
L423P,0.129625289
L423Q,-0.125064222
L423R,0.091166601
L423S,0.209244099
L423T,-0.013495619
L423V,0.243142268
L423W,0.314909669
L423Y,0.815477258
L42A,-0.001309216
L42E,0.021427501
L42I,1.01969635
L42K,0.122500015
L42M,1.407584945
L42R,-0.038483218
L42S,0.238584925
L42T,0.978566914
L42V,1.200823442
L42W,-0.660889894
L42Y,-0.092392291
L440A,0.659616311
L440C,0.522354783
L440D,0.211872904
L440G,0.521158076
L440M,0.670413286
L440P,0.477281555
L440R,0.00492393
L440S,0.671034878
L440V,0.858761757
L440Y,0.37312316
L443A,-0.001820447
L443C,0.954103996
L443D,0.155124409
L443E,0.01205669
L443F,0.352661728
L443G,-0.222943081
L443H,0.138346742
L443I,1.183391971
L443K,-0.039541637
L443M,0.68192782
L443N,0.07267232
L443Q,-0.030763195
L443R,0.126695964
L443S,0.121905644
L443T,0.871576625
L443V,0.532720768
L443W,-0.094103822
L443Y,0.320183131
L444A,0.139577518
L444E,0.0205218
L444F,1.15808104
L444G,-0.324844117
L444H,0.42244104
L444K,0.124587046
L444M,1.338983575
L444N,-0.115077671
L444P,0.036933832
L444Q,0.213851984
L444R,0.258737572
L444S,0.307373098
L444V,0.576810501
L444W,0.822360751
L444Y,0.191784626
L44A,1.056906732
L44C,1.035176716
L44D,0.146262574
L44E,0.815941541
L44F,0.50016445
L44G,0.664793144
L44H,0.88222283
L44I,0.619872271
L44K,0.324367499
L44M,0.805543335
L44P,-0.408261085
L44Q,1.246858825
L44R,0.725279336
L44S,0.977808222
L44V,0.982178401
L44W,0.663031659
L44Y,0.865045685
L461A,-0.066641549
L461C,1.11911179
L461D,0.232330637
L461E,-0.073946627
L461F,0.592115901
L461G,0.17086838
L461K,-0.306721262
L461M,1.059292248
L461P,0.614144906
L461Q,-0.04277705
L461R,0.026952358
L461S,-0.117004462
L461V,1.107920381
L461W,0.333912014
L461Y,0.310801258
L468A,1.293205231
L468C,1.071896606
L468D,0.800036669
L468E,0.990981227
L468F,0.345260368
L468G,0.772398717
L468H,1.159108114
L468K,1.327657883
L468M,1.091872981
L468N,1.293652108
L468P,0.083182332
L468Q,1.310307781
L468R,0.630989548
L468S,1.191603302
L468V,1.117567007
L468W,0.800689861
L468Y,1.385354014
L469A,0.799405403
L469C,1.19996592
L469D,-0.221642457
L469E,0.364540845
L469F,0.805631419
L469G,0.131277061
L469I,1.140269853
L469M,0.986763159
L469N,0.490830955
L469P,-0.105789357
L469Q,0.366580248
L469R,0.092131797
L469S,0.462219267
L469T,1.219870139
L469V,1.180204472
L469W,0.266550762
L469Y,0.777978328
L46A,0.251721358
L46C,0.739314463
L46D,-0.457579499
L46E,0.197149003
L46F,0.651947046
L46G,-0.143496169
L46H,0.205764091
L46I,0.833742009
L46K,-0.076487046
L46M,0.697645214
L46P,-0.068838407
L46R,-0.387134801
L46S,0.42804842
L46T,0.053665883
L46V,0.534577941
L46W,-0.019546814
L46Y,0.669005459
L482A,1.05216003
L482C,1.34514081
L482D,0.828453228
L482E,0.961255056
L482F,1.097837512
L482G,0.592082003
L482H,0.910877613
L482I,1.238577496
L482K,0.408572707
L482M,1.382902693
L482N,0.704284524
L482P,1.095527123
L482Q,1.167099212
L482R,0.574433743
L482S,0.785716067
L482T,1.169179746
L482V,1.074298116
L482W,0.798299959
L482Y,0.53873982
L484A,1.344659133
L484C,0.580628121
L484D,-0.205864915
L484E,1.099406505
L484F,1.256435107
L484G,1.168377511
L484H,1.294892309
L484I,0.796716622
L484K,1.329709342
L484M,1.327445217
L484N,1.349593256
L484P,0.660456557
L484Q,1.496140362
L484R,1.320125864
L484S,1.384072111
L484T,1.422487699
L484V,0.724924032
L484W,1.164182486
L484Y,1.041210276
L53A,0.980388339
L53C,1.27239348
L53D,-0.021016216
L53E,0.456193354
L53F,0.576811515
L53G,0.18022624
L53H,0.213887306
L53I,1.189462462
L53K,0.021060972
L53M,1.000591679
L53N,0.587372808
L53P,0.228997872
L53Q,0.879762361
L53R,-0.258993547
L53S,0.79914823
L53T,0.844082976
L53V,1.163368365
L53W,-0.274060211
L53Y,0.418163333
L55A,-0.011747737
L55C,0.891072491
L55D,0.083639077
L55E,0.973713781
L55F,0.050710434
L55G,-0.279852665
L55H,0.783694229
L55I,1.039236799
L55K,1.059580426
L55M,0.970150654
L55N,1.083512911
L55P,0.073096756
L55Q,1.165544655
L55R,0.950221469
L55S,0.202616934
L55T,0.431324027
L55V,0.873902519
L55W,0.496531947
L55Y,0.542641651
L69A,0.905066843
L69C,1.19755547
L69E,0.469827393
L69F,0.756784617
L69G,0.884113356
L69H,1.038649621
L69I,1.131139822
L69K,0.814166614
L69M,0.901269384
L69N,0.581142402
L69P,0.704465215
L69R,0.472134719
L69S,0.692399929
L69T,0.968256869
L69V,0.898609939
L69W,0.884630916
L84A,0.839347883
L84C,0.613583615
L84D,1.261704823
L84E,1.094458021
L84F,0.663161132
L84G,0.608158205
L84H,0.790037195
L84I,0.246844824
L84K,0.97403217
L84M,0.703456816
L84N,1.023639533
L84P,-0.18447646
L84Q,1.134495754
L84R,0.95961577
L84S,0.525033003
L84T,0.502287359
L84V,0.353969861
L84W,1.169290798
L84Y,0.870028614
M181A,0.758367218
M181C,0.848473798
M181D,0.937642956
M181E,0.902423687
M181F,0.99998258
M181G,0.623505077
M181H,1.001604318
M181I,1.233028014
M181K,0.792916901
M181L,0.93138865
M181N,0.699518359
M181P,0.268579019
M181Q,0.730339948
M181R,0.610192376
M181S,1.04606531
M181T,0.966672935
M181V,0.768985522
M181W,0.770006856
M181Y,0.905090071
M225A,0.948979313
M225C,0.730437168
M225E,1.070860862
M225F,1.001807985
M225G,0.879192878
M225H,1.031827961
M225I,0.862183107
M225K,1.086906463
M225L,1.203303409
M225N,0.380922244
M225P,-0.30220962
M225Q,1.035183843
M225R,0.998325673
M225S,0.970077176
M225T,1.121325267
M225V,0.807225194
M225W,0.446555389
M225Y,0.917495294
M26A,0.231740811
M26C,0.775708671
M26D,0.488712925
M26E,0.128884828
M26F,-0.176546263
M26G,-0.172665877
M26H,-0.231110748
M26I,0.923477816
M26K,-0.127108506
M26L,0.674024099
M26N,0.04736795
M26P,-0.019086465
M26Q,0.471291316
M26R,-0.019134312
M26S,-0.18735216
M26T,0.505512993
M26V,0.669514107
M26W,0.009564856
M278A,0.568640052
M278C,0.991074559
M278D,-0.133666979
M278E,-0.139228136
M278F,1.072827008
M278G,0.187151635
M278H,0.235740979
M278I,1.09649684
M278K,-0.100844427
M278L,1.081467302
M278N,0.214488318
M278P,-0.064837126
M278Q,0.139878597
M278R,-0.027826616
M278S,-0.061946342
M278T,0.504823779
M278V,1.05827018
M278W,0.932516941
M278Y,0.506502061
M292A,-0.060813944
M292C,-0.06062909
M292D,0.063302918
M292E,0.18158386
M292F,-0.09372181
M292G,0.063017561
M292H,-0.24530461
M292I,-0.239820902
M292K,-0.246822426
M292L,-0.113405174
M292N,-0.185850101
M292P,-0.074059388
M292Q,0.272908517
M292R,-0.035516793
M292S,0.174873026
M292T,0.062629228
M292V,-0.021687246
M292W,0.178203171
M292Y,-0.24833914
M299A,1.336659607
M299C,1.232349882
M299D,0.15652302
M299E,-0.248339388
M299F,0.589363174
M299G,0.614305236
M299H,0.966261755
M299I,1.308231733
M299K,-0.066202468
M299L,-0.003832318
M299N,0.91015163
M299P,0.762255131
M299Q,1.133353282
M299R,0.135739624
M299S,1.156567707
M299T,0.999779963
M299V,1.002866155
M299W,-0.141643852
M299Y,0.618281691
M312A,0.759734827
M312C,0.528529884
M312D,-0.299911434
M312E,0.553500421
M312F,0.282960817
M312G,0.020003116
M312H,0.391058362
M312I,0.850809785
M312K,0.134370321
M312L,0.95045533
M312N,0.36896221
M312P,0.190662139
M312Q,1.01877809
M312R,0.177247331
M312S,0.155243111
M312T,0.967513946
M312V,0.828576231
M312W,0.331529134
M312Y,0.302166577
M316A,0.878652477
M316C,0.802710564
M316D,0.840818363
M316E,0.203057087
M316F,0.862291885
M316G,0.802024791
M316H,1.079125654
M316I,0.98285717
M316K,-0.1235771
M316L,1.156333342
M316N,0.943972559
M316P,0.252769581
M316Q,1.236692376
M316R,0.096736266
M316S,0.977760921
M316T,1.180196531
M316V,0.905000109
M316W,1.099263703
M316Y,0.179304932
M380A,-0.061372683
M380C,0.16493718
M380E,0.982565146
M380F,0.874373996
M380G,-0.057951873
M380I,0.481141539
M380K,0.373670698
M380L,0.613464686
M380N,0.635272668
M380P,0.181364146
M380Q,0.366424768
M380R,0.216353642
M380S,-0.079777152
M380T,-0.137758586
M380V,-0.011718238
M380W,-0.366987851
M380Y,-0.154565127
M387A,1.23966805
M387C,0.935196101
M387D,-0.035011757
M387E,0.243170542
M387F,0.658005677
M387G,1.218226132
M387H,0.353883001
M387I,0.273763956
M387K,-0.119920924
M387L,0.944935782
M387N,1.016359417
M387P,-0.14482206
M387Q,1.233291417
M387R,-0.022325057
M387S,1.182900024
M387T,1.13835655
M387V,0.750114231
M387W,0.352920033
M387Y,0.60532059
M389A,0.545341357
M389C,0.708785846
M389E,0.501234958
M389F,0.577386972
M389G,0.850870271
M389H,0.374874685
M389I,0.509335503
M389K,0.492081988
M389L,0.817348144
M389N,0.953839247
M389Q,0.958078842
M389R,0.935063012
M389S,0.60648091
M389T,0.487251526
M389V,0.656599317
M389W,-0.175189038
M389Y,0.203145323
M476A,1.357714216
M476C,1.341664705
M476D,1.559892542
M476E,1.520976531
M476F,1.354483271
M476G,1.364142659
M476H,1.21115582
M476I,1.113771983
M476K,1.451142125
M476L,1.176340346
M476N,1.42891214
M476P,1.322125432
M476Q,1.413272298
M476R,1.259664172
M476S,1.357779252
M476T,1.277626353
M476V,1.345234818
M476W,1.464055436
M476Y,1.307363038
M65A,1.214471073
M65C,0.822774354
M65G,0.16788863
M65I,0.841455805
M65L,0.888369634
M65R,-0.089182383
M65S,0.465683244
M65T,0.775967755
M65V,1.005138752
M65W,0.145874206
M76A,1.007513935
M76C,1.161264431
M76D,1.019044856
M76E,1.114506152
M76F,1.092817472
M76G,1.077489201
M76H,0.918950496
M76I,1.068198716
M76K,1.047419632
M76L,0.873268018
M76P,0.778846238
M76Q,1.191522807
M76R,0.993884304
M76S,1.117321257
M76T,0.980359916
M76V,1.076281231
M76W,1.028681098
M76Y,0.544100557
M89A,0.734129898
M89C,1.082548672
M89E,0.111738861
M89F,1.179096727
M89G,0.28092518
M89I,-0.041036772
M89K,-0.142679411
M89L,0.231576184
M89N,-0.296002265
M89P,-0.453717168
M89Q,-0.114535613
M89R,-0.399791256
M89S,0.573934647
M89T,0.293830186
M89V,0.30114459
M89W,-0.62640903
M89Y,0.619283374
N118A,0.524326536
N118C,0.963871705
N118D,-0.239409556
N118E,-0.306253241
N118G,0.833249446
N118H,1.087036255
N118K,-0.21448375
N118M,-0.091459334
N118Q,0.316397592
N118R,-0.418577294
N118V,-0.561884119
N118W,-0.224110797
N126E,1.126401242
N126F,1.029868837
N126G,1.178068482
N126H,1.153026362
N126K,0.979237055
N126L,0.20092821
N126R,0.77633646
N126S,1.208030862
N126V,0.805368595
N126Y,0.884766024
N185A,0.992214025
N185C,1.24511113
N185D,0.638457545
N185E,0.651697982
N185F,0.538381569
N185G,0.927804663
N185H,0.816360605
N185I,0.530064931
N185K,0.726350521
N185L,0.864298886
N185M,0.807136628
N185P,0.484449292
N185Q,1.114409837
N185R,0.890625618
N185S,0.962921827
N185T,0.948504728
N185V,0.876254808
N185W,0.926646319
N185Y,0.729109316
N274A,1.026472189
N274C,0.847869446
N274D,0.988901309
N274E,0.717490288
N274F,1.081314684
N274G,-0.197063492
N274H,1.287108192
N274I,-0.056091626
N274K,0.613875557
N274L,0.439627937
N274M,1.036424369
N274P,0.746350681
N274Q,1.095290891
N274R,-0.278399976
N274S,1.002931168
N274T,1.091071034
N274V,0.894161445
N274W,0.739464129
N274Y,0.701455319
N297D,0.456700689
N297E,0.164368826
N297F,-0.460438389
N297G,-0.196465383
N297H,-0.308758694
N297I,-0.325507286
N297K,-0.172371936
N297L,-0.148466383
N297M,-0.094950949
N297R,0.041701304
N297S,0.097512826
N297T,-0.262390899
N297V,0.028773168
N297W,0.089845653
N297Y,0.148692456
N336A,1.062780098
N336C,1.043833653
N336D,0.620502017
N336E,-0.079394087
N336F,0.104243222
N336G,1.06016857
N336H,-0.007569442
N336I,1.071370678
N336K,0.167026798
N336L,1.020794939
N336M,0.670771296
N336P,-0.07504994
N336Q,0.899792623
N336R,-0.039176362
N336S,1.041504276
N336T,1.153111156
N336V,1.002350022
N336W,0.050779914
N336Y,-0.143414791
N353A,0.8789749
N353C,1.16567505
N353D,0.958108597
N353E,1.143791735
N353F,0.393552484
N353G,0.893411222
N353H,0.237043099
N353I,0.971904241
N353K,1.04919943
N353L,1.083952838
N353M,1.017031942
N353P,0.756464697
N353Q,0.847021888
N353R,1.209030549
N353S,1.01987946
N353T,0.752160781
N353V,0.855861945
N353W,0.451814129
N353Y,0.257762529
N357A,0.81169077
N357C,1.178907635
N357D,0.924602724
N357E,0.660285175
N357F,1.011097715
N357G,0.987111709
N357H,0.900503688
N357I,0.499162457
N357K,0.403927958
N357L,0.076479812
N357R,0.222150294
N357S,1.104990595
N357T,1.105290896
N357W,0.181591431
N357Y,0.953324586
N384A,1.057831508
N384C,0.97371282
N384D,0.758716589
N384E,0.14632585
N384F,0.12618377
N384G,0.339977655
N384H,1.14249411
N384I,1.012847445
N384K,0.750629128
N384L,0.944518929
N384M,1.12709971
N384P,0.990939193
N384Q,0.945496869
N384R,0.713201168
N384S,1.089924176
N384T,1.035282615
N384V,0.911351074
N384W,0.08741178
N384Y,0.580542041
N421A,1.057563627
N421C,0.374502875
N421D,0.110921313
N421E,0.360164506
N421F,0.063487927
N421G,0.429962508
N421H,0.814218322
N421I,0.892017608
N421K,0.199475435
N421L,0.461225816
N421M,0.827111787
N421P,1.035263765
N421Q,0.350786689
N421R,0.132453897
N421S,0.953860981
N421T,0.554960961
N421V,0.878843201
N421W,0.081737368
N421Y,0.435658565
N68A,0.854554801
N68C,0.943487646
N68D,0.902819507
N68E,1.123999932
N68F,0.835146267
N68G,0.963278707
N68H,0.953932602
N68I,0.30189097
N68K,0.90457733
N68L,0.547336312
N68M,0.854702522
N68Q,1.170490007
N68R,0.832240167
N68S,0.886250752
N68T,0.866820759
N68V,0.912612297
N68W,0.846884928
N68Y,1.109833316
N71A,0.934584996
N71C,0.690369678
N71D,1.038627718
N71E,1.038288083
N71F,0.964889448
N71G,0.919464153
N71H,0.914313467
N71I,0.971720281
N71K,0.969608501
N71L,0.992820402
N71M,0.83432862
N71P,0.956329096
N71Q,0.81112329
N71R,0.963082244
N71S,0.829609317
N71T,0.86313323
N71V,0.99016006
N71W,0.957913841
N71Y,0.980299654
P100A,0.869589053
P100C,0.246450929
P100D,1.119330806
P100E,0.964683829
P100F,0.563312479
P100G,0.714485271
P100H,1.422985702
P100I,0.832691549
P100K,1.061647292
P100L,0.817699291
P100M,0.789183536
P100N,0.913172992
P100Q,0.985891567
P100R,1.030188615
P100S,0.960392537
P100T,0.834226113
P100V,0.847140909
P100W,0.776022621
P100Y,1.230383812
P10A,1.108865853
P10C,1.137195958
P10D,0.852652959
P10E,1.153609562
P10F,1.004074427
P10G,0.772485868
P10H,1.317584446
P10I,1.244328271
P10K,1.381946383
P10L,1.226040256
P10M,1.174455344
P10N,1.33360284
P10Q,1.264157771
P10R,1.19884751
P10S,1.221771064
P10T,1.210971839
P10V,1.25868081
P10W,1.235104473
P10Y,1.270942521
P133A,1.211863291
P133C,0.825650734
P133D,0.783550547
P133E,0.860195322
P133F,1.162044472
P133G,1.06215148
P133H,1.071480018
P133I,1.277114248
P133K,1.087616107
P133L,1.118752998
P133M,0.929269745
P133N,1.081511016
P133Q,1.047725569
P133R,1.227681953
P133S,1.176198087
P133T,1.118038347
P133V,1.173482088
P133W,1.256599769
P133Y,1.209135912
P153A,0.808678666
P153C,1.090639427
P153F,0.365159884
P153H,-0.261473217
P153I,0.954877833
P153K,0.128564073
P153L,-0.146947774
P153N,0.246982752
P153Q,-0.556305034
P153R,0.004424504
P153S,0.36235552
P153T,0.695143846
P153V,0.724290341
P153Y,0.506730792
P162A,0.405214348
P162C,0.937190531
P162E,0.110781025
P162G,0.368365342
P162H,0.831655152
P162I,0.332380691
P162K,-0.233111178
P162L,0.926269208
P162Q,1.008228658
P162R,-0.056311011
P162S,0.821339768
P162T,0.488860664
P162V,0.560024469
P162W,0.959915889
P16A,0.764817543
P16E,0.471174789
P16G,0.914407602
P16H,1.553822694
P16I,1.149331344
P16K,0.906921461
P16L,1.162778185
P16M,1.253757948
P16Q,1.23084819
P16R,0.934373939
P16S,1.25809527
P16T,1.185260514
P16V,1.09150401
P24A,0.925994644
P24C,1.3849148
P24D,1.211670328
P24E,0.74503297
P24F,1.037576877
P24G,1.002594236
P24I,1.17152456
P24K,0.981895154
P24L,0.843984909
P24M,0.969705503
P24N,1.078932798
P24Q,0.854454537
P24R,1.053331308
P24S,0.988133088
P24T,0.994710474
P24V,0.954239951
P24W,0.715263756
P24Y,1.141843677
P281A,0.952090709
P281D,1.058472049
P281E,1.116148507
P281G,0.949219338
P281I,0.870570577
P281L,0.823193707
P281M,1.006790191
P281Q,1.19517263
P281R,0.982346904
P281S,1.194162745
P281T,1.085495377
P281V,0.95009311
P281W,0.915511418
P293A,1.257909914
P293C,-0.103338128
P293D,-0.177501028
P293E,-0.648825894
P293F,0.169608603
P293G,0.702577155
P293H,0.414843691
P293I,0.204803977
P293K,-0.073922975
P293L,0.012075738
P293M,0.209027036
P293N,0.334604584
P293Q,0.186257075
P293R,0.02138289
P293S,0.683277887
P293T,-0.115819376
P293V,-0.138520115
P293W,-0.086189414
P293Y,-0.141412977
P298A,1.06047884
P298C,0.94576237
P298D,0.062033817
P298E,0.234005903
P298G,-0.212480503
P298H,-0.436399337
P298I,0.094870012
P298K,-0.020022162
P298L,0.288735814
P298M,0.648498063
P298N,0.270233516
P298Q,0.577832421
P298R,-0.230097136
P298S,0.729578765
P298T,0.343447333
P298V,0.225874996
P298W,-0.259312158
P298Y,0.052808818
P318A,0.810875202
P318C,0.837254148
P318D,-0.199045313
P318E,-0.153181868
P318F,0.331636257
P318G,0.974839998
P318H,-0.49472348
P318I,0.064922144
P318K,-0.078718163
P318L,-0.081048042
P318M,-0.020550993
P318N,-0.057856279
P318Q,-0.002356061
P318R,0.080060127
P318S,0.703766132
P318T,0.68319196
P318V,0.870131866
P318W,0.645607841
P366A,0.386918314
P366C,0.034071438
P366E,1.116915458
P366F,-0.205236813
P366G,0.222337044
P366H,0.778565173
P366I,0.367415889
P366K,0.611985579
P366L,0.061648958
P366M,-0.054024694
P366N,0.779509707
P366Q,0.913310614
P366R,0.795824512
P366S,0.473429233
P366T,0.859869155
P366V,0.234261895
P366W,0.687378729
P366Y,-0.090317044
P378A,0.117434696
P378C,0.295170003
P378D,-0.10797894
P378E,0.127765935
P378F,0.074769069
P378G,0.078220516
P378H,-0.217193171
P378I,0.790433432
P378L,0.183199167
P378M,-0.09871626
P378N,0.253816386
P378Q,0.137783591
P378R,-0.125166143
P378S,0.448251923
P378T,0.716133969
P378V,0.842478913
P378W,-0.180190843
P378Y,0.128214938
P435A,0.807797213
P435C,0.759562884
P435D,0.726975804
P435E,0.732733979
P435F,0.25422469
P435G,0.78024304
P435H,0.736121401
P435I,0.65365812
P435K,0.611738564
P435L,0.639927199
P435M,0.411540847
P435N,0.649119746
P435Q,1.154570266
P435R,0.901412131
P435S,0.868780674
P435T,0.458910461
P435V,0.763805369
P435W,0.177446433
P435Y,0.434143587
P446A,0.421397845
P446D,-0.04117005
P446E,0.364602127
P446G,0.497246268
P446H,0.977087354
P446I,0.522785504
P446K,0.232084816
P446L,-0.050684969
P446N,0.199549335
P446Q,-0.090868801
P446R,0.462661635
P446S,0.481891356
P446T,0.285206749
P446V,-0.065675678
P446W,0.315593717
P446Y,0.223969825
P467A,0.813574987
P467C,0.684990978
P467D,0.634646592
P467E,0.582300319
P467F,0.479762912
P467G,0.704281475
P467H,0.006211172
P467I,0.706654471
P467K,0.907173955
P467L,1.020419221
P467M,0.877090432
P467N,0.763276956
P467Q,1.392189639
P467R,0.766595204
P467S,0.675427272
P467T,1.077296473
P467V,0.962723817
P467W,0.54621329
P467Y,0.300532025
P471A,1.324990178
P471C,1.266480907
P471D,1.091081541
P471E,1.399005461
P471F,1.331536254
P471G,1.130237838
P471H,1.435019171
P471I,1.262854043
P471K,1.340274951
P471L,1.295059177
P471M,1.412296463
P471N,1.330141261
P471Q,1.343138762
P471R,1.275946516
P471S,1.304489732
P471T,1.18235955
P471V,1.235489269
P471W,1.21942551
P471Y,1.25135017
P56A,0.931529395
P56C,0.848002968
P56E,0.889087766
P56F,0.555930789
P56G,0.817770312
P56H,1.137092712
P56I,0.956221642
P56L,1.124951138
P56M,0.852356619
P56N,1.090523533
P56Q,0.876612807
P56R,1.074915632
P56S,0.897989276
P56T,1.00933644
P56V,1.001218769
P56W,0.760714907
P56Y,0.856544721
Q161A,0.080936655
Q161C,0.096665924
Q161D,-0.352221429
Q161E,0.453899545
Q161G,-0.106539334
Q161H,0.186620158
Q161K,-0.056597283
Q161L,-0.108740608
Q161M,0.140658578
Q161P,-0.301240234
Q161R,-0.210654554
Q161S,0.138099494
Q161T,-0.397673279
Q161V,0.442830668
Q161W,-0.801168277
Q164A,1.090891329
Q164C,0.872967065
Q164D,0.299577585
Q164F,1.207490738
Q164G,0.028910009
Q164H,0.469709679
Q164I,0.996375164
Q164K,-0.240658527
Q164L,0.983490729
Q164M,1.078309384
Q164N,0.955502196
Q164P,0.727133013
Q164R,-0.020712989
Q164S,0.89114622
Q164T,0.447307241
Q164V,1.111368707
Q164W,-0.304885988
Q164Y,0.206173584
Q177A,1.00331308
Q177C,1.025241536
Q177D,0.889347935
Q177E,1.266117928
Q177F,1.097991176
Q177G,1.045908455
Q177H,0.943519191
Q177K,0.421770392
Q177L,1.258272893
Q177M,1.093791148
Q177N,1.245946939
Q177P,-0.067747415
Q177R,0.001765496
Q177S,1.09487255
Q177T,1.133230664
Q177V,1.09126426
Q177W,1.04746866
Q177Y,1.286214132
Q184A,1.09045531
Q184C,0.675310398
Q184D,1.01729563
Q184E,1.19205991
Q184F,1.058803716
Q184G,0.985842736
Q184H,0.952214532
Q184I,1.170387881
Q184K,0.929833759
Q184L,0.873738711
Q184M,0.991780551
Q184N,0.800684337
Q184P,0.723917611
Q184R,1.01434278
Q184S,0.971897795
Q184T,1.238227021
Q184V,0.809716355
Q184W,0.859521347
Q184Y,0.861650737
Q205A,1.345531714
Q205D,0.129794243
Q205E,-0.065869214
Q205F,0.222951453
Q205G,0.887302973
Q205I,0.668708836
Q205K,-0.353512626
Q205L,0.038899263
Q205M,1.177118596
Q205N,1.081864383
Q205P,-0.628002634
Q205R,-0.2605163
Q205S,1.110380714
Q205T,0.802536217
Q205V,0.851471595
Q205W,-0.515134275
Q205Y,0.283686636
Q210A,0.768283814
Q210C,0.480864988
Q210D,1.368129595
Q210E,1.313733392
Q210F,-0.251189274
Q210G,1.049111601
Q210H,0.944367885
Q210I,0.993403793
Q210K,1.2501602
Q210L,0.693083783
Q210M,0.783904722
Q210N,0.957927456
Q210P,0.855439952
Q210R,1.238195809
Q210S,1.08221633
Q210T,1.168815001
Q210V,0.932404703
Q210W,-1.101288004
Q210Y,-0.201194024
Q221A,0.956363925
Q221C,1.119169191
Q221D,1.06482971
Q221E,1.178586412
Q221F,0.855294616
Q221G,1.010061796
Q221H,0.912839416
Q221I,0.953817121
Q221K,1.03579903
Q221L,1.177182134
Q221M,1.14861083
Q221N,0.93616617
Q221P,0.093681683
Q221R,0.968127876
Q221S,0.902717216
Q221T,0.843112068
Q221V,0.78093356
Q221Y,1.229816639
Q241A,-0.200315675
Q241C,-0.349407062
Q241D,0.427984339
Q241E,0.452527026
Q241F,-0.685473264
Q241G,-0.223575086
Q241H,-0.126097825
Q241I,-0.481664434
Q241K,0.274274254
Q241L,0.301506115
Q241M,0.393672452
Q241N,-0.507387662
Q241P,-0.253705082
Q241R,0.240067203
Q241T,0.08444505
Q241V,0.19523123
Q241W,-0.029239778
Q241Y,-0.151387948
Q285A,0.618079343
Q285C,0.961553488
Q285D,0.899934016
Q285E,0.757290495
Q285G,1.074042015
Q285H,0.939698728
Q285I,0.97276313
Q285K,1.20740923
Q285L,0.972561004
Q285M,1.097355755
Q285N,0.96155525
Q285P,0.892543421
Q285R,1.143584525
Q285S,1.081716104
Q285T,0.88675058
Q285V,1.241292723
Q285W,1.06304776
Q286A,-0.091725194
Q286C,-0.365918134
Q286D,0.346297989
Q286E,0.004725524
Q286F,-0.061236022
Q286G,-0.042769009
Q286H,-0.069531067
Q286I,0.469449269
Q286K,0.167050127
Q286L,0.090541361
Q286M,-0.310703354
Q286N,-0.036719174
Q286P,0.105422891
Q286R,0.078279602
Q286S,-0.08739509
Q286T,0.030125346
Q286V,-0.006049264
Q286W,-0.012032147
Q286Y,-0.138878908
Q320A,0.910889826
Q320C,0.869632823
Q320D,0.282322725
Q320E,-0.100136006
Q320F,0.894983738
Q320G,1.125346611
Q320H,0.723156466
Q320I,1.011444601
Q320K,0.362209047
Q320L,0.858765604
Q320M,0.91622925
Q320N,1.036406632
Q320P,-0.17252844
Q320R,-0.190316331
Q320S,0.901829836
Q320T,1.080568966
Q320V,0.537957159
Q320W,0.692596047
Q320Y,1.367176235
Q325A,0.932907888
Q325C,1.144737244
Q325D,0.343571934
Q325E,0.151186124
Q325F,0.849347627
Q325G,0.982568674
Q325H,1.032161326
Q325I,1.245986052
Q325K,-0.301959013
Q325L,1.130157729
Q325M,1.072939191
Q325N,1.182795504
Q325P,-0.336197692
Q325R,-0.168288047
Q325S,1.114580455
Q325T,0.803300782
Q325V,1.127981174
Q325W,0.059609544
Q325Y,-0.164958578
Q356A,1.126688302
Q356C,1.480977002
Q356D,0.539554537
Q356E,0.955673096
Q356G,0.999047113
Q356K,0.11344364
Q356L,0.977170924
Q356P,1.097762983
Q356R,0.736744856
Q356S,0.916323331
Q356V,0.876965484
Q356W,0.887569106
Q356Y,1.099547188
Q375A,0.855014614
Q375C,0.330828453
Q375D,-0.264558097
Q375E,0.293899604
Q375F,1.176700802
Q375G,0.482547383
Q375H,0.36907171
Q375I,0.345826314
Q375K,-0.127926598
Q375L,0.661625706
Q375M,0.895199493
Q375N,0.97374404
Q375P,-0.188082798
Q375R,0.137628095
Q375S,0.563073046
Q375T,0.107928441
Q375V,0.059606895
Q375W,0.375626051
Q397A,0.809024915
Q397C,0.330557215
Q397D,0.743096348
Q397E,0.313869171
Q397F,-0.2626867
Q397G,0.950407136
Q397H,0.582500882
Q397I,0.801968385
Q397K,0.579725132
Q397L,0.602919657
Q397M,0.814170249
Q397N,1.064610071
Q397P,0.331845898
Q397R,0.287226858
Q397S,0.944459649
Q397T,0.87264748
Q397V,0.521788752
Q397W,-0.150283595
Q397Y,-0.130396646
Q408A,1.125290758
Q408C,1.005307336
Q408D,1.065052307
Q408E,1.181689566
Q408F,0.740810499
Q408G,1.08950194
Q408H,1.087037003
Q408I,0.440844104
Q408K,1.008719013
Q408L,0.960130096
Q408M,0.260639884
Q408N,1.218145471
Q408P,0.007869159
Q408R,0.968320698
Q408S,1.139735827
Q408T,1.131812692
Q408V,0.819412728
Q408W,0.580442079
Q409A,0.936830504
Q409C,0.770521534
Q409D,0.926622581
Q409E,0.865227996
Q409F,0.522719314
Q409G,0.796452227
Q409H,0.795462535
Q409I,0.316448951
Q409K,0.916961749
Q409L,0.741378005
Q409M,0.848646231
Q409N,1.0346084
Q409P,-0.113880496
Q409R,1.040914434
Q409S,0.817997582
Q409T,0.749175531
Q409V,0.813321464
Q409W,0.400442951
Q409Y,0.782026897
Q416A,0.93664823
Q416C,0.828208755
Q416D,1.198967237
Q416E,0.920618421
Q416F,1.005577647
Q416G,1.022248412
Q416H,1.036144546
Q416I,0.831533647
Q416K,0.836856965
Q416L,1.048590451
Q416M,1.067615799
Q416N,1.001106006
Q416P,-0.024989199
Q416R,0.894526699
Q416S,0.930893275
Q416T,0.693223616
Q416V,0.673587091
Q416W,1.069328381
Q416Y,1.102181912
Q41A,0.717481934
Q41C,0.918757016
Q41D,0.889690327
Q41E,1.016381817
Q41G,1.062129559
Q41H,1.170280472
Q41I,0.752696341
Q41K,1.118147884
Q41L,0.894737809
Q41M,1.201301132
Q41N,1.037342269
Q41P,-0.36696863
Q41R,1.080315045
Q41S,0.757036282
Q41T,0.958306684
Q41V,0.546483983
Q41W,1.306036295
Q41Y,1.050383977
Q428A,1.148860949
Q428E,0.920223518
Q428F,0.816322742
Q428G,1.240380095
Q428H,0.982357094
Q428I,0.754532282
Q428K,0.982270117
Q428L,1.370910044
Q428M,0.831766115
Q428P,0.182201216
Q428R,1.072720431
Q428S,1.149210597
Q428T,1.020523706
Q428V,0.656157527
Q428W,0.861253578
Q428Y,0.766006803
Q439A,1.169706484
Q439C,1.212440204
Q439D,1.575712204
Q439E,1.083274068
Q439F,0.499983509
Q439G,1.053964984
Q439H,0.681848619
Q439I,0.689999087
Q439K,0.921485271
Q439L,1.023523987
Q439M,0.952863258
Q439N,1.161353917
Q439P,0.009735049
Q439R,0.804290271
Q439S,0.700453846
Q439T,0.907201313
Q439V,1.039067946
Q439W,0.090117751
Q439Y,0.059354132
Q455C,1.255540019
Q455D,0.486067232
Q455E,1.041772979
Q455F,1.208438815
Q455G,0.938974494
Q455I,0.699114489
Q455K,1.043719094
Q455L,0.869120976
Q455M,1.04115468
Q455P,0.85952371
Q455R,1.028766847
Q455T,1.001653096
Q455V,0.678704894
Q455W,0.415203753
Q456A,0.670020907
Q456C,0.708020803
Q456D,0.250247414
Q456E,0.051291624
Q456F,0.450216298
Q456G,0.467805653
Q456H,0.506209234
Q456I,0.691667869
Q456K,0.322491641
Q456L,1.021697966
Q456M,0.820810609
Q456N,0.441754529
Q456P,0.120288473
Q456R,0.196776275
Q456S,0.704640594
Q456T,0.459068277
Q456V,0.386746309
Q456W,0.103453784
Q456Y,0.152994495
Q458A,1.058636847
Q458C,1.023880266
Q458D,1.043603391
Q458E,0.92388493
Q458F,1.232187943
Q458G,0.994796268
Q458H,0.88729789
Q458I,1.023468692
Q458K,1.129728927
Q458L,0.979105763
Q458M,1.073437135
Q458N,0.888930579
Q458P,0.616365921
Q458R,1.032007709
Q458S,1.072835152
Q458T,1.092457884
Q458V,1.033587757
Q458W,1.176089136
Q458Y,1.428983133
Q51A,0.824885578
Q51C,0.778724375
Q51E,0.746330608
Q51F,0.663505466
Q51G,0.599510124
Q51H,0.681990763
Q51I,0.563361761
Q51K,0.699442786
Q51L,0.703732267
Q51M,0.851356858
Q51N,0.438921664
Q51P,-0.389314846
Q51R,0.772923897
Q51S,0.846970723
Q51T,0.609307062
Q51V,0.713980626
Q51W,0.371818873
Q51Y,0.626149454
Q61A,0.817409121
Q61C,0.694880029
Q61D,1.270658571
Q61E,0.917834099
Q61G,1.032944103
Q61H,1.062836461
Q61I,0.537278725
Q61K,0.773404464
Q61L,0.53442012
Q61M,1.038751776
Q61N,0.621546788
Q61P,-0.077893432
Q61R,0.61913538
Q61S,0.96070353
Q61T,0.928926537
Q61V,0.780123936
Q61W,0.224449135
Q61Y,0.852013349
Q63C,0.953473507
Q63E,0.965452692
Q63F,1.525239303
Q63G,1.001363789
Q63H,0.946220112
Q63I,0.900718997
Q63K,0.901162224
Q63L,0.975677923
Q63M,1.028092911
Q63N,0.99984168
Q63R,0.896979421
Q63S,0.865447413
Q63T,0.928161537
Q63V,0.898075891
Q63W,0.808570274
R125D,0.345298687
R125G,0.62678488
R125I,0.038887373
R125K,1.211000569
R125M,0.755178704
R125N,0.820474419
R125S,0.87046567
R125V,1.044144235
R125Y,0.701355708
R137A,1.311107811
R137C,1.312402519
R137D,0.740235132
R137E,0.747907665
R137F,1.026865926
R137G,1.188010031
R137H,0.910568401
R137I,1.130411365
R137K,1.055284037
R137L,1.185537424
R137M,1.184584716
R137N,1.073751378
R137P,1.172894049
R137Q,1.106919813
R137S,1.226086204
R137T,1.27316857
R137V,1.387188629
R137W,0.6119476
R137Y,0.614454949
R141A,1.31998518
R141D,0.515669696
R141E,1.258657517
R141F,1.022983817
R141G,1.293413497
R141H,1.233097331
R141I,0.866742319
R141K,1.383050305
R141L,1.051895163
R141M,0.734416945
R141N,1.034995308
R141P,1.3134592
R141Q,1.424671153
R141S,1.255673123
R141T,1.420851774
R141V,1.332100974
R141W,1.112371012
R141Y,1.329759625
R149A,0.775508858
R149C,1.011058262
R149D,0.428083007
R149E,0.955282212
R149F,0.901826862
R149G,0.784225177
R149H,0.831168105
R149I,0.475998376
R149K,0.941094002
R149L,0.794319552
R149M,1.192238669
R149N,0.880742218
R149P,-0.285509397
R149Q,1.001056805
R149S,0.848871544
R149T,0.931258921
R149V,0.940493543
R149W,1.079649005
R149Y,1.043614739
R14A,1.056791832
R14C,1.373040364
R14E,1.340370274
R14F,1.32754654
R14G,1.177492234
R14I,1.073038178
R14K,1.328944332
R14L,1.226669011
R14M,1.233421069
R14Q,1.350060899
R14S,1.27026534
R14T,1.218753632
R14V,1.147046177
R14W,1.139888512
R14Y,1.276304217
R171A,0.074859442
R171C,-0.21724418
R171D,0.203210582
R171E,-0.266383298
R171G,-0.552801777
R171H,0.542647972
R171I,0.038331714
R171K,0.705296299
R171L,-0.089234621
R171M,-0.180497564
R171N,0.223920938
R171P,0.237579025
R171Q,-0.018964597
R171S,-0.354722757
R171T,-0.10460859
R171V,0.064511526
R171Y,0.013231609
R188A,0.465104237
R188C,0.232447218
R188D,0.365088054
R188E,0.364574798
R188F,1.047748723
R188G,0.718322388
R188H,1.08398606
R188I,0.658599155
R188K,1.000428657
R188L,0.752487901
R188M,0.370304282
R188N,0.557833825
R188P,-0.402567562
R188Q,0.708758682
R188S,0.776732161
R188T,0.87499063
R188V,0.312202642
R188W,0.166365031
R188Y,0.323027748
R190A,0.92514484
R190C,0.783878706
R190D,0.651843828
R190E,0.602986637
R190F,1.034263473
R190G,1.028453427
R190H,0.892816998
R190I,0.787897848
R190K,1.025703942
R190L,0.804681644
R190M,1.151736483
R190N,0.848177811
R190P,0.046849636
R190Q,0.914282769
R190S,0.82738555
R190T,1.139556631
R190V,0.972331726
R190W,0.791758505
R190Y,0.531826686
R194A,1.11815531
R194C,0.959373281
R194D,0.262945504
R194E,0.046625123
R194G,1.084968194
R194I,0.319565641
R194K,0.994596435
R194L,1.090217739
R194M,0.551115836
R194N,0.273880411
R194P,0.830684961
R194Q,0.768363609
R194S,1.01764321
R194T,0.445446473
R194V,0.207622079
R194W,0.837689308
R194Y,0.98394244
R196A,1.138806782
R196C,1.144509533
R196D,0.592150193
R196E,0.896780864
R196F,0.651929386
R196G,0.846368204
R196H,1.249332846
R196I,0.540025366
R196K,0.851518309
R196L,1.081625522
R196M,1.147559555
R196N,0.378817443
R196P,-0.274178426
R196Q,1.10747722
R196S,1.107362661
R196T,0.054340451
R196V,0.929183321
R196W,0.042846402
R196Y,0.753370464
R20A,-0.561383493
R20E,-0.010146242
R20G,-0.591952427
R20I,-0.079439467
R20K,0.704727806
R20L,1.15291939
R20M,-0.354071716
R20P,-0.411031715
R20V,-0.511602418
R20W,-0.647419946
R20Y,-0.601663911
R234A,1.074590003
R234D,1.039423722
R234E,1.34322507
R234G,0.976237278
R234I,0.875947491
R234K,0.937637312
R234L,0.833498895
R234M,1.147056417
R234N,0.985239481
R234Q,0.839803201
R234S,1.011479197
R234T,0.966908205
R234V,0.802774682
R234W,0.73819638
R234Y,1.209069079
R245A,-0.077882336
R245C,-0.556276331
R245D,-0.020991427
R245E,-0.264464885
R245F,0.261777009
R245G,0.076144026
R245I,0.750700421
R245K,0.689942838
R245L,0.148076402
R245M,-0.53958494
R245N,0.327777747
R245P,-0.301553939
R245S,-0.053068454
R245T,-0.319400565
R245V,-0.093478857
R245W,-0.117950255
R245Y,-0.06014476
R270A,0.6062876
R270E,-0.065804571
R270F,-0.100316481
R270G,0.074712278
R270H,-0.150144862
R270I,0.080719816
R270K,-0.193265913
R270L,0.064034786
R270M,-0.146859036
R270N,0.556732254
R270P,0.169606573
R270S,0.078617092
R270T,-0.042518361
R270V,0.398671764
R270W,0.043817205
R270Y,-0.312029234
R296A,0.650204884
R296C,1.065401261
R296D,1.043250961
R296E,0.861235533
R296F,0.957876076
R296G,-0.0029843
R296H,0.752949521
R296K,0.313101466
R296L,0.834512688
R296M,1.274791448
R296N,0.83360878
R296P,-0.054167049
R296Q,1.072350964
R296S,0.794708756
R296T,0.883412306
R296V,1.024671718
R296W,0.624013037
R296Y,0.760959847
R300E,0.661394246
R300F,0.867533434
R300H,1.160644273
R300S,1.015377258
R300V,1.38601958
R303A,-0.052675685
R303D,-0.591481584
R303E,0.059572228
R303F,-0.519051383
R303G,-0.10707178
R303H,-0.534754844
R303I,0.172899323
R303K,0.525416748
R303L,-0.302757169
R303M,0.166810232
R303N,0.171109926
R303P,0.282948386
R303Q,0.20604195
R303S,-0.199966365
R303T,-0.086678568
R303V,0.275792672
R303W,-0.31977541
R309A,0.569239097
R309C,0.926538303
R309D,0.028137164
R309E,0.03646816
R309F,0.740577616
R309G,-0.008395221
R309H,1.093164092
R309I,0.039497939
R309K,0.756771379
R309L,-0.034969357
R309M,0.866737372
R309N,0.548707098
R309P,-0.428660266
R309Q,0.195187926
R309S,0.563339866
R309T,0.779892227
R309V,1.04932934
R309W,0.082712385
R309Y,0.003343809
R329A,-0.137463049
R329C,0.722350626
R329D,-0.223686726
R329E,-0.237995766
R329F,0.259619259
R329G,0.004622113
R329H,0.454491827
R329I,-0.578384851
R329K,0.079648214
R329L,0.050261161
R329M,-0.20452251
R329N,0.071375593
R329Q,-0.10452397
R329S,-0.015406009
R329T,-0.549201826
R329V,-0.28446748
R329W,-0.203946674
R329Y,-0.180806316
R337A,-0.111242621
R337C,-0.549754606
R337D,-0.27932345
R337E,-0.120638767
R337F,-0.092384486
R337G,-0.131433564
R337H,0.374697414
R337I,0.20365681
R337K,0.917939674
R337L,-0.080135753
R337M,-0.211665338
R337N,-0.451884803
R337P,0.232554038
R337Q,-0.067022062
R337S,0.061464156
R337T,0.038523572
R337V,-0.037306888
R337W,-0.019873493
R337Y,0.308414168
R338A,0.10279643
R338C,0.170417071
R338D,-0.099712345
R338E,0.408917675
R338F,-0.104880316
R338G,-0.020379302
R338H,-0.251440916
R338I,0.2747989
R338K,0.531160826
R338L,0.220948712
R338M,0.122034656
R338N,-0.035856776
R338P,-0.014211488
R338Q,-0.078508584
R338S,-0.145948717
R338T,0.445441883
R338V,0.018358853
R338W,-0.106926455
R338Y,-0.038573312
R33A,0.97851343
R33C,1.109359433
R33D,0.670058249
R33E,0.967319061
R33F,0.457468878
R33G,0.87121015
R33H,0.644090654
R33I,0.849925973
R33K,0.939209494
R33L,1.190954371
R33M,1.102052537
R33N,0.203267266
R33P,0.755273816
R33Q,0.5797311
R33S,0.628832585
R33T,0.85257718
R33V,1.166493589
R33W,0.786344953
R33Y,1.108716776
R371A,-0.056073699
R371G,-0.102911082
R371I,-0.334940318
R371L,0.134254345
R371M,0.094743224
R371Q,0.312538827
R371S,0.060824206
R371T,0.439906026
R371V,-0.160895713
R371W,0.246426017
R372A,0.558772585
R372C,0.075005393
R372E,0.469514302
R372G,0.291716834
R372L,-0.02009447
R372M,0.077120222
R372P,0.385696456
R372Q,0.70200187
R372S,0.352824726
R372T,0.36959964
R372V,0.084557124
R372W,0.032845598
R374A,0.591092774
R374C,0.486381768
R374D,0.822465452
R374E,0.364389319
R374F,0.395738546
R374G,0.771556084
R374H,0.617117309
R374I,0.112506217
R374K,1.333247272
R374L,0.373959175
R374M,0.683661414
R374N,0.330403067
R374P,0.027039073
R374S,0.803364946
R374T,0.600986946
R374V,0.242161925
R374W,0.520144021
R374Y,0.498175729
R37A,0.980059157
R37C,0.687884088
R37D,0.464856047
R37E,0.813729856
R37F,1.027185473
R37G,0.731415266
R37I,1.229261542
R37K,1.117358924
R37L,1.054560992
R37M,1.184980485
R37N,0.401386522
R37P,-0.528625042
R37Q,1.329343818
R37S,0.85792009
R37T,0.925698735
R37V,0.615305026
R396A,0.427481236
R396C,0.100870146
R396D,-0.16406247
R396E,-0.0050515
R396F,0.010908859
R396G,0.007899547
R396H,-0.036586344
R396I,0.116024552
R396K,0.685704939
R396L,0.249986034
R396M,-0.07500673
R396N,-0.225847556
R396P,0.474354032
R396Q,-0.28139764
R396S,-0.087710771
R396T,0.158939441
R396V,0.286524072
R396W,-0.293006468
R396Y,0.180695438
R404A,0.863779548
R404C,0.939346634
R404D,-0.236466365
R404E,-0.089410525
R404F,1.019246494
R404G,0.736664749
R404H,0.707636622
R404I,0.021136025
R404K,0.981046034
R404L,0.829969132
R404M,0.833723461
R404N,0.713309502
R404P,0.151541857
R404Q,0.775398961
R404S,0.941085661
R404T,0.434496675
R404V,0.867874667
R404W,0.983222946
R404Y,0.936047824
R40C,0.145401721
R40D,-0.061802607
R40F,0.055005824
R40K,0.609109516
R40Q,0.688825728
R40S,-0.404926037
R40V,0.127025554
R40W,-0.068180959
R426A,0.664536439
R426C,0.025666824
R426E,0.539027113
R426F,1.184470282
R426G,0.778305482
R426H,0.940337831
R426I,-0.072050718
R426K,0.903525552
R426L,0.711771491
R426M,0.886862289
R426N,0.727322139
R426Q,0.932486211
R426S,0.704481753
R426T,0.516959392
R426V,0.897594993
R426W,0.385086433
R452A,1.167903218
R452C,1.233733446
R452D,0.000162868
R452E,0.684865734
R452F,0.856935372
R452G,0.599261026
R452H,0.614706166
R452I,0.841114984
R452K,0.557855262
R452L,0.809246251
R452M,1.315703669
R452N,0.881020403
R452P,-0.102693728
R452Q,0.689449221
R452S,1.011246666
R452T,1.038559682
R452V,0.931114522
R452W,0.3967074
R452Y,0.628392859
R459A,0.963367789
R459C,0.838523745
R459D,0.812100806
R459E,0.871243648
R459F,0.819715591
R459G,0.94223828
R459H,0.86521367
R459I,0.963287685
R459K,0.964117492
R459L,0.856811063
R459M,1.010981281
R459N,1.287167418
R459P,0.286036419
R459Q,1.030058164
R459S,0.994480176
R459T,0.935992069
R459V,0.723544495
R459W,0.878813361
R459Y,0.742296286
R83A,0.995654973
R83C,0.954690748
R83D,1.177710315
R83E,0.926389987
R83F,1.088447194
R83G,1.167933034
R83H,0.951119732
R83I,0.977448925
R83K,0.809753171
R83L,0.893517921
R83M,0.909835808
R83N,1.111148103
R83P,0.786130091
R83Q,0.992400078
R83S,0.995333108
R83T,0.974768686
R83V,0.806394992
R83W,0.921176739
R83Y,1.135584819
R85A,-0.3737682
R85C,0.945610799
R85D,-0.583238154
R85E,-0.560048123
R85F,0.714209004
R85G,0.006492421
R85I,0.927640672
R85K,1.082673454
R85L,0.819800332
R85M,1.128133827
R85N,-0.507537642
R85P,-0.092837884
R85Q,0.444558367
R85S,0.103672743
R85T,0.102005413
R85V,1.147757103
R85W,1.065808868
R85Y,1.116922473
S112A,0.477393505
S112D,-0.292414838
S112E,-0.322434257
S112F,0.401539765
S112G,0.726991915
S112I,-0.106995586
S112K,-0.071197969
S112L,0.137204329
S112M,-0.298560823
S112Q,-0.372344252
S112R,-0.332495634
S112T,-0.426110828
S112V,0.132616504
S112W,-0.72830203
S112Y,0.247020373
S12A,0.951819407
S12D,0.845244399
S12E,1.208640947
S12F,0.936661409
S12G,1.560958363
S12I,1.375948016
S12L,0.921440718
S12P,0.842469431
S12R,1.341193384
S12T,0.806611595
S12V,0.917959962
S12W,0.740642448
S12Y,0.836119479
S140A,1.055467031
S140C,1.15766522
S140D,0.86931961
S140E,1.138394348
S140F,1.298522955
S140G,1.048648483
S140I,1.113627365
S140K,1.216063732
S140L,1.165845182
S140M,1.298162699
S140N,1.215125603
S140P,0.446484134
S140R,1.111665376
S140T,1.19830709
S140V,1.145710232
S140W,1.112820344
S140Y,1.4068078
S151A,1.073359098
S151C,0.88789741
S151D,0.739080845
S151E,0.796969553
S151F,0.926988767
S151G,1.026943343
S151I,0.801122056
S151K,1.081771995
S151L,0.953673365
S151M,0.952272744
S151N,1.193102888
S151P,0.828915057
S151Q,0.816021827
S151R,0.996346099
S151T,1.019632109
S151V,1.001970817
S151W,0.934467798
S151Y,1.027883107
S15A,1.538589147
S15C,1.069600016
S15E,0.717989734
S15F,1.168139064
S15G,1.34718868
S15H,1.075368189
S15K,0.176679796
S15L,1.251593766
S15N,1.085814467
S15P,1.252051881
S15R,1.051866272
S15T,1.337403486
S15Y,1.283351091
S19A,0.755028288
S19C,1.08692799
S19E,1.183310016
S19G,1.146313036
S19H,0.988321077
S19I,-0.238671569
S19L,0.414701791
S19M,0.180605553
S19Q,1.139317853
S19T,-0.172464642
S19W,1.319053136
S19Y,1.066536514
S207A,1.058118332
S207C,1.059618871
S207D,-0.016314819
S207E,0.05706446
S207F,0.905784081
S207G,1.116171025
S207I,0.606383731
S207K,-0.086424159
S207L,0.055983935
S207M,0.09970872
S207N,-0.353318851
S207P,0.724752825
S207Q,-0.228837817
S207R,-0.044816217
S207T,1.254793901
S207V,0.806062322
S207W,0.401537484
S23A,1.214811523
S23C,1.075215464
S23D,1.020840523
S23E,0.875484424
S23F,0.749300167
S23G,1.061111831
S23H,1.069531707
S23I,0.620305999
S23K,0.913774492
S23L,0.481796554
S23M,0.589057877
S23N,0.712547183
S23P,0.053528803
S23Q,0.5328636
S23R,1.03852846
S23T,0.711950679
S23V,0.921167463
S23W,0.462556983
S23Y,1.320371431
S253A,1.008050569
S253C,1.036771945
S253D,0.266369847
S253E,0.516915228
S253F,0.906050471
S253G,0.97680204
S253H,0.892251076
S253I,0.996643524
S253K,0.18744158
S253L,0.719509077
S253M,1.085261043
S253N,0.89867822
S253P,-0.211553199
S253Q,0.91987711
S253R,0.473064186
S253T,0.983964209
S253V,0.950793668
S253W,0.946373465
S253Y,0.854814406
S257A,1.020654098
S257C,0.900163793
S257D,0.622950763
S257E,0.677515121
S257F,0.620430272
S257G,1.012218621
S257H,0.452932913
S257I,0.594544845
S257K,0.935690502
S257L,0.723752217
S257M,0.737757772
S257N,0.669335774
S257P,0.296203113
S257Q,0.7567372
S257R,0.360184456
S257T,0.732776928
S257V,0.536583939
S257W,0.663381527
S257Y,0.601939364
S261A,0.831491476
S261C,0.570794662
S261D,0.359077085
S261E,0.179902895
S261F,-0.468892914
S261G,0.969248464
S261H,-0.519675419
S261I,-0.123945685
S261K,-0.197326689
S261L,0.097259169
S261M,0.195273866
S261N,-0.591702497
S261P,-0.194342306
S261Q,0.303369946
S261R,0.157339083
S261T,0.898851933
S261V,0.308302039
S261W,-0.061562576
S261Y,-0.282029562
S289A,-0.048273832
S289C,-0.239054825
S289D,0.047156207
S289E,0.004649478
S289F,-0.109980444
S289G,-0.05577946
S289H,-0.146242315
S289I,0.338882546
S289K,0.275762306
S289L,0.053165779
S289M,-0.070090035
S289N,-0.59752445
S289P,0.165085944
S289Q,0.208783623
S289T,0.211741898
S289V,0.299234404
S289W,-0.247543384
S289Y,-0.279486552
S290A,0.303460202
S290C,0.297981024
S290D,-0.160147633
S290E,0.126096714
S290F,0.081626103
S290G,0.081228771
S290H,-0.115638856
S290I,0.139852766
S290K,-0.050424594
S290L,-0.054308281
S290M,-0.030010224
S290N,0.088435881
S290P,-0.04786678
S290Q,-0.223340945
S290R,-0.018778737
S290T,0.90748106
S290V,-0.037560728
S290W,-0.067289418
S290Y,0.179205209
S301A,0.449902777
S301D,0.693112816
S301E,0.516202259
S301F,-0.094164935
S301G,0.96887828
S301H,0.547555239
S301I,1.187721638
S301K,0.460594177
S301L,1.094089182
S301M,1.098406794
S301N,-0.140669181
S301P,0.438519377
S301Q,-0.015349283
S301R,-0.246661394
S301T,1.094832858
S301V,1.113876193
S301W,0.325467782
S301Y,0.613358369
S306A,0.684144975
S306C,0.06177604
S306D,0.024670568
S306E,0.015538537
S306F,-0.12463903
S306G,0.813041432
S306H,-0.586514031
S306I,0.127516885
S306K,-0.054921398
S306L,0.047791799
S306M,-0.313406978
S306N,0.029317332
S306P,-0.224199412
S306Q,0.447414727
S306R,0.042301272
S306T,-0.154170861
S306V,0.487740195
S306W,0.188744452
S306Y,0.097196062
S31A,1.082690272
S31C,0.853367191
S31D,0.843444044
S31E,0.638273954
S31F,-0.449378752
S31G,0.776764142
S31I,-0.781685679
S31K,0.487093356
S31L,-0.516336696
S31M,-0.152867975
S31N,1.202121012
S31P,-0.412442491
S31Q,0.767824988
S31R,0.644403808
S31T,0.974925911
S31V,-0.025038974
S31Y,0.175221561
S323A,0.905155896
S323C,1.046182118
S323D,-0.534361247
S323E,0.008989034
S323F,-0.123787373
S323G,0.69683096
S323H,-0.050131859
S323I,-0.008120026
S323K,0.019466848
S323L,0.111823619
S323M,0.744275673
S323N,0.09166916
S323P,-0.100427994
S323Q,0.129083892
S323R,0.193742347
S323T,0.005837472
S323V,-0.125689212
S323W,-0.227769602
S323Y,-0.152081794
S334A,0.661960945
S334C,0.460879545
S334D,0.295713549
S334E,-0.21225418
S334F,0.331961673
S334G,0.898401526
S334H,0.334868935
S334I,-0.15812767
S334K,0.154759854
S334L,0.173421758
S334M,-0.074794029
S334N,1.167981453
S334P,-0.077420093
S334Q,0.246142854
S334R,0.247717457
S334T,1.118644991
S334V,-0.11136122
S334W,-0.20332756
S334Y,0.079199766
S359A,0.959612301
S359C,0.709019316
S359D,1.207124857
S359E,0.446399298
S359G,1.116067356
S359H,1.450870586
S359K,0.773888681
S359L,1.201947122
S359N,0.841320728
S359P,1.007717099
S359Q,0.716108206
S359R,1.124551793
S359T,1.023665294
S359V,1.010425437
S359Y,0.981701206
S395A,0.828291138
S395C,0.946720592
S395D,1.111215617
S395E,0.615601533
S395F,0.643283985
S395G,0.96689473
S395H,0.68488068
S395I,0.05205311
S395K,0.756761108
S395L,0.623572738
S395M,0.849784192
S395N,0.928079947
S395P,0.286762561
S395Q,1.082060691
S395R,0.625610701
S395T,0.383332934
S395V,-0.044145597
S395W,0.27266876
S395Y,0.465288444
S407A,1.145845835
S407C,0.82943082
S407D,-0.599766163
S407E,-0.179402059
S407F,0.244345558
S407G,0.932457475
S407H,-0.581021048
S407I,0.29710209
S407K,-0.700412753
S407L,-0.426079184
S407N,0.39063415
S407P,0.029243286
S407R,-0.537217121
S407T,0.679819062
S407V,0.090192593
S407W,-0.808798002
S407Y,-0.251397719
S412A,0.822893502
S412C,1.077018375
S412D,0.895363182
S412E,1.122951511
S412F,1.167698961
S412G,0.891700843
S412H,1.309767276
S412I,1.107826298
S412K,1.160985049
S412L,1.092242977
S412M,0.595640827
S412N,1.173968655
S412P,0.231673887
S412Q,1.020575175
S412R,1.040064286
S412T,0.712486794
S412V,1.206114763
S412W,1.115429485
S412Y,1.124114001
S434A,0.970954763
S434C,0.806567422
S434D,0.820425279
S434E,1.060321699
S434F,0.810477167
S434G,0.989174564
S434H,0.875198976
S434I,0.890989542
S434K,1.135374583
S434L,0.888596864
S434M,0.943145861
S434N,0.865880496
S434P,0.532395312
S434Q,1.084156139
S434R,0.999956088
S434T,1.009668858
S434V,0.793669657
S434W,0.880567134
S434Y,0.907832256
S438A,1.049981106
S438C,0.918770202
S438D,0.638436451
S438E,1.075080796
S438F,0.693745732
S438G,0.94645289
S438H,1.069486583
S438K,1.169466957
S438L,1.209653696
S438M,0.931556779
S438P,0.958078986
S438Q,1.046889608
S438R,0.592514261
S438T,1.229409525
S438V,0.904731426
S438W,0.887036801
S438Y,1.137831674
S447A,1.028207673
S447C,1.275590303
S447D,0.888701837
S447E,0.957476559
S447F,1.34964311
S447G,1.001900762
S447H,1.143077856
S447I,1.147135751
S447K,0.972971529
S447L,1.111269369
S447M,1.054033796
S447N,1.07183664
S447P,1.082876202
S447Q,1.401737528
S447R,1.036915312
S447T,0.950594887
S447V,1.179323373
S447W,0.920538114
S447Y,1.237882528
S448A,1.137089864
S448C,1.297782782
S448D,1.047312087
S448E,1.271490853
S448F,0.957902639
S448G,1.124186437
S448H,1.204996956
S448I,1.052721294
S448K,1.153568454
S448L,1.178108379
S448M,1.189403421
S448N,1.173270125
S448P,0.927969563
S448Q,1.236977633
S448R,1.197258903
S448T,0.947899822
S448V,1.048972295
S448W,0.806098786
S448Y,1.020841978
S454A,0.972664149
S454C,0.994460224
S454D,1.091567814
S454E,1.183593893
S454F,1.024341943
S454G,1.009798447
S454I,0.889912872
S454K,1.156310724
S454L,0.855237981
S454M,0.800594557
S454N,1.147723357
S454P,0.931084173
S454Q,0.848666937
S454R,0.953075553
S454T,1.171574134
S454V,0.951071581
S454W,0.903095016
S454Y,0.992525145
S474A,1.187652319
S474C,1.210830037
S474D,1.390323567
S474E,1.454743533
S474F,1.088411192
S474G,1.203395556
S474H,1.122213891
S474K,0.965480283
S474L,1.272123388
S474M,1.127261828
S474N,0.795345806
S474P,1.13109341
S474Q,1.099307825
S474R,1.231532135
S474T,1.598545834
S474V,1.309680018
S474W,1.22360309
S474Y,1.382961948
S67A,1.118439649
S67C,1.009716378
S67D,0.916155464
S67E,0.983766148
S67F,0.864698867
S67G,0.907116649
S67H,1.082371194
S67I,1.415551741
S67L,1.052208835
S67M,1.064633648
S67N,1.1517194
S67P,1.193441362
S67R,1.080801139
S67T,1.03014196
S67V,1.101548522
S67W,0.929327827
S67Y,1.034351336
S9A,0.88242378
S9C,1.149757758
S9D,0.986660033
S9E,0.965307148
S9F,1.19140673
S9G,0.171523146
S9H,1.232831302
S9I,1.296803046
S9K,1.143155171
S9L,1.103826722
S9M,1.271316254
S9N,1.287043405
S9P,1.195656538
S9Q,1.027379565
S9R,0.953557229
S9T,1.131193449
S9V,1.016189199
S9W,1.136354725
S9Y,1.46454677
T111A,-0.703358526
T111C,-0.412740622
T111E,-0.402248296
T111F,0.135449862
T111G,-0.155793341
T111H,-0.175886614
T111I,-0.019628331
T111K,-0.191918466
T111L,-0.370021956
T111M,0.092081569
T111N,-0.113446195
T111P,0.175681313
T111Q,-0.039601385
T111R,0.132133879
T111S,1.002140291
T111V,0.20641865
T111W,-0.056151643
T111Y,-0.295411013
T119A,1.088183566
T119C,1.33983537
T119D,0.377698568
T119F,0.728974352
T119G,0.982373887
T119H,0.998131773
T119I,0.466669514
T119K,-0.344964071
T119L,0.982586369
T119M,0.668549366
T119Q,1.230708123
T119R,0.439673866
T119S,1.266308985
T119V,1.069939951
T119W,0.782326533
T119Y,1.157754861
T154A,0.783642224
T154C,0.848945968
T154D,0.823101242
T154E,0.77797003
T154F,0.497795952
T154G,0.106238349
T154H,0.593493275
T154I,0.909416161
T154K,0.032560895
T154L,0.785438293
T154M,1.057315175
T154N,0.207257643
T154P,0.76849762
T154Q,0.834019071
T154R,-0.312819522
T154S,1.018637323
T154V,0.777233722
T154W,0.974025269
T154Y,0.231302892
T158A,0.243043554
T158C,0.351893217
T158D,-0.19625441
T158E,-0.217359771
T158F,-0.352053361
T158G,-0.117023358
T158H,0.121529412
T158I,0.203597455
T158K,0.305329766
T158L,-0.135021158
T158M,-0.546854364
T158N,-0.45415547
T158P,-0.306917774
T158Q,-0.003537187
T158R,-0.337538581
T158S,1.177385279
T158V,-0.188543813
T158W,0.343059593
T166A,0.502347391
T166C,0.666067347
T166D,0.104623367
T166E,-0.265998614
T166G,0.963483315
T166H,0.592715581
T166I,0.519640411
T166K,0.26294264
T166L,0.951222249
T166M,0.932167562
T166N,0.646156483
T166P,0.64292966
T166Q,0.850194643
T166R,-0.343703693
T166S,0.95591937
T166V,0.766927794
T166W,0.046071612
T166Y,-0.059360086
T167A,-0.146704253
T167C,-0.332358929
T167E,0.007331743
T167F,-0.739775393
T167G,0.303493407
T167H,0.741602963
T167I,0.088115114
T167K,-0.026450175
T167L,0.371669621
T167N,0.406702833
T167R,-0.227928511
T167S,1.058950547
T167V,-0.077552817
T167W,0.359873169
T167Y,-0.029562399
T201A,0.186956941
T201C,0.467374769
T201D,0.266086947
T201F,0.431756505
T201G,0.566449818
T201H,0.20195296
T201I,0.013712653
T201K,-0.389761578
T201L,-0.034364467
T201P,0.428252287
T201Q,0.786397088
T201R,-0.229710327
T201S,0.176211291
T201V,0.771951612
T201Y,-0.019547541
T202A,1.165852338
T202C,0.888317489
T202D,0.778708007
T202E,0.098005373
T202F,-0.309883132
T202G,1.138827946
T202H,0.486980647
T202I,0.70831678
T202K,-0.217959981
T202L,0.550096844
T202M,0.585186421
T202N,1.118996519
T202P,-0.109791196
T202Q,1.12141691
T202R,0.224870271
T202S,1.057080847
T202V,0.74804565
T202W,-0.321339896
T202Y,-0.345759255
T204A,0.924456693
T204C,0.885854931
T204D,0.40614356
T204E,-0.096693652
T204F,-0.258343588
T204G,1.161183562
T204H,0.471798037
T204I,0.305061091
T204K,-0.261033985
T204L,0.3736869
T204M,0.210408143
T204N,0.902374473
T204P,0.233796136
T204Q,1.340358995
T204R,0.070767428
T204S,1.222586775
T204V,1.023611127
T204W,-0.208354811
T204Y,-0.013099856
T227A,1.26291171
T227C,0.988011525
T227F,1.083187898
T227G,0.954654731
T227H,1.296799054
T227I,0.316481165
T227K,0.946018914
T227L,0.212001865
T227M,0.871041642
T227N,0.742447093
T227P,0.515195428
T227Q,0.813922737
T227R,0.599418328
T227S,0.905641044
T227V,0.676944689
T227W,0.111035279
T227Y,1.215841515
T239A,1.242792323
T239C,0.818940539
T239D,0.026473592
T239F,-0.057271546
T239G,0.389785263
T239I,0.93108762
T239L,0.675483895
T239M,-0.046764335
T239N,0.075069434
T239R,0.298817408
T239S,1.102422344
T239V,0.643376523
T239W,-0.035141974
T239Y,0.630560521
T242A,0.789766854
T242D,0.635065327
T242E,0.681282868
T242G,0.250179187
T242H,0.253372773
T242I,0.87900856
T242K,-0.671690279
T242M,0.745857854
T242N,1.408268174
T242P,0.814121363
T242Q,0.500818503
T242R,-0.19304798
T242S,0.585542412
T242V,1.073878955
T242W,0.538432789
T242Y,0.188821704
T244A,1.025564582
T244C,1.248836379
T244D,1.041955159
T244E,0.643094631
T244F,0.398977395
T244G,0.860274547
T244H,1.224321875
T244I,0.230863288
T244L,-0.000287131
T244M,0.464654543
T244N,1.020113297
T244P,1.179032413
T244R,-0.140603033
T244S,1.209101953
T244V,0.366242413
T244W,0.004028691
T244Y,-0.43377954
T267A,0.855469237
T267C,0.803226153
T267D,0.175399297
T267E,0.048969605
T267F,1.018747735
T267G,1.131429096
T267H,0.577690782
T267I,0.954121995
T267K,-0.146644802
T267L,0.727041881
T267M,1.335270331
T267N,0.860870336
T267P,-0.164305498
T267Q,1.075736561
T267R,-0.073898789
T267S,0.902602329
T267V,0.987620779
T267W,0.494456081
T267Y,-0.031645229
T313A,1.099220991
T313C,0.874038796
T313D,-0.04441653
T313E,-0.145365869
T313F,0.756415678
T313G,1.237627535
T313H,0.532351339
T313I,1.024854861
T313K,0.232390114
T313L,0.9413161
T313M,1.054842306
T313N,0.680114644
T313P,0.800379359
T313Q,0.774565802
T313R,0.313482282
T313S,0.910893575
T313V,0.821621958
T313W,0.946377003
T313Y,0.708952423
T321A,-0.018766078
T321C,0.831180798
T321D,-0.382151271
T321E,-0.291575326
T321F,0.446898694
T321G,0.752244225
T321H,-0.495374588
T321I,0.848204676
T321K,-0.224521434
T321L,0.980964837
T321M,1.096520569
T321N,0.721555866
T321P,0.131912305
T321Q,0.882130827
T321R,0.044761
T321S,0.719506367
T321V,1.049327151
T321W,0.351294899
T321Y,0.697308755
T330A,0.932116904
T330C,1.224787979
T330D,0.382417189
T330E,-0.015991583
T330F,-0.276083925
T330G,0.870557957
T330H,0.236673194
T330I,0.456020373
T330K,0.09536246
T330L,-0.084268176
T330M,-0.189002804
T330N,-0.305175996
T330P,0.071492396
T330R,0.154830693
T330S,0.867471257
T330V,0.732056036
T330W,-0.170150995
T330Y,0.345838663
T347A,1.309692666
T347D,0.754517871
T347E,0.876070101
T347F,0.96857662
T347G,1.034653746
T347H,0.815318354
T347I,0.949418886
T347K,0.619720357
T347L,1.005530347
T347M,0.840633802
T347N,1.22198047
T347P,1.009937081
T347R,0.311670662
T347S,0.905314022
T347V,0.746727096
T347W,0.238494604
T347Y,1.051545919
T350A,1.169534813
T350C,1.010618433
T350D,1.152968925
T350E,1.238700606
T350F,0.311326876
T350G,0.867695919
T350H,1.145661051
T350I,1.249791301
T350K,0.575001554
T350L,1.109669046
T350M,1.048784727
T350N,1.103092627
T350P,0.517934068
T350Q,0.917172937
T350R,0.40417742
T350S,1.171778935
T350V,1.190658602
T350W,0.213443832
T350Y,1.037091168
T354A,1.326901111
T354C,1.06890339
T354D,0.426411347
T354E,0.075750808
T354F,0.602774262
T354G,1.255234624
T354H,0.963506345
T354I,1.31379342
T354K,-0.024269867
T354L,1.192037384
T354M,1.152277158
T354N,1.021110094
T354P,0.632101221
T354Q,1.142644079
T354R,0.116216306
T354S,1.324783095
T354V,1.135218107
T354W,0.295019396
T354Y,0.405669251
T382A,0.783704343
T382C,0.871986821
T382D,0.254621908
T382E,0.007059118
T382F,-0.09917551
T382G,0.253056062
T382H,0.068502591
T382I,0.780067869
T382K,0.005416436
T382L,0.150601462
T382M,1.002944673
T382N,0.474302138
T382P,-0.071725139
T382Q,0.656458413
T382R,0.072179311
T382S,1.078533303
T382V,0.765465704
T382W,-0.129135165
T382Y,0.624763405
T38A,0.970290021
T38E,1.004888446
T38F,0.487656232
T38G,-0.12738632
T38I,0.977950887
T38L,0.633954045
T38M,0.349903559
T38N,0.430528826
T38Q,0.43852685
T38R,0.098028333
T38S,0.799498057
T38V,1.127171642
T38W,0.508843334
T38Y,-0.145244701
T450A,0.361716778
T450C,1.233590425
T450D,-0.011485779
T450F,0.385529538
T450G,0.202414437
T450H,0.022367725
T450I,0.869737023
T450K,0.479598825
T450L,0.505165685
T450M,0.122700725
T450N,0.381155044
T450P,0.244913911
T450Q,0.309892141
T450R,0.217291148
T450S,0.284586142
T450V,0.860872275
T450W,0.137661334
T450Y,0.633378799
T52A,1.023505359
T52C,1.116425762
T52D,1.054870405
T52E,0.809120354
T52F,0.449680812
T52G,0.995019817
T52H,1.166667588
T52I,0.753696068
T52K,1.034310755
T52L,0.951787964
T52M,0.679683056
T52N,0.920664373
T52P,0.772194093
T52Q,1.167239671
T52R,0.98393991
T52S,0.959915357
T52V,0.935053066
T52Y,0.870620671
T58A,0.841056563
T58C,0.84344207
T58D,0.770446184
T58E,1.212860851
T58F,0.911114274
T58G,0.844917502
T58H,1.056020195
T58I,1.157473582
T58K,1.006193624
T58L,0.911426368
T58M,0.857982597
T58N,0.963348957
T58P,0.439880775
T58Q,1.007079918
T58R,1.04247129
T58S,1.029593463
T58V,1.120694671
T58W,0.740851387
T58Y,0.975968762
T94A,1.252166554
T94C,0.906824138
T94E,1.389917391
T94F,0.535085469
T94G,0.948649868
T94H,1.416809026
T94I,1.142778631
T94K,0.8363747
T94L,1.19623092
T94M,1.190399356
T94N,0.849723063
T94Q,1.005951521
T94R,0.765919634
T94S,1.16388033
T94V,1.20832206
T94W,0.212757187
T94Y,1.322309679
V115A,0.890031083
V115C,1.044021594
V115D,0.15643686
V115E,0.65040352
V115F,-0.057231906
V115G,-0.048120693
V115I,1.15154686
V115K,0.201529572
V115L,1.07616543
V115M,0.711705511
V115N,0.340021714
V115P,1.356240684
V115Q,0.386671361
V115R,0.079840092
V115S,0.640285
V115T,1.041771031
V115W,-0.277696501
V115Y,-0.031820921
V138A,1.143207617
V138C,0.854922297
V138E,1.187058915
V138F,1.129033984
V138G,0.833875299
V138H,0.90065214
V138I,1.181619817
V138K,0.305573074
V138L,1.109467729
V138N,0.705807853
V138P,-0.022862725
V138R,-0.031816168
V138S,0.959596861
V138T,0.706477815
V138W,1.011515555
V138Y,0.930090203
V168A,0.423784635
V168C,0.649531161
V168D,-0.133322201
V168E,0.28229928
V168F,0.744603167
V168G,0.08954121
V168H,0.242685929
V168I,0.839361611
V168K,0.271203527
V168L,0.78912885
V168M,0.873972481
V168N,-0.165409786
V168P,0.370107922
V168Q,0.237837544
V168R,0.092616158
V168S,0.493979706
V168T,0.827041642
V168W,0.409597892
V168Y,0.316805244
V189A,0.967606098
V189C,1.240865692
V189D,0.439093823
V189E,1.08433082
V189F,1.184695836
V189G,1.068036666
V189I,0.848401694
V189K,0.809374474
V189L,1.266054608
V189M,1.081518616
V189N,0.82671115
V189P,0.414038638
V189R,0.940444783
V189S,1.099734804
V189T,0.98837921
V189W,0.449204561
V189Y,0.657142106
V198A,0.919145531
V198C,1.317923621
V198D,0.0356942
V198E,-0.034692434
V198F,-0.199265181
V198G,0.958621131
V198I,1.196070934
V198K,-0.353977185
V198L,1.08253923
V198M,1.018494908
V198N,1.347014904
V198P,0.93925339
V198Q,0.442863411
V198R,-0.027347154
V198S,0.617644234
V198T,1.053210309
V198W,-0.231325856
V198Y,0.172721685
V219A,0.459583544
V219C,0.507316459
V219D,-0.584855964
V219F,0.664932274
V219G,0.113226087
V219H,0.290926191
V219I,0.793708495
V219K,0.272377433
V219L,1.101926274
V219M,0.628905067
V219N,0.533974753
V219P,0.321927279
V219Q,0.592028291
V219R,0.213101946
V219S,0.568383751
V219T,0.73203182
V219W,-0.055992541
V219Y,0.012467731
V226A,0.413746553
V226C,0.712307716
V226D,-0.542372423
V226E,0.200188044
V226F,-0.477196676
V226G,0.091380624
V226I,0.551612058
V226L,1.097614218
V226M,1.276853005
V226P,-0.341547358
V226Q,0.303683265
V226R,-0.108879269
V226S,0.413123716
V226T,0.625839917
V226W,0.120889923
V247A,1.011704741
V247C,1.154410938
V247D,0.554523842
V247E,0.522423524
V247F,0.850913339
V247G,1.067289909
V247H,0.8850762
V247I,1.044010044
V247K,0.770004735
V247L,1.002945459
V247M,1.242194532
V247N,0.895643859
V247P,0.009927289
V247Q,0.924018325
V247R,0.357536743
V247S,0.948251059
V247T,1.093511185
V247W,1.126005183
V247Y,0.855836483
V251A,1.141682387
V251C,0.749917202
V251D,-0.43900699
V251E,-0.268489769
V251I,0.829468114
V251L,1.356251773
V251M,0.610301178
V251P,0.124136036
V251Q,0.655723824
V251R,0.377160516
V251S,0.798503495
V251T,0.976712693
V251W,0.540300906
V254A,0.855935281
V254C,0.739143908
V254D,0.838791553
V254E,0.76093376
V254F,0.394534378
V254G,0.924468293
V254H,1.314515863
V254I,1.102586509
V254K,1.026687344
V254L,1.040577019
V254M,0.597873771
V254N,1.233670662
V254P,0.966621546
V254Q,0.815342128
V254R,0.893757265
V254S,0.973388895
V254T,0.940128876
V254W,0.423006296
V254Y,0.941567643
V262A,1.307719547
V262C,1.110493925
V262D,-0.033255313
V262E,-0.037731172
V262F,0.49606522
V262G,0.851375718
V262H,-0.06393538
V262I,1.001730888
V262K,-0.202723633
V262L,0.865394905
V262M,0.685788253
V262N,0.168836692
V262P,-0.309353405
V262Q,0.134618325
V262R,-0.043471375
V262S,1.306454708
V262T,1.152381849
V262W,-0.015323393
V29C,1.500597213
V29E,-0.399560666
V29G,0.209015725
V29I,0.928921726
V29L,0.84547955
V29N,1.442453146
V29Q,0.63689051
V29R,0.6220864
V29S,0.611930314
V29W,0.736924097
V315A,0.543158629
V315C,1.005514651
V315D,0.042489694
V315E,0.109563735
V315F,0.834944916
V315G,0.614584694
V315H,0.826783116
V315I,0.929655595
V315K,-0.17623992
V315L,1.051716937
V315M,1.053612626
V315N,0.429510923
V315P,0.761346558
V315Q,0.902346633
V315R,0.376503625
V315S,0.860272228
V315T,1.076857169
V315W,0.795253546
V315Y,0.83916532
V324A,1.081897438
V324C,1.05942587
V324D,0.736246057
V324E,0.401507168
V324F,0.670954027
V324G,0.688140058
V324H,0.617913073
V324I,0.639491044
V324K,-0.055028916
V324L,0.828610908
V324M,0.766119517
V324N,0.890480254
V324P,-0.472169393
V324Q,0.491286882
V324R,-0.075762646
V324S,0.810810219
V324T,0.934740536
V324W,0.826662694
V324Y,0.705242913
V363A,0.069947437
V363C,0.442316901
V363D,0.650714146
V363E,0.095679893
V363F,0.633171568
V363G,0.192150137
V363I,1.08569192
V363K,0.249682745
V363L,1.067684334
V363M,0.918547596
V363N,0.369783751
V363P,0.441449797
V363Q,0.870218722
V363R,0.435421016
V363S,0.24203243
V363T,0.06547381
V363W,0.110974971
V363Y,0.793027982
V364A,0.375075331
V364C,1.129162646
V364E,-0.12085588
V364F,0.31171904
V364G,-0.108193277
V364H,0.250880633
V364I,0.82088389
V364K,-0.48168
V364L,1.121984765
V364M,0.674098672
V364N,-0.366756449
V364P,0.787345316
V364Q,-0.103201833
V364R,0.159398239
V364S,0.227150126
V364T,0.351799323
V364W,0.704849295
V364Y,0.060944614
V368A,0.417622731
V368C,0.159215276
V368D,0.093146851
V368E,0.169081504
V368F,0.238075703
V368G,0.154142752
V368I,0.104627034
V368K,0.113510498
V368L,0.106174303
V368M,0.007547277
V368N,0.100249995
V368P,-0.002318675
V368Q,0.161261232
V368R,0.9669632
V368S,0.244096304
V368T,0.958642237
V368W,-0.003071993
V368Y,0.409960718
V390A,0.906037259
V390D,-0.050118768
V390E,-0.111243452
V390F,-0.060230757
V390G,0.566619226
V390H,0.541088889
V390I,-0.085602999
V390L,-0.063540075
V390M,0.925107134
V390N,0.496238338
V390P,0.360513329
V390Q,0.870606864
V390R,0.022302831
V390S,0.846506901
V390T,0.684840902
V390W,-0.063120006
V390Y,0.620960505
V405A,1.120328355
V405C,1.313673123
V405D,1.259269638
V405E,1.193872943
V405F,1.318485336
V405G,0.985737443
V405H,0.663055549
V405I,1.281232848
V405K,1.122008972
V405L,1.273281743
V405M,1.139979113
V405N,1.312248046
V405P,0.989651829
V405Q,0.863672998
V405R,1.117931755
V405S,1.090686015
V405T,1.284452687
V405W,1.156984776
V405Y,0.96530022
V413A,0.824924989
V413C,0.870542741
V413D,0.469165642
V413E,1.094818341
V413F,0.986514863
V413G,0.610205985
V413H,1.054678945
V413I,0.90674687
V413K,0.892683208
V413L,0.752588563
V413M,1.063499804
V413N,1.015550729
V413P,0.175259246
V413Q,0.988352529
V413R,1.00451448
V413S,1.11738538
V413T,1.082857063
V413W,0.952649894
V413Y,0.794272455
V414A,0.085650736
V414C,0.35012869
V414D,-0.140849068
V414E,-0.402821725
V414G,-0.178487314
V414I,1.136698888
V414L,0.579839474
V414M,0.843294882
V414N,0.026601792
V414P,0.532906912
V414R,0.357783727
V414S,0.095503668
V414T,0.058817237
V414W,0.110613985
V414Y,0.305936128
V429A,1.143687456
V429C,1.156570319
V429D,0.991744701
V429E,1.163566793
V429F,1.141976735
V429G,1.228942891
V429H,1.278050115
V429I,0.929376866
V429K,0.828423204
V429L,1.1665017
V429M,1.014789323
V429N,1.139647183
V429P,1.337179415
V429R,1.009398656
V429S,0.970652361
V429T,1.150053323
V429W,0.777594682
V429Y,0.396997814
V457A,0.754626115
V457C,0.589221971
V457D,0.132799826
V457E,-0.058765039
V457F,-0.118715819
V457G,0.162143737
V457H,-0.103856344
V457I,1.159891915
V457K,0.617642104
V457L,0.53784585
V457M,0.521532723
V457N,0.04196439
V457P,0.476479876
V457Q,0.16920048
V457R,0.100498672
V457S,0.39901845
V457T,0.979045373
V457W,-0.093181058
V457Y,0.247253842
V465A,0.804989249
V465D,-0.087367371
V465E,0.071383751
V465F,0.067531943
V465G,-0.02477243
V465I,1.394088149
V465K,-0.019362823
V465L,0.858682728
V465M,1.256235734
V465P,-0.41706352
V465Q,0.460925572
V465R,-0.201346416
V465S,0.031806775
V465W,0.786805971
V465Y,0.01706996
V475A,1.32421839
V475C,0.999856809
V475D,0.89935633
V475E,1.184765183
V475F,1.134994695
V475G,1.153589479
V475H,1.120998575
V475I,0.97862001
V475L,1.156505559
V475M,0.959963909
V475N,1.260145023
V475P,1.282591135
V475Q,1.091822204
V475R,1.279974014
V475S,1.206103038
V475T,1.083200856
V475W,1.08672057
V475Y,1.182852962
V478A,1.190283961
V478D,1.348287941
V478E,1.177521925
V478F,0.765894384
V478G,1.210283091
V478H,0.608092128
V478I,0.851687672
V478K,1.402033526
V478L,1.192211701
V478M,1.392265465
V478P,1.259889644
V478R,1.325700288
V478T,1.458156911
V478W,1.187451095
V478Y,1.017129538
V88A,0.849851552
V88D,-1.011941302
V88E,-0.225843476
V88F,0.055324689
V88G,0.593746355
V88I,1.248729226
V88K,0.274342535
V88L,0.708890204
V88M,1.199931026
V88N,0.482967283
V88Q,0.04383081
V88R,0.064432642
V88S,0.866097749
V88T,0.911857887
V88W,-0.005363397
V92A,1.125897291
V92C,0.992374226
V92D,0.223224455
V92E,0.862158213
V92G,0.80695847
V92H,-0.697823104
V92I,0.343366002
V92K,0.427480497
V92L,0.526911754
V92M,0.94840981
V92P,-0.455922669
V92R,-0.235187761
V92S,0.78181486
V92T,0.994669596
V92W,-0.181732068
V92Y,-0.281080449
W175A,0.416696606
W175D,-0.087935254
W175E,0.407765471
W175G,0.484696913
W175I,0.613199349
W175K,0.050663661
W175L,0.545946304
W175Q,0.532880214
W175R,-0.587029912
W175S,0.346038577
W175V,0.349538778
W175Y,0.958249786
W326A,0.039180579
W326C,0.411322111
W326D,-0.217888538
W326E,0.182227058
W326F,1.411682148
W326G,0.139267095
W326H,1.349184039
W326I,0.821231156
W326K,-0.163078771
W326L,1.006439288
W326M,1.179293185
W326N,0.178194441
W326P,-0.295641998
W326Q,0.416789204
W326R,0.187460381
W326S,0.188523431
W326T,0.168773276
W326V,0.134394433
W326Y,0.814772489
W39A,1.056505801
W39C,1.602253103
W39D,1.319476628
W39E,0.462863256
W39F,0.983323246
W39G,0.669162865
W39H,1.395470544
W39K,-1.018505603
W39L,-0.060067375
W39M,1.089573774
W39P,0.012518759
W39Q,1.068973272
W39R,-0.342997023
W39S,0.809525451
W39T,0.755496273
W39V,0.959209928
W39Y,1.323904702
W43A,0.131087163
W43C,-0.148937077
W43D,-0.120365347
W43E,0.599800727
W43F,0.883477618
W43G,-0.257058552
W43H,1.028170523
W43I,0.474618987
W43K,-0.550928383
W43L,0.747860471
W43M,0.522720202
W43N,0.053617298
W43P,-0.065740777
W43Q,0.55697829
W43R,-0.492260877
W43S,0.031416952
W43T,-0.349215642
W43V,0.201832826
W43Y,0.248704542
W45A,0.976218198
W45C,0.665332074
W45D,1.060441235
W45E,0.76944708
W45F,1.087098652
W45G,1.083054952
W45H,1.055681526
W45I,1.486998897
W45L,0.385138741
W45M,0.821308314
W45N,1.125685739
W45P,0.085255617
W45Q,1.146117064
W45R,0.055141147
W45S,1.030549474
W45T,0.223847429
W45V,0.675421022
W45Y,1.099157622
Y114C,0.888453988
Y114D,0.381347429
Y114E,0.588281273
Y114F,0.932956834
Y114G,0.286351197
Y114H,0.079757135
Y114L,-0.257813281
Y114M,0.32229662
Y114N,-0.126664078
Y114R,1.292836095
Y114S,0.579133364
Y114T,0.797884216
Y114W,1.250500754
Y13A,1.137796633
Y13C,1.157761534
Y13D,0.262464592
Y13E,0.936668028
Y13F,0.733569477
Y13G,1.0326726
Y13H,0.724752172
Y13I,1.043915208
Y13K,0.670172959
Y13L,1.047058988
Y13M,1.268159874
Y13N,0.96729458
Y13P,1.018010045
Y13Q,1.268408074
Y13R,0.830044619
Y13S,0.825474425
Y13T,1.082202029
Y13V,1.38512353
Y13W,1.273617196
Y21A,-0.768949657
Y21C,-0.255972081
Y21D,0.524561296
Y21E,-0.113540906
Y21F,1.08411522
Y21G,1.010237328
Y21H,0.119260214
Y21I,-0.846558733
Y21K,-0.467346803
Y21L,0.131815571
Y21M,0.163376882
Y21N,0.214547878
Y21P,0.511429803
Y21R,-0.89464651
Y21S,-0.091897391
Y21T,-0.45709018
Y21V,0.172391139
Y21W,1.315918531
Y243C,1.298978064
Y243D,0.001469636
Y243F,1.183913418
Y243G,1.118895442
Y243I,0.954763165
Y243K,0.049558574
Y243L,0.752386437
Y243N,0.835144764
Y243P,0.782076736
Y243R,-0.293322574
Y243S,1.201045347
Y243T,1.398904799
Y243V,1.40461321
Y243W,0.178960195
Y294A,-0.216780611
Y294C,-0.273277772
Y294D,0.529183432
Y294E,-0.252017008
Y294F,0.569250977
Y294G,0.237207322
Y294H,0.093188238
Y294I,0.226475162
Y294K,-0.186565659
Y294L,0.0371004
Y294M,0.096607249
Y294N,0.321397741
Y294P,0.111714761
Y294R,-0.104484077
Y294S,-0.06201055
Y294T,0.409070994
Y294V,0.078687599
Y294W,-0.028561664
Y34A,0.955679305
Y34C,0.814162914
Y34D,0.653207958
Y34E,0.65703129
Y34F,0.693785423
Y34G,0.935254641
Y34I,0.735085932
Y34K,0.69529394
Y34L,0.515309584
Y34N,0.545149642
Y34P,-0.583145643
Y34Q,0.266991901
Y34R,-0.022873174
Y34S,1.049656682
Y34T,0.320022952
Y34V,0.331612891
Y34W,0.737818985
Y365A,0.794070425
Y365C,1.007832651
Y365D,-0.104042211
Y365E,0.936157689
Y365F,1.250367495
Y365G,-0.046651294
Y365H,0.946935705
Y365I,0.634799267
Y365K,0.429538776
Y365L,0.716768733
Y365M,0.823019247
Y365N,1.341106799
Y365Q,1.067051183
Y365R,0.929439437
Y365S,0.904824956
Y365T,0.635855718
Y365V,0.673925926
Y365W,1.163264949
Y432A,1.012231253
Y432C,0.801539388
Y432D,0.821491689
Y432E,0.832951154
Y432F,1.145324901
Y432G,0.854235248
Y432H,0.903445586
Y432I,0.535162062
Y432K,0.500297933
Y432L,0.689777165
Y432M,1.160583068
Y432N,0.561837446
Y432P,0.405211783
Y432Q,0.557539786
Y432R,0.571865615
Y432S,0.80860728
Y432T,0.893511862
Y432V,0.791180661
Y432W,0.875408771
Y466A,0.91193287
Y466C,0.986599555
Y466D,0.993532738
Y466E,0.983937367
Y466F,1.096553498
Y466G,1.032771912
Y466H,0.903457118
Y466I,1.013704264
Y466K,1.03497709
Y466L,1.127541971
Y466M,1.29135553
Y466N,0.91461509
Y466P,0.459010413
Y466R,1.060164345
Y466S,0.980091041
Y466T,0.991545582
Y466V,0.934080895
Y466W,1.036985103
Y472A,1.202917736
Y472D,0.893234288
Y472E,1.202193735
Y472F,1.269131622
Y472G,0.822203697
Y472H,1.058233667
Y472I,1.234925209
Y472K,0.463059142
Y472L,1.189028928
Y472M,1.000007226
Y472N,1.297655172
Y472R,1.056547338
Y472S,0.966946315
Y472T,1.106875728
Y472V,0.946756927
