variant,score
T2A,0.903054203
T2C,0.452303824
T2D,1.060672067
T2E,1.100382303
T2F,0.350702043
T2G,1.007931905
T2H,0.913003091
T2I,0.179346013
T2K,1.039892729
T2L,0.597869772
T2M,0.740285046
T2N,0.94796119
T2P,1.118175742
T2Q,1.047322552
T2R,1.02998764
T2S,1.040714778
T2V,0.267593102
T2W,0.363186291
T2Y,0.660202942
S3A,0.982614698
S3C,0.815396284
S3D,1.087968465
S3E,1.079629383
S3F,0.299822644
S3G,1.029888408
S3H,0.875653937
S3I,0.380156333
S3K,0.989082499
S3L,0.630375718
S3M,0.849659336
S3N,0.974290762
S3P,1.144822358
S3Q,1.025236138
S3R,0.955132401
S3T,1.014175767
S3V,0.500650647
S3W,0.247412092
S3Y,0.672074714
C4A,1.039844322
C4D,1.115959353
C4E,1.103471956
C4F,0.878264017
C4G,1.073643271
C4H,1.055202522
C4I,0.879462424
C4K,1.036520934
C4L,1.005026768
C4M,0.985868116
C4N,1.061928399
C4P,1.122884923
C4Q,1.089372728
C4R,1.043386454
C4S,1.057172331
C4T,1.031535598
C4V,0.941347077
C4W,0.743553034
C4Y,0.935404204
H5A,1.048934411
H5C,1.008819135
H5D,1.10543289
H5E,1.115891101
H5F,0.77284646
H5G,1.050777056
H5I,0.852379404
H5K,0.968760923
H5L,0.908069329
H5M,0.959688433
H5N,1.005251644
H5P,1.106527107
H5Q,1.05084792
H5R,0.972559003
H5S,1.049858798
H5T,0.996523905
H5V,0.925823407
H5W,0.748201826
H5Y,0.760390729
I6A,1.050933396
I6C,0.779690647
I6D,1.075597457
I6E,1.091184237
I6F,0.983157834
I6G,1.042418872
I6H,1.05586776
I6K,1.035208647
I6L,1.051169461
I6M,1.044698697
I6N,1.038544556
I6P,1.075134052
I6Q,1.058429901
I6R,1.038844484
I6S,1.071143879
I6T,1.056142681
I6V,1.040940933
I6W,0.961283902
I6Y,0.963388511
A7C,0.703465914
A7D,1.070992132
A7E,1.141387794
A7F,1.053107884
A7G,0.986775758
A7H,1.045142673
A7I,0.927449849
A7K,0.923094031
A7L,0.981799675
A7M,1.036231736
A7N,0.987670328
A7P,1.036951928
A7Q,1.048365981
A7R,0.873747528
A7S,1.010207129
A7T,0.999463437
A7V,0.932433339
A7W,0.874552612
A7Y,1.056998307
E8A,0.927293803
E8C,0.964380788
E8D,0.897637168
E8F,0.786223248
E8G,0.865102083
E8H,1.057338216
E8I,0.805103034
E8K,1.025368938
E8L,1.03012062
E8M,1.071249172
E8N,1.025598962
E8P,1.116546169
E8Q,1.040069637
E8R,1.018429805
E8S,0.979156422
E8T,0.946772741
E8V,0.783613053
E8W,0.528934357
E8Y,1.096483966
E9A,0.831746389
E9C,0.492087606
E9D,1.049782265
E9F,0.284973117
E9G,0.896390786
E9H,1.096149494
E9I,-3.10E-05
E9K,1.054517849
E9L,0.140899467
E9M,0.459450336
E9N,1.064478013
E9P,1.043241078
E9Q,1.034350929
E9R,1.060768776
E9S,0.968250263
E9T,0.859519226
E9V,0.076572749
E9W,0.212052489
E9Y,0.372840769
H10A,1.131431672
H10C,0.951483123
H10D,0.647702211
H10E,1.062884153
H10F,0.715564995
H10G,0.944940113
H10I,0.810167346
H10K,1.167804493
H10L,0.964736476
H10M,1.057714745
H10N,1.017910609
H10P,1.211471887
H10Q,1.138248612
H10R,1.181723918
H10S,0.989389446
H10T,1.036765846
H10V,0.88393238
H10W,0.351353731
H10Y,0.80036206
I11A,0.001040233
I11C,0.445072017
I11D,0.031448913
I11E,0.016715338
I11F,0.187497574
I11G,0.005818576
I11H,0.009965015
I11K,0.985314637
I11L,0.564328828
I11M,0.660376622
I11N,-0.008621923
I11P,0.261470125
I11Q,-0.002015934
I11R,-0.006945001
I11S,-0.017745061
I11T,-0.006388216
I11V,0.803913325
I11W,0.033084891
I11Y,-0.010832364
Q12A,0.701218423
Q12C,0.164651615
Q12D,1.040983733
Q12E,1.031995982
Q12F,-0.012765223
Q12G,1.008442206
Q12H,0.373893035
Q12I,-0.011358198
Q12K,1.160393363
Q12L,0.021490809
Q12M,0.145220349
Q12N,1.168495662
Q12P,0.072758865
Q12R,1.169317972
Q12S,1.014420887
Q12T,0.670415045
Q12V,-0.001261473
Q12W,-0.001996713
Q12Y,0.017306006
K13A,0.001772777
K13C,-0.007447576
K13D,-0.002032232
K13E,-0.002002951
K13F,-0.009406874
K13G,-0.007504673
K13H,0.221155273
K13I,-0.004757472
K13L,-0.014626269
K13M,-0.009579756
K13N,0.778524246
K13P,0.033280771
K13Q,0.137277899
K13R,0.936890368
K13S,0.473854006
K13T,0.131316881
K13V,-0.016666837
K13W,-0.006847803
K13Y,-0.006273931
V14A,0.278126474
V14C,0.753947079
V14D,-0.001054351
V14E,0.010203543
V14F,0.000754914
V14G,0.003889335
V14H,0.057755604
V14I,0.676338079
V14K,0.050781422
V14L,-0.016582821
V14M,-0.003021849
V14N,0.000327576
V14P,-0.007397407
V14Q,0.082327138
V14R,0.050427637
V14S,0.033458797
V14T,-0.008327954
V14W,0.04539884
V14Y,0.043766059
A15C,0.014843482
A15D,0.143404303
A15E,-0.012349374
A15F,0.081470029
A15G,1.154399544
A15H,-0.02353555
A15I,0.014699651
A15K,0.156228425
A15L,0.009367678
A15M,0.005885379
A15N,0.13665514
A15P,0.083416685
A15Q,0.056084584
A15R,0.006501682
A15S,-0.001765992
A15T,-0.016096174
A15V,-0.010421544
A15W,0.014878942
A15Y,0.007924583
I16A,0.031493507
I16C,-0.001206367
I16D,0.020119137
I16E,-0.006887688
I16F,0.008611173
I16G,-0.010659319
I16H,0.003581196
I16K,0.076605002
I16L,0.663268246
I16M,-0.000575747
I16N,0.027938899
I16P,0.011479318
I16Q,-0.003408927
I16R,0.01757792
I16S,0.002669802
I16T,0.078093306
I16V,0.629356972
I16W,0.011493985
I16Y,-0.019635376
F17A,0.312086778
F17C,0.727536506
F17D,0.000133282
F17E,0.002963003
F17G,0.078828738
F17H,0.103988348
F17I,0.365845719
F17K,-0.019040365
F17L,0.611392124
F17M,0.700324025
F17N,-0.011708113
F17P,0.000173383
F17Q,0.011562562
F17R,0.459357725
F17S,-0.008648298
F17T,0.162573072
F17V,0.521018565
F17W,0.86708027
F17Y,0.11068675
G18A,0.831062292
G18C,0.001310517
G18D,-0.001124935
G18E,0.017436848
G18F,-0.014332189
G18H,0.019766111
G18I,-0.007876564
G18K,0.061797671
G18L,-0.009731703
G18M,0.044766947
G18N,0.056604088
G18P,0.017632202
G18Q,0.068612905
G18R,0.033569785
G18S,0.062924512
G18T,0.015361676
G18V,-0.011911001
G18W,0.018716183
G18Y,0.041701657
G19A,-0.047433474
G19C,0.007851895
G19D,-0.002961632
G19E,0.003388802
G19F,0.014899954
G19H,-0.010891022
G19I,0.022121162
G19K,0.026127215
G19L,-0.019361354
G19M,0.012319909
G19N,0.01876461
G19P,-0.012018399
G19Q,0.002658826
G19R,0.045203773
G19S,-0.009751099
G19T,0.015764514
G19V,0.016076923
G19W,0.004176734
G19Y,0.001836583
T20A,0.000595073
T20C,0.930675583
T20D,-0.008949609
T20E,-0.009951976
T20F,0.032781278
T20G,0.18989834
T20H,0.541999679
T20I,0.028888933
T20K,0.040002304
T20L,0.045780774
T20M,0.037579586
T20N,-0.005877527
T20P,0.020929392
T20Q,0.022411864
T20R,-0.00747006
T20S,0.762383634
T20V,0.034169952
T20W,-0.02452006
T20Y,0.04359304
H21A,0.983279355
H21C,0.912170842
H21D,-0.003999482
H21E,0.059175056
H21F,0.244756613
H21G,0.243372945
H21I,0.229429904
H21K,0.074419579
H21L,-0.006313982
H21M,0.159301092
H21N,0.575971254
H21P,0.033042278
H21Q,0.300188858
H21R,0.618582173
H21S,0.721209103
H21T,0.028610036
H21V,0.415109503
H21W,0.022580772
H21Y,0.993507451
G22A,0.799858977
G22C,0.384583677
G22D,0.395527122
G22E,0.777816657
G22F,0.332120358
G22H,0.524020865
G22I,0.539070104
G22K,0.541741807
G22L,0.453993339
G22M,0.64545398
G22N,0.225737199
G22P,1.102543973
G22Q,0.700637653
G22R,0.603374188
G22S,0.676413638
G22T,0.570611178
G22V,0.563741292
G22W,0.422802698
G22Y,0.387439577
N23A,0.024546844
N23C,0.626012434
N23D,1.041334186
N23E,0.025149688
N23F,0.030419256
N23G,0.157076588
N23H,0.377573543
N23I,0.076156886
N23K,0.047020924
N23L,0.008556284
N23M,0.020035516
N23P,0.101086346
N23Q,0.075716099
N23R,0.039703307
N23S,0.681160748
N23T,0.175758217
N23V,0.07042227
N23W,-0.017111898
N23Y,-0.009356476
E24A,0.270057049
E24C,0.73505109
E24D,1.157097986
E24F,-0.002727403
E24G,-0.001633021
E24H,0.553312
E24I,0.060962911
E24K,-0.008550142
E24L,0.065184546
E24M,0.000405366
E24N,0.290743506
E24P,0.031346047
E24Q,0.588414856
E24R,-0.00551378
E24S,0.219251181
E24T,0.085640778
E24V,0.022528339
E24W,0.032393831
E24Y,0.000797174
L25A,1.060038426
L25C,0.993332251
L25D,1.08000069
L25E,0.040227223
L25F,0.441936382
L25G,1.034331952
L25H,0.185196651
L25I,0.73201024
L25K,1.096636751
L25M,1.11216176
L25N,0.551258351
L25P,1.1330556
L25Q,1.029017855
L25R,1.108437065
L25S,1.117628011
L25T,1.18146468
L25V,0.914156624
L25W,0.333972774
L25Y,0.511519438
T26A,1.103813469
T26C,0.677908795
T26D,0.027744301
T26E,-0.00765064
T26F,-0.007461702
T26G,1.147204839
T26H,0.022588504
T26I,0.011322102
T26K,0.06715527
T26L,0.008597597
T26M,0.00953305
T26N,0.03625613
T26P,0.835938506
T26Q,0.029254873
T26R,0.052490995
T26S,1.139273522
T26V,0.005866968
T26W,-0.008785503
T26Y,0.0071672
G27A,0.417617187
G27C,0.05781311
G27D,0.078559364
G27E,0.015634995
G27F,0.013407424
G27H,0.01676316
G27I,0.015053325
G27K,0.032229478
G27L,0.01993366
G27M,0.025663653
G27N,0.002525736
G27P,0.712423032
G27Q,-0.009257628
G27R,-0.002773266
G27S,0.591721714
G27T,0.082292136
G27V,0.018267086
G27W,0.045668448
G27Y,0.010617323
V28A,1.206776934
V28C,1.061768275
V28D,0.011437863
V28E,0.085831431
V28F,0.873750314
V28G,0.9640084
V28H,1.066990584
V28I,0.989400255
V28K,0.71564417
V28L,0.974820238
V28M,0.990124975
V28N,0.974524694
V28P,1.219476835
V28Q,1.069117928
V28R,0.737209556
V28S,1.201106631
V28T,1.136562449
V28W,1.035212644
V28Y,1.061880557
F29A,1.213185562
F29C,1.158433392
F29D,0.024492413
F29E,1.150176208
F29G,0.57264033
F29H,1.247382862
F29I,0.571960762
F29K,1.232954528
F29L,0.780835612
F29M,1.041794508
F29N,1.010869587
F29P,0.012934862
F29Q,1.23036604
F29R,1.205884562
F29S,1.236588185
F29T,1.231547441
F29V,0.914745768
F29W,1.084955942
F29Y,1.110256196
L30A,-0.004628599
L30C,0.020597787
L30D,0.019637031
L30E,0.000565103
L30F,0.035337623
L30G,-0.001784476
L30H,0.024085806
L30I,-0.007537488
L30K,0.06565865
L30M,0.298536348
L30N,0.043772595
L30P,0.059938971
L30Q,0.007453226
L30R,0.011005503
L30S,0.048024276
L30T,0.004918489
L30V,0.012678509
L30W,0.029227494
L30Y,-0.008046515
V31A,1.137333496
V31C,1.177522941
V31D,0.152193002
V31E,0.029913443
V31F,0.021600746
V31G,0.015508474
V31H,0.032718274
V31I,0.83741033
V31K,0.067316041
V31L,0.129018976
V31M,0.009044728
V31N,0.000677856
V31P,0.067979622
V31Q,0.034226201
V31R,0.075842984
V31S,-0.003177151
V31T,1.036432128
V31W,0.01561413
V31Y,0.095867647
K32A,0.14764789
K32C,-0.003510158
K32D,0.655736177
K32E,0.792981353
K32F,0.009423565
K32G,0.603915184
K32H,0.623056332
K32I,-0.00662978
K32L,-0.013895465
K32M,0.050052762
K32N,1.137489074
K32P,0.044240562
K32Q,0.938290109
K32R,0.821575393
K32S,0.755715602
K32T,0.493012722
K32V,-0.006466429
K32W,-0.009196865
K32Y,-0.00356611
H33A,0.598533784
H33C,0.239385273
H33D,0.308564185
H33E,1.052803035
H33F,0.111779781
H33G,0.980662326
H33I,-0.010967949
H33K,1.089325024
H33L,0.079784216
H33M,0.217196907
H33N,1.080177547
H33P,-0.001074491
H33Q,1.092222837
H33R,0.921573632
H33S,0.808590289
H33T,0.375210531
H33V,-0.009026365
H33W,0.371312492
H33Y,0.39255991
W34C,0.01221763
W34D,0.037981273
W34E,0.017638047
W34F,0.617238951
W34G,0.035666036
W34H,-0.007940553
W34I,0.014727704
W34K,0.019533567
W34L,0.000400561
W34M,-0.013691212
W34N,0.022425821
W34P,0.049088557
W34Q,-0.007368189
W34R,0.00896545
W34S,0.011940758
W34T,0.007503368
W34V,0.016368754
W34Y,0.482128055
L35A,0.828790866
L35C,0.59243338
L35D,0.427960846
L35E,0.850784389
L35F,0.402684977
L35G,0.480741152
L35H,0.5337936
L35I,0.781866752
L35K,0.869331544
L35M,1.007168867
L35N,0.714959885
L35P,-0.002842851
L35Q,1.002960005
L35R,0.630933301
L35S,0.773167985
L35T,0.663667973
L35V,0.448228394
L35W,0.096508175
L35Y,0.256245072
E36A,0.862555262
E36C,0.41859542
E36D,0.911088325
E36F,0.300803612
E36G,0.698267809
E36H,0.724797627
E36I,0.222943783
E36K,0.965821124
E36L,0.439714525
E36M,0.616540111
E36N,0.911825272
E36P,-0.009604609
E36Q,0.995308091
E36R,0.840096146
E36S,0.796847061
E36T,0.727903033
E36V,0.350097856
E36W,0.164782084
E36Y,0.284923633
N37A,0.505053675
N37C,0.592587526
N37D,0.979396683
N37E,0.74307181
N37F,0.385409647
N37G,0.174296387
N37H,0.879215379
N37I,-0.00753677
N37K,0.541990808
N37L,0.05688987
N37M,0.340043447
N37P,0.129281122
N37Q,0.696347806
N37R,0.399340677
N37S,0.618568862
N37T,0.379286303
N37V,0.033807007
N37W,0.051592575
N37Y,0.379631755
G38A,1.000970003
G38C,0.881532156
G38D,1.051574147
G38E,0.940925823
G38F,0.738157506
G38H,0.850995214
G38I,0.814838847
G38K,0.865082871
G38L,1.021721763
G38M,1.085685233
G38N,0.994972816
G38P,1.092384204
G38Q,1.007910252
G38R,0.842113576
G38S,0.990043676
G38T,0.813633752
G38V,0.652827298
G38W,0.594764846
G38Y,0.719856488
A39C,0.815144019
A39D,0.992765865
A39E,1.01120383
A39F,0.795834626
A39G,0.892869067
A39H,0.914507497
A39I,0.81456205
A39K,0.931622236
A39L,0.848261268
A39M,0.900034508
A39N,0.914611938
A39P,0.211729333
A39Q,0.947485429
A39R,0.907057939
A39S,0.948634972
A39T,0.918995571
A39V,0.809406363
A39W,0.798858612
A39Y,0.758425517
E40A,-0.00101626
E40C,-0.001265211
E40D,0.469321976
E40F,0.127471943
E40G,0.014510666
E40H,0.041170521
E40I,0.023290169
E40K,0.11496619
E40L,0.031613319
E40M,0.006870094
E40N,-0.006738826
E40P,-0.000137403
E40Q,-0.014548195
E40R,0.021849936
E40S,-0.013395116
E40T,0.026009342
E40V,0.044136468
E40W,-0.008708767
E40Y,0.002379216
I41A,-0.016321757
I41C,0.067992013
I41D,0.000834395
I41E,0.021256792
I41F,-0.004853368
I41G,0.040354608
I41H,-0.012653906
I41K,0.096336512
I41L,0.963494975
I41M,-0.000594303
I41N,-0.011001451
I41P,0.004745792
I41Q,0.00890753
I41R,0.004993878
I41S,0.005750501
I41T,-0.001694153
I41V,0.791160936
I41W,0.029910086
I41Y,0.004722843
Q42A,0.95059031
Q42C,0.740178646
Q42D,0.681664978
Q42E,0.952229942
Q42F,0.870216023
Q42G,0.586926194
Q42H,0.907262139
Q42I,0.384844785
Q42K,0.873372215
Q42L,0.542521406
Q42M,0.812340438
Q42N,0.844649403
Q42P,0.038146126
Q42R,0.859842603
Q42S,0.877776419
Q42T,0.838112666
Q42V,0.476443373
Q42W,0.685188645
Q42Y,0.737128085
R43C,0.015056881
R43D,-0.047433474
R43E,0.006137925
R43F,-0.003024248
R43G,-0.00773575
R43H,-0.006337646
R43I,-0.012068358
R43K,0.157101058
R43L,-0.010973397
R43M,-0.007808697
R43N,0.012565589
R43P,0.079883336
R43Q,-0.007559083
R43S,-0.011306941
R43T,0.003129065
R43V,-0.010611275
R43W,0.026639819
R43Y,0.003437753
T44A,0.982330113
T44C,0.721792392
T44D,1.023904341
T44E,0.977364222
T44F,0.440034026
T44G,0.826538334
T44H,0.91987003
T44I,0.42010621
T44K,1.03542172
T44L,0.544513076
T44M,0.651550183
T44N,1.006220618
T44P,1.12865911
T44Q,1.012092989
T44R,0.99016212
T44S,1.002520608
T44V,0.603157235
T44W,0.372445713
T44Y,0.547939982
G45A,0.316657759
G45C,0.015343987
G45D,0.506140982
G45E,0.038294421
G45F,-0.00464465
G45H,0.307011529
G45I,0.034867949
G45K,0.390505215
G45L,-0.009190266
G45M,-0.00519157
G45N,0.803014278
G45P,-0.005286881
G45Q,0.198665617
G45R,0.273443938
G45S,0.858091112
G45T,0.599810127
G45V,-0.015614009
G45W,0.007019677
G45Y,-0.002231572
L46A,-0.005540427
L46C,0.645561968
L46D,0.011846767
L46E,0.04148867
L46F,0.950458687
L46G,0.007008083
L46H,0.006025364
L46I,0.893805629
L46K,0.037572039
L46M,1.020368315
L46N,0.010860694
L46P,0.02753321
L46Q,0.026608637
L46R,0.024545849
L46S,-0.009607805
L46T,0.302573391
L46V,0.893355319
L46W,-0.007202436
L46Y,0.494691418
E47A,0.765606997
E47C,0.857709896
E47D,0.925493591
E47F,0.578153577
E47G,0.235684223
E47H,0.90197189
E47I,0.844795907
E47K,0.944951066
E47L,0.704966084
E47M,0.77656929
E47N,0.80619995
E47P,0.051223931
E47Q,0.963733995
E47R,0.799962457
E47S,0.875270714
E47T,0.948688857
E47V,0.811165725
E47W,0.404672118
E47Y,0.611557163
V48A,0.014960156
V48C,0.526043222
V48D,0.015856354
V48E,0.029092255
V48F,0.044545331
V48G,0.017273929
V48H,0.020219833
V48I,0.814246778
V48K,0.018122772
V48L,0.02960621
V48M,-0.003582986
V48N,-0.017499783
V48P,0.105396756
V48Q,0.000549591
V48R,0.020446775
V48S,-0.012818365
V48T,0.292823417
V48W,0.012023764
V48Y,0.024621552
K49A,0.751055535
K49C,0.858074641
K49D,0.489165979
K49E,0.659181265
K49F,0.632210302
K49G,-0.006587505
K49H,0.917075831
K49I,0.730130809
K49L,0.686819039
K49M,0.871001832
K49N,0.680920605
K49P,0.114444232
K49Q,0.929964137
K49R,0.891552069
K49S,0.782010436
K49T,1.002561581
K49V,1.043285287
K49W,0.203657952
K49Y,0.627964139
P50A,0.410355479
P50C,0.430241352
P50D,0.052707981
P50E,0.045315332
P50F,-0.004382057
P50G,-0.012588506
P50H,0.012764275
P50I,-0.009645354
P50K,-0.012221282
P50L,0.001521932
P50M,-0.011508806
P50N,-0.004093889
P50Q,0.052836086
P50R,0.014520527
P50S,0.324098024
P50T,0.507459952
P50V,0.035355035
P50W,0.036600481
P50Y,0.025264459
F51A,0.216714374
F51C,0.745269313
F51D,-0.006973296
F51E,0.025219901
F51G,0.026855305
F51H,0.587304712
F51I,0.780957399
F51K,0.001179279
F51L,0.645364105
F51M,0.756403414
F51N,0.01395432
F51P,0.051449461
F51Q,0.008109186
F51R,-0.004496779
F51S,0.07607973
F51T,0.043593448
F51V,0.795549061
F51W,0.496143916
F51Y,0.989565444
I52A,-0.024327604
I52C,0.482994947
I52D,0.021373616
I52E,-0.007491942
I52F,0.019490985
I52G,0.067808919
I52H,-0.009647611
I52K,0.065041925
I52L,0.996134238
I52M,0.852902256
I52N,0.054166346
I52P,-0.001646438
I52Q,-0.002991447
I52R,-0.008632393
I52S,0.029914005
I52T,0.065755199
I52V,0.866439031
I52W,0.009059756
I52Y,-0.015426222
T53A,1.054942207
T53C,0.917404217
T53D,0.003766843
T53E,0.001494113
T53F,0.008700167
T53G,0.96715845
T53H,-0.003864772
T53I,0.306003825
T53K,-0.007842633
T53L,0.044778925
T53M,0.30886229
T53N,0.203972799
T53P,0.475885143
T53Q,0.002563549
T53R,0.019187323
T53S,1.001137995
T53V,0.912264295
T53W,-0.006006494
T53Y,0.005291972
N54A,-0.009373463
N54C,-0.008997507
N54D,0.208330426
N54E,-0.010804967
N54F,-0.007332353
N54G,0.005604082
N54H,0.4450936
N54I,-0.007423751
N54K,0.000314811
N54L,-0.009997797
N54M,-0.014215468
N54P,0.332425848
N54Q,-0.010540726
N54R,-0.000703448
N54S,0.413347846
N54T,-0.008741371
N54V,0.004503874
N54W,0.015091464
N54Y,-0.012705117
P55A,0.843985419
P55C,0.775954615
P55D,0.962959816
P55E,1.027070513
P55F,0.499050476
P55G,0.532146717
P55H,0.794643639
P55I,0.616856279
P55K,0.845740406
P55L,0.687763074
P55M,0.710859547
P55N,0.788903794
P55Q,0.868502927
P55R,0.746780311
P55S,0.857970941
P55T,0.901838845
P55V,0.776576541
P55W,0.603974124
P55Y,0.662068776
R56A,1.001765447
R56C,0.901697107
R56D,0.978797264
R56E,1.0171243
R56F,0.843891135
R56G,0.952824926
R56H,0.912764134
R56I,0.828772638
R56K,1.029643684
R56L,0.950143321
R56M,0.9690532
R56N,0.944312762
R56P,0.834834102
R56Q,0.977472291
R56S,0.915444082
R56T,0.851360286
R56V,0.898874912
R56W,0.847394608
R56Y,0.904985026
A57C,0.086944175
A57D,-0.000680651
A57E,0.002214784
A57F,0.053723013
A57G,0.324937391
A57H,0.003524593
A57I,0.000558025
A57K,9.26E-05
A57L,0.064099647
A57M,0.294541898
A57N,-0.007670928
A57P,-0.003389395
A57Q,0.072364146
A57R,0.06384571
A57S,0.816490538
A57T,0.002005676
A57V,-0.000792645
A57W,0.032288837
A57Y,0.005791132
V58A,0.871593843
V58C,0.810243231
V58D,0.002653582
V58E,0.155810015
V58F,0.409130204
V58G,0.056175916
V58H,0.119108415
V58I,0.78585714
V58K,-0.000328796
V58L,0.329592036
V58M,0.617170261
V58N,0.01983666
V58P,0.024121843
V58Q,0.199104153
V58R,0.018196082
V58S,0.806763774
V58T,0.921686105
V58W,0.25250595
V58Y,0.489027201
K59A,0.982101823
K59C,0.708296235
K59D,0.945186098
K59E,0.985482389
K59F,0.594071395
K59G,0.907008797
K59H,0.868195373
K59I,0.653795453
K59L,0.758562279
K59M,0.819742534
K59N,0.93917944
K59P,0.046254267
K59Q,0.973071184
K59R,0.970358446
K59S,0.974656665
K59T,0.93464165
K59V,0.840553176
K59W,0.559500179
K59Y,0.626421714
K60A,1.042884336
K60C,0.877265166
K60D,0.949693598
K60E,0.985891686
K60F,0.793438533
K60G,0.94218383
K60H,0.949611142
K60I,0.605808249
K60L,0.798504451
K60M,0.918917857
K60N,0.941371867
K60P,0.118119478
K60Q,0.972209644
K60R,0.942366025
K60S,0.964767341
K60T,0.913065892
K60V,0.74757636
K60W,0.617611813
K60Y,0.86065479
C61A,0.967264143
C61D,0.556277395
C61E,0.63355068
C61F,0.800570271
C61G,1.038698143
C61H,0.93073189
C61I,0.843016747
C61K,0.989253818
C61L,0.935615418
C61M,0.976507012
C61N,0.983641491
C61P,0.024173122
C61Q,0.978962143
C61R,0.99564565
C61S,0.944117422
C61T,0.88975765
C61V,0.948147007
C61W,0.483036605
C61Y,0.755089659
T62A,1.014274512
T62C,0.956781582
T62D,0.922736889
T62E,0.958610356
T62F,0.683647937
T62G,0.87707672
T62H,0.903517949
T62I,0.912739937
T62K,1.002373462
T62L,0.937781753
T62M,0.97215879
T62N,0.917498211
T62P,0.001929826
T62Q,1.002894765
T62R,0.972858635
T62S,0.982239774
T62V,0.997764954
T62W,0.796275575
T62Y,0.735902193
R63A,0.90310096
R63C,0.377577378
R63D,0.232405077
R63E,0.335596435
R63F,0.001406415
R63G,0.764355355
R63H,0.519794478
R63I,-0.004218414
R63K,1.003970857
R63L,-0.004226224
R63M,0.590354873
R63N,0.665639101
R63P,0.894311731
R63Q,0.84953167
R63S,0.897312903
R63T,0.854752785
R63V,0.012379458
R63W,-0.002579796
R63Y,0.468064749
Y64A,0.708948745
Y64C,0.689295769
Y64D,0.214429338
Y64E,0.569947851
Y64F,1.0177727
Y64G,0.200993903
Y64H,0.760531868
Y64I,0.213975825
Y64K,0.686228922
Y64L,0.752884594
Y64M,0.96442185
Y64N,0.622219327
Y64P,0.027200428
Y64Q,0.966222501
Y64R,0.265802001
Y64S,0.83417388
Y64T,0.260773846
Y64V,0.305453435
Y64W,0.953519729
I65A,0.499841093
I65C,0.798000014
I65D,0.416388037
I65E,0.72228216
I65F,0.445363432
I65G,0.02898646
I65H,0.369296646
I65K,0.03466792
I65L,0.869088669
I65M,0.854581991
I65N,0.478147669
I65P,0.04481142
I65Q,0.529399068
I65R,0.046418224
I65S,0.345532418
I65T,0.799981929
I65V,0.993669159
I65W,0.311066059
I65Y,0.362044484
D66A,0.58846419
D66C,0.312773571
D66E,0.833678722
D66F,0.061235383
D66G,0.537458363
D66H,0.819472514
D66I,-0.0026978
D66K,0.271681114
D66L,-0.012008649
D66M,0.00996735
D66N,0.786550355
D66P,-0.006484261
D66Q,0.605600087
D66R,0.00182188
D66S,0.665722617
D66T,0.469696548
D66V,-0.006003721
D66W,0.415430773
D66Y,0.169979871
C67A,0.97165028
C67D,0.731818069
C67E,0.932253287
C67F,0.756104459
C67G,0.475591928
C67H,0.83740247
C67I,0.898892409
C67K,0.842079041
C67L,0.941797439
C67M,0.958947444
C67N,0.796250688
C67P,0.09578404
C67Q,0.956144988
C67R,0.890898959
C67S,0.847116263
C67T,0.994183397
C67V,0.957408614
C67W,0.640304546
C67Y,0.867830891
D68A,-0.002440673
D68C,0.0229716
D68E,0.41041962
D68F,-0.013840059
D68G,0.363054521
D68H,0.071497111
D68I,0.011368701
D68K,0.000991258
D68L,-0.013256411
D68M,0.012513493
D68N,0.323502595
D68P,0.02318878
D68Q,0.008303551
D68R,0.241169814
D68S,0.141617003
D68T,0.001580983
D68V,-0.001396064
D68W,0.013990992
D68Y,-0.005090296
L69A,0.316042438
L69C,0.030636084
L69D,0.264802143
L69E,0.190431437
L69F,0.489872441
L69G,0.1178626
L69H,0.12718181
L69I,0.921676604
L69K,0.139484309
L69M,0.940028075
L69N,0.165212127
L69P,0.299838988
L69Q,0.2034495
L69R,0.190456405
L69S,0.186734717
L69T,0.106741665
L69V,0.346088647
L69W,0.30212557
L69Y,0.192234817
N70A,0.752645068
N70C,0.122962172
N70D,1.073045578
N70E,0.905106229
N70F,0.089877268
N70G,0.838837188
N70H,0.439461275
N70I,0.014772246
N70K,0.477695831
N70L,0.426166127
N70M,0.569216512
N70P,0.357204956
N70Q,0.713902945
N70R,0.514731671
N70S,0.727375667
N70T,0.515764365
N70V,0.267982521
N70W,0.000559157
N70Y,0.095028174
R71A,1.024143293
R71C,0.957566141
R71D,0.98073238
R71E,1.035560381
R71F,0.752048892
R71G,1.025629309
R71H,0.954485576
R71I,0.649659224
R71K,1.023740719
R71L,0.803547223
R71M,0.918837025
R71N,1.024412182
R71P,0.661180401
R71Q,1.035525973
R71S,1.032654512
R71T,1.020883734
R71V,0.808788396
R71W,0.594948151
R71Y,0.875934579
I72A,1.019564162
I72C,1.065428795
I72D,0.567734948
I72E,0.892222584
I72F,0.776611976
I72G,0.946016135
I72H,0.823664574
I72K,0.868732767
I72L,1.005720292
I72M,1.061209282
I72N,0.901657975
I72P,0.72932459
I72Q,1.006066875
I72R,0.811640454
I72S,1.049082166
I72T,0.961522476
I72V,1.009580398
I72W,0.786486108
I72Y,0.777431109
F73A,0.850713406
F73C,0.975091441
F73D,0.865064525
F73E,0.909899287
F73G,0.891128989
F73H,0.821043589
F73I,0.849686213
F73K,0.786569691
F73L,0.872232837
F73M,0.976371783
F73N,0.795684627
F73P,0.880851246
F73Q,0.848999565
F73R,0.768950019
F73S,0.878123457
F73T,0.907967897
F73V,0.910475683
F73W,0.829782175
F73Y,0.800823335
D74A,0.91386121
D74C,0.862398364
D74E,0.895511051
D74F,0.691030562
D74G,0.937166949
D74H,0.853297436
D74I,0.604962376
D74K,0.85142346
D74L,0.73518107
D74M,0.856647857
D74N,0.977097054
D74P,0.840587543
D74Q,0.896824008
D74R,0.751795536
D74S,0.986099599
D74T,0.984838789
D74V,0.741469632
D74W,0.63875104
D74Y,0.718307889
L75A,1.007518751
L75C,0.981640548
L75D,1.018200335
L75E,1.039256015
L75F,0.97732957
L75G,0.971046291
L75H,0.979374575
L75I,0.98077776
L75K,0.888974837
L75M,0.995364212
L75N,0.980327528
L75P,1.008654747
L75Q,1.001045313
L75R,0.984027601
L75S,0.977358597
L75T,1.00603049
L75V,1.013347089
L75W,0.959640466
L75Y,0.961235426
E76A,0.931035666
E76C,0.913760793
E76D,0.958050878
E76F,0.846251801
E76G,0.951389558
E76H,0.904488267
E76I,0.86340499
E76K,0.942234995
E76L,0.830303367
E76M,0.935086656
E76N,0.936975287
E76P,0.929544578
E76Q,0.942380225
E76R,0.900277107
E76S,0.924792534
E76T,0.926028725
E76V,0.895450979
E76W,0.752314233
E76Y,0.773275659
N77A,0.93538317
N77C,0.904895535
N77D,0.869802305
N77E,0.881854711
N77F,0.911066212
N77G,0.901492003
N77H,1.00491678
N77I,0.972382793
N77K,0.898856799
N77L,0.89656237
N77M,0.907954864
N77P,0.860698175
N77Q,0.935172336
N77R,0.868893996
N77S,0.974225101
N77T,0.978194167
N77V,0.938951777
N77W,0.898630966
N77Y,0.870091528
L78A,0.808768211
L78C,0.764092741
L78D,0.823290724
L78E,0.8124795
L78F,0.848704702
L78G,0.744519384
L78H,0.798137368
L78I,0.908178079
L78K,0.749565024
L78M,0.907053407
L78N,0.751257913
L78P,0.80436438
L78Q,0.808180041
L78R,0.726775359
L78S,0.79211859
L78T,0.809137633
L78V,0.897111937
L78W,0.850014296
L78Y,0.855251511
G79A,0.984767951
G79C,1.015788667
G79D,0.956356227
G79E,0.965044523
G79F,1.015604081
G79H,1.109942355
G79I,0.874782643
G79K,0.922796587
G79L,0.818174702
G79M,1.027259554
G79N,1.074294065
G79P,0.88871888
G79Q,1.015681594
G79R,0.960180026
G79S,1.015096606
G79T,1.024735427
G79V,0.960081424
G79W,0.98293344
G79Y,1.025217559
K80A,1.012261678
K80C,0.976401427
K80D,0.929936428
K80E,0.951968403
K80F,0.97340615
K80G,0.97752442
K80H,0.941167494
K80I,0.960878463
K80L,0.99892611
K80M,1.011873057
K80N,0.983875925
K80P,1.039859719
K80Q,1.004765297
K80R,1.014279534
K80S,0.980708242
K80T,1.001358335
K80V,0.97623016
K80W,0.929502567
K80Y,0.933195144
K81A,1.029974851
K81C,0.969051516
K81D,0.971162113
K81E,1.006949173
K81F,0.995544142
K81G,1.00352446
K81H,0.956543668
K81I,0.966915049
K81L,1.015938801
K81M,1.008062036
K81N,0.95786394
K81P,1.126158833
K81Q,0.99192494
K81R,0.977522598
K81S,0.990870651
K81T,0.995029634
K81V,0.996339628
K81W,0.911639831
K81Y,0.893026639
M82A,1.023361656
M82C,0.996564188
M82D,1.014228479
M82E,1.025126555
M82F,1.010906984
M82G,1.011636635
M82H,0.960598687
M82I,0.978001926
M82K,0.960694787
M82L,1.009774481
M82N,0.993683596
M82P,1.024642546
M82Q,1.009256111
M82R,0.973546361
M82S,1.011327184
M82T,0.982767953
M82V,0.957610707
M82W,0.973736463
M82Y,0.967692357
S83A,0.950105333
S83C,0.943016362
S83D,0.984643382
S83E,0.963863893
S83F,0.897374457
S83G,0.959359373
S83H,0.964218738
S83I,0.952000052
S83K,0.957579691
S83L,0.958452791
S83M,0.959322597
S83N,0.962537085
S83P,0.924865004
S83Q,0.968993479
S83R,0.949609097
S83T,1.033657569
S83V,0.984560055
S83W,0.603958704
S83Y,0.881970705
E84A,1.007993812
E84C,0.947980243
E84D,1.000377908
E84F,0.967892052
E84G,1.022777241
E84H,0.978160077
E84I,1.003508655
E84K,0.986068574
E84L,1.026098005
E84M,0.962669845
E84N,1.015068319
E84P,1.042101858
E84Q,1.010293877
E84R,0.987517759
E84S,1.001206343
E84T,0.99241138
E84V,1.015365179
E84W,0.921731943
E84Y,0.910383574
D85A,1.009917664
D85C,0.981516033
D85E,0.976259257
D85F,0.942351978
D85G,0.948548578
D85H,0.984896183
D85I,0.967087507
D85K,0.966827156
D85L,0.979030961
D85M,0.990187852
D85N,0.981935477
D85P,0.96620271
D85Q,0.965916915
D85R,0.943050404
D85S,1.010954683
D85T,0.960341103
D85V,0.914447086
D85W,0.840875112
D85Y,0.910031208
L86A,0.967373628
L86C,0.928764246
L86D,0.940714815
L86E,0.945136706
L86F,0.908314158
L86G,0.944664315
L86H,0.888390102
L86I,0.940369134
L86K,0.819403684
L86M,1.003338055
L86N,0.864043293
L86P,0.833444095
L86Q,0.922746427
L86R,0.810667
L86S,0.938732944
L86T,0.988732444
L86V,0.973395205
L86W,0.807140368
L86Y,0.859400276
P87A,0.958850063
P87C,0.829578828
P87D,0.857405948
P87E,0.862426834
P87F,0.705578024
P87G,0.832687784
P87H,0.801093807
P87I,0.44511414
P87K,0.783531314
P87L,0.766066025
P87M,0.865694322
P87N,0.800058854
P87Q,0.911454858
P87R,0.832027442
P87S,0.854096512
P87T,0.666399954
P87V,0.607226034
P87W,0.517128027
P87Y,0.000977962
Y88A,0.401402144
Y88C,0.535971995
Y88D,0.297865298
Y88E,0.724677955
Y88F,0.722041865
Y88G,0.191270949
Y88H,0.746214294
Y88I,0.395157662
Y88K,0.124104276
Y88L,0.558503932
Y88M,0.383519653
Y88N,0.265880923
Y88P,0.16613216
Y88Q,0.360459505
Y88R,0.148438504
Y88S,0.390045921
Y88T,0.311097719
Y88V,0.513069147
Y88W,0.903610337
E89A,0.006226319
E89C,-0.002648262
E89D,0.103846676
E89F,0.008940789
E89G,0.036515025
E89H,0.008748311
E89I,-3.29E-05
E89K,-0.010726149
E89L,-0.002003795
E89M,-0.001374972
E89N,0.018389739
E89P,0.038453679
E89Q,0.04589227
E89R,0.002040939
E89S,0.036235263
E89T,0.006287924
E89V,-0.004453785
E89W,0.000699638
E89Y,-0.005874481
V90A,0.881759332
V90C,0.90959062
V90D,0.382022109
V90E,0.765981901
V90F,0.868036339
V90G,0.629872569
V90H,0.810207401
V90I,1.000270013
V90K,0.60788104
V90L,0.970932666
V90M,0.964165159
V90N,0.683256253
V90P,0.335755181
V90Q,0.813020178
V90R,0.580647624
V90S,0.669951227
V90T,0.876203318
V90W,0.791452911
V90Y,0.859071172
R91A,1.062980924
R91C,1.034890755
R91D,0.655069379
R91E,0.987937076
R91F,0.8942307
R91G,1.030567213
R91H,0.935889622
R91I,1.034468856
R91K,1.022376398
R91L,1.019588411
R91M,1.008864595
R91N,0.936772978
R91P,0.315823019
R91Q,0.97970423
R91S,0.987342874
R91T,1.00366872
R91V,1.018944846
R91W,0.635254716
R91Y,0.838603222
R92A,0.764255379
R92C,0.908913906
R92D,0.210010084
R92E,0.289157916
R92F,0.024526765
R92G,0.23539315
R92H,0.320385653
R92I,0.819065585
R92K,0.889069573
R92L,0.832478173
R92M,0.926832822
R92N,0.249529069
R92P,0.184663739
R92Q,0.956289924
R92S,0.23248568
R92T,0.66249573
R92V,0.870116132
R92W,0.047125655
R92Y,0.088021913
A93C,0.870439373
A93D,0.196929342
A93E,0.208700226
A93F,0.927270348
A93G,0.891703609
A93H,0.664546951
A93I,0.774896683
A93K,0.752282391
A93L,0.892085699
A93M,0.926715718
A93N,0.33597669
A93P,0.135487175
A93Q,0.795518934
A93R,0.718595629
A93S,0.829179033
A93T,0.470346242
A93V,0.721101514
A93W,0.971994645
A93Y,0.897729167
Q94A,0.923601634
Q94C,0.908023722
Q94D,0.742212211
Q94E,0.764530668
Q94F,0.829023433
Q94G,0.882819262
Q94H,0.966576009
Q94I,0.991786154
Q94K,0.985238672
Q94L,0.971946551
Q94M,0.968964355
Q94N,0.806137174
Q94P,0.084363133
Q94R,0.90696371
Q94S,0.896859876
Q94T,0.80811185
Q94V,0.934836094
Q94W,0.866290257
Q94Y,0.80420507
E95A,0.844813468
E95C,0.720631618
E95D,0.876806124
E95F,0.714103524
E95G,0.503865879
E95H,0.909476357
E95I,0.659548329
E95K,0.962974192
E95L,0.795228154
E95M,0.827892774
E95N,0.702879236
E95P,0.024808818
E95Q,0.934027863
E95R,0.895921386
E95S,0.794966934
E95T,0.899411322
E95V,0.750466081
E95W,0.651555776
E95Y,0.803391065
I96A,0.163955909
I96C,0.31529425
I96D,0.232973309
I96E,0.215373181
I96F,0.066402606
I96G,0.153017385
I96H,0.123988336
I96K,0.112496227
I96L,0.954490415
I96M,0.811439668
I96N,0.157188009
I96P,0.135994664
I96Q,0.162671578
I96R,0.08820808
I96S,0.168821044
I96T,0.236669222
I96V,0.86057795
I96W,0.046768458
I96Y,0.082073136
N97A,0.862051427
N97C,0.840572405
N97D,0.890995336
N97E,0.911181566
N97F,0.628205059
N97G,0.70491247
N97H,1.005950212
N97I,0.66863566
N97K,0.86080278
N97L,0.685022105
N97M,0.767813613
N97P,0.08208576
N97Q,0.914003301
N97R,0.839957793
N97S,0.947460572
N97T,0.889946309
N97V,0.788857275
N97W,0.592703428
N97Y,0.74003303
H98A,0.989385971
H98C,0.983065965
H98D,1.000249522
H98E,1.018685913
H98F,0.931055897
H98G,0.975757105
H98I,0.889514634
H98K,1.024383869
H98L,0.950247083
H98M,1.018761475
H98N,0.977982936
H98P,0.310910178
H98Q,1.044460582
H98R,1.012659108
H98S,1.004859036
H98T,1.008774762
H98V,0.968356887
H98W,0.837945107
H98Y,0.947193342
L99A,0.915233153
L99C,0.888554577
L99D,0.702527114
L99E,0.917518263
L99F,0.92454217
L99G,0.510712497
L99H,0.861333787
L99I,0.993014271
L99K,0.875793178
L99M,0.971043687
L99N,0.733108252
L99P,0.13993385
L99Q,0.89517
L99R,0.903886924
L99S,0.803055564
L99T,0.906405113
L99V,0.915730451
L99W,0.911909923
L99Y,0.965737414
F100A,0.036052918
F100C,0.194377999
F100D,0.042253797
F100E,0.072610925
F100G,0.050949832
F100H,0.063390508
F100I,0.277538691
F100K,0.014417376
F100L,0.264884921
F100M,0.35733143
F100N,0.008193547
F100P,0.04066206
F100Q,0.038510142
F100R,0.016309114
F100S,0.027310363
F100T,0.049523458
F100V,0.21662525
F100W,0.30382879
F100Y,0.757796432
G101A,0.521633053
G101C,0.387419286
G101D,0.15465784
G101E,0.090351989
G101F,0.138274447
G101H,0.324797783
G101I,-0.007042369
G101K,0.372769403
G101L,0.04652155
G101M,0.18449719
G101N,0.460194241
G101P,0.393172488
G101Q,0.211525537
G101R,0.405277139
G101S,0.381875935
G101T,0.160703318
G101V,0.023330822
G101W,0.02312505
G101Y,0.067836406
P102A,0.807541028
P102C,0.616890396
P102D,0.542815667
P102E,0.761730799
P102F,0.554857336
P102G,0.744178387
P102H,0.67927455
P102I,0.684148844
P102K,0.885045225
P102L,0.740079148
P102M,0.72138529
P102N,0.614899405
P102Q,0.808319103
P102R,0.838467972
P102S,0.690580847
P102T,0.690096507
P102V,0.76377052
P102W,0.653146105
P102Y,0.616383564
K103A,0.843268807
K103C,0.791687791
K103D,0.589554707
K103E,0.580257782
K103F,0.685969761
K103G,0.858428229
K103H,0.898251379
K103I,0.864940392
K103L,0.837153082
K103M,0.891984065
K103N,0.828544149
K103P,0.753292517
K103Q,0.853029725
K103R,1.102842391
K103S,0.867282386
K103T,0.863524219
K103V,0.837241783
K103W,0.629737184
K103Y,0.741803934
D104A,0.982133533
D104C,0.946768958
D104E,0.939165203
D104F,0.98798823
D104G,1.065342663
D104H,1.058783446
D104I,0.705293592
D104K,1.006834952
D104L,0.987621899
D104M,0.940439213
D104N,1.071644726
D104P,0.810072206
D104Q,0.938201061
D104R,0.963782414
D104S,0.976129539
D104T,0.898535323
D104V,0.738268063
D104W,0.902972357
D104Y,1.018822865
S105A,0.9572937
S105C,0.932989567
S105D,0.939613063
S105E,0.898425866
S105F,0.829863338
S105G,1.015193285
S105H,0.951216473
S105I,0.744389976
S105K,0.931498926
S105L,0.855619655
S105M,0.825687539
S105N,0.972033348
S105P,0.72587964
S105Q,0.907348092
S105R,0.85020665
S105T,0.949745824
S105V,0.800452022
S105W,0.686381987
S105Y,0.8095365
E106A,0.993243334
E106C,0.914599053
E106D,0.970899415
E106F,0.852285411
E106G,0.968967704
E106H,0.966864797
E106I,0.945587205
E106K,0.985341377
E106L,0.963754367
E106M,0.968110145
E106N,0.990718039
E106P,1.010991378
E106Q,0.973752109
E106R,0.96097239
E106S,0.980826075
E106T,0.956182757
E106V,0.947855438
E106W,0.773022883
E106Y,0.838595683
D107A,0.932952506
D107C,0.889936925
D107E,1.023379698
D107F,0.838023172
D107G,0.970230513
D107H,0.952210183
D107I,0.698198192
D107K,0.989610885
D107L,0.765778428
D107M,0.892509687
D107N,0.966462823
D107P,0.98350327
D107Q,0.949378318
D107R,0.889315556
D107S,0.946220822
D107T,0.941385326
D107V,0.781718692
D107W,0.828853609
D107Y,0.917716327
S108A,1.00732753
S108C,1.001297969
S108D,0.524715994
S108E,0.803839681
S108F,0.688771082
S108G,0.980893569
S108H,0.935619074
S108I,0.651338165
S108K,0.962965874
S108L,0.539305237
S108M,0.93352709
S108N,1.009388795
S108P,0.913226398
S108Q,1.040038645
S108R,1.088681795
S108T,0.952713329
S108V,0.894737013
S108W,0.300622288
S108Y,0.768179422
Y109A,0.204852164
Y109C,0.373471421
Y109D,-0.011751336
Y109E,0.006687615
Y109F,0.905228874
Y109G,0.000885272
Y109H,0.193073835
Y109I,0.329855919
Y109K,-0.005865813
Y109L,-0.014730951
Y109M,0.184718201
Y109N,0.01373453
Y109P,0.271198505
Y109Q,-0.005887116
Y109R,0.008128278
Y109S,-0.011277675
Y109T,0.290733236
Y109V,0.545210706
Y109W,0.888450624
D110A,-0.017083077
D110C,-0.011474622
D110E,0.296986733
D110F,0.01675709
D110G,-0.008185156
D110H,0.064819234
D110I,0.070307343
D110K,0.003442839
D110L,-0.000477742
D110M,0.000744053
D110N,0.021795513
D110P,-0.010765574
D110Q,0.490764248
D110R,0.015599624
D110S,-0.010819379
D110T,-0.00144591
D110V,0.02131484
D110W,0.036879836
D110Y,0.012577094
I111A,-0.007493335
I111C,0.604499952
I111D,0.02540319
I111E,0.034205235
I111F,-0.009013315
I111G,-0.00192699
I111H,0.01727494
I111K,0.036001807
I111L,0.693675119
I111M,0.393197176
I111N,0.101792955
I111P,0.014897233
I111Q,0.048600661
I111R,0.019826601
I111S,0.005090694
I111T,-0.00403965
I111V,1.106165037
I111W,0.029249784
I111Y,0.004652289
I112A,0.883844747
I112C,0.949083361
I112D,0.052694823
I112E,0.060343464
I112F,-0.000243227
I112G,0.016644665
I112H,0.012885636
I112K,0.00768816
I112L,0.420376363
I112M,-0.006707406
I112N,-0.002069918
I112P,0.039260729
I112Q,-0.005070085
I112R,0.025710965
I112S,0.059324936
I112T,-0.00339336
I112V,1.008359522
I112W,0.001764103
I112Y,0.022309828
F113A,0.066263938
F113C,0.004594772
F113D,0.000507936
F113E,-0.002403636
F113G,0.011098636
F113H,0.0133189
F113I,0.738461326
F113K,-0.001211865
F113L,0.573327651
F113M,0.240660068
F113N,-0.016139869
F113P,0.01574739
F113Q,0.00821299
F113R,0.006616177
F113S,0.005067541
F113T,0.048926485
F113V,0.108309954
F113W,-0.007212329
F113Y,0.015626244
D114A,-0.004422015
D114C,-0.005832888
D114E,0.574709851
D114F,-0.011568768
D114G,-0.002142202
D114H,0.270080743
D114I,0.006324817
D114K,-0.005981904
D114L,-0.020029914
D114M,-0.017406457
D114N,0.002474215
D114P,0.001633277
D114Q,0.00069981
D114R,0.009812503
D114S,0.439988967
D114T,0.369266595
D114V,0.007420454
D114W,-0.010662023
D114Y,0.285534861
L115A,0.038942779
L115C,0.468768293
L115D,0.017171002
L115E,0.044484605
L115F,0.026949474
L115G,0.029277224
L115H,0.009496211
L115I,0.258670228
L115K,0.001124098
L115M,0.676058193
L115N,0.056767905
L115P,-0.015789877
L115Q,0.052331422
L115R,4.26E-05
L115S,0.021604015
L115T,0.001770183
L115V,0.001236023
L115W,-0.004512437
L115Y,0.021391237
H116A,0.552290534
H116C,0.533687553
H116D,0.08762207
H116E,0.005441983
H116F,0.648991019
H116G,0.867963261
H116I,-0.011876566
H116K,0.875294874
H116L,0.32862653
H116M,0.595603304
H116N,0.338663011
H116P,0.144206519
H116Q,0.553386219
H116R,0.496414455
H116S,0.58876753
H116T,-0.005646334
H116V,0.122554531
H116W,0.000431585
H116Y,0.754932755
N117A,0.007371226
N117C,0.841805318
N117D,0.623699463
N117E,0.430552041
N117F,-0.00385106
N117G,0.032205651
N117H,0.016671287
N117I,0.021162805
N117K,0.023399396
N117L,0.021266006
N117M,0.002257955
N117P,0.020854045
N117Q,0.017364012
N117R,0.010146687
N117S,1.019529644
N117T,1.220236684
N117V,-0.001505665
N117W,0.018636221
N117Y,0.04007885
T118A,0.703034903
T118C,0.994986683
T118D,-0.000248766
T118E,-0.00640367
T118F,0.005943777
T118G,0.042245811
T118H,-0.007501726
T118I,0.033045198
T118K,0.088747247
T118L,0.271977535
T118M,0.02862465
T118N,0.426869727
T118P,-0.001212906
T118Q,0.026421863
T118R,0.163683291
T118S,0.914033179
T118V,0.848518413
T118W,-0.009621081
T118Y,-0.021273332
T119A,0.544629927
T119C,0.630337352
T119D,-0.005002584
T119E,0.533516482
T119F,0.001088743
T119G,0.041386046
T119H,0.055957316
T119I,0.028886102
T119K,0.060818167
T119L,0.011725439
T119M,0.085325606
T119N,0.805843575
T119P,0.034473779
T119Q,-0.017858488
T119R,0.120121433
T119S,0.754272863
T119V,0.630003034
T119W,0.028870009
T119Y,0.040700745
S120A,1.031130378
S120C,0.913713329
S120D,-0.012778157
S120E,0.028312096
S120F,0.052402971
S120G,-0.00929482
S120H,0.007463634
S120I,0.005074371
S120K,0.039571447
S120L,0.076836107
S120M,0.045888021
S120N,0.074749554
S120P,-0.007480495
S120Q,0.001144158
S120R,0.031894335
S120T,0.369380504
S120V,0.101708762
S120W,0.001806784
S120Y,0.022557071
N121A,0.660059752
N121C,0.421933487
N121D,-0.020900547
N121E,0.014289334
N121F,-0.008159084
N121G,0.008726258
N121H,0.480002877
N121I,-0.008457479
N121K,0.322768353
N121L,0.006804064
N121M,-0.005721048
N121P,0.006685548
N121Q,0.006632216
N121R,0.07081008
N121S,0.499376618
N121T,0.046707423
N121V,0.021544328
N121W,0.028043762
N121Y,-0.017243256
M122A,1.024130793
M122C,1.070997891
M122D,0.068320262
M122E,-0.008551292
M122F,0.018739521
M122G,-0.002721568
M122H,0.160640453
M122I,1.175302261
M122K,0.021922928
M122L,0.844537678
M122N,0.423124025
M122P,-0.010797804
M122Q,0.002409065
M122R,-0.005964424
M122S,1.068250006
M122T,1.141896602
M122V,1.216180197
M122W,-0.012583898
M122Y,0.069336339
G123A,0.063672535
G123C,-0.003277803
G123D,0.008848901
G123E,-0.007507988
G123F,0.034024994
G123H,0.054785389
G123I,0.061571312
G123K,0.355093827
G123L,0.002149922
G123M,-0.005216552
G123N,-0.008265605
G123P,0.018041243
G123Q,0.040720575
G123R,0.056915747
G123S,-0.003777662
G123T,-0.006313502
G123V,0.024758988
G123W,-0.039285118
G123Y,-0.002116544
C124A,0.812406785
C124D,0.048336468
C124E,0.046678343
C124F,0.024951893
C124G,0.039578837
C124H,0.024948341
C124I,0.425661151
C124K,4.48E-05
C124L,0.579636261
C124M,0.951939054
C124N,0.431268865
C124P,0.755347413
C124Q,0.000325015
C124R,0.017986274
C124S,0.298385601
C124T,0.185674015
C124V,0.34853699
C124W,0.028750429
C124Y,0.016833119
T125A,0.93720173
T125C,1.050750955
T125D,0.078645075
T125E,0.026771909
T125F,0.45153663
T125G,0.429015544
T125H,0.235746507
T125I,-0.01320184
T125K,-0.013231589
T125L,-0.004576372
T125M,0.387278276
T125N,0.009304503
T125P,0.016726839
T125Q,0.03839989
T125R,0.018161642
T125S,0.655214628
T125V,0.880290028
T125W,0.00206351
T125Y,-0.001826594
L126A,0.003676949
L126C,0.008438397
L126D,0.012151791
L126E,0.100434887
L126F,0.34283508
L126G,0.010491916
L126H,0.038332703
L126I,0.011187933
L126K,0.022887201
L126M,0.42006639
L126N,0.045271726
L126P,0.084604858
L126Q,0.022916831
L126R,0.027536642
L126S,0.071159279
L126T,0.035126878
L126V,0.005155207
L126W,0.036143002
L126Y,0.043566711
I127A,0.177645557
I127C,0.278544113
I127D,-0.00283863
I127E,-0.005058157
I127F,0.820756627
I127G,0.01303662
I127H,0.356728835
I127K,0.701393103
I127L,0.747135908
I127M,0.668164151
I127N,-0.006461721
I127P,-0.004521144
I127Q,0.080335978
I127R,1.114569552
I127S,-0.004456311
I127T,0.405582543
I127V,0.976694368
I127W,0.730013049
I127Y,0.89779906
L128A,0.007642826
L128C,-0.013375568
L128D,0.158634407
L128E,0.011290521
L128F,0.135079854
L128G,0.127223821
L128H,0.039680531
L128I,-0.006175115
L128K,0.052592263
L128M,0.342113417
L128N,0.022723673
L128P,0.016311031
L128Q,0.011398519
L128R,0.004306291
L128S,0.031890063
L128T,-0.007125736
L128V,-0.010693723
L128W,0.010821094
L128Y,0.037762231
E129A,0.514598803
E129C,0.205791489
E129D,1.041555152
E129F,0.00360577
E129G,0.52603958
E129H,0.744953664
E129I,-0.004656852
E129K,0.018176018
E129L,-0.001459894
E129M,0.11881561
E129N,0.846412703
E129P,1.029889927
E129Q,0.854008536
E129R,0.377844814
E129S,0.735839891
E129T,0.444651167
E129V,0.119253089
E129W,0.368529338
E129Y,0.531295642
D130A,-0.008859516
D130C,-0.005728703
D130E,0.253448765
D130F,0.058842197
D130G,0.000579369
D130H,-0.006375794
D130I,0.014191718
D130K,-0.002844876
D130L,-0.000439667
D130M,0.048234256
D130N,0.495214608
D130P,0.044837987
D130Q,0.000943059
D130R,0.010907282
D130S,0.393818559
D130T,0.006099996
D130V,-0.006927259
D130W,-0.012100781
D130Y,0.022852003
S131A,0.970998851
S131C,0.652270013
S131D,0.589062329
S131E,0.867549873
S131F,0.075763486
S131G,0.673272535
S131H,0.702430305
S131I,0.374940448
S131K,0.603899444
S131L,0.043030252
S131M,0.614693389
S131N,0.034304721
S131P,1.037377631
S131Q,0.716277997
S131R,0.826333469
S131T,0.540026081
S131V,0.354393163
S131W,0.194312858
S131Y,0.299391728
R132A,0.983931016
R132C,0.978316442
R132D,0.982757111
R132E,1.047753433
R132F,0.199394519
R132G,1.029309636
R132H,1.001539558
R132I,-0.00898278
R132K,1.025796899
R132L,0.438428304
R132M,0.79649837
R132N,1.039417103
R132P,0.282671815
R132Q,1.062803175
R132S,1.07312172
R132T,1.066160523
R132V,0.165994953
R132W,-0.003039745
R132Y,0.423409404
N133A,0.086811154
N133C,0.881703538
N133D,0.819823338
N133E,0.013326918
N133F,-0.000256392
N133G,0.053624977
N133H,0.047378276
N133I,-0.00430021
N133K,-0.017531263
N133L,-0.00264585
N133M,-0.005210468
N133P,0.018636862
N133Q,0.027648108
N133R,0.029228491
N133S,0.939926843
N133T,-0.010680554
N133V,-0.013719404
N133W,-0.003531269
N133Y,0.001007884
N134A,0.911554686
N134C,0.659607576
N134D,1.095722063
N134E,1.090877098
N134F,0.552697637
N134G,0.175582519
N134H,1.02076225
N134I,0.166081974
N134K,0.00175823
N134L,0.078945801
N134M,0.675426467
N134P,0.904714323
N134Q,0.955869919
N134R,0.016852073
N134S,0.973706249
N134T,0.918802774
N134V,0.40983068
N134W,0.47268978
N134Y,0.743408066
F135A,0.044499328
F135C,0.019545615
F135D,0.022899662
F135E,0.018717369
F135G,-0.004713466
F135H,-0.011899297
F135I,-0.00866669
F135K,-0.008366691
F135L,0.383987873
F135M,0.030591459
F135N,0.027402643
F135P,0.023186944
F135Q,0.023742371
F135R,0.045330984
F135S,0.005382249
F135T,-0.001208377
F135V,0.025459074
F135W,0.014867107
F135Y,0.309497839
L136A,-0.002485205
L136C,0.213240083
L136D,0.032873242
L136E,-0.006144844
L136F,0.07738073
L136G,0.005527288
L136H,0.00563732
L136I,0.497743294
L136K,0.0306241
L136M,0.553515115
L136N,0.009414568
L136P,0.031670586
L136Q,-0.003185794
L136R,0.034606046
L136S,-0.00601868
L136T,0.012990613
L136V,0.408479062
L136W,0.027938493
L136Y,0.013802959
I137A,0.004592285
I137C,-0.009649243
I137D,0.020018769
I137E,0.021995355
I137F,0.074405976
I137G,-0.008127977
I137H,0.016882952
I137K,0.180303892
I137L,0.929660163
I137M,0.464202056
I137N,0.091676361
I137P,0.031702314
I137Q,-0.008540427
I137R,0.090065199
I137S,0.053048454
I137T,-0.015036806
I137V,0.405218364
I137W,0.038894414
I137Y,0.106765742
Q138A,0.013214532
Q138C,0.031344283
Q138D,-0.013251444
Q138E,0.003259697
Q138F,0.103019789
Q138G,0.057050626
Q138H,0.5601602
Q138I,0.00440912
Q138K,0.026912011
Q138L,-0.001438372
Q138M,-0.014478466
Q138N,0.007345803
Q138P,-0.005368537
Q138R,0.039083699
Q138S,0.007179303
Q138T,0.043929399
Q138V,0.047216599
Q138W,0.090986377
Q138Y,0.016097998
M139A,-0.006200418
M139C,-0.011742479
M139D,0.108627997
M139E,0.048422111
M139F,-0.004902075
M139G,0.007775715
M139H,0.008669606
M139I,-0.000408877
M139K,0.025331259
M139L,0.322179852
M139N,-0.01272527
M139P,0.125573671
M139Q,0.009377212
M139R,0.059184486
M139S,-0.005182513
M139T,0.041749634
M139V,-0.003646094
M139W,-0.001868839
M139Y,-0.001958681
F140A,0.856727983
F140C,0.951360356
F140D,0.021437404
F140E,0.059485645
F140G,0.02566643
F140H,0.00123799
F140I,0.10047142
F140K,0.007868531
F140L,0.267372357
F140M,0.843822472
F140N,0.106680112
F140P,0.043777249
F140Q,0.029508631
F140R,0.021826985
F140S,0.199467987
F140T,-0.006471529
F140V,0.317399523
F140W,0.037108315
F140Y,0.928644231
H141A,0.201285561
H141C,-0.005475822
H141D,-0.008157362
H141E,0.000696958
H141F,0.000875982
H141G,-0.015121614
H141I,0.080571219
H141K,0.433875067
H141L,-0.00128321
H141M,0.004536604
H141N,1.050939939
H141P,0.060168152
H141Q,0.334078858
H141R,0.096252016
H141S,0.4172437
H141T,0.02777216
H141V,0.005816778
H141W,-0.007762856
H141Y,0.538706459
Y142A,-0.006981164
Y142C,0.004916184
Y142D,-0.021329151
Y142E,0.019243741
Y142F,0.386482587
Y142G,0.019873123
Y142H,0.430311125
Y142I,0.036156085
Y142K,0.047195517
Y142L,0.013156238
Y142M,0.0178134
Y142N,0.017680858
Y142P,0.036730655
Y142Q,0.008914269
Y142R,0.050697009
Y142S,0.000736209
Y142T,0.01247629
Y142V,0.020147102
Y142W,0.377075957
I143A,-0.004141843
I143C,0.006612612
I143D,-0.014220973
I143E,-0.00278936
I143F,0.058464088
I143G,0.035156641
I143H,0.04912372
I143K,0.016090177
I143L,0.000382295
I143M,0.124037672
I143N,0.049874103
I143P,0.014496107
I143Q,0.002461864
I143R,0.006947091
I143S,0.037178311
I143T,0.042918516
I143V,0.600117006
I143W,0.039746028
I143Y,0.004544272
K144A,0.825766227
K144C,0.784468725
K144D,0.021582145
K144E,-0.001299061
K144F,-0.013366451
K144G,-0.009408692
K144H,-0.00603559
K144I,1.087166734
K144L,0.591252323
K144M,1.082050985
K144N,-0.006848859
K144P,0.05536686
K144Q,1.139058245
K144R,0.567518412
K144S,0.656564427
K144T,0.768069918
K144V,1.007431034
K144W,-0.00509809
K144Y,-0.01836003
T145A,0.931401355
T145C,0.974483973
T145D,0.603324999
T145E,1.042904078
T145F,0.18095134
T145G,0.189024159
T145H,0.767608403
T145I,0.72963712
T145K,1.01591876
T145L,0.757661813
T145M,0.976073049
T145N,0.954003991
T145P,0.057325069
T145Q,1.061264079
T145R,0.930618558
T145S,0.944547963
T145V,0.910829461
T145W,0.200565302
T145Y,0.289036893
S146A,1.044352208
S146C,1.070783938
S146D,0.060129952
S146E,1.043195569
S146F,0.430064287
S146G,0.63720042
S146H,1.077309184
S146I,0.019240492
S146K,1.102386025
S146L,0.613804664
S146M,1.110016344
S146N,1.071245433
S146P,0.063661838
S146Q,1.093472461
S146R,1.029059696
S146T,0.495248306
S146V,0.368076152
S146W,0.557265315
S146Y,0.626855124
L147A,0.034385863
L147C,0.556624002
L147D,0.066086278
L147E,0.064873098
L147F,0.069658677
L147G,-0.00355655
L147H,-0.012564715
L147I,1.062355957
L147K,0.089668758
L147M,1.095642002
L147N,0.06896324
L147P,-0.024234727
L147Q,0.001043462
L147R,0.039000266
L147S,-0.003940272
L147T,-0.009608458
L147V,0.839410735
L147W,0.026464641
L147Y,0.003074253
A148C,0.568537945
A148D,0.949543045
A148E,0.949884974
A148F,0.961025954
A148G,0.266185842
A148H,1.02924247
A148I,0.226310708
A148K,0.802282923
A148L,0.883319912
A148M,0.818652595
A148N,0.748843946
A148P,-0.004533551
A148Q,0.895117872
A148R,0.61140932
A148S,0.930117184
A148T,0.516125349
A148V,0.304612478
A148W,0.962844828
A148Y,1.009290066
P149A,0.002356971
P149C,-0.013032712
P149D,0.170708828
P149E,0.068375027
P149F,-0.013187921
P149G,-0.006721506
P149H,2.26E-05
P149I,0.029887558
P149K,-0.012348808
P149L,0.028948016
P149M,0.019800717
P149N,-0.004489654
P149Q,-0.010818123
P149R,0.00203199
P149S,0.001465827
P149T,-0.00536754
P149V,0.025541188
P149W,0.023201964
P149Y,-0.001535995
L150A,0.845298114
L150C,0.836356186
L150D,0.84838383
L150E,0.967823798
L150F,0.713048799
L150G,0.128990171
L150H,0.934287687
L150I,1.028075104
L150K,0.898901073
L150M,0.971097752
L150N,0.860810754
L150P,0.021885165
L150Q,1.019874752
L150R,0.858036459
L150S,0.804835371
L150T,1.050484115
L150V,0.993315234
L150W,0.747564909
L150Y,0.671496545
P151A,0.468015265
P151C,0.033131162
P151D,0.71122124
P151E,0.834055059
P151F,-0.006247679
P151G,-0.006429209
P151H,0.329211017
P151I,-0.00714633
P151K,0.688764519
P151L,-0.014497977
P151M,0.089755085
P151N,0.568122088
P151Q,0.702329281
P151R,0.386347021
P151S,0.464336632
P151T,0.375795522
P151V,0.009490369
P151W,0.047020395
P151Y,-0.000311735
C152A,0.26521535
C152D,0.023452067
C152E,-0.010485139
C152F,0.025840586
C152G,0.020849707
C152H,9.86E-05
C152I,1.133640705
C152K,0.016192785
C152L,0.658645015
C152M,0.274401394
C152N,-0.003843569
C152P,0.009325396
C152Q,0.047190586
C152R,-0.009302253
C152S,0.026587592
C152T,0.569727606
C152V,1.100133019
C152W,0.056638707
C152Y,0.044597293
Y153A,0.581673347
Y153C,0.490527589
Y153D,-0.000193686
Y153E,0.643405074
Y153F,0.868043604
Y153G,0.303629965
Y153H,1.165377524
Y153I,-0.014438667
Y153K,0.993902778
Y153L,0.111190956
Y153M,0.874201866
Y153N,1.128813404
Y153P,0.122066906
Y153Q,0.887567336
Y153R,1.151632174
Y153S,0.736703396
Y153T,0.421561008
Y153V,-0.017122887
Y153W,0.676511173
V154A,0.030832142
V154C,0.504769245
V154D,0.005752993
V154E,0.040432969
V154F,-1.88E-05
V154G,0.039002054
V154H,0.095892804
V154I,0.868155351
V154K,0.061606796
V154L,-0.014019071
V154M,0.005830526
V154N,0.021524424
V154P,0.021897083
V154Q,0.020243374
V154R,0.035756773
V154S,-0.004258014
V154T,0.152571686
V154W,0.046842744
V154Y,-0.008474069
Y155A,1.172364647
Y155C,1.228250737
Y155D,0.112968433
Y155E,0.053381541
Y155F,1.018363839
Y155G,0.241499181
Y155H,0.982451909
Y155I,1.241670995
Y155K,0.875885034
Y155L,1.204712644
Y155M,1.250707404
Y155N,0.210508967
Y155P,0.013983485
Y155Q,0.997511787
Y155R,1.103203975
Y155S,0.382782047
Y155T,1.101133527
Y155V,1.240268345
Y155W,0.821723062
L156A,0.201016291
L156C,1.01093832
L156D,-0.015227255
L156E,-0.006721123
L156F,0.538710766
L156G,-0.001463607
L156H,0.049741849
L156I,0.041435662
L156K,-0.005268487
L156M,0.75881585
L156N,0.097481312
L156P,0.0628639
L156Q,0.057227701
L156R,0.008873181
L156S,0.022588982
L156T,0.046437239
L156V,0.408969087
L156W,0.595591834
L156Y,0.778954314
I157A,1.163388148
I157C,1.123523595
I157D,1.205813858
I157E,1.180150777
I157F,0.753602992
I157G,1.095643536
I157H,1.124555288
I157K,1.20307597
I157L,0.983227577
I157M,1.086023786
I157N,1.209462785
I157P,1.094926993
I157Q,1.192800309
I157R,1.200018011
I157S,1.178688114
I157T,1.169839885
I157V,1.077185372
I157W,0.74179542
I157Y,0.938465385
E158A,0.057644031
E158C,-0.015508305
E158D,0.940847848
E158F,0.023897864
E158G,0.269482366
E158H,-0.000530928
E158I,0.013819866
E158K,-0.005408505
E158L,0.045616904
E158M,-0.001101688
E158N,0.342911236
E158P,0.164912684
E158Q,0.373808872
E158R,-0.011559915
E158S,0.202073468
E158T,0.097496773
E158V,-0.00752961
E158W,0.010500181
E158Y,0.004705827
H159A,0.925448888
H159C,0.784169921
H159D,1.110333553
H159E,1.110540226
H159F,0.269848168
H159G,0.974184283
H159I,0.327481514
H159K,1.035628581
H159L,0.437814784
H159M,0.599369703
H159N,1.024100959
H159P,1.036934485
H159Q,1.036623377
H159R,0.986560239
H159S,1.004127133
H159T,0.996662463
H159V,0.524980395
H159W,0.084691435
H159Y,0.561917593
P160A,0.871557531
P160C,0.67172583
P160D,1.013253885
P160E,1.019758358
P160F,0.400844186
P160G,0.822335491
P160H,0.882922662
P160I,0.237146891
P160K,0.867678273
P160L,0.36862669
P160M,0.579031853
P160N,0.93539432
P160Q,0.93045493
P160R,0.861210012
P160S,0.943217008
P160T,0.902136788
P160V,0.495606236
P160W,0.447317595
P160Y,0.603366491
S161A,0.910953959
S161C,0.824215964
S161D,1.080155986
S161E,1.078271097
S161F,0.740827679
S161G,0.992313197
S161H,0.980460948
S161I,0.640921629
S161K,0.957080347
S161L,0.665633516
S161M,0.788592635
S161N,0.998223289
S161P,0.983059769
S161Q,0.981103535
S161R,0.903845537
S161T,0.9749995
S161V,0.740974097
S161W,0.409032777
S161Y,0.798151051
L162A,1.076912316
L162C,1.018734574
L162D,1.122825969
L162E,1.120975278
L162F,0.981269317
L162G,1.080136329
L162H,1.072906462
L162I,0.989153071
L162K,1.084179995
L162M,1.049407921
L162N,1.085596324
L162P,1.06625719
L162Q,1.086411178
L162R,1.103363716
L162S,1.081663662
L162T,1.068458434
L162V,1.001923735
L162W,0.917641434
L162Y,1.054654939
K163A,0.946314258
K163C,0.79109679
K163D,0.976886076
K163E,1.030410565
K163F,0.391683831
K163G,0.938856258
K163H,0.900789419
K163I,0.419838333
K163L,0.509412195
K163M,0.643269572
K163N,0.965386534
K163P,0.964866555
K163Q,0.978931403
K163R,0.990496763
K163S,0.943385698
K163T,0.88028772
K163V,0.590745854
K163W,0.452452965
K163Y,0.525254635
Y164A,1.104988804
Y164C,1.052734432
Y164D,1.075870855
Y164E,1.106647559
Y164F,0.963688717
Y164G,1.111528472
Y164H,1.094940494
Y164I,0.931577375
Y164K,1.120086
Y164L,1.008318156
Y164M,1.05030566
Y164N,1.095754701
Y164P,1.118164549
Y164Q,1.106977258
Y164R,1.120638228
Y164S,1.105860013
Y164T,1.110699607
Y164V,1.005978766
Y164W,0.932194279
A165C,0.940216176
A165D,0.980176343
A165E,0.994817057
A165F,0.740701412
A165G,1.027346328
A165H,1.053308617
A165I,0.601916144
A165K,1.070906438
A165L,0.633838562
A165M,0.791004814
A165N,1.079118306
A165P,1.02316806
A165Q,0.997850481
A165R,1.035804288
A165S,1.005628377
A165T,0.98223154
A165V,0.718710323
A165W,0.668142669
A165Y,0.809342299
T166A,0.987743942
T166C,0.801755039
T166D,0.499389842
T166E,0.815921305
T166F,0.525385337
T166G,0.973750393
T166H,0.892807103
T166I,0.324082837
T166K,0.83372359
T166L,0.458189967
T166M,0.630130566
T166N,0.998702491
T166P,0.929469127
T166Q,0.878274896
T166R,0.885269765
T166S,1.024015733
T166V,0.580431302
T166W,0.774231036
T166Y,0.718331128
T167A,1.038942296
T167C,1.019231423
T167D,0.116222528
T167E,0.186183205
T167F,0.618117102
T167G,0.830730082
T167H,0.689958993
T167I,0.615264174
T167K,0.57999748
T167L,0.797052289
T167M,0.829588434
T167N,0.525577647
T167P,1.05810192
T167Q,0.627287455
T167R,0.648945152
T167S,0.979614264
T167V,0.828312785
T167W,0.65527125
T167Y,0.710862608
R168A,0.865945706
R168C,0.753305915
R168D,0.510332608
R168E,0.351577497
R168F,0.291070884
R168G,0.794555382
R168H,0.647004398
R168I,0.124521504
R168K,0.922425828
R168L,0.251685406
R168M,0.594126116
R168N,0.870295461
R168P,0.710124653
R168Q,0.753365949
R168S,0.887861083
R168T,0.814349768
R168V,0.432293296
R168W,0.340701198
R168Y,0.455555186
S169A,0.794853767
S169C,0.716248823
S169D,0.319680748
S169E,0.135063361
S169F,0.001978148
S169G,0.905282842
S169H,0.671735984
S169I,0.070023664
S169K,0.766079893
S169L,-0.013517151
S169M,0.287513891
S169N,0.693072527
S169P,0.470101469
S169Q,0.73106735
S169R,0.844355851
S169T,0.759320553
S169V,0.010011898
S169W,0.220699253
S169Y,0.160585591
I170A,0.466821188
I170C,0.838096319
I170D,-0.005684184
I170E,0.017967055
I170F,0.664323077
I170G,0.06673133
I170H,0.184461499
I170K,0.587652081
I170L,0.979977288
I170M,0.93203534
I170N,0.216889966
I170P,0.611509238
I170Q,0.041750638
I170R,0.45267902
I170S,0.220060944
I170T,0.421174384
I170V,0.994479043
I170W,0.469683585
I170Y,0.405597703
A171C,1.022535395
A171D,0.030038206
A171E,-0.016828196
A171F,-0.005645524
A171G,0.595416196
A171H,-0.005537954
A171I,0.022995543
A171K,0.025011709
A171L,0.033686224
A171M,0.003620025
A171N,0.035958247
A171P,0.006684504
A171Q,0.023821337
A171R,0.028855607
A171S,0.729084965
A171T,0.234345254
A171V,0.408575075
A171W,0.006722492
A171Y,0.01269653
K172A,0.242194968
K172C,-0.008158908
K172D,-0.005919491
K172E,-0.000449628
K172F,0.004339672
K172G,0.056062139
K172H,0.363375627
K172I,0.001345455
K172L,-0.001135165
K172M,0.00030524
K172N,0.160889963
K172P,0.56566366
K172Q,0.389255507
K172R,0.929225461
K172S,0.172268351
K172T,0.367810777
K172V,-0.011922007
K172W,0.011788992
K172Y,-0.012077159
Y173A,0.350317647
Y173C,0.752997016
Y173D,-0.002594133
Y173E,0.006374953
Y173F,1.001302639
Y173G,0.000137161
Y173H,1.043853649
Y173I,0.958317283
Y173K,0.458606789
Y173L,0.985863419
Y173M,1.031318446
Y173N,0.840071382
Y173P,0.125621657
Y173Q,0.525275302
Y173R,0.544188083
Y173S,0.323615741
Y173T,0.536462694
Y173V,0.7050474
Y173W,0.765136954
P174A,0.971209439
P174C,1.096428099
P174D,0.161406298
P174E,0.732971125
P174F,1.01117241
P174G,0.89833532
P174H,1.221885666
P174I,0.872343343
P174K,1.223822478
P174L,0.776344743
P174M,1.002207718
P174N,1.236854021
P174Q,1.131909162
P174R,1.22423595
P174S,1.113999249
P174T,1.117141544
P174V,1.02482128
P174W,1.169418216
P174Y,1.089649136
V175A,-0.004741589
V175C,-0.01014389
V175D,-0.016452593
V175E,0.006898763
V175F,-0.017152757
V175G,-0.030370886
V175H,0.053999548
V175I,0.951712097
V175K,0.017688493
V175L,0.057397945
V175M,-0.022958285
V175N,-0.023852078
V175P,0.020509595
V175Q,0.023302511
V175R,-0.010043324
V175S,0.042838909
V175T,0.007276565
V175W,0.016079879
V175Y,0.028524818
G176A,1.030468262
G176C,1.112297926
G176D,-0.003047251
G176E,0.160006694
G176F,0.469698579
G176H,1.107156496
G176I,1.007876898
G176K,1.192498092
G176L,0.931312398
G176M,1.027678863
G176N,0.548294687
G176P,0.928175037
G176Q,0.966557426
G176R,1.15204563
G176S,0.889517505
G176T,1.029150164
G176V,0.982840494
G176W,0.719134538
G176Y,0.777417442
I177A,0.037492785
I177C,-0.00799662
I177D,0.015969818
I177E,0.018499111
I177F,0.818479132
I177G,0.000207223
I177H,0.053764502
I177K,0.219694321
I177L,0.649777507
I177M,0.953798688
I177N,0.049726045
I177P,0.018277161
I177Q,0.06729347
I177R,0.006221596
I177S,0.026804786
I177T,0.000704275
I177V,0.608497705
I177W,0.060839701
I177Y,0.088400573
E178A,1.239941282
E178C,1.2515494
E178D,0.680306961
E178F,1.223604001
E178G,1.159041948
E178H,1.241536618
E178I,1.229261911
E178K,1.208311116
E178L,1.215102599
E178M,1.23157711
E178N,1.174664221
E178P,0.005111021
E178Q,1.250463647
E178R,1.172447119
E178S,1.251274744
E178T,1.262148961
E178V,1.219408416
E178W,1.233064307
E178Y,1.248415769
V179A,0.312918037
V179C,0.959123748
V179D,0.013468122
V179E,0.012625722
V179F,0.026230441
V179G,-0.012325106
V179H,0.018736797
V179I,0.766094448
V179K,0.056295988
V179L,0.316588839
V179M,0.013542829
V179N,0.019420692
V179P,0.022436924
V179Q,0.040246268
V179R,0.03077124
V179S,0.010432032
V179T,-0.005480313
V179W,0.064151287
V179Y,0.01318637
G180A,-0.023276677
G180C,-0.023479469
G180D,0.035259464
G180E,-0.020782078
G180F,0.007531669
G180H,0.003351482
G180I,0.045949326
G180K,0.085160246
G180L,0.083782642
G180M,0.047784269
G180N,0.014671911
G180P,0.018316776
G180Q,0.026119256
G180R,-0.004943839
G180S,-0.004131695
G180T,0.10408999
G180V,0.084029283
G180W,0.03683424
G180Y,0.067394333
P181A,-0.012746209
P181C,0.00225366
P181D,0.021700766
P181E,0.001782951
P181F,0.11619469
P181G,0.003729092
P181H,0.0323784
P181I,-0.011024234
P181K,0.035057721
P181L,-0.003353091
P181M,-0.019791801
P181N,0.068234854
P181Q,-0.008269764
P181R,0.006442534
P181S,-0.003182505
P181T,0.0235425
P181V,0.006725509
P181W,0.055613208
P181Y,0.052416271
Q182A,1.072372871
Q182C,1.195825114
Q182D,-0.024191747
Q182E,0.061072703
Q182F,0.0168837
Q182G,-0.014441389
Q182H,0.04550705
Q182I,0.679458269
Q182K,0.067772725
Q182L,0.436866229
Q182M,0.059655729
Q182N,0.943119513
Q182P,0.008020958
Q182R,0.054859018
Q182S,1.078280883
Q182T,0.991389323
Q182V,0.964856055
Q182W,0.062768127
Q182Y,0.049603996
P183A,0.929222753
P183C,0.722682074
P183D,0.011487766
P183E,0.081478768
P183F,0.046298885
P183G,0.647343611
P183H,0.084121893
P183I,-0.007994385
P183K,0.026125421
P183L,0.074730185
P183M,0.012283206
P183N,0.305596504
P183Q,0.106938338
P183R,-0.004188026
P183S,0.852443319
P183T,0.093539693
P183V,-0.00026725
P183W,0.033291423
P183Y,0.004861101
Q184A,1.033762531
Q184C,0.866175748
Q184D,1.047198213
Q184E,1.063251616
Q184F,0.821394887
Q184G,0.928777405
Q184H,1.078403451
Q184I,0.651061576
Q184K,0.621039905
Q184L,0.960893736
Q184M,0.909081877
Q184N,1.104907147
Q184P,0.925401285
Q184R,0.786159464
Q184S,0.975831408
Q184T,0.943304822
Q184V,0.849480758
Q184W,0.792662911
Q184Y,0.992626017
G185A,0.038046511
G185C,0.156827303
G185D,0.006676187
G185E,0.043250778
G185F,-0.001876054
G185H,-0.004642062
G185I,0.000482023
G185K,0.029831951
G185L,-0.012498515
G185M,0.039927778
G185N,0.730812922
G185P,0.030561815
G185Q,0.044192942
G185R,0.003106172
G185S,0.389146065
G185T,-0.011158665
G185V,0.022442739
G185W,0.089504865
G185Y,0.05903214
V186A,0.877076675
V186C,0.981519575
V186D,0.01267951
V186E,0.07162343
V186F,0.054024152
V186G,0.015098472
V186H,0.04867582
V186I,0.846961619
V186K,0.029296041
V186L,0.777963538
V186M,0.876287311
V186N,0.177643904
V186P,0.02814769
V186Q,0.914209029
V186R,0.011866591
V186S,0.877194389
V186T,1.022394419
V186Y,0.009374125
L187A,0.717629342
L187C,0.84714162
L187D,-0.006906746
L187E,0.013018917
L187F,0.014554554
L187G,-0.020075307
L187H,0.015532627
L187I,0.985675728
L187K,0.017288917
L187M,0.963454281
L187N,0.553488001
L187P,0.929029466
L187Q,0.009582674
L187R,0.025973899
L187S,0.572185955
L187T,0.409987039
L187V,1.013807154
L187W,-0.011701526
L187Y,-0.021682417
A189S,0.900564573
D190A,0.035651235
D190C,0.143976142
D190E,0.881845826
D190F,0.028427045
D190G,0.088804302
D190H,0.179440267
D190I,-0.000377649
D190K,0.001677741
D190L,-0.003483932
D190M,-0.017804586
D190N,0.679860072
D190P,0.019809004
D190Q,0.245347866
D190R,0.035543844
D190S,0.281480425
D190T,0.454111087
D190V,0.317607878
D190W,0.121738242
D190Y,0.020749647
I191A,0.272185192
I191C,0.060405172
I191D,0.060157981
I191E,0.056440438
I191F,0.140155184
I191G,0.015609099
I191H,-0.00435066
I191K,0.01084441
I191L,0.919621917
I191M,0.596336728
I191N,0.001907999
I191P,-0.037127906
I191Q,0.040933188
I191R,-0.018205721
I191S,-0.00811465
I191T,-0.011009096
I191V,0.936857489
I191W,0.057178633
I191Y,0.018396977
L192A,0.882857
L192C,0.915483539
L192D,0.00528671
L192E,0.044463181
L192F,0.648989922
L192G,0.001200547
L192H,-0.010497691
L192I,1.005970658
L192K,0.053947634
L192M,0.959140609
L192N,0.006061122
L192P,0.01215818
L192Q,0.10333942
L192R,0.003721603
L192S,0.275341777
L192T,0.896960791
L192V,0.990708006
L192W,0.074675343
L192Y,0.581399198
D193C,0.820945697
D193E,0.978810133
D193F,1.025667007
D193G,0.721807823
D193H,0.801776217
D193I,0.810503565
D193K,0.79926147
D193L,0.90663909
D193M,0.900580748
D193N,0.925596975
D193P,0.112173004
D193Q,0.847352743
D193R,0.672393178
D193S,0.840424402
D193T,0.765447218
D193V,0.851102806
D193W,0.960010651
D193Y,1.123421113
Q194A,0.923743516
Q194C,0.844557535
Q194D,0.19903206
Q194E,0.132323513
Q194F,0.619756104
Q194G,0.76149351
Q194H,0.667972114
Q194I,0.593968645
Q194K,1.184319838
Q194L,0.899002307
Q194M,0.986909106
Q194N,0.550368609
Q194P,0.183940234
Q194R,1.04887898
Q194S,0.786331875
Q194T,0.499806383
Q194V,0.549581614
Q194W,0.909083301
Q194Y,0.895124719
M195A,0.86764867
M195C,0.768757583
M195D,0.011630083
M195E,-0.010928236
M195F,0.061096315
M195G,0.24467756
M195H,-0.007918196
M195I,0.002281163
M195K,0.019483382
M195L,-0.00384467
M195N,-0.002547858
M195P,0.023843345
M195Q,0.870802429
M195R,0.026443371
M195S,0.514243029
M195T,0.973446827
M195V,0.823701456
M195W,0.0375778
M195Y,0.026915328
R196A,0.004892773
R196C,0.019206014
R196D,0.02860299
R196E,0.009386866
R196F,0.032187738
R196G,-0.006422033
R196H,0.035819189
R196I,0.023881614
R196K,0.78548106
R196L,0.0013568
R196M,0.043023159
R196N,-0.002894918
R196P,0.085421741
R196Q,0.173640653
R196S,0.139227507
R196T,0.002732795
R196V,0.044909815
R196W,0.028178885
R196Y,0.010720333
K197A,0.986551288
K197C,0.871046746
K197D,0.612989413
K197E,0.793135864
K197F,0.520917443
K197G,0.768981943
K197H,0.718723787
K197I,0.753779265
K197L,0.948432633
K197M,0.978619114
K197N,0.903714185
K197P,0.010423189
K197Q,0.989898457
K197R,0.945203159
K197S,0.962008828
K197T,0.943398745
K197V,0.784867983
K197W,0.694302359
K197Y,0.385642813
M198A,1.032258275
M198C,1.102215461
M198D,0.024094301
M198E,0.034240494
M198F,0.031746605
M198G,-0.010879932
M198H,0.021732145
M198I,1.077229895
M198K,0.097824197
M198L,0.793991098
M198N,0.018314307
M198P,0.024684559
M198Q,0.017966168
M198R,0.048728297
M198S,0.466297371
M198T,0.877381581
M198V,1.004936257
M198W,0.066517997
M198Y,0.004638807
I199A,0.014979379
I199C,0.355457586
I199D,0.098272341
I199E,0.014299533
I199F,0.008390977
I199G,-0.007224014
I199H,0.011087141
I199K,0.053626621
I199L,0.715102734
I199M,0.924279485
I199N,0.034477598
I199P,-0.012490428
I199Q,-0.005866602
I199R,0.038661284
I199S,0.01993352
I199T,0.036064274
I199V,1.030961811
I199W,0.018044101
I199Y,0.032308984
K200A,0.758847967
K200C,0.84795797
K200D,0.206522118
K200E,0.624384485
K200F,0.706080915
K200G,0.980903482
K200H,0.849055607
K200I,0.824929128
K200L,0.85297311
K200M,0.987537786
K200N,0.916766196
K200P,0.060716926
K200Q,0.863384849
K200R,0.851601188
K200S,0.838408029
K200T,0.879325279
K200V,0.73215898
K200W,0.412717124
K200Y,0.603212385
H201A,0.914256352
H201C,0.718674689
H201D,0.017505742
H201E,0.111984384
H201F,0.820025377
H201G,0.522174205
H201I,0.056498846
H201K,-0.006407252
H201L,0.587927437
H201M,0.080918454
H201N,0.303226104
H201P,0.025125926
H201Q,-0.003400619
H201R,-0.012576742
H201S,0.771026753
H201T,0.301181904
H201V,0.27222597
H201W,-0.001897819
H201Y,0.986715308
A202C,-0.015122068
A202D,0.093046388
A202E,0.078090459
A202F,0.020124039
A202G,1.084809279
A202H,0.016662839
A202I,-0.005556653
A202K,0.004208393
A202L,0.005468385
A202M,0.072051927
A202N,0.016415881
A202P,0.060517329
A202Q,-0.010840693
A202R,0.027873819
A202S,0.476311439
A202T,-0.021687164
A202V,0.034700565
A202W,0.057659065
A202Y,0.100786804
L203A,0.014208809
L203C,-0.008597765
L203D,0.043596245
L203E,0.011511836
L203F,0.170538846
L203G,0.11416768
L203H,0.062451982
L203I,0.34759853
L203K,0.032123501
L203M,0.602462332
L203N,0.001078554
L203P,0.035909759
L203Q,0.005893228
L203R,0.094032268
L203S,-0.004350043
L203T,0.004115724
L203V,-0.002319319
L203W,0.066971987
L203Y,0.02506672
D204A,0.02485192
D204C,0.002218886
D204E,-0.008324647
D204F,0.010799622
D204G,-0.003267952
D204H,0.014763917
D204I,-0.001199433
D204K,0.025415483
D204L,0.027430408
D204M,-0.025767648
D204N,0.292059864
D204P,0.05956847
D204Q,-0.005890726
D204R,0.045036137
D204S,0.038770765
D204T,-0.017253532
D204V,0.000350013
D204W,-0.006137837
D204Y,-0.003370055
F205A,0.087581625
F205C,0.060304813
F205D,0.020652749
F205E,0.052299792
F205G,-0.006252516
F205H,0.114001505
F205I,-0.018010729
F205K,0.022782024
F205L,-0.014400503
F205M,-0.006553147
F205N,-0.005587817
F205Q,0.026919237
F205R,0.03803598
F205S,0.143991712
F205T,0.008756635
F205V,0.061316348
F205W,-0.005381706
F205Y,-0.006975047
I206A,0.088266304
I206C,0.72594263
I206D,0.007068601
I206E,-0.003099764
I206F,0.157832683
I206G,0.126492341
I206H,-0.04153885
I206K,0.100813029
I206L,0.816077846
I206M,-0.008073752
I206N,0.08788517
I206P,-0.029301276
I206Q,-0.024213357
I206R,0.143253562
I206S,-0.008208571
I206T,0.318373975
I206V,0.887992714
I206W,0.092703548
I206Y,-0.012405779
H207A,1.045894592
H207C,1.042059728
H207D,0.765818859
H207E,1.049928516
H207F,0.7787273
H207G,0.851307576
H207I,0.885450782
H207K,1.065655498
H207L,0.871371886
H207M,1.038908582
H207N,0.862752705
H207P,0.013310628
H207Q,1.145925379
H207R,0.879851327
H207S,0.941392915
H207T,1.056118241
H207V,1.10458938
H207W,0.817599666
H207Y,0.895573609
H208A,1.014304116
H208C,0.903984397
H208D,1.075136747
H208E,1.075351792
H208F,0.976225875
H208G,0.623953698
H208I,1.053713851
H208K,1.018941307
H208L,1.090854781
H208M,1.0623588
H208N,0.894515116
H208P,0.065871614
H208Q,1.084421837
H208R,0.867662465
H208S,1.011528946
H208T,0.929958414
H208V,0.963775794
H208W,0.650056982
H208Y,0.964008767
F209A,0.00649174
F209C,0.001012751
F209D,0.048147598
F209E,0.045023256
F209G,0.124741229
F209H,-0.009063709
F209I,-0.003667997
F209K,0.033265702
F209M,-0.017896923
F209N,0.120747508
F209P,-0.014798941
F209Q,-0.001014327
F209R,-0.00423348
F209S,0.026928386
F209T,0.011351919
F209V,0.331371625
F209W,0.793499247
F209Y,1.030842675
N210A,0.062902055
N210C,0.046582069
N210D,-0.012978844
N210E,-0.00836202
N210F,-0.012666949
N210G,0.034146123
N210H,0.182565447
N210I,0.21641342
N210K,0.772393243
N210L,-0.015901852
N210M,0.089931726
N210P,0.046415782
N210Q,0.236535148
N210R,0.656278757
N210S,0.101227811
N210T,0.083908713
N210V,0.253338576
N210W,0.011617144
N210Y,-0.006195852
E211A,1.016847308
E211C,1.005455707
E211D,0.901291693
E211F,0.305313841
E211G,0.904471495
E211H,0.790751563
E211I,0.636393423
E211K,0.929392776
E211L,0.901559056
E211M,1.041053812
E211N,1.04473869
E211P,0.050035622
E211Q,1.045162085
E211R,0.909648423
E211S,1.046650879
E211T,0.971205089
E211V,0.650898773
E211W,0.176762553
E211Y,0.399958232
G212A,0.015380952
G212C,0.007725977
G212D,-0.016013365
G212E,-0.007601545
G212F,-0.020200746
G212H,0.128627193
G212I,-0.008198514
G212K,-0.012441142
G212L,-0.005290823
G212M,-0.00617951
G212N,-0.01359491
G212P,0.004187722
G212Q,0.006411136
G212R,0.006146805
G212S,-0.004017315
G212T,0.000713189
G212V,-0.004398107
G212W,-0.017970287
G212Y,-0.009170078
K213A,0.880837004
K213C,0.950616972
K213D,0.551084816
K213E,0.891185467
K213F,0.966286555
K213G,0.340251968
K213H,0.987651564
K213I,1.005080477
K213L,0.807687751
K213M,1.05967333
K213N,0.771127729
K213P,-0.008197106
K213Q,0.990238767
K213R,1.029222816
K213S,0.468863631
K213T,0.941561509
K213V,1.053434878
K213W,0.908508278
K213Y,0.964080643
E214A,0.616507702
E214C,0.71481727
E214D,0.579880101
E214F,0.656857177
E214G,0.089249499
E214H,0.675041392
E214I,0.959120313
E214K,0.48924374
E214L,0.94123488
E214M,0.743293154
E214N,0.512123173
E214P,0.504014622
E214Q,0.709975597
E214R,0.484572581
E214S,0.582077912
E214T,0.805868287
E214V,0.969234613
E214W,0.658681533
E214Y,0.410232152
F215A,0.047431058
F215C,-0.009661039
F215D,-0.017361091
F215E,0.017157092
F215G,-0.014457044
F215H,-0.022503038
F215I,0.034702219
F215K,0.000766189
F215L,0.073559324
F215M,0.031159518
F215N,0.081353362
F215P,0.068658587
F215Q,-0.012034092
F215R,-0.003806228
F215S,0.014999009
F215T,0.025993519
F215V,-0.018902773
F215W,0.11479134
F215Y,0.756013323
P216A,0.665215707
P216C,0.014191831
P216D,0.465913833
P216E,0.700508717
P216F,0.087514711
P216H,0.043075745
P216I,-0.014090808
P216K,0.435501921
P216L,0.076238798
P216M,0.102929202
P216N,0.15154844
P216Q,0.467395005
P216R,0.062811176
P216S,0.377054897
P216T,0.043816689
P216V,0.00103738
P216W,0.002220124
P216Y,-0.010267255
P217A,0.869129117
P217C,0.220250989
P217D,0.604149586
P217E,0.914770945
P217F,0.005362791
P217G,0.25909403
P217H,0.026875247
P217I,-0.005657088
P217K,0.214910477
P217L,-0.006253439
P217M,0.039187599
P217N,0.092839565
P217Q,0.424428672
P217R,0.054774782
P217S,0.620102745
P217T,0.151118123
P217V,-4.97E-05
P217W,-0.011765413
P217Y,0.013029823
C218A,0.292541578
C218D,0.043283131
C218E,0.037199965
C218F,0.049489009
C218G,0.036917845
C218H,-0.00434652
C218I,0.343213692
C218K,0.009185443
C218L,0.003815413
C218M,-0.004879233
C218N,0.006133479
C218P,0.015498666
C218Q,-0.008849758
C218R,0.011455097
C218S,-0.008894079
C218T,0.324115146
C218V,0.74211433
C218W,-0.004174553
C218Y,0.110197918
A219C,0.896314662
A219D,1.031676135
A219E,1.110589215
A219F,0.464368774
A219H,0.665258303
A219I,0.311254397
A219K,0.818099988
A219L,0.160002141
A219M,0.795127857
A219N,0.897665036
A219P,-0.029157573
A219Q,1.003982258
A219R,0.46596536
A219S,1.061156664
A219T,0.999993263
A219V,0.653635407
A219W,0.390617792
A219Y,0.286405921
I220A,0.014493266
I220C,0.146447579
I220D,0.05881404
I220E,0.000100576
I220F,-0.014533187
I220G,0.039580368
I220H,0.017740238
I220K,-0.000832688
I220L,1.041524371
I220M,0.843927122
I220N,0.007100817
I220P,0.022920267
I220Q,0.025720722
I220R,0.09095413
I220S,0.006220193
I220T,0.027880556
I220V,0.854828753
I220W,-0.001413069
I220Y,-0.004584024
E221A,-0.005214717
E221C,-0.001128512
E221D,0.996486651
E221F,0.078095129
E221G,-0.003988308
E221H,-0.006792873
E221I,0.0074358
E221K,0.014410435
E221L,0.060718127
E221M,-0.021781169
E221N,0.058157567
E221P,0.02069547
E221Q,0.232762344
E221R,-0.013534022
E221S,0.033416054
E221T,0.337877701
E221V,-0.015496927
E221W,0.007552367
E221Y,0.02511058
V222A,1.037175081
V222C,0.962973062
V222D,0.059308506
V222E,0.0133503
V222F,0.013433875
V222G,0.035572188
V222H,0.074976638
V222I,0.007443519
V222K,-0.001102384
V222L,-0.00243804
V222M,0.00024491
V222N,0.083527554
V222P,0.033011292
V222Q,0.107268035
V222R,-0.002086906
V222S,-0.009426636
V222T,0.244348861
V222W,0.018091821
V222Y,0.028879575
Y223A,-0.016841322
Y223C,-0.018819072
Y223D,-0.030601306
Y223E,0.161099677
Y223F,0.936445113
Y223G,0.001760607
Y223H,0.86067921
Y223I,0.025395004
Y223K,0.078785211
Y223L,-0.009712034
Y223M,-0.005667545
Y223N,0.076924694
Y223P,0.025346805
Y223Q,0.035181591
Y223R,0.039380165
Y223S,0.04999101
Y223T,0.113740063
Y223V,0.04652436
Y223W,-0.002731578
K224A,0.058964992
K224C,-0.012562453
K224D,-0.010363178
K224E,0.296575943
K224F,0.041719139
K224G,-0.003639511
K224H,0.235176147
K224I,0.015688817
K224L,-0.008027978
K224M,-0.015487199
K224N,0.348639377
K224P,-0.008595582
K224Q,0.76183277
K224R,0.74224311
K224S,0.384082108
K224T,0.074469293
K224V,0.005011492
K224W,0.018619665
K224Y,0.007548112
I225A,1.148104217
I225C,1.216560873
I225D,1.115018599
I225E,1.224516069
I225F,1.238550623
I225G,0.894945535
I225H,1.248520188
I225K,1.107080255
I225L,1.198393687
I225M,1.180751736
I225N,1.041888152
I225P,0.966970635
I225Q,1.19672292
I225R,1.089822835
I225S,1.042444284
I225T,0.991213852
I225V,1.062825766
I225W,1.170628298
I225Y,1.219264161
I226A,0.471337798
I226C,0.546367857
I226D,0.468953152
I226E,0.607100796
I226F,0.818554236
I226G,0.415964236
I226H,0.46677967
I226K,0.563174907
I226L,0.93362346
I226M,0.889602714
I226N,0.417227419
I226P,0.010263854
I226Q,0.749171907
I226R,0.331877533
I226S,0.457714198
I226T,0.8427302
I226V,0.882628245
I226W,0.490604698
I226Y,0.565786775
E227A,0.345465081
E227C,0.060216944
E227D,0.772745684
E227F,0.068330362
E227G,0.863196468
E227H,0.012172297
E227I,0.050250504
E227K,0.018733493
E227L,0.03580337
E227M,-0.011126256
E227N,0.221562051
E227P,0.130383491
E227Q,0.336832121
E227R,-0.006393688
E227S,0.407582979
E227T,0.040469906
E227V,0.000423722
E227W,0.075382895
E227Y,0.028797705
K228A,0.688440142
K228C,0.582233907
K228D,0.149761003
K228E,0.53991601
K228F,0.728814202
K228G,0.508168521
K228H,0.937975509
K228I,0.752203968
K228L,0.712487902
K228M,0.867613294
K228N,0.769423369
K228P,0.5328116
K228Q,0.700398921
K228R,0.971044364
K228S,0.785988542
K228T,0.91730892
K228V,0.799119779
K228W,0.844457238
K228Y,0.882454385
V229A,0.169672586
V229C,0.371297125
V229D,0.046164792
V229E,0.428298755
V229F,-0.008099472
V229G,0.058517992
V229H,-0.005940427
V229I,0.540244151
V229K,0.019271606
V229L,0.005366255
V229M,0.460075908
V229N,-0.009898736
V229P,0.02018954
V229Q,0.77604376
V229R,0.016783925
V229S,-0.008519082
V229T,0.250839786
V229W,-0.010342774
V229Y,0.004945442
D230A,0.955923194
D230C,0.86900746
D230E,1.036122206
D230F,0.753153506
D230G,0.710676808
D230H,0.954606003
D230I,0.439516072
D230K,0.931119052
D230L,0.818219924
D230M,1.007782531
D230N,0.863439058
D230P,1.093396855
D230Q,1.000720918
D230R,0.712844594
D230S,0.9159492
D230T,0.747682312
D230V,0.610958005
D230W,0.480850542
D230Y,0.989594294
Y231A,8.05E-05
Y231C,-0.013014521
Y231D,-0.00826119
Y231E,0.011025783
Y231F,1.008167927
Y231G,0.133527575
Y231H,-0.014467064
Y231I,-0.001538161
Y231K,-0.009187015
Y231L,0.164627142
Y231M,0.070175346
Y231N,0.007973652
Y231P,0.035557988
Y231Q,-0.007645316
Y231R,0.016704442
Y231S,0.055178229
Y231T,-0.005070011
Y231V,-0.011084755
Y231W,0.843159225
P232A,0.03259435
P232C,0.02266812
P232D,0.005157979
P232E,-0.012682843
P232F,0.004373115
P232G,0.049440611
P232H,-0.011150519
P232I,-0.008729041
P232K,0.023461499
P232L,-0.007556244
P232M,-0.000627418
P232N,0.014867939
P232Q,0.075083648
P232R,-0.006251348
P232S,0.034319879
P232T,0.011714221
P232V,-0.001887502
P232W,0.057746085
P232Y,-0.005503914
R233A,0.373031643
R233C,0.861845997
R233D,-0.01708731
R233E,0.363408137
R233F,0.203250991
R233G,-0.018769904
R233H,0.371710602
R233I,0.847999816
R233K,0.86986804
R233L,1.016625668
R233M,0.725812247
R233N,0.024109649
R233P,0.007128889
R233Q,0.748550093
R233S,0.375227666
R233T,0.939389439
R233V,1.010781807
R233W,0.012203205
R233Y,0.194310125
D234A,0.548691125
D234C,0.352022751
D234E,0.354933166
D234F,0.508507653
D234G,0.690413454
D234H,0.552454849
D234I,-0.013855426
D234K,0.693313428
D234L,0.534773965
D234M,0.414911224
D234N,0.884654244
D234P,0.0971219
D234Q,0.47480445
D234R,0.497678528
D234S,0.648219979
D234T,0.667878774
D234V,-0.011063954
D234W,0.015348747
D234Y,0.444801174
E235A,0.965227891
E235C,0.746429347
E235D,0.903279833
E235F,0.324866969
E235G,0.737588252
E235H,0.761252065
E235I,0.556058579
E235K,0.823370551
E235L,0.573220958
E235M,0.688777518
E235N,0.772400291
E235P,0.686512444
E235Q,0.869779597
E235R,0.738288193
E235S,0.871253832
E235T,0.751017934
E235V,0.773396673
E235W,0.058341547
E235Y,0.381037296
N236A,0.769370541
N236C,0.655213684
N236D,0.737922613
N236E,0.668435149
N236F,0.725305158
N236G,0.522740835
N236H,0.896657642
N236I,0.241991069
N236K,0.94855789
N236L,0.550921376
N236M,0.681311699
N236P,0.027065475
N236Q,0.829736408
N236R,0.90052577
N236S,0.82554952
N236T,0.722224954
N236V,0.423309642
N236W,0.432358627
N236Y,0.721797946
G237A,0.017140363
G237C,-0.017239299
G237D,0.604819169
G237E,0.2196438
G237F,-0.00647755
G237H,0.161513611
G237I,0.046212759
G237K,0.023993385
G237L,-0.009111566
G237M,0.010049448
G237N,0.62929004
G237P,0.032125534
G237Q,0.249423214
G237R,0.002670078
G237S,0.079774801
G237T,-0.0008999
G237V,0.008772091
G237W,-0.01745259
G237Y,-0.008346879
E238A,0.856298614
E238C,0.635674232
E238D,0.982670389
E238F,0.086200524
E238G,0.676825495
E238H,0.807928358
E238I,0.067430503
E238K,0.810022053
E238L,0.289790816
E238M,0.579132539
E238N,0.925442301
E238P,0.0279283
E238Q,0.937222999
E238R,0.777706935
E238S,0.68069012
E238T,0.54014847
E238V,0.357349326
E238W,-0.013925914
E238Y,0.058726016
I239A,0.399463493
I239C,0.489579748
I239D,0.023346589
I239E,-0.00576637
I239F,0.046987459
I239G,0.098762795
I239H,-0.014571006
I239K,0.044499922
I239L,0.679489062
I239M,0.551178843
I239N,-0.024266556
I239P,0.696786048
I239Q,0.613639893
I239R,0.775689169
I239S,-0.012040281
I239T,0.264688925
I239V,0.876248691
I239W,-0.002103616
I239Y,-0.008161795
A240C,1.082588663
A240D,0.633524538
A240E,0.54365563
A240F,0.419371538
A240G,0.615874116
A240H,0.605850714
A240I,0.713079977
A240K,0.918148988
A240L,0.544079427
A240M,0.907157331
A240N,1.069272279
A240P,0.019627314
A240Q,0.815925103
A240R,0.835573573
A240S,1.024124161
A240T,1.060863238
A240V,0.668012293
A240W,0.004194921
A240Y,0.560520876
A241C,0.2562963
A241D,0.155478574
A241E,0.218407116
A241F,0.033179174
A241H,0.058613816
A241I,0.325289542
A241K,-0.013313444
A241L,-0.014963478
A241M,-0.018699219
A241N,0.011425106
A241P,-0.01996585
A241Q,-0.015474382
A241R,0.018772991
A241S,0.079404702
A241T,-0.010605855
A241W,0.046960145
A241Y,-0.003061946
I243T,-0.021741916
H244A,0.302566646
H244C,-0.010708343
H244D,0.007264381
H244E,0.048642608
H244F,0.025154232
H244G,0.042819946
H244I,0.056252658
H244K,0.018100489
H244L,0.06171678
H244M,0.118553054
H244N,0.038829056
H244P,0.016699133
H244Q,0.085032034
H244R,-0.023764381
H244S,0.033334819
H244T,0.019423682
H244V,-0.01089347
H244W,-0.013355231
H244Y,0.025022149
P245A,-0.006314975
P245C,-0.004269514
P245D,-0.00879075
P245E,-0.007846608
P245F,0.020144447
P245G,0.004249223
P245H,-0.006318648
P245I,0.024238882
P245K,-0.026166194
P245L,0.013224937
P245M,0.033407439
P245N,-0.005411424
P245Q,-0.008619613
P245R,-0.007620381
P245S,-0.011763593
P245T,-0.010347764
P245V,-0.00120814
P245W,-0.001240651
P245Y,-0.010021035
N246A,0.952327032
N246C,0.716425408
N246D,0.93161721
N246E,0.839522128
N246F,0.627282888
N246G,0.643705961
N246H,0.839852829
N246K,0.9375054
N246L,0.655082202
N246M,0.784133706
N246P,0.001647724
N246Q,0.92580046
N246R,0.906473781
N246S,0.975811851
N246T,0.844439435
N246V,0.34875863
N246W,0.335346275
N246Y,0.679214119
L247A,0.008428834
L247C,-0.001714408
L247D,0.040853262
L247E,0.005454633
L247F,0.00463447
L247G,0.018338709
L247H,0.033345399
L247I,0.675052638
L247K,0.063874457
L247M,0.587335311
L247N,0.021902316
L247P,0.018620014
L247Q,-0.006559846
L247R,0.022591912
L247S,0.082224164
L247T,0.002083932
L247V,0.549942268
L247W,0.032732846
L247Y,0.042934448
Q248A,0.228456034
Q248C,0.716078164
Q248D,0.006600843
Q248E,0.519002455
Q248F,0.021722877
Q248G,0.005091576
Q248H,0.070412429
Q248I,0.810339654
Q248K,0.050112642
Q248L,0.964355535
Q248M,0.895030056
Q248N,-0.006983308
Q248P,0.019958777
Q248R,0.046960346
Q248S,0.202469048
Q248T,0.233594812
Q248V,0.670754521
Q248W,-0.00498591
Q248Y,0.078911853
D249A,0.060263969
D249C,-0.001265161
D249E,-0.006460406
D249F,0.015197339
D249G,0.837102497
D249H,0.206602987
D249I,0.037751649
D249K,0.001962916
D249L,-0.01571187
D249M,-0.017258313
D249N,0.375394751
D249P,0.029459688
D249Q,0.006949828
D249R,0.000845428
D249S,0.028138655
D249T,0.03088155
D249V,-0.008912264
D249W,-0.015692625
D249Y,0.047347094
Q250A,0.929910346
Q250C,0.675619529
Q250D,-0.007196645
Q250E,0.447170318
Q250F,0.00685673
Q250G,0.946093127
Q250H,0.867262602
Q250I,0.077104931
Q250K,0.981218424
Q250L,0.030780752
Q250M,0.838553098
Q250N,0.993655069
Q250P,0.017376695
Q250R,0.930313657
Q250S,0.836847834
Q250T,0.381689525
Q250V,0.018645389
Q250W,0.033217703
Q250Y,0.130319392
D251A,0.015726496
D251C,1.085833821
D251E,0.033835265
D251F,0.035880009
D251G,0.069440468
D251H,-0.003954478
D251I,-0.008947197
D251K,0.000319371
D251L,0.06013899
D251M,0.049368921
D251N,0.945353555
D251P,0.003199967
D251Q,-0.004070967
D251R,0.005577618
D251S,-0.014016848
D251T,0.00353447
D251V,0.017846545
D251W,0.016973601
D251Y,0.015477919
W252A,-0.00976178
W252C,0.45884579
W252D,0.00271011
W252E,0.033466759
W252F,1.089127194
W252G,0.293974645
W252H,0.034538838
W252I,0.00993813
W252K,0.004124725
W252L,0.659374766
W252M,0.466762141
W252N,0.004770031
W252P,0.004812897
W252Q,0.0033231
W252R,0.333893329
W252S,0.004213683
W252T,0.439602675
W252V,0.016330175
W252Y,1.045944121
K253A,0.566365103
K253C,0.437878823
K253D,-0.009252129
K253E,0.443851744
K253F,0.075566996
K253G,0.163324104
K253H,0.639559537
K253I,0.250673578
K253L,0.457217929
K253M,0.741447182
K253N,0.470670547
K253P,0.037986036
K253Q,0.920452982
K253R,0.794739303
K253S,0.490302243
K253T,0.402169038
K253V,0.426417031
K253W,-0.005299919
K253Y,0.082807893
P254A,0.824449841
P254C,0.0656881
P254D,-0.006547065
P254E,0.751206197
P254F,-0.016810669
P254G,0.033684712
P254H,-0.007999457
P254I,-0.014666355
P254K,-0.003496844
P254L,-0.002148792
P254M,-0.000229312
P254N,0.013720508
P254Q,0.102419939
P254R,-0.008070334
P254S,0.059408786
P254T,-0.008191499
P254V,0.034295069
P254W,0.011009467
P254Y,0.016686023
L255A,-0.009813831
L255C,0.349954679
L255D,0.063763344
L255E,0.054572283
L255F,0.308286805
L255G,0.015796412
L255H,-0.00015269
L255I,0.68267889
L255K,-0.008933499
L255M,0.755695342
L255N,0.015501639
L255P,0.103033147
L255Q,-0.014245817
L255R,0.001329658
L255S,-0.01219175
L255T,-0.001607969
L255V,0.497297697
L255W,-0.007838663
L255Y,-0.003372733
H256A,0.772556874
H256C,0.731569363
H256D,0.618094197
H256E,0.849075664
H256F,0.537778692
H256G,0.485394147
H256I,0.337029043
H256K,0.926486201
H256L,0.535265132
H256M,0.702099862
H256N,1.006694559
H256P,-0.001742819
H256Q,0.881787826
H256R,0.941440446
H256S,0.825710197
H256T,0.631445323
H256V,0.54308133
H256W,0.009085158
H256Y,0.712470245
P257A,0.037083545
P257C,-0.003174266
P257D,-0.001157285
P257E,0.019359766
P257F,0.00440549
P257G,-0.00061407
P257H,-0.0076747
P257I,-0.009700503
P257K,-0.011767442
P257L,0.001003985
P257M,0.006447701
P257N,-0.010724062
P257Q,-0.005222126
P257R,-0.012685123
P257S,-0.008446656
P257T,0.004273736
P257V,0.365269934
P257W,0.006799861
P257Y,0.146610923
G258A,0.539664342
G258C,0.424801624
G258D,0.734708576
G258E,0.828991169
G258F,0.028583955
G258H,0.575776045
G258I,0.041527027
G258K,0.558451137
G258L,0.143948328
G258M,0.33241204
G258N,0.677898015
G258P,0.190460786
G258Q,0.632428773
G258R,0.411009796
G258S,0.589379456
G258T,0.620904082
G258V,0.135755046
G258W,0.303345927
G258Y,0.158681015
D259A,0.326888953
D259C,0.013285189
D259E,0.678480484
D259F,-0.012405919
D259G,-0.007321293
D259H,0.023475998
D259I,-0.001103851
D259K,-0.010750254
D259L,0.010392361
D259M,0.524792097
D259N,0.275380084
D259P,0.010168315
D259Q,0.493257918
D259R,-0.007475804
D259S,0.383774994
D259T,-0.011325694
D259V,0.038039038
D259W,-0.010735635
D259Y,-0.010903181
P260A,0.664922735
P260C,-0.007558581
P260D,0.309223465
P260E,0.056641923
P260F,-0.019853396
P260G,0.359325556
P260H,-0.00691527
P260I,0.00095354
P260K,-0.013462952
P260L,-0.008031672
P260M,-0.012804826
P260N,0.021245687
P260Q,0.001137363
P260R,-0.004022412
P260S,0.293410522
P260T,0.048839354
P260V,-0.00557718
P260W,0.018879554
P260Y,-0.008361286
M261A,0.848618989
M261C,0.893071407
M261D,-0.016335797
M261E,-0.018192591
M261F,0.009384307
M261G,0.006828502
M261H,-0.003138443
M261I,1.07406619
M261K,0.015035861
M261L,0.710726639
M261N,-0.005396657
M261P,0.007029032
M261Q,0.130025249
M261R,0.102723987
M261S,0.00429114
M261T,0.687797623
M261V,1.088408017
M261W,0.071284247
M261Y,0.03555161
F262A,0.027926157
F262C,0.026186823
F262D,0.035774755
F262E,-0.001074148
F262G,0.002753293
F262H,0.000145595
F262I,0.021195792
F262K,0.023100805
F262L,0.017616706
F262M,0.03505462
F262N,-0.000102839
F262P,-0.006467516
F262Q,0.033775571
F262R,0.068173411
F262S,0.014556771
F262T,0.031275427
F262V,0.016820482
F262W,0.341522105
F262Y,-0.00591358
L263A,0.260372754
L263C,0.367700387
L263D,0.067207419
L263E,0.535399652
L263F,0.309063574
L263G,0.019401945
L263H,0.019010121
L263I,0.772131002
L263K,0.378770955
L263M,0.819699475
L263N,-0.014189364
L263P,0.008086516
L263Q,0.769510311
L263R,0.296982142
L263S,0.178726589
L263T,0.358606424
L263V,0.654000853
L263W,0.225396392
L263Y,0.415277971
T264A,0.458233306
T264C,0.555846335
T264D,0.446603524
T264E,-0.001632996
T264F,0.00918463
T264G,0.717900216
T264H,0.145437574
T264I,0.023091859
T264K,0.428011814
T264L,0.041811628
T264M,0.478448243
T264N,0.14612516
T264P,0.003423297
T264Q,0.431130691
T264R,0.475729102
T264S,0.715609425
T264V,0.001530166
T264W,0.002131275
T264Y,0.025599458
L265A,0.937976584
L265C,0.740312077
L265D,-0.000291584
L265E,-0.001774052
L265F,1.126027042
L265G,0.549885463
L265H,0.969077829
L265I,0.738934294
L265K,0.938723261
L265M,1.000305049
L265N,0.642832217
L265P,0.886932586
L265Q,0.437678879
L265R,0.845532877
L265S,0.687072985
L265T,0.800829546
L265V,0.80128665
L265W,0.811998769
L265Y,1.027845657
D266A,0.445755884
D266C,0.341068002
D266E,0.826915971
D266F,-0.005803438
D266G,0.468279186
D266H,0.330984732
D266I,-0.008324676
D266K,0.458479024
D266L,-0.003976285
D266M,0.035682812
D266N,0.52860095
D266P,-0.010451236
D266Q,0.526821747
D266R,0.108711511
D266S,0.62688769
D266T,0.617700601
D266V,-0.009478681
D266W,-0.010447954
D266Y,-0.011743393
G267A,0.122499756
G267C,0.053552473
G267D,0.299819493
G267E,0.1151985
G267F,-0.005977056
G267H,0.347717644
G267I,0.004741843
G267K,0.185758578
G267L,0.010100992
G267M,0.171218327
G267N,0.604332673
G267P,-0.001906474
G267Q,0.353150169
G267R,0.039420515
G267S,0.141775352
G267T,0.005128923
G267V,0.120869376
G267W,-0.014446009
G267Y,0.009398085
K268A,0.690174471
K268C,0.488538468
K268D,0.806807236
K268E,0.940657755
K268F,0.163946796
K268G,0.555522297
K268H,0.811673736
K268I,0.534366218
K268L,0.423569539
K268M,0.497339254
K268N,0.781193737
K268P,-0.013190565
K268Q,0.937856513
K268R,0.919016227
K268S,0.676373732
K268T,0.802946592
K268V,0.666433958
K268W,-0.008492943
K268Y,0.30182376
T269A,0.676240819
T269C,0.672667103
T269D,0.738100094
T269E,0.954110011
T269F,0.008644109
T269G,0.004808699
T269H,0.226439867
T269I,0.891447805
T269K,0.130576131
T269L,0.231712223
T269M,0.63900806
T269N,0.551163808
T269P,0.562682459
T269Q,0.41375415
T269R,-0.011264911
T269S,0.73400994
T269V,0.996630173
T269W,-0.013547562
T269Y,-0.005885267
I270A,-0.0079114
I270C,-0.009830602
I270D,0.009289918
I270E,0.006843943
I270F,-0.003125097
I270G,0.017530889
I270H,-0.012023883
I270K,-0.011206224
I270L,0.592592611
I270M,0.417768795
I270N,0.011303359
I270P,-0.015735713
I270Q,0.012957643
I270R,-0.01364069
I270S,-0.001390358
I270T,0.034540761
I270V,0.770562216
I270W,-0.009214246
I270Y,0.002856632
P271A,0.884115195
P271C,0.990857267
P271D,0.583357965
P271E,0.781700588
P271F,0.636610323
P271G,0.544876067
P271H,0.85350476
P271I,0.399391798
P271K,0.869625458
P271L,0.633267877
P271M,0.455228603
P271N,0.917009359
P271Q,0.671118427
P271R,0.942355574
P271S,0.852260684
P271T,1.031192532
P271V,0.882604741
P271W,0.023461419
P271Y,0.814418758
L272A,0.760806185
L272C,0.933435167
L272D,0.013793337
L272E,-0.014652097
L272F,1.13025392
L272G,0.001704642
L272H,1.084181616
L272I,0.307795413
L272K,-0.005278223
L272M,0.846277463
L272N,0.706143993
L272P,-0.008150733
L272Q,0.163605377
L272R,0.04979299
L272S,0.697925311
L272T,0.393843856
L272V,0.54477137
L272W,0.763750149
L272Y,1.172445288
G273A,0.908095215
G273C,0.601025462
G273D,1.09390799
G273E,1.077765618
G273F,0.143684577
G273H,0.618795978
G273I,0.593480823
G273K,0.874077688
G273L,0.615624256
G273M,0.792459972
G273N,0.783133704
G273P,0.664219738
G273Q,0.949956687
G273R,0.722446618
G273S,0.898411201
G273T,0.960647526
G273V,0.7339227
G273W,-0.003849549
G273Y,0.277782487
G274A,0.017351778
G274C,-0.012205733
G274D,0.565690571
G274E,0.129800323
G274F,0.009305595
G274H,-0.005889393
G274I,0.005446492
G274K,-0.003944342
G274L,0.002319049
G274M,0.0003726
G274N,0.020646764
G274P,-0.005811297
G274Q,-0.011656543
G274R,-0.000713787
G274S,0.162944545
G274T,-0.009916369
G274V,0.021172708
G274W,0.012748389
G274Y,-0.012110936
D275A,0.622829497
D275C,0.469839732
D275E,0.88081383
D275F,0.414407075
D275G,0.46097668
D275H,0.667973013
D275I,0.195630608
D275K,0.653308516
D275L,0.220424079
D275M,0.373711519
D275N,0.88294026
D275P,0.48008677
D275Q,0.712789981
D275R,0.447891264
D275S,0.765284206
D275T,0.849148315
D275V,0.35302837
D275W,0.033430224
D275Y,0.362234212
C276A,1.071929085
C276D,1.074902632
C276E,1.149092064
C276F,0.714836624
C276G,0.727646929
C276H,0.993319937
C276I,1.004620687
C276K,1.083540497
C276L,1.005081803
C276M,1.109233383
C276N,0.950227189
C276P,-0.008541216
C276Q,1.143183013
C276R,1.003221856
C276S,1.039267486
C276T,1.077685462
C276V,1.007819985
C276W,0.278021577
C276Y,0.74882995
T277A,0.493143143
T277C,0.559493884
T277D,0.510911982
T277E,0.700156837
T277F,0.00703223
T277G,-0.021130266
T277H,0.034708121
T277I,0.852649812
T277K,0.296045391
T277L,0.352114022
T277M,0.478735565
T277N,0.020436547
T277P,0.564389686
T277Q,0.206296544
T277R,0.008635026
T277S,0.460539932
T277V,0.983526477
T277W,-0.015428253
T277Y,0.013058171
V278A,0.000200811
V278C,0.64021426
V278D,-0.0027993
V278E,-0.025202757
V278F,0.413030145
V278G,0.012360438
V278H,-0.011880208
V278I,0.942712337
V278K,0.03958673
V278L,-0.001032483
V278M,0.110376146
V278N,0.020275354
V278P,0.065333961
V278Q,0.0062938
V278R,-0.001031358
V278S,-0.007527483
V278T,0.458410809
V278W,0.027863024
V278Y,0.589670497
Y279A,0.018494439
Y279C,-0.007834069
Y279D,0.002809611
Y279E,0.039469934
Y279F,0.645606573
Y279G,0.070213487
Y279H,0.480130742
Y279I,0.006939854
Y279K,0.009366179
Y279L,0.025706757
Y279M,-0.004128783
Y279N,-0.008753065
Y279P,0.062172378
Y279Q,-0.009653201
Y279R,0.031977897
Y279S,-0.007531262
Y279T,-0.011491671
Y279V,-0.011519102
Y279W,0.879201439
P280A,0.046080082
P280C,0.004717288
P280D,0.067211722
P280E,0.049207285
P280F,0.01731767
P280G,-0.003916257
P280H,0.100994971
P280I,0.039409794
P280K,-0.0043186
P280L,0.02557114
P280M,-0.005452095
P280N,0.045013909
P280Q,0.034330502
P280R,0.067605783
P280S,-0.008311768
P280T,-0.010047404
P280V,0.038253402
P280W,0.015183751
P280Y,0.066742211
V281A,1.022460476
V281C,1.075723963
V281D,0.007640647
V281E,0.020064751
V281F,-0.007180774
V281G,0.004504721
V281H,0.030894133
V281I,1.081062404
V281K,0.074632143
V281L,0.628687655
V281M,0.721354108
V281N,-0.010637114
V281P,0.042215166
V281Q,0.0566202
V281R,0.009458299
V281S,0.344050712
V281T,0.838025059
V281W,0.030287279
V281Y,0.017313979
F282A,0.818220726
F282C,0.779178044
F282D,0.212792355
F282E,0.893228883
F282G,1.088194711
F282H,1.174511671
F282I,0.003474237
F282K,1.006017612
F282L,0.594425293
F282M,0.859802804
F282N,0.895806058
F282P,0.016605711
F282Q,0.869491937
F282R,1.101007883
F282S,0.765225393
F282T,0.0065118
F282V,0.022542624
F282W,0.81738686
F282Y,0.996007141
V283A,0.076060751
V283C,0.316058566
V283D,0.056110736
V283E,0.035462803
V283F,0.029403033
V283G,0.019405119
V283H,0.05034581
V283I,1.075831374
V283K,0.041729847
V283L,0.75922035
V283M,0.050348411
V283N,0.002422559
V283P,0.022345036
V283Q,0.039825897
V283R,0.053722995
V283S,0.124766121
V283T,0.09478657
V283W,0.073507855
V283Y,0.072536311
N284A,0.582858562
N284C,-0.003891591
N284D,0.015957455
N284E,-0.013093019
N284F,0.014233663
N284G,1.176063482
N284H,0.041813094
N284I,0.030077193
N284K,-0.000237842
N284L,-0.004162875
N284M,0.018483091
N284P,0.012193292
N284Q,0.028732945
N284R,0.057459385
N284S,0.771379693
N284T,0.027734666
N284V,0.005791478
N284W,-0.014102559
N284Y,0.016035197
E285A,0.976528672
E285C,0.961530578
E285D,1.206574077
E285F,0.03189063
E285G,0.669313824
E285H,0.959349479
E285I,0.020893006
E285K,0.009794143
E285L,0.051714584
E285M,0.02648079
E285N,0.983983609
E285P,0.013806715
E285Q,0.558972569
E285R,0.005371206
E285S,1.045954655
E285T,0.764817505
E285V,-0.00474759
E285W,-0.001153664
E285Y,0.001682278
A286C,0.866040317
A286D,0.012701644
A286E,0.52510255
A286F,0.401219668
A286G,0.969831945
A286H,0.553762135
A286I,0.01793825
A286K,0.372506832
A286L,0.063156822
A286M,0.4507301
A286N,0.276116183
A286P,0.730642337
A286Q,1.032388117
A286R,0.747260735
A286S,0.920518082
A286T,0.424042866
A286V,0.776494825
A286W,0.384626284
A286Y,0.450429766
A287C,0.976338746
A287D,0.915052842
A287E,0.929155375
A287F,0.748712401
A287G,0.983926133
A287H,1.016809759
A287I,0.682641308
A287K,0.987977786
A287L,0.613254929
A287M,0.817537402
A287N,1.01980903
A287P,0.761217887
A287Q,0.957846052
A287R,1.068520455
A287S,1.029988394
A287T,1.026894012
A287V,0.73350585
A287W,0.620194458
A287Y,0.776411177
Y288A,1.106610223
Y288C,1.06811564
Y288D,1.107472824
Y288E,1.044251331
Y288F,1.097496535
Y288G,1.18554521
Y288H,1.083899622
Y288I,0.86885505
Y288K,0.979204164
Y288L,1.100069057
Y288M,1.090843671
Y288N,1.16435568
Y288P,0.658815466
Y288Q,1.021252442
Y288R,1.015353725
Y288S,1.133472223
Y288T,1.068761262
Y288V,0.863170691
Y288W,0.686292327
Y289A,1.117681587
Y289C,1.039184238
Y289D,1.077637661
Y289E,1.058201533
Y289F,1.029258884
Y289G,1.140447318
Y289H,1.05387753
Y289I,0.961822097
Y289K,1.01280876
Y289L,1.007578444
Y289M,1.056595008
Y289N,1.095800806
Y289P,1.092601754
Y289Q,1.065444415
Y289R,1.101361505
Y289S,1.106361297
Y289T,1.094056816
Y289V,1.040600888
Y289W,0.937898697
E290A,0.868719731
E290C,0.712249142
E290D,0.965332316
E290F,0.412163656
E290G,1.006577244
E290H,0.790071518
E290I,0.437012165
E290K,0.819588315
E290L,0.555348348
E290M,0.680378394
E290N,0.901623679
E290P,0.851564119
E290Q,0.889315073
E290R,0.71339662
E290S,0.872197299
E290T,0.789117487
E290V,0.615371147
E290W,0.430008605
E290Y,0.505135058
K291A,0.744991387
K291C,0.65652913
K291D,0.719664147
K291E,0.722871758
K291F,0.226191927
K291G,0.8918437
K291H,0.823269777
K291I,0.02119135
K291L,0.025335585
K291M,0.385238427
K291N,0.885111457
K291P,0.645674609
K291Q,0.887825922
K291R,1.028938203
K291S,0.806112345
K291T,0.747119627
K291V,0.427475515
K291W,0.066936534
K291Y,0.402741155
K292A,0.826898037
K292C,0.675124385
K292D,0.497303587
K292E,0.501692599
K292F,0.534011162
K292G,1.116665726
K292H,0.771732109
K292I,0.306364792
K292L,0.382334818
K292M,0.593813976
K292N,0.825525513
K292P,0.323667489
K292Q,0.829368296
K292R,0.900281873
K292S,0.76312824
K292T,0.694106819
K292V,0.478168696
K292W,0.371391727
K292Y,0.291834495
E293A,1.021175445
E293C,1.069159428
E293D,0.533916274
E293F,0.570791055
E293G,0.770319605
E293H,1.074585071
E293I,1.115065519
E293K,0.993000213
E293L,0.96922476
E293M,1.070392531
E293N,0.775250204
E293P,0.768463176
E293Q,1.122181743
E293R,0.837019869
E293S,0.989443086
E293T,1.012642336
E293V,1.111637601
E293W,0.775764049
E293Y,0.401531487
A294C,-0.002440954
A294D,0.05180321
A294E,0.064912085
A294F,0.010727801
A294G,0.100209321
A294H,-0.008475754
A294I,0.047987427
A294K,0.022267026
A294L,0.045123908
A294M,0.014560146
A294N,0.013134648
A294P,0.018477544
A294Q,0.039506934
A294R,0.054466542
A294S,-0.006204787
A294T,0.044862704
A294V,0.070014801
A294W,0.043549251
A294Y,0.002409319
F295A,-0.013245461
F295C,-0.005075381
F295D,0.025317681
F295E,0.042599178
F295G,0.059847861
F295H,-0.008953582
F295I,0.035340035
F295K,0.049916055
F295L,0.213327625
F295M,0.251264243
F295N,-0.012323434
F295P,0.096503093
F295Q,0.035916231
F295R,0.003551072
F295S,0.01106017
F295T,-0.019887863
F295V,0.003446337
F295W,-0.011223293
F295Y,0.014695765
A296C,1.008383326
A296D,0.387531657
A296E,0.441629208
A296F,0.536869308
A296G,0.458224298
A296H,1.078958353
A296I,0.493775844
A296K,0.757187619
A296L,0.495113216
A296M,0.924991389
A296N,0.57565676
A296P,0.048501053
A296Q,0.922607682
A296R,0.879033149
A296S,0.878742985
A296T,1.111210801
A296V,0.96063783
A296W,0.379702079
A296Y,0.508543489
K297A,0.999656988
K297C,0.827265822
K297D,0.019902044
K297E,0.008912756
K297F,0.87200894
K297G,-0.009913812
K297H,0.041867797
K297I,1.126674335
K297L,1.156048998
K297M,1.043978508
K297N,0.276740761
K297P,-0.003075584
K297Q,0.200950784
K297R,0.061003703
K297S,0.68416249
K297T,0.910896406
K297V,1.076723806
K297W,0.032622586
K297Y,0.390921491
T298A,1.046988777
T298C,1.075499345
T298D,0.073364139
T298E,-0.022345477
T298F,0.071120969
T298G,0.200481492
T298H,0.101512383
T298I,-0.016246292
T298K,0.030728735
T298L,-0.015737086
T298M,0.111955481
T298N,0.014939286
T298P,-0.004016855
T298Q,-0.012256696
T298R,0.026486372
T298S,0.91784854
T298V,-0.005984871
T298W,-0.020249141
T298Y,-0.008486259
T299A,0.891387033
T299C,0.9275763
T299D,0.38019142
T299E,0.958154105
T299F,0.70259567
T299G,0.24191632
T299H,0.886653709
T299I,1.072595924
T299K,0.958553062
T299L,1.009155785
T299M,1.024787553
T299N,0.486813626
T299P,0.024605343
T299Q,1.015470382
T299R,0.89677351
T299S,0.724651637
T299V,1.106637602
T299W,0.313382187
T299Y,0.757826587
K300A,0.022892003
K300C,0.283631612
K300D,0.030426456
K300E,0.024134314
K300F,-0.017262624
K300G,0.000222857
K300H,-0.007188684
K300I,0.47869329
K300L,0.614309829
K300M,0.583884846
K300N,-0.005105693
K300P,0.386614039
K300Q,0.320421617
K300R,0.875069345
K300S,-0.00695653
K300T,0.090237773
K300V,0.354614204
K300W,-0.009306296
K300Y,-0.009493049
L301A,0.578421881
L301C,0.886247454
L301D,0.111591091
L301E,0.715811677
L301F,0.809157601
L301G,0.077372946
L301H,0.808410297
L301I,1.028904255
L301K,0.420780438
L301M,1.013730102
L301N,0.001618421
L301P,0.013949785
L301Q,0.755555799
L301R,0.287692298
L301S,0.384324365
L301T,0.796413004
L301V,1.031723286
L301W,0.426319259
L301Y,0.497414977
T302A,0.095538839
T302C,0.571183031
T302D,-0.004416526
T302E,0.516837269
T302F,0.610225247
T302G,-0.004541342
T302H,0.490576064
T302I,1.019934926
T302K,0.636909882
T302L,0.809275562
T302M,0.892687374
T302N,0.362530059
T302P,-0.000876698
T302Q,0.672509174
T302R,0.626533415
T302S,0.504825683
T302V,0.986868804
T302W,0.816720621
T302Y,0.632146944
L303A,-0.014134089
L303C,0.104487869
L303D,0.011307888
L303E,0.080906142
L303F,-0.01763906
L303G,0.097296091
L303H,-0.003561072
L303I,0.922995045
L303K,0.047696043
L303M,-0.001616903
L303N,0.090672863
L303P,0.026947309
L303Q,-0.000482291
L303R,0.018226226
L303S,0.005247442
L303T,0.068067984
L303V,0.85806721
L303W,0.017431468
L303Y,0.004131552
N304A,0.928853911
N304C,0.991813668
N304D,0.561303447
N304E,0.999884462
N304F,1.013581093
N304G,0.577686374
N304H,1.04565083
N304I,0.716367409
N304K,1.004387233
N304L,0.710814686
N304M,0.90879736
N304P,0.648415104
N304Q,0.966280964
N304R,1.022950469
N304S,0.984396177
N304T,1.043143141
N304V,0.850251244
N304W,1.235083657
N304Y,0.938848569
A305C,0.261420429
A305D,0.066630698
A305E,0.119422326
A305F,0.028039168
A305G,0.540988185
A305H,-0.002749901
A305I,-0.002464281
A305K,-0.003542333
A305L,0.001734511
A305M,0.041315612
A305N,0.13977335
A305P,0.022628905
A305Q,0.028535434
A305R,0.029056565
A305S,0.308470886
A305T,-0.011400739
A305V,-0.005466248
A305W,0.110507028
A305Y,0.080557046
K306A,0.984916233
K306C,0.934424654
K306D,1.016333768
K306E,1.017308655
K306F,0.286041739
K306G,1.00815904
K306H,0.955121155
K306I,0.415260384
K306L,0.69270333
K306M,0.867052504
K306N,0.914620285
K306P,1.035601196
K306Q,0.987585226
K306R,0.930691504
K306S,0.955462599
K306T,0.970382756
K306V,0.713731194
K306W,0.08695209
K306Y,0.43479033
S307A,1.08478808
S307C,0.460974535
S307D,0.049556397
S307E,0.710714025
S307F,-0.008081981
S307G,0.959704565
S307H,0.460724004
S307I,-0.008452957
S307K,0.813523898
S307L,0.030850221
S307M,0.669862733
S307N,0.390547461
S307P,0.845938012
S307Q,0.76352871
S307R,0.925053245
S307T,0.675348316
S307V,0.0025398
S307W,0.005757274
S307Y,0.11533603
I308A,-0.006855405
I308C,-0.011116284
I308D,0.027052058
I308E,-0.003051878
I308F,-0.000130294
I308G,0.018397439
I308H,-0.010166614
I308K,0.007073235
I308L,1.06470908
I308M,0.791640078
I308N,0.034517055
I308P,0.028166893
I308Q,0.019734483
I308R,0.066824875
I308S,-0.015078824
I308T,0.067841738
I308V,0.819235533
I308W,-0.017412288
I308Y,-0.003618501
R309A,0.586694153
R309C,0.751215752
R309D,-0.010336168
R309E,-0.007836987
R309F,0.050908533
R309G,0.409240653
R309H,0.926924139
R309I,0.25030575
R309K,1.07992257
R309L,0.035915002
R309M,0.465285059
R309N,0.744895589
R309P,0.009767471
R309Q,0.568538162
R309S,0.817055721
R309T,0.537030135
R309V,0.649925978
R309W,0.101474649
R309Y,0.221307451
C310A,0.931834655
C310D,0.058990726
C310E,0.013390362
C310F,0.552806101
C310G,0.967835378
C310H,0.927600231
C310I,0.648103644
C310K,1.146292653
C310L,0.939259744
C310M,0.956971464
C310N,0.990604123
C310P,0.306422549
C310Q,0.772378146
C310R,0.953649723
C310S,1.090338349
C310T,0.733046397
C310V,1.041711388
C310W,0.46154428
C310Y,0.688455307
C311A,1.079616522
C311D,0.958329936
C311E,1.092933063
C311F,0.772698004
C311G,1.150413887
C311H,1.060961886
C311I,0.94222517
C311K,1.090349375
C311L,0.966113481
C311M,1.0007685
C311N,1.009644007
C311P,1.019677116
C311Q,1.080796643
C311R,0.920265855
C311S,1.071030341
C311T,1.014999301
C311V,1.148119647
C311W,0.816522401
C311Y,0.800581857
L312A,1.185292407
L312C,1.040192247
L312D,1.192836871
L312E,1.069486407
L312F,1.100015738
L312G,1.135785751
L312H,1.068228107
L312I,1.038625825
L312K,0.984302007
L312M,0.917510719
L312N,1.167307579
L312P,1.269682663
L312Q,0.94162734
L312R,1.017279987
L312S,1.167460461
L312T,1.149257706
L312V,1.089016336
L312W,0.958381664
L312Y,1.103376344
H313A,1.139808094
H313C,0.863234953
H313D,1.229499493
H313E,1.258771302
H313F,0.653982289
H313G,1.276557054
H313I,1.150824856
H313K,1.281351578
H313L,0.62856989
H313M,-0.00175301
H313N,1.145449373
H313P,1.244598136
H313Q,0.467408503
H313R,1.277821983
H313S,1.236374801
H313T,1.198408026
H313V,1.261467929
H313W,1.094488048
H313Y,0.981926352
