variant,score
P2A,0.909753038
P2C,0.847318297
P2D,0.862181731
P2E,0.8951813409999999
P2F,0.925256152
P2G,0.8611675879999999
P2H,0.8858376509999999
P2I,0.813944345
P2K,0.835888341
P2L,0.967587024
P2M,0.940640546
P2N,0.860363931
P2Q,0.842358575
P2R,0.949783856
P2S,0.8094934890000001
P2T,0.8463497659999999
P2V,0.764308897
P2W,0.818687981
P2Y,0.567626536
S3A,0.785847108
S3C,0.731119003
S3D,0.105602901
S3E,0.851986183
S3F,0.8962449929999999
S3G,0.733851468
S3H,0.761830743
S3I,0.06122176
S3K,0.83298791
S3L,0.839016182
S3M,0.769769405
S3N,0.902944941
S3P,0.7396251859999999
S3Q,0.669948187
S3R,0.935596322
S3T,0.623121756
S3V,0.842210509
S3W,0.063018702
S3Y,0.712953368
E4A,0.79015544
E4C,0.979038339
E4D,0.90656304
E4F,0.194573571
E4G,0.776176203
E4H,0.794836037
E4I,0.747841105
E4K,0.948704663
E4L,0.6909896959999999
E4M,0.108210616
E4N,0.845941278
E4P,0.7559190179999999
E4Q,0.946286701
E4R,0.513973761
E4S,0.874602572
E4T,0.259757541
E4V,0.797664982
E4W,0.811871802
E4Y,0.939390227
T5A,0.103092741
T5C,0.648186528
T5D,0.058917573
T5E,0.70880829
T5F,0.717962003
T5G,0.671453981
T5H,0.384801382
T5I,0.816025957
T5K,0.661830743
T5L,0.183696997
T5M,0.169638137
T5N,0.8350604490000001
T5P,0.625388601
T5Q,0.6345423139999999
T5R,0.716062176
T5S,0.924127905
T5V,0.056993763
T5W,0.50984456
T5Y,0.94141236
P6A,0.6944085640000001
P6C,0.457512953
P6D,0.7234887740000001
P6E,0.696027634
P6F,0.50984456
P6G,0.701208981
P6H,0.50984456
P6I,0.079604725
P6K,0.654404145
P6L,0.983578457
P6M,0.794144278
P6N,0.697582038
P6Q,0.7156352340000001
P6R,0.082600192
P6S,0.825986225
P6T,0.092829367
P6V,0.116594354
P6W,0.198695484
P6Y,0.7463536279999999
Q7A,0.7287474740000001
Q7C,0.858038517
Q7D,0.588441648
Q7E,0.88462867
Q7F,0.8911379190000001
Q7G,0.7065126690000001
Q7H,0.929360967
Q7I,0.868911917
Q7K,0.841278066
Q7L,0.72750797
Q7M,0.17901188
Q7N,0.746256385
Q7P,0.957932782
Q7R,0.526039527
Q7S,0.242768027
Q7T,0.827979275
Q7V,0.911542048
Q7W,0.166470232
Q7Y,0.823918905
A8C,0.107582936
A8D,0.70880829
A8E,0.746632124
A8F,0.648877375
A8G,0.7506044909999999
A8H,0.738341969
A8I,0.7645941279999999
A8K,0.746632124
A8L,0.934388257
A8M,0.746632124
A8N,0.848531952
A8P,0.066911435
A8Q,0.7476683940000001
A8R,0.896278955
A8S,0.078171205
A8T,0.76701209
A8V,0.953223257
A8W,0.151321326
A8Y,0.912605363
E9A,0.932334782
E9C,0.909957039
E9D,0.8789036809999999
E9F,0.65716753
E9G,0.8836687459999999
E9H,0.7417961999999999
E9I,0.730224525
E9K,0.873056995
E9L,0.111281889
E9M,0.103532961
E9N,0.7528497409999999
E9P,0.918391607
E9Q,0.174205322
E9R,0.666941378
E9S,0.393340606
E9T,0.718998273
E9V,0.8396952209999999
E9W,0.193248642
E9Y,0.079720351
V10A,0.8627276759999999
V10C,0.774258415
V10D,0.271856198
V10E,0.601605664
V10F,0.8911008640000001
V10G,0.879753287
V10H,0.055802171
V10I,0.863472349
V10K,0.8913921229999999
V10L,0.958928911
V10M,0.916009031
V10N,0.8800626659999999
V10P,0.651110829
V10Q,0.425895571
V10R,0.679480599
V10S,0.941678506
V10T,0.738629202
V10W,0.688735111
V10Y,0.764316303
G11A,0.850583657
G11C,0.5075993089999999
G11D,0.154777733
G11E,0.7583765109999999
G11F,0.15688819
G11H,0.691709845
G11I,0.056950945
G11K,0.677813522
G11L,0.7089688590000001
G11M,0.133043048
G11N,0.7314335059999999
G11P,0.09485872
G11Q,0.048155592
G11R,0.8634924190000001
G11S,0.881126156
G11T,0.671675302
G11V,0.569579896
G11W,0.515716753
G11Y,0.929803231
P12A,0.79015544
P12C,0.148274716
P12D,0.236505411
P12E,0.7312607940000001
P12F,0.296061435
P12G,0.576579752
P12H,0.8516606040000001
P12I,0.228885364
P12K,0.7193436959999999
P12L,0.047149842
P12M,0.697582038
P12N,0.7298791020000001
P12Q,0.7473229709999999
P12R,0.947091107
P12S,0.842742503
P12T,0.724697755
P12V,0.767763808
P12W,0.63931565
P12Y,0.696891192
T13A,0.915785037
T13C,0.125209359
T13D,0.633678756
T13E,0.655958549
T13F,0.618134715
T13G,0.7412780659999999
T13H,0.540241796
T13I,0.716925734
T13K,0.640241796
T13L,0.7412780659999999
T13M,0.602072539
T13N,0.7822107079999999
T13P,0.6728842829999999
T13Q,0.651122625
T13R,0.051149938
T13S,0.070420968
T13V,0.6713298790000001
T13W,0.046682783
T13Y,0.064484644
G14A,0.10362309
G14C,0.151180314
G14D,0.870431372
G14E,0.687564767
G14F,0.7195164079999999
G14H,0.7842832470000001
G14I,0.7903281520000001
G14K,0.669084629
G14L,0.83744675
G14M,0.7737478409999999
G14N,0.70880829
G14P,0.7867012090000001
G14Q,0.760621762
G14R,0.368116509
G14S,0.349248491
G14T,0.7592400690000001
G14V,0.697236615
G14W,0.577892919
G14Y,0.7751295340000001
C15A,0.742659758
C15D,0.928135232
C15E,0.907727151
C15F,0.849950639
C15G,0.7542510170000001
C15H,0.8239205270000001
C15I,0.807944732
C15K,0.8481865279999999
C15L,0.7506766490000001
C15M,0.688773748
C15N,0.066302483
C15P,0.722625216
C15Q,0.533506045
C15R,0.273527816
C15S,0.5756473520000001
C15T,0.773402418
C15V,0.541450085
C15W,0.6980034970000001
C15Y,0.7854743409999999
P16A,0.501583142
P16C,0.086156418
P16D,0.268429242
P16E,0.689291883
P16F,0.090715158
P16G,0.7585040759999999
P16H,0.406908463
P16I,0.8075587909999999
P16K,0.801159478
P16L,0.855832066
P16M,0.6731747440000001
P16N,0.434833921
P16Q,0.298100173
P16R,0.043059265
P16S,0.0854227259999999
P16T,0.292119448
P16V,0.04827072
P16W,0.133426003
P16Y,0.85523928
H17A,0.733396005
H17C,0.099088073
H17D,0.769602763
H17E,0.7656211340000001
H17F,0.502296061
H17G,0.833908207
H17I,0.824860666
H17K,0.08834178
H17L,0.886415537
H17M,0.550015116
H17N,0.668805679
H17P,0.85479631
H17Q,0.878929188
H17R,0.355565829
H17S,0.712947168
H17T,0.7804835920000001
H17V,0.954424767
H17W,0.800648316
H17Y,0.882453307
R18A,0.912878164
R18C,0.1767354289999999
R18D,0.8183700890000001
R18E,0.800690846
R18F,0.636246911
R18G,0.856450354
R18H,0.988442106
R18I,0.79238016
R18K,0.950939664
R18L,0.692537759
R18M,0.45958557
R18N,0.752158895
R18P,0.298262533
R18Q,0.8908596670000001
R18S,0.829820439
R18T,0.7817668529999999
R18V,0.865188537
R18W,0.915682314
R18Y,0.959591012
S19A,0.901746883
S19C,0.163139623
S19D,0.67357513
S19E,0.7371329879999999
S19F,0.722452504
S19G,0.762348877
S19H,0.5575129529999999
S19I,0.624143491
S19K,0.8183892979999999
S19L,0.255837624
S19M,0.606217617
S19N,0.269118266
S19P,0.943531879
S19Q,0.779562798
S19R,0.17358017
S19T,0.113490925
S19V,0.104116624
S19W,0.873339235
S19Y,0.668316886
G20A,0.924006908
G20C,0.105634434
G20D,0.7310880829999999
G20E,0.931471031
G20F,0.7630430770000001
G20H,0.816234888
G20I,0.966324887
G20K,0.811571675
G20L,0.7874484959999999
G20M,0.678495335
G20N,0.725876565
G20P,0.683419689
G20Q,0.746459413
G20R,0.8089957390000001
G20S,0.4137217000000001
G20T,0.703439261
G20V,0.8275837629999999
G20W,0.587392055
G20Y,0.051925511
P21A,0.772150945
P21C,0.7729698359999999
P21D,0.922878345
P21E,0.7438687390000001
P21F,0.118200624
P21G,0.38966623
P21H,0.7195164079999999
P21I,0.170583775
P21K,0.742487047
P21L,0.808505648
P21M,0.765148976
P21N,0.891455384
P21Q,0.064384475
P21R,0.40337029
P21S,0.943060754
P21T,0.852463037
P21V,0.206941365
P21W,0.881060133
P21Y,0.066320407
H22A,0.074367222
H22C,0.825021055
H22D,0.690759786
H22E,0.8417290940000001
H22F,0.971504989
H22G,0.325408549
H22I,0.279493613
H22K,0.040570158
H22L,0.683843132
H22M,0.059423877
H22N,0.8936096720000001
H22P,0.060627497
H22Q,0.67582038
H22R,0.914189785
H22S,0.364466202
H22T,0.623661485
H22V,0.882301585
H22W,0.388439649
H22Y,0.594066443
S23A,0.8542829679999999
S23C,0.153944647
S23D,0.718825561
S23E,0.8192997009999999
S23F,0.920735983
S23G,0.469874225
S23H,0.7414507770000001
S23I,0.831707437
S23K,0.720725389
S23L,0.040008326
S23M,0.744386874
S23N,0.104623064
S23P,0.7592400690000001
S23Q,0.763903282
S23R,0.750777202
S23T,0.870984456
S23V,0.162780829
S23W,0.933383713
S23Y,0.740428841
A24C,0.845250432
A24D,0.937668011
A24E,0.852158895
A24F,0.887737478
A24G,0.83111288
A24H,0.8644214159999999
A24I,0.7751295340000001
A24K,0.746632124
A24L,0.895906174
A24M,0.7462867009999999
A24N,0.746632124
A24P,0.8563039720000001
A24Q,0.853022453
A24R,0.76044905
A24S,0.950949914
A24T,0.953195164
A24V,0.957593887
A24W,0.284364425
A24Y,0.7687392059999999
K25A,0.105220807
K25C,0.947760637
K25D,0.800065323
K25E,0.84283247
K25F,0.658153416
K25G,0.625564158
K25H,0.763212435
K25I,0.8068009490000001
K25L,0.7709382159999999
K25M,0.749740933
K25N,0.982972934
K25P,0.974120842
K25Q,0.954404145
K25R,0.7235981359999999
K25S,0.74825334
K25T,0.5700744329999999
K25V,0.329398051
K25W,0.064386844
K25Y,0.454030651
G26A,0.076524912
G26C,0.716753022
G26D,0.814507772
G26E,0.7414507770000001
G26F,0.837996546
G26H,0.5075993089999999
G26I,0.174229706
G26K,0.730051813
G26L,0.885559711
G26M,0.517443869
G26N,0.7295336790000001
G26P,0.553022453
G26Q,0.216904353
G26R,0.745423143
G26S,0.753078778
G26T,0.5827288429999999
G26V,0.905964099
G26W,0.730569948
G26Y,0.5575129529999999
S27A,0.822940462
S27C,0.835619475
S27D,0.826503467
S27E,0.866839378
S27F,0.3384560579999999
S27G,0.901568021
S27H,0.848877375
S27I,0.775567045
S27K,0.92117454
S27L,0.764329131
S27M,0.901879465
S27N,0.9004836359999999
S27P,0.1626517519999999
S27Q,0.798618307
S27R,0.612658709
S27T,0.980429766
S27V,0.89932675
S27W,0.954840785
S27Y,0.648037239
L28A,0.739378238
L28C,0.701381693
L28D,0.723661485
L28E,0.7195164079999999
L28F,0.887564767
L28G,0.744214162
L28H,0.744559585
L28I,0.974882037
L28K,0.360916038
L28M,0.8715025909999999
L28N,0.73738723
L28P,0.742659758
L28Q,0.7438687390000001
L28R,0.096743332
L28S,0.743696028
L28T,0.742141623
L28V,0.907417028
L28W,0.773920553
L28Y,0.77029361
E29A,0.8563039720000001
E29C,0.7797927459999999
E29D,0.954404145
E29F,0.853022453
E29G,0.89119171
E29H,0.853367876
E29I,0.887737478
E29K,0.956476684
E29L,0.887737478
E29M,0.712953368
E29N,0.845941278
E29P,0.887046632
E29Q,0.950777202
E29R,0.887046632
E29S,0.866839378
E29T,0.848531952
E29V,0.890846287
E29W,0.898263635
E29Y,0.809326425
K30A,0.7196891190000001
K30C,0.21428657
K30D,0.907466919
K30E,0.78238342
K30F,0.1550479069999999
K30G,0.7371329879999999
K30H,0.6861830740000001
K30I,0.213579116
K30L,0.085822281
K30M,0.716925734
K30N,0.798445596
K30P,0.728497409
K30Q,0.777029361
K30R,0.906830245
K30S,0.090092633
K30T,0.732642487
K30V,0.718480138
K30W,0.37806563
K30Y,0.7293609670000001
G31A,0.826719905
G31C,0.8243929459999999
G31D,0.866959006
G31E,0.876567412
G31F,0.976433904
G31H,0.674438687
G31I,0.064185897
G31K,0.8281616270000001
G31L,0.056636976
G31M,0.162354579
G31N,0.844559585
G31P,0.6765112259999999
G31Q,0.086859207
G31R,0.750431779
G31S,0.90026522
G31T,0.659240069
G31V,0.961579428
G31W,0.984390636
G31Y,0.32273217
S32A,0.843647622
S32C,0.054735435
S32D,0.249906693
S32E,0.961776216
S32F,0.557662358
S32G,0.301855976
S32H,0.759758204
S32I,0.502386451
S32K,0.20102978
S32L,0.695934863
S32M,0.104443211
S32N,0.15080112
S32P,0.742141623
S32Q,0.8015544040000001
S32R,0.923637623
S32T,0.333278125
S32V,0.7016907040000001
S32W,0.899576113
S32Y,0.733872317
P33A,0.394143005
P33C,0.515265686
P33D,0.732124352
P33E,0.78961825
P33F,0.085103964
P33G,0.787392055
P33H,0.628670121
P33I,0.100275932
P33K,0.159347984
P33L,0.5236617339999999
P33M,0.618134715
P33N,0.732124352
P33Q,0.922305628
P33R,0.795969728
P33S,0.788610213
P33T,0.651341454
P33V,0.908715197
P33W,0.5039723660000001
P33Y,0.161060816
E34A,0.6728030070000001
E34C,0.397470543
E34D,0.841278066
E34F,0.7952559109999999
E34G,0.849857202
E34H,0.739378238
E34I,0.094232016
E34K,0.8433506040000001
E34L,0.044566159
E34M,0.691018998
E34N,0.052195821
E34P,0.145771904
E34Q,0.841278066
E34R,0.067845275
E34S,0.1454690609999999
E34T,0.757685665
E34V,0.768095137
E34W,0.784668457
E34Y,0.8856682109999999
D35A,0.927869643
D35C,0.162785787
D35E,0.954404145
D35F,0.040573877
D35G,0.906248684
D35H,0.886355786
D35I,0.8015621829999999
D35K,0.290256487
D35L,0.201233203
D35M,0.700518135
D35N,0.975811557
D35P,0.754643161
D35Q,0.747495682
D35R,0.680390403
D35S,0.556952683
D35T,0.91100093
D35V,0.834262415
D35W,0.089935589
D35Y,0.911020763
K36A,0.688888772
K36C,0.983457865
K36D,0.0948223
K36E,0.79119171
K36F,0.948972168
K36G,0.067030762
K36H,0.811571675
K36I,0.832273027
K36L,0.923301501
K36M,0.811226252
K36N,0.96148532
K36P,0.742487047
K36Q,0.955969294
K36R,0.945292365
K36S,0.0512651009999999
K36T,0.518468709
K36V,0.335087165
K36W,0.321974421
K36Y,0.7035565340000001
E37A,0.371218693
E37C,0.686239202
E37D,0.811027565
E37F,0.827045227
E37G,0.7784110540000001
E37H,0.657528356
E37I,0.669423777
E37K,0.888428325
E37L,0.915117654
E37M,0.086402889
E37N,0.7682210709999999
E37P,0.796260194
E37Q,0.883246978
E37R,0.313272817
E37S,0.9367472
E37T,0.081394602
E37V,0.985569634
E37W,0.771366769
E37Y,0.969762396
A38C,0.974116359
A38D,0.804446228
A38E,0.7416234890000001
A38F,0.777100748
A38G,0.80718229
A38H,0.735751295
A38I,0.144249267
A38K,0.674438687
A38L,0.855607773
A38M,0.311151227
A38N,0.710880829
A38P,0.7407599309999999
A38Q,0.155666036
A38R,0.702868762
A38S,0.857832467
A38T,0.923646769
A38V,0.907207911
A38W,0.121557301
A38Y,0.6492227979999999
K39A,0.852158895
K39C,0.413133284
K39D,0.954176767
K39E,0.7645941279999999
K39F,0.146236856
K39G,0.127597926
K39H,0.093354253
K39I,0.11711936
K39L,0.957825436
K39M,0.8585567409999999
K39N,0.977612911
K39P,0.7896580740000001
K39Q,0.832297064
K39R,0.8809614370000001
K39S,0.103113955
K39T,0.74611399
K39V,0.57472516
K39W,0.906215112
K39Y,0.087280811
E40A,0.736614853
E40C,0.140321704
E40D,0.869775475
E40F,0.950936674
E40G,0.959540204
E40H,0.755785838
E40I,0.745423143
E40K,0.869602763
E40L,0.95035926
E40M,0.090900251
E40N,0.7530224529999999
E40P,0.7528497409999999
E40Q,0.8682210709999999
E40R,0.213283696
E40S,0.736096718
E40T,0.739378238
E40V,0.670970249
E40W,0.803244725
E40Y,0.72746114
P41A,0.807081174
P41C,0.8131260790000001
P41D,0.183883154
P41E,0.679274611
P41F,0.162757668
P41G,0.628236865
P41H,0.7378238340000001
P41I,0.742141623
P41K,0.73626943
P41L,0.973138673
P41M,0.66597582
P41N,0.6905008640000001
P41Q,0.73626943
P41R,0.47359095
P41S,0.909373619
P41T,0.873839558
P41V,0.808635579
P41W,0.7537132990000001
P41Y,0.6844559590000001
L42A,0.7314335059999999
L42C,0.703626943
L42D,0.726597582
L42E,0.722970639
L42F,0.760621762
L42G,0.895164965
L42H,0.717867763
L42I,0.832297064
L42K,0.732815199
L42M,0.760621762
L42N,0.114111317
L42P,0.67316182
L42Q,0.775302245
L42R,0.871596733
L42S,0.067958303
L42T,0.775302245
L42V,0.244490064
L42W,0.102366922
L42Y,0.72193437
W43A,0.788946459
W43C,0.967979623
W43D,0.066767682
W43E,0.327481573
W43F,0.994645941
W43G,0.738687392
W43H,0.718134715
W43I,0.424697755
W43K,0.063282441
W43L,0.970912535
W43M,0.835909782
W43N,0.475302245
W43P,0.743572164
W43Q,0.461139896
W43R,0.807081174
W43S,0.3840977270000001
W43T,0.424697755
W43V,0.910875813
W43Y,0.969743729
I44A,0.769602763
I44C,0.163452368
I44D,0.7647668390000001
I44E,0.713986535
I44F,0.965302382
I44G,0.05768081
I44H,0.7512953370000001
I44K,0.77357513
I44L,0.651334489
I44M,0.8348877370000001
I44N,0.7687392059999999
I44P,0.748531952
I44Q,0.961496394
I44R,0.832158799
I44S,0.7687392059999999
I44T,0.7915080609999999
I44V,0.949679015
I44W,0.0874232269999999
I44Y,0.76925734
R45A,0.864354587
R45C,0.046818425
R45D,0.7377078009999999
R45E,0.8625536909999999
R45F,0.213650993
R45G,0.898129175
R45H,0.833851468
R45I,0.7276338509999999
R45K,0.94835924
R45L,0.8751307770000001
R45M,0.818658412
R45N,0.7234887740000001
R45P,0.749568221
R45Q,0.880551271
R45S,0.93641435
R45T,0.14338592
R45V,0.54140412
R45W,0.649460499
R45Y,0.060129954
P46A,0.472970128
P46C,0.204037495
P46D,0.020261654
P46E,0.104145078
P46F,0.080995334
P46G,0.06783816
P46H,0.258894646
P46I,0.74112368
P46K,0.078404403
P46L,0.06190075
P46M,0.026597582
P46N,0.066575803
P46Q,0.0677029359999999
P46R,0.047929432
P46S,0.350545812
P46T,0.034825401
P46V,0.420006159
P46W,0.199240934
P46Y,0.024517367
D47A,0.5832469779999999
D47C,0.122866063
D47E,0.7927461140000001
D47F,0.069775475
D47G,0.381742841
D47H,0.618825561
D47I,0.154404145
D47K,0.247150259
D47L,0.049411567
D47M,0.156303972
D47N,0.954887667
D47P,0.285492228
D47Q,0.366839378
D47R,0.20656304
D47S,0.520725389
D47T,0.319170984
D47V,0.55388601
D47W,0.065803109
D47Y,0.403799655
A48C,0.882901554
A48D,0.893264249
A48E,0.058429702
A48F,0.68791019
A48G,0.980483592
A48H,0.683246978
A48I,0.717962003
A48K,0.732642487
A48L,0.221688938
A48M,0.713471503
A48N,0.746459413
A48P,0.7317789290000001
A48Q,0.7215889459999999
A48R,0.737996546
A48S,0.8716142020000001
A48T,0.9002468509999999
A48V,0.8716084270000001
A48W,0.5575129529999999
A48Y,0.668393782
P49A,0.7433506040000001
P49C,0.813062526
P49D,0.711226252
P49E,0.707081174
P49F,0.5497409329999999
P49G,0.074291987
P49H,0.5497409329999999
P49I,0.6414507770000001
P49K,0.707081174
P49L,0.480185403
P49M,0.5497409329999999
P49N,0.6414507770000001
P49Q,0.75492228
P49R,0.691018998
P49S,0.976100813
P49T,0.793609672
P49V,0.79095143
P49W,0.871081615
P49Y,0.104859232
S50A,0.62970639
S50C,0.037982728
S50D,0.630224525
S50E,0.6333333329999999
S50F,0.211398964
S50G,0.422452504
S50H,0.549222798
S50I,0.579792746
S50K,0.631951641
S50L,0.512355266
S50M,0.234643789
S50N,0.8120290859999999
S50P,0.746632124
S50Q,0.616407599
S50R,0.079460719
S50T,0.585492228
S50V,0.712435233
S50W,0.402763385
S50Y,0.463039724
R51A,0.659240069
R51C,0.079573271
R51D,0.5839378239999999
R51E,0.72193437
R51F,0.504835924
R51G,0.461032603
R51H,0.62193437
R51I,0.442141623
R51K,0.83298791
R51L,0.085084893
R51M,0.509499136
R51N,0.596373057
R51P,0.50656304
R51Q,0.74611399
R51S,0.7497170409999999
R51T,0.7202072540000001
R51V,0.540414508
R51W,0.317962003
R51Y,0.549395509
C52A,0.10880829
C52D,0.069084629
C52E,0.069084629
C52F,0.102072539
C52G,0.075129534
C52H,0.113816926
C52I,0.104145078
C52K,0.073056995
C52L,0.102072539
C52M,0.102072539
C52N,0.090328152
C52P,0.073056995
C52Q,0.075129534
C52R,0.069084629
C52S,0.10656304
C52T,0.10656304
C52V,0.124573586
C52W,0.099654577
C52Y,0.075129534
T53A,0.579792746
T53C,0.214162349
T53D,0.266839378
T53E,0.261312608
T53F,0.1452504319999999
T53G,0.22970639
T53H,0.182728843
T53I,0.325215889
T53K,0.384455959
T53L,0.240587219
T53M,0.178583765
T53N,0.394991364
T53P,0.069279142
T53Q,0.337651123
T53R,0.161160669
T53S,0.6811744390000001
T53V,0.373229706
T53W,0.129533679
T53Y,0.1452504319999999
W54A,0.388601036
W54C,0.388601036
W54D,0.384455959
W54E,0.3870466320000001
W54F,0.64507772
W54G,0.388601036
W54H,0.391364421
W54I,0.388601036
W54K,0.384455959
W54L,0.321159278
W54M,0.493754799
W54N,0.384455959
W54P,0.384455959
W54Q,0.391364421
W54R,0.388601036
W54S,0.388601036
W54T,0.388601036
W54V,0.388601036
W54Y,0.64507772
Q55A,0.419136248
Q55C,0.88901661
Q55D,0.7853195159999999
Q55E,0.8742515270000001
Q55F,0.10978325
Q55G,0.789119171
Q55H,0.95985757
Q55I,0.7708117440000001
Q55K,0.884283247
Q55L,0.7448326409999999
Q55M,0.772732975
Q55N,0.948704663
Q55P,0.064492338
Q55R,0.8828508959999999
Q55S,0.8102697059999999
Q55T,0.74611399
Q55V,0.786873921
Q55W,0.748531952
Q55Y,0.76925734
L56A,0.766839378
L56C,0.696758845
L56D,0.8642518309999999
L56E,0.7374784109999999
L56F,0.8949747779999999
L56G,0.139177088
L56H,0.6863557859999999
L56I,0.879447323
L56K,0.77357513
L56M,0.82417962
L56N,0.704663212
L56P,0.7708117440000001
L56Q,0.7469775470000001
L56R,0.96138919
L56S,0.748531952
L56T,0.766839378
L56V,0.8252158890000001
L56W,0.66925734
L56Y,0.692918826
G57A,0.986528497
G57C,0.7759671340000001
G57D,0.85167937
G57E,0.8683937820000001
G57F,0.58566494
G57H,0.618825561
G57I,0.592400691
G57K,0.707081174
G57L,0.088915366
G57M,0.44283247
G57N,0.9
G57P,0.648013817
G57Q,0.648013817
G57R,0.648013817
G57S,0.84654273
G57T,0.7468048359999999
G57V,0.704663212
G57W,0.54835924
G57Y,0.442487047
R58A,0.7686486709999999
R58C,0.443092644
R58D,0.8233160620000001
R58E,0.816914936
R58F,0.768801305
R58G,0.322786984
R58H,0.882458093
R58I,0.72629705
R58K,0.805131403
R58L,0.676784721
R58M,0.720813019
R58N,0.7253886009999999
R58P,0.803437262
R58Q,0.893264249
R58S,0.23416572
R58T,0.79343696
R58V,0.709428615
R58W,0.974810208
R58Y,0.7687392059999999
P59A,0.0870376569999999
P59C,0.83987438
P59D,0.7412780659999999
P59E,0.750259067
P59F,0.049109045
P59G,0.30428198
P59H,0.703108808
P59I,0.8828321659999999
P59K,0.722625216
P59L,0.947207687
P59M,0.710708117
P59N,0.7371329879999999
P59Q,0.722625216
P59R,0.08129938
P59S,0.963289188
P59T,0.7976250229999999
P59V,0.118858952
P59W,0.47357513
P59Y,0.135671049
A60C,0.7215889459999999
A60D,0.067756076
A60E,0.770984456
A60F,0.269421675
A60G,0.126204371
A60H,0.7784110540000001
A60I,0.777720207
A60K,0.780829016
A60L,0.777720207
A60M,0.778583765
A60N,0.780829016
A60P,0.7806563040000001
A60Q,0.7746113990000001
A60R,0.775474957
A60S,0.7607944729999999
A60T,0.760824555
A60V,0.778765555
A60W,0.777029361
A60Y,0.7955647920000001
S61A,0.83241098
S61C,0.987052329
S61D,0.269930575
S61E,0.8109961590000001
S61F,0.69132264
S61G,0.050540992
S61H,0.036415716
S61I,0.303248164
S61K,0.644905542
S61L,0.6183628179999999
S61M,0.166643704
S61N,0.0825277109999999
S61P,0.834826084
S61Q,0.868096544
S61R,0.8859961670000001
S61T,0.979170213
S61V,0.105314432
S61W,0.691966436
S61Y,0.853160075
E62A,0.906908463
E62C,0.920638748
E62D,0.950949914
E62F,0.5045875160000001
E62G,0.798972784
E62H,0.341122851
E62I,0.859691124
E62K,0.928027347
E62L,0.782935382
E62M,0.949117477
E62N,0.8385641859999999
E62P,0.7916492559999999
E62Q,0.934715026
E62R,0.154052184
E62S,0.857353543
E62T,0.103784889
E62V,0.491176496
E62W,0.14251262
E62Y,0.904059314
S63A,0.997252639
S63C,0.918793155
S63D,0.709121261
S63E,0.6254721879999999
S63F,0.953989663
S63G,0.565303201
S63H,0.617789292
S63I,0.955497492
S63K,0.693782383
S63L,0.053921855
S63M,0.672848342
S63N,0.8248704659999999
S63P,0.780992586
S63Q,0.118033693
S63R,0.553421077
S63T,0.773690285
S63V,0.433355572
S63W,0.048950996
S63Y,0.150339184
P64A,0.8890225690000001
P64C,0.1658784519999999
P64D,0.59343696
P64E,0.6200345420000001
P64F,0.968495955
P64G,0.294818653
P64H,0.458376511
P64I,0.731719542
P64K,0.458376511
P64L,0.698388606
P64M,0.780470216
P64N,0.447495682
P64Q,0.419861831
P64R,0.265821604
P64S,0.3918964720000001
P64T,0.064409043
P64V,0.071876139
P64W,0.063951856
P64Y,0.097479246
H65A,0.020770895
H65C,0.021075951
H65D,0.147495682
H65E,0.044825702
H65F,0.016414491
H65G,0.00984456
H65I,0.141149047
H65K,0.115023417
H65L,0.016947616
H65M,0.133160622
H65N,0.131260794
H65P,0.28704757
H65Q,0.280310881
H65R,0.04687343
H65S,0.020883356
H65T,0.030427723
H65V,0.06518147
H65W,0.085952797
H65Y,0.23626943
H66A,0.516712773
H66C,0.918780385
H66D,0.76530984
H66E,0.056253283
H66F,0.792632005
H66G,0.654069119
H66I,0.801943253
H66K,0.135745769
H66L,0.717788812
H66M,0.742590245
H66N,0.399381277
H66P,0.501150015
H66Q,0.775265113
H66R,0.776503688
H66S,0.752737793
H66T,0.781001727
H66V,0.8722302340000001
H66W,0.717292575
H66Y,0.961790501
H67A,0.524316239
H67C,0.7454371209999999
H67D,0.059094603
H67E,0.738341969
H67F,0.7951543459999999
H67G,0.283824599
H67I,0.677028924
H67K,0.745768566
H67L,0.860307015
H67M,0.099398023
H67N,0.191683948
H67P,0.100106981
H67Q,0.72970639
H67R,0.080678495
H67S,0.94492307
H67T,0.628842832
H67V,0.784566656
H67W,0.262260921
H67Y,0.041715312
T68A,0.967570878
T68C,0.771417198
T68D,0.7956937890000001
T68E,0.76044905
T68F,0.898717367
T68G,0.868794609
T68H,0.7481277009999999
T68I,0.985947324
T68K,0.7431778929999999
T68L,0.7050126809999999
T68M,0.053552257
T68N,0.959758204
T68P,0.910164762
T68Q,0.8718100959999999
T68R,0.764027077
T68S,0.853532118
T68V,0.824487705
T68W,0.537638108
T68Y,0.326715303
A69C,0.8509832079999999
A69D,0.746632124
A69E,0.7740932640000001
A69F,0.909845563
A69G,0.8649646990000001
A69H,0.412389074
A69I,0.27204199
A69K,0.713471503
A69L,0.055335394
A69M,0.659758204
A69N,0.7374784109999999
A69P,0.73626943
A69Q,0.7354058720000001
A69R,0.718134715
A69S,0.22985538
A69T,0.838273608
A69V,0.8355040359999999
A69W,0.112976781
A69Y,0.833520377
P70A,0.907215698
P70C,0.77582038
P70D,0.760103627
P70E,0.761658031
P70F,0.256521487
P70G,0.77357513
P70H,0.687350527
P70I,0.767184801
P70K,0.7490500859999999
P70L,0.744386874
P70M,0.769741453
P70N,0.760103627
P70Q,0.74283247
P70R,0.744732297
P70S,0.904332272
P70T,0.747841105
P70V,0.106915434
P70W,0.7682210709999999
P70Y,0.110523496
A71C,0.090158544
A71D,0.7690846290000001
A71E,0.748877375
A71F,0.77357513
A71G,0.8816925729999999
A71H,0.8740932640000001
A71I,0.909249482
A71K,0.7416234890000001
A71L,0.887664991
A71M,0.7438687390000001
A71N,0.841968912
A71P,0.879620035
A71Q,0.832469775
A71R,0.7643536999999999
A71S,0.8682210709999999
A71T,0.967701183
A71V,0.982865579
A71W,0.1161888
A71Y,0.7708117440000001
K72A,0.72193437
K72C,0.5575129529999999
K72D,0.736787565
K72E,0.7689119170000001
K72F,0.7234887740000001
K72G,0.730397237
K72H,0.7317789290000001
K72I,0.757685665
K72L,0.84692612
K72M,0.138619538
K72N,0.767357513
K72P,0.720725389
K72Q,0.768048359
K72R,0.83748094
K72S,0.103056672
K72T,0.17425167
K72V,0.748013817
K72W,0.097582044
K72Y,0.738341969
S73A,0.972235162
S73C,0.8460274059999999
S73D,0.745768566
S73E,0.152774619
S73F,0.930172275
S73G,0.893782383
S73H,0.7746113990000001
S73I,0.787322055
S73K,0.7471502590000001
S73L,0.8294036020000001
S73M,0.904490501
S73N,0.8693209829999999
S73P,0.887392055
S73Q,0.8481865279999999
S73R,0.847841105
S73T,0.984801382
S73V,0.891775896
S73W,0.867584785
S73Y,0.880829016
P74A,0.902590674
P74C,0.991312745
P74D,0.7708117440000001
P74E,0.771502591
P74F,0.47185334
P74G,0.857121768
P74H,0.462521589
P74I,0.0855005269999999
P74K,0.760879722
P74L,0.964088698
P74M,0.904355085
P74N,0.7708117440000001
P74Q,0.7086355790000001
P74R,0.627288428
P74S,0.8490863000000001
P74T,0.910189983
P74V,0.898562413
P74W,0.136454294
P74Y,0.055490193
K75A,0.953096624
K75C,0.805654467
K75D,0.056224341
K75E,0.292305032
K75F,0.130545325
K75G,0.913624268
K75H,0.151067583
K75I,0.146509773
K75L,0.8249104829999999
K75M,0.889098011
K75N,0.7645941279999999
K75P,0.59775475
K75Q,0.771329879
K75R,0.32129701
K75S,0.978269194
K75T,0.7438687390000001
K75V,0.944338022
K75W,0.828895997
K75Y,0.6840398879999999
I76A,0.411200648
I76C,0.489117322
I76D,0.4348877370000001
I76E,0.441278066
I76F,0.0843962219999999
I76G,0.431088083
I76H,0.4029360970000001
I76K,0.775912995
I76L,0.869935945
I76M,0.812161424
I76N,0.7517258370000001
I76P,0.8203327340000001
I76Q,0.106819768
I76R,0.073295684
I76S,0.717623612
I76T,0.097932946
I76V,0.166434441
I76W,0.441278066
I76Y,0.655931325
L77A,0.576338515
L77C,0.597793685
L77D,0.545250432
L77E,0.0715289009999999
L77F,0.952898733
L77G,0.286755342
L77H,0.115169534
L77I,0.243010133
L77K,0.513947348
L77M,0.865465322
L77N,0.6680639110000001
L77P,0.101969032
L77Q,0.79292405
L77R,0.49775475
L77S,0.077226285
L77T,0.081714621
L77V,0.897897655
L77W,0.202932837
L77Y,0.272802414
P78A,0.791709845
P78C,0.627115717
P78D,0.7146804840000001
P78E,0.45341353
P78F,0.378756477
P78G,0.798445596
P78H,0.740233943
P78I,0.309535821
P78K,0.619516408
P78L,0.846481358
P78M,0.097742891
P78N,0.703108808
P78Q,0.669602763
P78R,0.071537094
P78S,0.979668749
P78T,0.7975820379999999
P78V,0.269360007
P78W,0.292400691
P78Y,0.139896373
D79A,0.094621897
D79C,0.8964644270000001
D79E,0.8791019
D79F,0.422279793
D79G,0.784680383
D79H,0.7469775470000001
D79I,0.692083523
D79K,0.130456168
D79L,0.320093711
D79M,0.404490501
D79N,0.8732297059999999
D79P,0.119253318
D79Q,0.747760375
D79R,0.700518135
D79S,0.7781511590000001
D79T,0.886840851
D79V,0.868559483
D79W,0.239511163
D79Y,0.66925734
I80A,0.369443506
I80C,0.797230894
I80D,0.161180578
I80E,0.21738326
I80F,0.7259067359999999
I80G,0.845626861
I80H,0.091873169
I80K,0.402763385
I80L,0.8830475170000001
I80M,0.9208981
I80N,0.447841105
I80P,0.07217018
I80Q,0.402763385
I80R,0.403799655
I80S,0.8917364740000001
I80T,0.737651123
I80V,0.850579124
I80W,0.054576857
I80Y,0.093955095
L81A,0.266148532
L81C,0.518998273
L81D,0.215889465
L81E,0.7511562940000001
L81F,0.781388685
L81G,0.94944325
L81H,0.664582832
L81I,0.8830742659999999
L81K,0.224352332
L81M,0.740414508
L81N,0.224352332
L81P,0.449050086
L81Q,0.458376511
L81R,0.20064989
L81S,0.44283247
L81T,0.68462867
L81V,0.621714918
L81W,0.0845363569999999
L81Y,0.129968928
K82A,0.7293609670000001
K82C,0.5240069079999999
K82D,0.098325707
K82E,0.843523316
K82F,0.749758892
K82G,0.75716753
K82H,0.746459413
K82I,0.7314335059999999
K82L,0.058720094
K82M,0.728670121
K82N,0.935733737
K82P,0.7164075990000001
K82Q,0.777029361
K82R,0.784110535
K82S,0.7044273
K82T,0.110213254
K82V,0.749568221
K82W,0.657858377
K82Y,0.7587219340000001
K83A,0.765457686
K83C,0.7644214159999999
K83D,0.76148532
K83E,0.85164076
K83F,0.7759921329999999
K83G,0.7628670120000001
K83H,0.7490500859999999
K83I,0.76701209
K83L,0.773402418
K83M,0.477795702
K83N,0.8566493959999999
K83P,0.695220161
K83Q,0.8525043179999999
K83R,0.8585492229999999
K83S,0.7607944729999999
K83T,0.7820555779999999
K83V,0.324969469
K83W,0.637305699
K83Y,0.7644214159999999
I84A,0.6291882560000001
I84C,0.6101899829999999
I84D,0.573920553
I84E,0.535924007
I84F,0.710880829
I84G,0.573920553
I84H,0.529015544
I84K,0.5626943010000001
I84L,0.906908463
I84M,0.8756476679999999
I84N,0.535924007
I84P,0.529015544
I84Q,0.529015544
I84R,0.529015544
I84S,0.566148532
I84T,0.7706390329999999
I84V,0.91865285
I84W,0.529015544
I84Y,0.728151986
G85A,0.668393782
G85C,0.407599309
G85D,0.425906736
G85E,0.402763385
G85F,0.470774149
G85H,0.777805515
G85I,0.17729695
G85K,0.412262522
G85L,0.086488559
G85M,0.041501743
G85N,0.425043178
G85P,0.023143351
G85Q,0.041278066
G85R,0.908072077
G85S,0.425043178
G85T,0.049913644
G85V,0.7653889429999999
G85W,0.40984456
G85Y,0.040803012
D86A,0.772020725
D86C,0.294720684
D86E,0.884110535
D86F,0.748531952
D86G,0.8741546090000001
D86H,0.7742659759999999
D86I,0.704663212
D86K,0.748013817
D86L,0.233153893
D86M,0.747841105
D86N,0.8759930920000001
D86P,0.747841105
D86Q,0.748013817
D86R,0.748013817
D86S,0.762003454
D86T,0.748013817
D86V,0.886875468
D86W,0.58238342
D86Y,0.7687392059999999
T87A,0.8536801490000001
T87C,0.055791288
T87D,0.249121364
T87E,0.129360967
T87F,0.031904241
T87G,0.068518088
T87H,0.301036269
T87I,0.8282702359999999
T87K,0.313298791
T87L,0.203101664
T87M,0.313298791
T87N,0.315198618
T87P,0.301036269
T87Q,0.124621988
T87R,0.301036269
T87S,0.478773555
T87V,0.390846287
T87W,0.018427682
T87Y,0.03597062
P88A,0.432642487
P88C,0.63896583
P88D,0.132469775
P88E,0.143177893
P88F,0.117098446
P88G,0.064239588
P88H,0.130397237
P88I,0.133100108
P88K,0.143177893
P88L,0.239477722
P88M,0.128842832
P88N,0.117098446
P88Q,0.243696028
P88R,0.239378238
P88S,0.832036467
P88T,0.450604491
P88V,0.341969072
P88W,0.111053541
P88Y,0.32363445
M89A,0.091102264
M89C,0.577029361
M89D,0.222279793
M89E,0.112953368
M89F,0.554749568
M89G,0.113471503
M89H,0.237305699
M89I,0.750431779
M89K,0.350259067
M89L,0.846318107
M89N,0.002853133
M89P,0.012185518
M89Q,0.030272077
M89R,0.328842832
M89S,0.010564887
M89T,0.437651123
M89V,0.750431779
M89W,0.007384933
M89Y,0.401554404
V90A,0.134903904
V90C,0.043868739
V90D,0.212743363
V90E,0.232815199
V90F,0.028975976
V90G,0.142960809
V90H,0.090673575
V90I,0.0440975609999999
V90K,0.090673575
V90L,0.116382141
V90M,0.032402382
V90N,0.051530366
V90P,0.035610055
V90Q,0.232815199
V90R,0.090673575
V90S,0.57825225
V90T,0.443868739
V90W,0.092055268
V90Y,0.051452127
R91A,0.096926538
R91C,0.027772242
R91D,0.5497409329999999
R91E,0.712607945
R91F,0.534581699
R91G,0.958965288
R91H,0.57236725
R91I,0.528052478
R91K,0.922817747
R91L,0.152882065
R91M,0.384974093
R91N,0.957467907
R91P,0.588601036
R91Q,0.7043177890000001
R91S,0.439896373
R91T,0.750657673
R91V,0.180416095
R91W,0.044087355
R91Y,0.963140822
I92A,0.089270254
I92C,0.517919409
I92D,0.178238342
I92E,0.186701209
I92F,0.90992318
I92G,0.276856649
I92H,0.251295337
I92K,0.279965458
I92L,0.166038305
I92M,0.83626943
I92N,0.449222798
I92P,0.186701209
I92Q,0.102231671
I92R,0.443005181
I92S,0.6183074270000001
I92T,0.716925734
I92V,0.904834968
I92W,0.186701209
I92Y,0.478756477
N93A,0.577029361
N93C,0.829099055
N93D,0.7920552679999999
N93E,0.109967306
N93F,0.064148682
N93G,0.342487047
N93H,0.385641436
N93I,0.403799655
N93K,0.6746113990000001
N93L,0.863785942
N93M,0.222279793
N93P,0.592400691
N93Q,0.295336788
N93R,0.111607541
N93S,0.966094365
N93T,0.6393782379999999
N93V,0.114915365
N93W,0.051986183
N93Y,0.261518673
K94A,0.765525328
K94C,0.8967341259999999
K94D,0.049813297
K94E,0.794300518
K94F,0.099438541
K94G,0.928220437
K94H,0.8792746109999999
K94I,0.065807688
K94L,0.911810122
K94M,0.850160301
K94N,0.881174439
K94P,0.0420874209999999
K94Q,0.8791019
K94R,0.836090571
K94S,0.975267993
K94T,0.828889749
K94V,0.114053579
K94W,0.85615743
K94Y,0.759585492
I95A,0.110400887
I95C,0.595313138
I95D,0.0067505319999999
I95E,0.009671848
I95F,0.8624832659999999
I95G,0.010739104
I95H,0.01910994
I95K,0.011569985
I95L,0.142432354
I95M,0.825906736
I95N,0.242487047
I95P,0.003926541
I95Q,0.009671848
I95R,0.195526817
I95S,0.079217342
I95T,0.521243523
I95V,0.7585728429999999
I95W,0.003488304
I95Y,0.073791887
G96A,0.8736751759999999
G96C,0.873876535
G96D,0.7685664940000001
G96E,0.748013817
G96F,0.098161321
G96H,0.61537133
G96I,0.5518134720000001
G96K,0.707426598
G96L,0.271347984
G96M,0.6131260789999999
G96N,0.766148532
G96P,0.67029361
G96Q,0.126703019
G96R,0.941273782
G96S,0.741435526
G96T,0.215862059
G96V,0.72642487
G96W,0.619861831
G96Y,0.196226828
K97A,0.068511785
K97C,0.04748263
K97D,0.956169235
K97E,0.946977547
K97F,0.963831966
K97G,0.8447837109999999
K97H,0.584455959
K97I,0.952347385
K97L,0.828448607
K97M,0.514680484
K97N,0.8208981
K97P,0.436757154
K97Q,0.831606218
K97R,0.771157168
K97S,0.895763926
K97T,0.252357398
K97V,0.47201577
K97W,0.101619267
K97Y,0.8602763390000001
K98A,0.7965457690000001
K98C,0.272071138
K98D,0.757858377
K98E,0.873056995
K98F,0.493799329
K98G,0.892535807
K98H,0.75716753
K98I,0.8356922040000001
K98L,0.3923227970000001
K98M,0.8908419329999999
K98N,0.7853239790000001
K98P,0.75716753
K98Q,0.877202073
K98R,0.112974592
K98S,0.966499948
K98T,0.760103627
K98V,0.8239835659999999
K98W,0.800926233
K98Y,0.150440675
F99A,0.90862366
F99C,0.797761387
F99D,0.120939922
F99E,0.728324698
F99G,0.972268913
F99H,0.738341969
F99I,0.940938053
F99K,0.7198618309999999
F99L,0.420611949
F99M,0.887737478
F99N,0.7198618309999999
F99P,0.052159337
F99Q,0.415093193
F99R,0.49363202
F99S,0.403019899
F99T,0.749222798
F99V,0.043733171
F99W,0.827975903
F99Y,0.798796645
G100A,0.7041450779999999
G100C,0.447841105
G100D,0.955828582
G100E,0.594127807
G100F,0.796965991
G100H,0.039214262
G100I,0.058426423
G100K,0.588255613
G100L,0.13717795
G100M,0.218825561
G100N,0.6889464590000001
G100P,0.0467109259999999
G100Q,0.729752183
G100R,0.224005638
G100S,0.245930133
G100T,0.147150259
G100V,0.603069605
G100W,0.447841105
G100Y,0.047787751
L101A,0.111398964
L101C,0.062348877
L101D,0.006983937
L101E,0.014542609
L101F,0.185766214
L101G,0.048407222
L101H,0.055094991
L101I,0.127869829
L101K,0.10984456
L101M,0.234542314
L101N,0.009671848
L101P,0.055094991
L101Q,0.080138169
L101R,0.009599286
L101S,0.003741731
L101T,0.19775475
L101V,0.04533085
L101W,0.127983305
L101Y,0.17253886
K102A,0.941846748
K102C,0.661080725
K102D,0.251295337
K102E,0.6179620029999999
K102F,0.009671848
K102G,0.039205677
K102H,0.516407599
K102I,0.656649396
K102L,0.6514926360000001
K102M,0.619516408
K102N,0.96690559
K102P,0.146271712
K102Q,0.956303972
K102R,0.890507275
K102S,0.036567692
K102T,0.655440415
K102V,0.036273736
K102W,0.272164638
K102Y,0.093264249
C103A,0.373747841
C103D,0.01761658
C103E,0.181146696
C103F,0.263212435
C103G,0.811413713
C103H,0.103972366
C103I,0.371329879
C103K,0.021761658
C103L,0.10898792
C103M,0.263212435
C103N,0.254576857
C103P,0.021761658
C103Q,0.24611399
C103R,0.098728061
C103S,0.373747841
C103T,0.053367876
C103V,0.373747841
C103W,0.24611399
C103Y,0.023661485
E104A,0.722768977
E104C,0.787230028
E104D,0.903108808
E104F,0.098859597
E104G,0.723236152
E104H,0.248186528
E104I,0.115198618
E104K,0.911398964
E104L,0.200525986
E104M,0.078573537
E104N,0.719610077
E104P,0.072005011
E104Q,0.929533679
E104R,0.082583456
E104S,0.8853423579999999
E104T,0.096709342
E104V,0.780941248
E104W,0.039313646
E104Y,0.441278066
L105A,0.125911282
L105C,0.250116219
L105D,0.001871063
L105E,0.0068612519999999
L105F,0.8926154940000001
L105G,0.044629971
L105H,0.013298791
L105I,0.906038775
L105K,0.06926953
L105M,0.044923447
L105N,0.0027862
L105P,0.101860307
L105Q,0.042085811
L105R,0.121416235
L105S,0.084396561
L105T,0.254576857
L105V,0.927448644
L105W,0.003668452
L105Y,0.090486806
L106A,0.7473229709999999
L106C,0.791154238
L106D,0.119185098
L106E,0.449050086
L106F,0.969352803
L106G,0.588601036
L106H,0.604835924
L106I,0.8355806020000001
L106K,0.618825561
L106M,0.919689119
L106N,0.449050086
L106P,0.540241796
L106Q,0.606044905
L106R,0.604835924
L106S,0.168784753
L106T,0.665457686
L106V,0.7806804970000001
L106W,0.8931695829999999
L106Y,0.724685192
A107C,0.904240212
A107D,0.450604491
A107E,0.318134715
A107F,0.0635781959999999
A107G,0.8406296040000001
A107H,0.271502591
A107I,0.144029124
A107K,0.090846287
A107L,0.05056671
A107M,0.097063903
A107N,0.087392055
A107P,0.318134715
A107Q,0.318134715
A107R,0.088428325
A107S,0.4069726870000001
A107T,0.793609672
A107V,0.937213671
A107W,0.060103627
A107Y,0.073089655
K108A,0.012956522
K108C,0.002343832
K108D,0.279792746
K108E,0.413816926
K108F,0.05029567
K108G,0.160588618
K108H,0.04283247
K108I,0.00244765
K108L,0.025370068
K108M,0.040414508
K108N,0.06373057
K108P,0.036630388
K108Q,0.13955095
K108R,0.043169001
K108S,0.087716882
K108T,0.04283247
K108V,0.038597316
K108W,0.001170787
K108Y,0.654984324
C109A,0.765259024
C109D,0.060648115
C109E,0.0
C109F,0.263212435
C109G,0.164915006
C109H,0.070314011
C109I,0.163058927
C109K,0.024750381
C109L,0.166183782
C109M,0.540759931
C109N,0.416753022
C109P,0.424006908
C109Q,0.414162349
C109R,0.417443869
C109S,0.419861831
C109T,0.242487047
C109V,0.780338807
C109W,0.24611399
C109Y,0.216753022
E110A,0.064075993
E110C,0.0453375709999999
E110D,0.326079447
E110F,0.034511968
E110G,0.030209896
E110H,0.043868739
E110I,0.00984456
E110K,0.137996546
E110L,0.080990668
E110M,0.128870917
E110N,0.043868739
E110P,0.040414508
E110Q,0.223661485
E110R,0.01865802
E110S,0.136508882
E110T,0.01593073
E110V,0.032216482
E110W,0.006217617
E110Y,0.031088083
F111A,0.05862735
F111C,0.046337297
F111D,0.099136442
F111E,0.169602763
F111G,0.267650511
F111H,0.042314335
F111I,0.152677029
F111K,0.171502591
F111L,0.570262053
F111M,0.252331606
F111N,0.171502591
F111P,0.098963731
F111Q,0.07323253
F111R,0.101208981
F111S,0.0072552919999999
F111T,0.205872193
F111V,0.120236666
F111W,0.034746049
F111Y,0.744732297
F112A,0.158464123
F112C,0.047243114
F112D,0.248572153
F112E,0.498312444
F112G,0.70571796
F112H,0.012901708
F112I,0.287564767
F112K,0.316407599
F112L,0.301254841
F112M,0.728670121
F112N,0.224352332
F112P,0.224352332
F112Q,0.316407599
F112R,0.027742074
F112S,0.028220361
F112T,0.364075993
F112V,0.188980266
F112W,0.036896659
F112Y,0.115620125
N113A,0.234196891
N113C,0.743387109
N113D,0.1752381139999999
N113E,0.096030487
N113F,0.01232158
N113G,0.7517555859999999
N113H,0.770598283
N113I,0.0826741709999999
N113K,0.199654577
N113L,0.252194184
N113M,0.318880427
N113P,0.298100173
N113Q,0.513471503
N113R,0.127043909
N113S,0.7372896790000001
N113T,0.306527232
N113V,0.381343508
N113W,0.255978468
N113Y,0.038023822
A114C,0.125941401
A114D,0.668739206
A114E,0.502590674
A114F,0.276158408
A114G,0.867184801
A114H,0.8004400509999999
A114I,0.058656264
A114K,0.383419689
A114L,0.310588731
A114M,0.27357513
A114N,0.301208981
A114P,0.142794435
A114Q,0.859373743
A114R,0.373212416
A114S,0.893220699
A114T,0.775875709
A114V,0.678293495
A114W,0.372742856
A114Y,0.163078528
G115A,0.8362153729999999
G115C,0.444386874
G115D,0.449222798
G115E,0.446459413
G115F,0.437823834
G115H,0.446459413
G115I,0.416407599
G115K,0.449222798
G115L,0.416407599
G115M,0.444386874
G115N,0.461830743
G115P,0.446459413
G115Q,0.449222798
G115R,0.446459413
G115S,0.5525776170000001
G115T,0.596545769
G115V,0.378453108
G115W,0.446459413
G115Y,0.437823834
G116A,0.707426598
G116C,0.8151115859999999
G116D,0.450604491
G116E,0.447841105
G116F,0.439378238
G116H,0.447841105
G116I,0.407599309
G116K,0.450604491
G116L,0.407599309
G116M,0.445768566
G116N,0.4633851470000001
G116P,0.447841105
G116Q,0.450604491
G116R,0.447841105
G116S,0.437792793
G116T,0.450604491
G116V,0.531952735
G116W,0.447841105
G116Y,0.439378238
S117A,0.31761658
S117C,0.029819108
S117D,0.201208981
S117E,0.201208981
S117F,0.130397237
S117G,0.188241475
S117H,0.14611399
S117I,0.118480138
S117K,0.201208981
S117L,0.11537133
S117M,0.143696028
S117N,0.31761658
S117P,0.14611399
S117Q,0.201208981
S117R,0.14611399
S117T,0.31761658
S117V,0.142659758
S117W,0.11537133
S117Y,0.131951641
V118A,0.829245463
V118C,0.47806563
V118D,0.117609077
V118E,0.362003454
V118F,0.271895094
V118G,0.349848454
V118H,0.841970019
V118I,0.333291596
V118K,0.351122625
V118L,0.809043198
V118M,0.7682210709999999
V118N,0.351122625
V118P,0.458721934
V118Q,0.256649396
V118R,0.127092197
V118S,0.532540128
V118T,0.6208981
V118W,0.239896373
V118Y,0.293264249
K119A,0.22417962
K119C,0.094127807
K119D,0.044732297
K119E,0.292227979
K119F,0.015054911
K119G,0.059063868
K119H,0.12417962
K119I,0.079822025
K119L,0.101849399
K119M,0.121761658
K119N,0.149913644
K119P,0.042314335
K119Q,0.29015544
K119R,0.237721408
K119S,0.045768566
K119T,0.12417962
K119V,0.014600256
K119W,0.005699482
K119Y,0.028670121
D120A,0.870008497
D120C,0.235060449
D120E,0.587392055
D120F,0.241623489
D120G,0.271502591
D120H,0.271502591
D120I,0.235060449
D120K,0.283765112
D120L,0.235060449
D120M,0.243523316
D120N,0.377029361
D120P,0.260794473
D120Q,0.283765112
D120R,0.071004674
D120S,0.355440415
D120T,0.271502591
D120V,0.042269143
D120W,0.235060449
D120Y,0.243523316
R121A,0.117789292
R121C,0.001855788
R121D,0.069989472
R121E,0.121243523
R121F,0.074473832
R121G,0.041567532
R121H,0.055192518
R121I,0.026028802
R121K,0.223661485
R121L,0.004442221
R121M,0.083393353
R121N,0.043868739
R121P,0.066839378
R121Q,0.15194418
R121S,0.010713184
R121T,0.117789292
R121V,0.029987696
R121W,0.016728538
R121Y,0.04229604
I122A,0.133165008
I122C,0.032307211
I122D,0.002072539
I122E,0.00336216
I122F,0.061194284
I122G,0.000789808
I122H,0.011917098
I122K,0.011917098
I122L,0.264664859
I122M,0.452331606
I122N,0.006840916
I122P,0.002762794
I122Q,0.003206147
I122R,0.004081493
I122S,0.014507772
I122T,0.228861796
I122V,0.13516193
I122W,0.001813262
I122Y,0.039723661
S123A,0.7272884279999999
S123C,0.09246275
S123D,0.11930488
S123E,0.55492228
S123F,0.291882556
S123G,0.210170971
S123H,0.360103627
S123I,0.422970639
S123K,0.361658031
S123L,0.444041451
S123M,0.029985671
S123N,0.712435233
S123P,0.54507772
S123Q,0.435751295
S123R,0.366839378
S123T,0.3457106479999999
S123V,0.1362061769999999
S123W,0.249900782
S123Y,0.350259067
L124A,0.7742659759999999
L124C,0.634196891
L124D,0.6858376509999999
L124E,0.7740932640000001
L124F,0.939378238
L124G,0.29783989
L124H,0.77582038
L124I,0.658152513
L124K,0.783419689
L124M,0.929188256
L124N,0.7476683940000001
L124P,0.649568221
L124Q,0.788599024
L124R,0.314396295
L124S,0.920819443
L124T,0.737651123
L124V,0.7720536659999999
L124W,0.6685065960000001
L124Y,0.76925734
R125A,0.7618472059999999
R125C,0.604067967
R125D,0.964209207
R125E,0.618134715
R125F,0.886149772
R125G,0.51925253
R125H,0.7901429390000001
R125I,0.088871308
R125K,0.783937824
R125L,0.47670247
R125M,0.419861831
R125N,0.581519862
R125P,0.458376511
R125Q,0.970593376
R125S,0.790002249
R125T,0.235340825
R125V,0.065249976
R125W,0.819702897
R125Y,0.6024179620000001
M126A,0.5497409329999999
M126C,0.419861831
M126D,0.403799655
M126E,0.403799655
M126F,0.166712826
M126G,0.132772998
M126H,0.413126079
M126I,0.776338515
M126K,0.419861831
M126L,0.936094449
M126N,0.023661485
M126P,0.035924007
M126Q,0.057685665
M126R,0.419861831
M126S,0.049050086
M126T,0.432642487
M126V,0.777202073
M126W,0.10121655
M126Y,0.419861831
I127A,0.7733311909999999
I127C,0.1356044
I127D,0.213298791
I127E,0.221761658
I127F,0.779965458
I127G,0.032860427
I127H,0.042839808
I127K,0.314680484
I127L,0.7695687809999999
I127M,0.881519862
I127N,0.221761658
I127P,0.221761658
I127Q,0.221761658
I127R,0.049344386
I127S,0.314680484
I127T,0.727115717
I127V,0.867000546
I127W,0.221761658
I127Y,0.401899827
E128A,0.029722004
E128C,0.513108802
E128D,0.632297064
E128F,0.8041995829999999
E128G,0.046426842
E128H,0.089443767
E128I,0.816462783
E128K,0.6003454229999999
E128L,0.785789087
E128M,0.837732943
E128N,0.53626943
E128P,0.570984456
E128Q,0.695854922
E128R,0.094877161
E128S,0.342964825
E128T,0.6934477859999999
E128V,0.896480174
E128W,0.555199635
E128Y,0.009671848
D129A,0.7117522059999999
D129C,0.38060658
D129E,0.864322283
D129F,0.317761789
D129G,0.276524272
D129H,0.695509499
D129I,0.067854982
D129K,0.646286701
D129L,0.657940619
D129M,0.5430051810000001
D129N,0.8715025909999999
D129P,0.138472936
D129Q,0.935178796
D129R,0.054589403
D129S,0.792208589
D129T,0.55688527
D129V,0.748554646
D129W,0.904099926
D129Y,0.590328152
A130C,0.458425066
A130D,0.438687392
A130E,0.091843214
A130F,0.33413818
A130G,0.889856689
A130H,0.038687392
A130I,0.035675748
A130K,0.012694998
A130L,0.22033003
A130M,0.009433156
A130N,0.220725389
A130P,0.0428013659999999
A130Q,0.060905716
A130R,0.57998678
A130S,0.791681993
A130T,0.636611206
A130V,0.659297441
A130W,0.054885765
A130Y,0.006968933
E131A,0.8251798509999999
E131C,0.069052337
E131D,0.8231433509999999
E131F,0.06155142
E131G,0.588946459
E131H,0.088946459
E131I,0.115449359
E131K,0.8640759929999999
E131L,0.192273566
E131M,0.182698987
E131N,0.631433506
E131P,0.194127807
E131Q,0.871157168
E131R,0.055690717
E131S,0.971849564
E131T,0.149568221
E131V,0.749555338
E131W,0.011750448
E131Y,0.61501886
R132A,0.7476683940000001
R132C,0.934750903
R132D,0.740587219
R132E,0.7476683940000001
R132F,0.5455263920000001
R132G,0.703799655
R132H,0.769602763
R132I,0.095998707
R132K,0.8791019
R132L,0.440544936
R132M,0.686654897
R132N,0.769948187
R132P,0.600690846
R132Q,0.78238342
R132S,0.7867610509999999
R132T,0.740932642
R132V,0.04420976
R132W,0.209387048
R132Y,0.05326339
D133A,0.376705604
D133C,0.237270579
D133E,0.889291883
D133F,0.0739753309999999
D133G,0.27623719
D133H,0.782728843
D133I,0.121666075
D133K,0.742141623
D133L,0.800964206
D133M,0.7262521590000001
D133N,0.867083543
D133P,0.731951641
D133Q,0.742141623
D133R,0.750431779
D133S,0.230475775
D133T,0.69671848
D133V,0.79354557
D133W,0.815126757
D133Y,0.7195164079999999
G134A,0.749798442
G134C,0.445768566
G134D,0.450604491
G134E,0.447841105
G134F,0.408836797
G134H,0.402763385
G134I,0.055691383
G134K,0.450604491
G134L,0.388255613
G134M,0.400690846
G134N,0.593264249
G134P,0.402763385
G134Q,0.40552677
G134R,0.8396483840000001
G134S,0.4633851470000001
G134T,0.412262522
G134V,0.439378238
G134W,0.447841105
G134Y,0.3941278070000001
T135A,0.826597582
T135C,0.202614888
T135D,0.081022003
T135E,0.114124405
T135F,0.758693521
T135G,0.101425872
T135H,0.771502591
T135I,0.136117657
T135K,0.7416234890000001
T135L,0.820821395
T135M,0.855441751
T135N,0.967378158
T135P,0.097007894
T135Q,0.7103626940000001
T135R,0.744386874
T135S,0.076015243
T135V,0.5985442320000001
T135W,0.759832573
T135Y,0.8583083429999999
L136A,0.265112263
L136C,0.627841584
L136D,0.002684934
L136E,0.113026355
L136F,0.639877017
L136G,0.149853039
L136H,0.037619668
L136I,0.69252423
L136K,0.004758166
L136M,0.8248704659999999
L136N,0.013298791
L136P,0.116753022
L136Q,0.235924007
L136R,0.019366002
L136S,0.058067312
L136T,0.393782383
L136V,0.557860153
L136W,0.289560598
L136Y,0.43858533
K137A,0.666493955
K137C,0.069581417
K137D,0.559412781
K137E,0.5466321239999999
K137F,0.841812665
K137G,0.488397526
K137H,0.764983484
K137I,0.67092451
K137L,0.919519261
K137M,0.621416235
K137N,0.832627618
K137P,0.086079931
K137Q,0.795509499
K137R,0.8737478409999999
K137S,0.098248177
K137T,0.68566494
K137V,0.056922181
K137W,0.237305699
K137Y,0.5497409329999999
P138A,0.076921154
P138C,0.6836156520000001
P138D,0.115698698
P138E,0.611166674
P138F,0.8334447540000001
P138G,0.759138633
P138H,0.59343696
P138I,0.088590606
P138K,0.59343696
P138L,0.875903118
P138M,0.185859756
P138N,0.8767040540000001
P138Q,0.530266675
P138R,0.966509574
P138S,0.930290181
P138T,0.976714993
P138V,0.58716852
P138W,0.696275235
P138Y,0.966720652
G139A,0.064434047
G139C,0.717475402
G139D,0.1267932269999999
G139E,0.033160622
G139F,0.8133645009999999
G139H,0.901224161
G139I,0.049725277
G139K,0.060103627
G139L,0.465221475
G139M,0.302656041
G139N,0.264454604
G139P,0.398272884
G139Q,0.227288428
G139R,0.929780743
G139S,0.741202343
G139T,0.6082458079999999
G139V,0.026872396
G139W,0.441278066
G139Y,0.498079398
D140A,0.702763385
D140C,0.062645441
D140E,0.743523316
D140F,0.634733024
D140G,0.577801972
D140H,0.152709438
D140I,0.059541668
D140K,0.431606218
D140L,0.069850467
D140M,0.337478411
D140N,0.085018814
D140P,0.100270495
D140Q,0.136941655
D140R,0.32746114
D140S,0.7944171529999999
D140T,0.520205154
D140V,0.6295904170000001
D140W,0.186701209
D140Y,0.612941975
T141A,0.877374784
T141C,0.83829114
T141D,0.610017271
T141E,0.126053654
T141F,0.853754665
T141G,0.420923229
T141H,0.544559585
T141I,0.744905009
T141K,0.678411054
T141L,0.900673175
T141M,0.932877969
T141N,0.7490536190000001
T141P,0.554576857
T141Q,0.478411054
T141R,0.53298791
T141S,0.904087645
T141V,0.915450358
T141W,0.72676215
T141Y,0.458376511
I142A,0.076199015
I142C,0.227950819
I142D,0.007253886
I142E,0.00437497
I142F,0.399234993
I142G,0.077547496
I142H,0.022651675
I142K,0.031841102
I142L,0.7252631559999999
I142M,0.6911998559999999
I142N,0.062521589
I142P,0.045144647
I142Q,0.003705043
I142R,0.028857255
I142S,0.012490347
I142T,0.156363794
I142V,0.968777578
I142W,0.004031942
I142Y,0.016716687
I143A,0.026713123
I143C,0.025551772
I143D,0.178238342
I143E,0.186701209
I143F,0.119824942
I143G,0.117989144
I143H,0.008117444
I143K,0.030528657
I143L,0.43628054
I143M,0.371157168
I143N,0.00984456
I143P,0.026197888
I143Q,0.013298791
I143R,0.030443234
I143S,0.040303609
I143T,0.159412781
I143V,0.181019184
I143W,0.105463652
I143Y,0.351557407
E144A,0.035218487
E144C,0.323275774
E144D,0.375129534
E144F,0.110316454
E144G,0.190260823
E144H,0.08937596
E144I,0.555615081
E144K,0.321588946
E144L,0.067838304
E144M,0.035216044
E144N,0.21865285
E144P,0.04252688
E144Q,0.432469775
E144R,0.131771533
E144S,0.1714811869999999
E144T,0.152185597
E144V,0.472433948
E144W,0.172580701
E144Y,0.058094912
P145A,0.481626173
P145C,0.295782461
P145D,0.142314335
P145E,0.131951641
P145F,0.110773082
P145G,0.8249129070000001
P145H,0.233102428
P145I,0.050682304
P145K,0.132124352
P145L,0.049197187
P145M,0.079248048
P145N,0.045956519
P145Q,0.126770294
P145R,0.023205904
P145S,0.152739597
P145T,0.173162548
P145V,0.049976762
P145W,0.099827288
P145Y,0.034658653
T146A,0.193399462
T146C,0.152677029
T146D,0.146011269
T146E,0.146286701
T146F,0.059758204
T146G,0.216614212
T146H,0.412262522
T146I,0.18396808
T146K,0.7280987390000001
T146L,0.415286838
T146M,0.146725581
T146N,0.287737478
T146P,0.248597143
T146Q,0.072884283
T146R,0.412262522
T146S,0.146177824
T146V,0.456822107
T146W,0.043350604
T146Y,0.059758204
S147A,0.48134715
S147C,0.042141623
S147D,0.1442141619999999
S147E,0.118998273
S147F,0.02642487
S147G,0.257685665
S147H,0.134617832
S147I,0.0060968759999999
S147K,0.118998273
S147L,0.002306139
S147M,0.039723661
S147N,0.053730878
S147P,0.0173462419999999
S147Q,0.045768878
S147R,0.042141623
S147T,0.102599294
S147V,0.00703737
S147W,0.009671848
S147Y,0.010853081
G148A,0.199654577
G148C,0.046804836
G148D,0.076165803
G148E,0.048877375
G148F,0.170995184
G148H,0.008117444
G148I,0.0
G148K,0.073920553
G148L,0.040759931
G148M,0.006044905
G148N,0.080138169
G148P,0.008117444
G148Q,0.02642487
G148R,0.013031724
G148S,0.038615638
G148T,0.035060449
G148V,0.173056995
G148W,0.048877375
G148Y,0.0
N149A,0.131778929
N149C,0.021772823
N149D,0.1751295339999999
N149E,0.019961087
N149F,0.002206262
N149G,0.019859274
N149H,0.06373057
N149I,0.006044905
N149K,0.062694301
N149L,0.03378611
N149M,0.011365289
N149P,0.233506045
N149Q,0.062694301
N149R,0.086153474
N149S,0.064293851
N149T,0.032048712
N149V,0.013324668
N149W,0.0
N149Y,0.02642487
T150A,0.05792458
T150C,0.028207652
T150D,0.148013817
T150E,0.064075993
T150F,0.049395509
T150G,0.017829782
T150H,0.13402418
T150I,0.144905009
T150K,0.140932642
T150L,0.264595671
T150M,0.124302605
T150N,0.047203639
T150P,0.114628872
T150Q,0.064075993
T150R,0.146977547
T150S,0.173339418
T150V,0.161670274
T150W,0.00870794
T150Y,0.050086274
G151A,0.044498205
G151C,0.059040285
G151D,0.085492228
G151E,0.011917098
G151F,0.011402524
G151H,0.008117444
G151I,0.0
G151K,0.038687392
G151L,0.009622985
G151M,0.012251601
G151N,0.08791019
G151P,0.008117444
G151Q,0.02642487
G151R,0.023809871
G151S,0.084248615
G151T,0.035060449
G151V,0.003626943
G151W,0.058376511
G151Y,0.0
I152A,0.084314298
I152C,0.057928018
I152D,0.007253886
I152E,0.02725236
I152F,0.063567414
I152G,0.027882111
I152H,0.011398964
I152K,0.011398964
I152L,0.117128695
I152M,0.32746114
I152N,0.271459012
I152P,0.013298791
I152Q,0.013298791
I152R,0.022864305
I152S,0.129360967
I152T,0.265457686
I152V,0.77355398
I152W,0.004253207
I152Y,0.043350604
G153A,0.036756686
G153C,0.230343941
G153D,0.126770294
G153E,0.101208981
G153F,0.102639353
G153H,0.101208981
G153I,0.092918826
G153K,0.124697755
G153L,0.021688208
G153M,0.009671848
G153N,0.133851468
G153P,0.0863557859999999
G153Q,0.116062176
G153R,0.106893323
G153S,0.133851468
G153T,0.027398116
G153V,0.092918826
G153W,0.101208981
G153Y,0.003626943
L154A,0.116407599
L154C,0.062694301
L154D,0.005699482
L154E,0.050994762
L154F,0.224525043
L154G,0.025043178
L154H,0.032642487
L154I,0.238668352
L154K,0.013298791
L154M,0.253022453
L154N,0.029775186
L154P,0.032642487
L154Q,0.059412781
L154R,0.012986761
L154S,0.008021299
L154T,0.029575656
L154V,0.352331606
L154W,0.018134715
L154Y,0.062694301
A155C,0.914912514
A155D,0.16722382
A155E,0.053201735
A155F,0.403799655
A155G,0.7129251590000001
A155H,0.169602763
A155I,0.109075778
A155K,0.096735651
A155L,0.303372281
A155M,0.708335646
A155N,0.425485176
A155P,0.180138169
A155Q,0.180138169
A155R,0.068750514
A155S,0.8649157470000001
A155T,0.902108689
A155V,0.306732408
A155W,0.050169277
A155Y,0.40552677
L156A,0.043350604
L156C,0.043350604
L156D,0.005699482
L156E,0.013298791
L156F,0.078672675
L156G,0.001395029
L156H,0.013298791
L156I,0.436960276
L156K,0.013298791
L156M,0.498963731
L156N,0.013298791
L156P,0.013298791
L156Q,0.040241796
L156R,0.013298791
L156S,0.026055453
L156T,0.140587219
L156V,0.378583765
L156W,0.018134715
L156Y,0.0632842929999999
A157C,0.7237066240000001
A157D,0.746459413
A157E,0.333117408
A157F,0.048654386
A157G,0.884587111
A157H,0.131951641
A157I,0.330413659
A157K,0.087899424
A157L,0.124644663
A157M,0.702615775
A157N,0.642487047
A157P,0.374956822
A157Q,0.309671848
A157R,0.106016158
A157S,0.97029361
A157T,0.87540637
A157V,0.689801268
A157W,0.591709845
A157Y,0.724699295
A158C,0.041208456
A158D,0.059412781
A158E,0.065112263
A158F,0.035578584
A158G,0.418134715
A158H,0.061658031
A158I,0.106705561
A158K,0.071329879
A158L,0.062694301
A158M,0.068911917
A158N,0.061658031
A158P,0.065112263
A158Q,0.071329879
A158R,0.042234777
A158S,0.440241796
A158T,0.25164076
A158V,0.211053541
A158W,0.032642487
A158Y,0.047841105
A159C,0.045166476
A159D,0.151806815
A159E,0.48566494
A159F,0.245595855
A159G,0.081573625
A159H,0.419861831
A159I,0.101171209
A159K,0.318134715
A159L,0.281268025
A159M,0.31761658
A159N,0.891240268
A159P,0.123742972
A159Q,0.48566494
A159R,0.880059488
A159S,0.074908624
A159T,0.976696879
A159V,0.952131609
A159W,0.050968578
A159Y,0.260794473
V160A,0.774284505
V160C,0.483592401
V160D,0.051831283
V160E,0.665803109
V160F,0.080916766
V160G,0.588255613
V160H,0.03050565
V160I,0.806908463
V160K,0.148818514
V160L,0.8348877370000001
V160M,0.715973527
V160N,0.307599309
V160P,0.146453944
V160Q,0.859670301
V160R,0.908458085
V160S,0.888884971
V160T,0.125137838
V160W,0.42593707
V160Y,0.513298791
R161A,0.7039723659999999
R161C,0.653713299
R161D,0.272634621
R161E,0.169122475
R161F,0.49775475
R161G,0.89977062
R161H,0.789291883
R161I,0.569775475
R161K,0.928670121
R161L,0.098116099
R161M,0.616580311
R161N,0.782901554
R161P,0.495682211
R161Q,0.738860104
R161S,0.8228719320000001
R161T,0.628151986
R161V,0.691539861
R161W,0.5472132279999999
R161Y,0.778929188
G162A,0.139378238
G162C,0.082357333
G162D,0.954601118
G162E,0.105354059
G162F,0.260702515
G162H,0.403799655
G162I,0.287564767
G162K,0.128842832
G162L,0.23697615
G162M,0.296027634
G162N,0.133506045
G162P,0.8462443159999999
G162Q,0.310708117
G162R,0.403799655
G162S,0.432642487
G162T,0.216141587
G162V,0.080121976
G162W,0.0843308
G162Y,0.73531482
Y163A,0.007073482
Y163C,0.006044905
Y163D,0.009671848
Y163E,0.029482872
Y163F,0.314853195
Y163G,0.008558414
Y163H,0.06373057
Y163I,0.107772021
Y163K,0.05007775
Y163L,0.077605044
Y163M,0.038687392
Y163N,0.024352332
Y163P,0.007772021
Y163Q,0.038687392
Y163R,0.196360175
Y163S,0.011524526
Y163T,0.011493403
Y163V,0.005616029
Y163W,0.009927057
R164A,0.369775475
R164C,0.800679537
R164D,0.074962012
R164E,0.508462867
R164F,0.1687235369999999
R164G,0.123221148
R164H,0.910526307
R164I,0.0855606409999999
R164K,0.827979275
R164L,0.41591449
R164M,0.046539016
R164N,0.661139896
R164P,0.473056995
R164Q,0.144661168
R164S,0.91632844
R164T,0.369775475
R164V,0.34530104
R164W,0.174664507
R164Y,0.8078522229999999
C165A,0.208635579
C165D,0.027288428
C165E,0.027288428
C165F,0.04066174
C165G,0.953728758
C165H,0.003626943
C165I,0.163163266
C165K,0.031433506
C165L,0.425119772
C165M,0.420862848
C165N,0.0715025909999999
C165P,0.011127824
C165Q,0.058031088
C165R,0.00599421
C165S,0.221392831
C165T,0.126558018
C165V,0.246459413
C165W,0.058031088
C165Y,0.049067706
I166A,0.09128252
I166C,0.409780535
I166D,0.141623489
I166E,0.177029361
I166F,0.48627085
I166G,0.082845534
I166H,0.314680484
I166K,0.4791019
I166L,0.854117383
I166M,0.811226252
I166N,0.4780107770000001
I166P,0.062521589
I166Q,0.143696028
I166R,0.659516885
I166S,0.619689119
I166T,0.7940572029999999
I166V,0.978105197
I166W,0.062521589
I166Y,0.36986754
I167A,0.664766839
I167C,0.664766839
I167D,0.431951641
I167E,0.435924007
I167F,0.610901625
I167G,0.431951641
I167H,0.435924007
I167K,0.592400691
I167L,0.831558755
I167M,0.78238342
I167N,0.435924007
I167P,0.435924007
I167Q,0.435924007
I167R,0.435924007
I167S,0.435924007
I167T,0.8130652970000001
I167V,0.059687678
I167W,0.435924007
I167Y,0.504835924
V168A,0.435751295
V168C,0.438860104
V168D,0.095854922
V168E,0.121416235
V168F,0.236096718
V168G,0.135233161
V168H,0.101899827
V168I,0.439378238
V168K,0.105008636
V168L,0.499654577
V168M,0.378756477
V168N,0.137305699
V168P,0.105008636
V168Q,0.121416235
V168R,0.137305699
V168S,0.140759931
V168T,0.286423496
V168W,0.0149755839999999
V168Y,0.168221071
M169A,0.256131261
M169C,0.088428325
M169D,0.060103627
M169E,0.060103627
M169F,0.106935387
M169G,0.142053753
M169H,0.076511226
M169I,0.7877374779999999
M169K,0.413644214
M169L,0.930308424
M169N,0.061312608
M169P,0.071848014
M169Q,0.1639032819999999
M169R,0.413644214
M169S,0.036717344
M169T,0.478238342
M169V,0.33212827
M169W,0.295543316
M169Y,0.088428325
P170A,0.060159944
P170C,0.002727958
P170D,0.070257509
P170E,0.194127807
P170F,0.0838534
P170G,0.04125796
P170H,0.024501439
P170I,0.019953899
P170K,0.060103627
P170L,0.023083567
P170M,0.130028095
P170N,0.04507772
P170Q,0.060103627
P170R,0.055958549
P170S,0.148186528
P170T,0.136787565
P170V,0.0842832469999999
P170W,0.022970639
P170Y,0.053022453
E171A,0.444905009
E171C,0.105354059
E171D,0.750777202
E171F,0.084555973
E171G,0.05333487
E171H,0.320379965
E171I,0.820839329
E171K,0.6848013820000001
E171L,0.063104035
E171M,0.271848014
E171N,0.4582038
E171P,0.482556131
E171Q,0.691537133
E171R,0.250086356
E171S,0.201554404
E171T,0.335060449
E171V,0.859956435
E171W,0.215889465
E171Y,0.222279793
K172A,0.029400531
K172C,0.0647156379999999
K172D,0.035256262
K172E,0.398272884
K172F,0.02938652
K172G,0.029296971
K172H,0.120433149
K172I,0.041162061
K172L,0.027937042
K172M,0.256649396
K172N,0.313298791
K172P,0.038687392
K172Q,0.438687392
K172R,0.7024179620000001
K172S,0.171122754
K172T,0.243177893
K172V,0.037012911
K172W,0.000715996
K172Y,0.245768566
M173A,0.161428069
M173C,0.265284974
M173D,0.376338515
M173E,0.049295484
M173F,0.060138992
M173G,0.082673392
M173H,0.3421416229999999
M173I,0.730569948
M173K,0.340587219
M173L,0.292402928
M173N,0.078826043
M173P,0.091579751
M173Q,0.229879102
M173R,0.312953368
M173S,0.702632681
M173T,0.468663921
M173V,0.176836197
M173W,0.009159882
M173Y,0.437651123
S174A,0.410017271
S174C,0.062973669
S174D,0.027601187
S174E,0.119343696
S174F,0.035275635
S174G,0.122962934
S174H,0.030165037
S174I,0.003556357
S174K,0.060378901
S174L,0.027687814
S174M,0.020104762
S174N,0.143657698
S174P,0.066329232
S174Q,0.117443869
S174R,0.0142736639999999
S174T,0.159578226
S174V,0.010285637
S174W,0.003569295
S174Y,0.014867631
S175A,0.887298787
S175C,0.6825566740000001
S175D,0.660963634
S175E,0.920063043
S175F,0.8366716759999999
S175G,0.353667551
S175H,0.788773748
S175I,0.84855619
S175K,0.655257516
S175L,0.435156859
S175M,0.047647181
S175N,0.794101878
S175P,0.233474335
S175Q,0.8096718479999999
S175R,0.3818158170000001
S175T,0.806859372
S175V,0.757817092
S175W,0.668880282
S175Y,0.873110653
E176A,0.547553566
E176C,0.061030919
E176D,0.654058722
E176F,0.030966995
E176G,0.381278069
E176H,0.068790984
E176I,0.013816926
E176K,0.7262521590000001
E176L,0.603933285
E176M,0.10717616
E176N,0.085647155
E176P,0.010940911
E176Q,0.922935001
E176R,0.0785119859999999
E176S,0.6798007079999999
E176T,0.041105354
E176V,0.45164076
E176W,0.002478534
E176Y,0.031116587
K177A,0.069037664
K177C,0.00213263
K177D,0.013612636
K177E,0.13626943
K177F,0.011315971
K177G,0.012165404
K177H,0.04283247
K177I,0.001893206
K177L,0.022643925
K177M,0.040414508
K177N,0.065457686
K177P,0.013083046
K177Q,0.137996546
K177R,0.058545093
K177S,0.009336445
K177T,0.010914149
K177V,0.001455817
K177W,0.002332708
K177Y,0.004474796
V178A,0.6848013820000001
V178C,0.46148532
V178D,0.274956822
V178E,0.484801382
V178F,0.899273311
V178G,0.689033398
V178H,0.050431779
V178I,0.075208656
V178K,0.311744387
V178L,0.211987545
V178M,0.61433506
V178N,0.052849835
V178P,0.311744387
V178Q,0.126026917
V178R,0.737941327
V178S,0.453195164
V178T,0.376020754
V178W,0.218825561
V178Y,0.367357513
D179A,0.637306694
D179C,0.89377416
D179E,0.79447323
D179F,0.035983254
D179G,0.7317725740000001
D179H,0.616580311
D179I,0.113449095
D179K,0.165784512
D179L,0.420503679
D179M,0.030928288
D179N,0.196714657
D179P,0.168393782
D179Q,0.046730678
D179R,0.262216278
D179S,0.573815457
D179T,0.535405872
D179V,0.397317124
D179W,0.00193749
D179Y,0.8637370679999999
V180A,0.749913644
V180C,0.407599309
V180D,0.071062294
V180E,0.30656304
V180F,0.049947566
V180G,0.070327963
V180H,0.113126079
V180I,0.273603533
V180K,0.036253
V180L,0.75164076
V180M,0.653169922
V180N,0.02243975
V180P,0.090500864
V180Q,0.309671848
V180R,0.031148246
V180S,0.679518785
V180T,0.744386874
V180W,0.002467244
V180Y,0.070123728
L181A,0.118825561
L181C,0.118825561
L181D,0.008548729
L181E,0.029188256
L181F,0.204796651
L181G,0.084455959
L181H,0.090673575
L181I,0.378929188
L181K,0.054668185
L181M,0.440241796
L181N,0.011917098
L181P,0.043866061
L181Q,0.115716753
L181R,0.033590425
L181S,0.090673575
L181T,0.118825561
L181V,0.432642487
L181W,0.050146121
L181Y,0.145768566
R182A,0.127830287
R182C,0.8489407179999999
R182D,0.223395189
R182E,0.496652338
R182F,0.44611399
R182G,0.781958198
R182H,0.8759930920000001
R182I,0.6811744390000001
R182K,0.832297064
R182L,0.7369602759999999
R182M,0.199583201
R182N,0.072867414
R182P,0.205071104
R182Q,0.89680847
R182S,0.587242018
R182T,0.677892919
R182V,0.146777759
R182W,0.433678756
R182Y,0.716753022
A183C,0.90620118
A183D,0.099363457
A183E,0.584801382
A183F,0.073303151
A183G,0.858991583
A183H,0.8260269109999999
A183I,0.141428298
A183K,0.226943005
A183L,0.224295312
A183M,0.444481236
A183N,0.199309154
A183P,0.514162349
A183Q,0.773791755
A183R,0.05646538
A183S,0.846514938
A183T,0.812815348
A183V,0.375905841
A183W,0.037947052
A183Y,0.192328302
L184A,0.071675302
L184C,0.358721934
L184D,0.005699482
L184E,0.063211561
L184F,0.385666681
L184G,0.289810017
L184H,0.0764755459999999
L184I,0.902485004
L184K,0.027938026
L184M,0.777202073
L184N,0.011917098
L184P,0.043523316
L184Q,0.320034542
L184R,0.028140513
L184S,0.245595855
L184T,0.358721934
L184V,0.13317589
L184W,0.030184632
L184Y,0.5832469779999999
G185A,0.556947459
G185C,0.03391275
G185D,0.7349687640000001
G185E,0.710651542
G185F,0.049902802
G185H,0.221761658
G185I,0.029589344
G185K,0.412262522
G185L,0.022174055
G185M,0.006044905
G185N,0.046804836
G185P,0.008117444
G185Q,0.02642487
G185R,0.221761658
G185S,0.1402962509999999
G185T,0.035060449
G185V,0.089187613
G185W,0.245595855
G185Y,0.034661332
A186C,0.139494245
A186D,0.412262522
A186E,0.257447877
A186F,0.026502227
A186G,0.402909567
A186H,0.019230243
A186I,0.083246978
A186K,0.026840957
A186L,0.047163203
A186M,0.189668566
A186N,0.082210708
A186P,0.085837651
A186Q,0.085837651
A186R,0.013132341
A186S,0.136824333
A186T,0.7995779690000001
A186V,0.69404014
A186W,0.0117462
A186Y,0.017893231
E187A,0.06204722
E187C,0.796208822
E187D,0.689464594
E187F,0.054863121
E187G,0.076077503
E187H,0.6535405870000001
E187I,0.6829015540000001
E187K,0.7309153709999999
E187L,0.40889408
E187M,0.103239994
E187N,0.45164076
E187P,0.6829015540000001
E187Q,0.727115717
E187R,0.055897474
E187S,0.7262521590000001
E187T,0.798429968
E187V,0.383645962
E187W,0.610017271
E187Y,0.11207353
I188A,0.264594128
I188C,0.110755432
I188D,0.146286701
I188E,0.152331606
I188F,0.351813472
I188G,0.146286701
I188H,0.152331606
I188K,0.253540587
I188L,0.696891192
I188M,0.4233160620000001
I188N,0.152331606
I188P,0.152331606
I188Q,0.152331606
I188R,0.152331606
I188S,0.216753022
I188T,0.35492228
I188V,0.722107081
I188W,0.152331606
I188Y,0.244650563
V189A,0.937316035
V189C,0.511571675
V189D,0.396373057
V189E,0.636442142
V189F,0.062666839
V189G,0.560794473
V189H,0.5430051810000001
V189I,0.685631512
V189K,0.5430051810000001
V189L,0.832297064
V189M,0.798963731
V189N,0.5430051810000001
V189P,0.5430051810000001
V189Q,0.5184801379999999
V189R,0.402763385
V189S,0.5252158889999999
V189T,0.756303972
V189W,0.614154126
V189Y,0.595682211
R190A,0.033641925
R190C,0.041191189
R190D,0.04249421
R190E,0.057890479
R190F,0.016857325
R190G,0.112297577
R190H,0.296545769
R190I,0.03295019
R190K,0.961652687
R190L,0.229081384
R190M,0.153022453
R190N,0.609124416
R190P,0.218480138
R190Q,0.344214162
R190S,0.557685665
R190T,0.465484947
R190V,0.582100795
R190W,0.224352332
R190Y,0.319861831
T191A,0.045594079
T191C,0.199136442
T191D,0.135233161
T191E,0.046804836
T191F,0.038145754
T191G,0.036442142
T191H,0.0086361169999999
T191I,0.031010009
T191K,0.04283247
T191L,0.063635584
T191M,0.04283247
T191N,0.1751295339999999
T191P,0.040414508
T191Q,0.018762895
T191R,0.010443294
T191S,0.054917977
T191V,0.166839378
T191W,0.00492577
T191Y,0.048114753
P192A,0.0350173779999999
P192C,0.623204137
P192D,0.277029361
P192E,0.329533679
P192F,0.341490765
P192G,0.287083684
P192H,0.40328152
P192I,0.394645941
P192K,0.412262522
P192L,0.051042753
P192M,0.189119171
P192N,0.175647668
P192Q,0.5252158889999999
P192R,0.8444150659999999
P192S,0.79299579
P192T,0.588255613
P192V,0.424150557
P192W,0.060452032
P192Y,0.066362672
T193A,0.888946459
T193C,0.3672194170000001
T193D,0.748186528
T193E,0.748186528
T193F,0.519157954
T193G,0.6231433510000001
T193H,0.6602763389999999
T193I,0.720803161
T193K,0.667702936
T193L,0.758684638
T193M,0.682944045
T193N,0.886528497
T193P,0.736614853
T193Q,0.65388601
T193R,0.662348877
T193S,0.114932988
T193V,0.932297064
T193W,0.435924007
T193Y,0.676341854
N194A,0.746459413
N194C,0.628842832
N194D,0.8682210709999999
N194E,0.7471502590000001
N194F,0.8733357079999999
N194G,0.050161579
N194H,0.8791019
N194I,0.7215889459999999
N194K,0.839641882
N194L,0.6217616579999999
N194M,0.6328151989999999
N194P,0.64283247
N194Q,0.744386874
N194R,0.106060697
N194S,0.8732297059999999
N194T,0.7689119170000001
N194V,0.158593991
N194W,0.759758204
N194Y,0.7708117440000001
A195C,0.8844695109999999
A195D,0.038384941
A195E,0.425215889
A195F,0.0883925669999999
A195G,0.12123776
A195H,0.250777202
A195I,0.443350604
A195K,0.356131261
A195L,0.102646595
A195M,0.287046632
A195N,0.400863558
A195P,0.0858581559999999
A195Q,0.8344450440000001
A195R,0.271329879
A195S,0.093142475
A195T,0.745916958
A195V,0.973879806
A195W,0.224870466
A195Y,0.233678756
R196A,0.661536978
R196C,0.643183363
R196D,0.050553231
R196E,0.046198055
R196F,0.769445665
R196G,0.752031777
R196H,0.053899975
R196I,0.7615644140000001
R196K,0.937996546
R196L,0.872106974
R196M,0.7312607940000001
R196N,0.8342617859999999
R196P,0.882358269
R196Q,0.8626943009999999
R196S,0.6937919370000001
R196T,0.751122625
R196V,0.095261927
R196W,0.6590673579999999
R196Y,0.778090828
F197A,0.634715026
F197C,0.207837074
F197D,0.5430051810000001
F197E,0.548877375
F197G,0.275578329
F197H,0.631778929
F197I,0.93332003
F197K,0.629360967
F197L,0.6633851470000001
F197M,0.7017271159999999
F197N,0.629360967
F197P,0.705008636
F197Q,0.5430051810000001
F197R,0.629360967
F197S,0.462176166
F197T,0.548877375
F197V,0.116258768
F197W,0.827979275
F197Y,0.10416186
D198A,0.384974093
D198C,0.8238197490000001
D198E,0.7048359240000001
D198F,0.298791019
D198G,0.486873921
D198H,0.387219344
D198I,0.292400691
D198K,0.393782383
D198L,0.573402418
D198M,0.300863558
D198N,0.941380804
D198P,0.388428325
D198Q,0.393782383
D198R,0.309326425
D198S,0.650777202
D198T,0.397236615
D198V,0.063803764
D198W,0.165072284
D198Y,0.213174228
S199A,0.18668436
S199C,0.7075378179999999
S199D,0.939553177
S199E,0.249177836
S199F,0.083507272
S199G,0.137383217
S199H,0.6867012090000001
S199I,0.173592086
S199K,0.318307427
S199L,0.51568242
S199M,0.057075138
S199N,0.6602763389999999
S199P,0.063673707
S199Q,0.485492228
S199R,0.489291883
S199T,0.754231434
S199V,0.09900077
S199W,0.218825561
S199Y,0.253584722
P200A,0.648362619
P200C,0.103092873
P200D,0.671848014
P200E,0.456856765
P200F,0.4682680320000001
P200G,0.5497409329999999
P200H,0.844574478
P200I,0.628151986
P200K,0.593955095
P200L,0.932285957
P200M,0.978546031
P200N,0.62169831
P200Q,0.450604491
P200R,0.924157246
P200S,0.627979275
P200T,0.643133504
P200V,0.7135695009999999
P200W,0.791783067
P200Y,0.893601271
E201A,0.11943179
E201C,0.621416235
E201D,0.764939551
E201F,0.8877245509999999
E201G,0.901667185
E201H,0.691018998
E201I,0.115457652
E201K,0.445250432
E201L,0.6839289279999999
E201M,0.211385501
E201N,0.281865285
E201P,0.73626943
E201Q,0.3930915370000001
E201R,0.8850543009999999
E201S,0.978406712
E201T,0.7965457690000001
E201V,0.156521772
E201W,0.805409512
E201Y,0.185243262
S202A,0.7715163909999999
S202C,0.048685026
S202D,0.437132988
S202E,0.31944986
S202F,0.300172712
S202G,0.100851631
S202H,0.38134715
S202I,0.25716753
S202K,0.43402418
S202L,0.071060823
S202M,0.095261408
S202N,0.55164076
S202P,0.562949561
S202Q,0.440587219
S202R,0.182130169
S202T,0.55388601
S202V,0.031701257
S202W,0.195164076
S202Y,0.288428325
H203A,0.8345222870000001
H203C,0.287452641
H203D,0.205847205
H203E,0.214162349
H203F,0.42759414
H203G,0.034045846
H203I,0.086990305
H203K,0.116460067
H203L,0.271103149
H203M,0.544217604
H203N,0.788601036
H203P,0.314176859
H203Q,0.7861830740000001
H203R,0.053098118
H203S,0.784007259
H203T,0.7103626940000001
H203V,0.044078349
H203W,0.222747351
H203Y,0.595133268
V204A,0.704663212
V204C,0.41537133
V204D,0.498418871
V204E,0.721070812
V204F,0.713471503
V204G,0.300287724
V204H,0.67087632
V204I,0.093464876
V204K,0.489464594
V204L,0.12083013
V204M,0.676338515
V204N,0.5381692570000001
V204P,0.5381692570000001
V204Q,0.654058722
V204R,0.063104387
V204S,0.1760706889999999
V204T,0.916778922
V204W,0.356476684
V204Y,0.747841105
G205A,0.050672311
G205C,0.701036269
G205D,0.738341969
G205E,0.51761658
G205F,0.8430250970000001
G205H,0.342286496
G205I,0.366493955
G205K,0.423661485
G205L,0.696027634
G205M,0.052734161
G205N,0.653022453
G205P,0.6737768270000001
G205Q,0.758817678
G205R,0.769430052
G205S,0.781001727
G205T,0.617271157
G205V,0.263740694
G205W,0.923500562
G205Y,0.462867012
V206A,0.703520096
V206C,0.513126079
V206D,0.06535726
V206E,0.298791019
V206F,0.630051813
V206G,0.592400691
V206H,0.011398964
V206I,0.932124352
V206K,0.171157168
V206L,0.929360967
V206M,0.916244187
V206N,0.06788988
V206P,0.112953368
V206Q,0.296545769
V206R,0.035217353
V206S,0.567330617
V206T,0.6689119170000001
V206W,0.034431137
V206Y,0.215544041
A207C,0.341623489
A207D,0.175223953
A207E,0.042141623
A207F,0.004707783
A207G,0.127614018
A207H,0.038687392
A207I,0.039723661
A207K,0.014630852
A207L,0.011689944
A207M,0.039723661
A207N,0.014200404
A207P,0.042141623
A207Q,0.012821951
A207R,0.014305013
A207S,0.573402418
A207T,0.520027482
A207V,0.059318738
A207W,0.00534777
A207Y,0.012768147
W208A,0.850768422
W208C,0.6868739209999999
W208D,0.839723661
W208E,0.6232088379999999
W208F,0.526649563
W208G,0.099671203
W208H,0.751122625
W208I,0.847841105
W208K,0.82417962
W208L,0.6709084989999999
W208M,0.8402957129999999
W208N,0.832469775
W208P,0.8373056990000001
W208Q,0.80224525
W208R,0.557750147
W208S,0.177079601
W208T,0.847841105
W208V,0.668476859
W208Y,0.921526172
R209A,0.669098914
R209C,0.6960250020000001
R209D,0.044680104
R209E,0.824530902
R209F,0.302677288
R209G,0.686706452
R209H,0.877720207
R209I,0.71202421
R209K,0.8363096259999999
R209L,0.598942723
R209M,0.651014258
R209N,0.7195164079999999
R209P,0.033299518
R209Q,0.926697303
R209S,0.770792395
R209T,0.042829843
R209V,0.641722993
R209W,0.5461857210000001
R209Y,0.752572716
L210A,0.109671848
L210C,0.397987809
L210D,0.037993281
L210E,0.048364155
L210F,0.513554405
L210G,0.292400691
L210H,0.025036504
L210I,0.5939094629999999
L210K,0.8287037270000001
L210M,0.555613126
L210N,0.153926294
L210P,0.008117444
L210Q,0.20656304
L210R,0.028465582
L210S,0.109465684
L210T,0.267702936
L210V,0.278398564
L210W,0.037029329
L210Y,0.084022283
K211A,0.789464594
K211C,0.228476434
K211D,0.132388265
K211E,0.845595855
K211F,0.615467823
K211G,0.741968912
K211H,0.164873198
K211I,0.7580530529999999
K211L,0.679034445
K211M,0.967091477
K211N,0.964466213
K211P,0.689291883
K211Q,0.870984456
K211R,0.878929188
K211S,0.211276686
K211T,0.76701209
K211V,0.876304717
K211W,0.427462114
K211Y,0.346114069
N212A,0.053067503
N212C,0.8810604940000001
N212D,0.985521404
N212E,0.885191845
N212F,0.682336515
N212G,0.827741009
N212H,0.180038018
N212I,0.344323349
N212K,0.875302245
N212L,0.973134181
N212M,0.700662954
N212P,0.099797174
N212Q,0.788728691
N212R,0.933396264
N212S,0.979723086
N212T,0.935532708
N212V,0.7481401740000001
N212W,0.569566814
N212Y,0.164166658
E213A,0.776375633
E213C,0.624416196
E213D,0.826079447
E213F,0.7668817929999999
E213G,0.940748045
E213H,0.096460546
E213I,0.610779621
E213K,0.8093041259999999
E213L,0.54936364
E213M,0.836248597
E213N,0.848531952
E213P,0.389982729
E213Q,0.958721934
E213R,0.792533048
E213S,0.334793485
E213T,0.844845491
E213V,0.7876525129999999
E213W,0.090703191
E213Y,0.099776621
I214A,0.242199991
I214C,0.228371257
I214D,0.255094991
I214E,0.200518135
I214F,0.46853092
I214G,0.1754330589999999
I214H,0.108117444
I214K,0.071741424
I214L,0.4869108070000001
I214M,0.6918825559999999
I214N,0.261830743
I214P,0.171502591
I214Q,0.171502591
I214R,0.324352332
I214S,0.044597258
I214T,0.268288094
I214V,0.413577953
I214W,0.145558866
I214Y,0.302590674
P215A,0.4026724920000001
P215C,0.026339517
P215D,0.973529463
P215E,0.640932642
P215F,0.969479682
P215G,0.314680484
P215H,0.748129411
P215I,0.201564264
P215K,0.559930915
P215L,0.17786713
P215M,0.521154552
P215N,0.126727899
P215Q,0.5564766839999999
P215R,0.073966112
P215S,0.649640714
P215T,0.329188256
P215V,0.185327835
P215W,0.404360864
P215Y,0.574487587
N216A,0.360621762
N216C,0.906493828
N216D,0.8174438690000001
N216E,0.569948187
N216F,0.402812128
N216G,0.173673173
N216H,0.7927461140000001
N216I,0.26148532
N216K,0.6981001729999999
N216L,0.1756149189999999
N216M,0.025893238
N216P,0.271641542
N216Q,0.444556009
N216R,0.054594493
N216S,0.944805122
N216T,0.349913644
N216V,0.079202545
N216W,0.095447688
N216Y,0.5222797929999999
S217A,0.041541203
S217C,0.278735789
S217D,0.03341358
S217E,0.322970639
S217F,0.305008636
S217G,0.784124519
S217H,0.018777629
S217I,0.031584766
S217K,0.200345423
S217L,0.063521739
S217M,0.030823226
S217N,0.408117444
S217P,0.269084629
S217Q,0.249395509
S217R,0.029180209
S217T,0.6689119170000001
S217V,0.019580618
S217W,0.0033695
S217Y,0.131778929
H218A,0.074452013
H218C,0.903955291
H218D,0.100533054
H218E,0.10410862
H218F,0.966183896
H218G,0.033299589
H218I,0.842953273
H218K,0.356994819
H218L,0.6755945409999999
H218M,0.67806563
H218N,0.8830742659999999
H218P,0.125358528
H218Q,0.595336788
H218R,0.928970817
H218S,0.063061929
H218T,0.512262522
H218V,0.8175235270000001
H218W,0.76597582
H218Y,0.74616557
I219A,0.148653204
I219C,0.041888615
I219D,0.026597582
I219E,0.107081174
I219F,0.24116311
I219G,0.02004
I219H,0.095509499
I219K,0.026710695
I219L,0.731587977
I219M,0.6787564770000001
I219N,0.339994076
I219P,0.01609873
I219Q,0.0314223229999999
I219R,0.051750439
I219S,0.2956314
I219T,0.440781699
I219V,0.615398487
I219W,0.0708127529999999
I219Y,0.278929188
L220A,0.122392372
L220C,0.116427129
L220D,0.000398839
L220E,0.005482925
L220F,0.106417859
L220G,0.008775203
L220H,0.002626087
L220I,0.033366424
L220K,0.020040017
L220M,0.354404145
L220N,0.001798824
L220P,0.024654016
L220Q,0.072558525
L220R,0.042368334
L220S,0.0809149159999999
L220T,0.073953817
L220V,0.044040525
L220W,0.021538404
L220Y,0.116407599
D221A,0.050340357
D221C,0.421003698
D221E,0.541623489
D221F,0.714048184
D221G,0.612902725
D221H,0.30997695
D221I,0.025264753
D221K,0.191882556
D221L,0.129639122
D221M,0.027573865
D221N,0.769883133
D221P,0.098002306
D221Q,0.168483813
D221R,0.049346045
D221S,0.022481727
D221T,0.265068543
D221V,0.048748573
D221W,0.054130888
D221Y,0.925410518
Q222A,0.012039624
Q222C,0.005660243
Q222D,0.067184801
Q222E,0.228670121
Q222F,0.003725491
Q222G,0.010848866
Q222H,0.06373057
Q222I,0.038348024
Q222K,0.168739206
Q222L,0.009281875
Q222M,0.048984312
Q222N,0.070639033
Q222P,0.038687392
Q222R,0.035338775
Q222S,0.061601864
Q222T,0.041105354
Q222V,0.072117804
Q222W,0.008616
Q222Y,0.010752672
Y223A,0.0125517539999999
Y223C,0.245595855
Y223D,0.034750962
Y223E,0.137651123
Y223F,0.5253749679999999
Y223G,0.0
Y223H,0.015388512
Y223I,0.061590604
Y223K,0.022797927
Y223L,0.127366388
Y223M,0.369644561
Y223N,0.007076561
Y223P,0.004283014
Y223Q,0.035060449
Y223R,0.024352332
Y223S,0.004276835
Y223T,0.183074266
Y223V,0.021303138
Y223W,0.027915088
R224A,0.8127873590000001
R224C,0.8111367559999999
R224D,0.130219006
R224E,0.76925734
R224F,0.047214913
R224G,0.7786547359999999
R224H,0.843649251
R224I,0.566321244
R224K,0.8784110540000001
R224L,0.193854637
R224M,0.54283247
R224N,0.71208981
R224P,0.428842832
R224Q,0.716234888
R224S,0.065593253
R224T,0.76925734
R224V,0.540414508
R224W,0.07927304
R224Y,0.045926477
N225A,0.429879102
N225C,0.0140455439999999
N225D,0.045156085
N225E,0.024036678
N225F,0.001060993
N225G,0.033430089
N225H,0.114571625
N225I,0.22656668
N225K,0.424697755
N225L,0.011738057
N225M,0.203916726
N225P,0.003180274
N225Q,0.109499136
N225R,0.030806181
N225S,0.536593442
N225T,0.7430824509999999
N225V,0.079515867
N225W,0.0
N225Y,0.007754847
A226C,0.612780656
A226D,0.7355785840000001
A226E,0.72193437
A226F,0.046591669
A226G,0.441704328
A226H,0.463903282
A226I,0.941867841
A226K,0.7355785840000001
A226L,0.170065426
A226M,0.7355785840000001
A226N,0.738341969
A226P,0.730569948
A226Q,0.7257340240000001
A226R,0.7355785840000001
A226S,0.7896373059999999
A226T,0.729401394
A226V,0.744386874
A226W,0.528151986
A226Y,0.668566494
S227A,0.896993475
S227C,0.8460535459999999
S227D,0.732642487
S227E,0.7373056990000001
S227F,0.764075993
S227G,0.127850458
S227H,0.675993092
S227I,0.055648982
S227K,0.734369603
S227L,0.08607623
S227M,0.7040210579999999
S227N,0.894075003
S227P,0.646804836
S227Q,0.669602763
S227R,0.549674391
S227T,0.898445596
S227V,0.049053871
S227W,0.05958464
S227Y,0.763772673
N228A,0.146632124
N228C,0.199963083
N228D,0.037123639
N228E,0.064075993
N228F,0.029015544
N228G,0.064075993
N228H,0.0898100169999999
N228I,0.027862009
N228K,0.088773748
N228L,0.022598152
N228M,0.0838288
N228P,0.015744578
N228Q,0.088773748
N228R,0.023776176
N228S,0.123220727
N228T,0.088773748
N228V,0.022477296
N228W,0.022970639
N228Y,0.049395509
P229A,0.075586224
P229C,0.214680484
P229D,0.317271157
P229E,0.327979275
P229F,0.1698387
P229G,0.293091537
P229H,0.037392762
P229I,0.293091537
P229K,0.237996546
P229L,0.463682054
P229M,0.225215889
P229N,0.216753022
P229Q,0.237996546
P229R,0.233851468
P229S,0.330569948
P229T,0.327806563
P229V,0.313471503
P229W,0.208290155
P229Y,0.216753022
L230A,0.359585165
L230C,0.749800362
L230D,0.635405872
L230E,0.6414507770000001
L230F,0.969141022
L230G,0.053822841
L230H,0.221416235
L230I,0.8341968909999999
L230K,0.708462867
L230M,0.990846287
L230N,0.890876537
L230P,0.224525043
L230Q,0.595336788
L230R,0.111895739
L230S,0.637905359
L230T,0.622452504
L230V,0.8511598109999999
L230W,0.197409326
L230Y,0.881587778
A231C,0.77855239
A231D,0.703108808
A231E,0.055903422
A231F,0.45240437
A231G,0.858894646
A231H,0.778739015
A231I,0.751715899
A231K,0.455440415
A231L,0.398026143
A231M,0.634548952
A231N,0.147747417
A231P,0.598791019
A231Q,0.47806563
A231R,0.07560708
A231S,0.297114976
A231T,0.817963665
A231V,0.891973275
A231W,0.063152243
A231Y,0.481930646
H232A,0.096891192
H232C,0.012765386
H232D,0.096891192
H232E,0.101554404
H232F,0.186621213
H232G,0.069775475
H232I,0.176511226
H232K,0.122107081
H232L,0.258131124
H232M,0.086183074
H232N,0.353540587
H232P,0.035263184
H232Q,0.126252159
H232R,0.167209587
H232S,0.202763385
H232T,0.096891192
H232V,0.069775475
H232W,0.102337518
H232Y,0.433547861
Y233A,0.008454807
Y233C,0.061145728
Y233D,0.003307361
Y233E,0.021506442
Y233F,0.8065487309999999
Y233G,0.011132803
Y233H,0.727948333
Y233I,0.014920988
Y233K,0.032868456
Y233L,0.093475789
Y233M,0.012279215
Y233N,0.5564172629999999
Y233P,0.001498286
Y233Q,0.011115132
Y233R,0.004803066
Y233S,0.036174095
Y233T,0.024352332
Y233V,0.015854392
Y233W,0.817934175
D234A,0.895108488
D234C,0.048909802
D234E,0.740069085
D234F,0.45095732
D234G,0.6367630670000001
D234H,0.092861899
D234I,0.037672051
D234K,0.373747841
D234L,0.981347405
D234M,0.807753053
D234N,0.8805978529999999
D234P,0.046795261
D234Q,0.373747841
D234R,0.357905864
D234S,0.693023191
D234T,0.259585492
D234V,0.080676958
D234W,0.090337546
D234Y,0.864992118
T235A,0.681852127
T235C,0.976490234
T235D,0.74827443
T235E,0.82600947
T235F,0.94620645
T235G,0.7817411470000001
T235H,0.063716005
T235I,0.8116878129999999
T235K,0.72193437
T235L,0.782450381
T235M,0.708654322
T235N,0.839265425
T235P,0.095060413
T235Q,0.800588327
T235R,0.072101645
T235S,0.957276287
T235V,0.261042718
T235W,0.7708117440000001
T235Y,0.904923309
T236A,0.135409829
T236C,0.207865324
T236D,0.0866116109999999
T236E,0.166118585
T236F,0.862917403
T236G,0.314162349
T236H,0.355838302
T236I,0.923157567
T236K,0.430915371
T236L,0.72497509
T236M,0.8904266809999999
T236N,0.84947113
T236P,0.269880501
T236Q,0.044732297
T236R,0.049607846
T236S,0.592400691
T236V,0.040067816
T236W,0.046935325
T236Y,0.023720467
A237C,0.845985392
A237D,0.450604491
A237E,0.3639032820000001
A237F,0.156895653
A237G,0.933485757
A237H,0.315544041
A237I,0.028094327
A237K,0.142141623
A237L,0.068983395
A237M,0.13955095
A237N,0.369601546
A237P,0.3639032820000001
A237Q,0.3639032820000001
A237R,0.042494433
A237S,0.569499954
A237T,0.908593562
A237V,0.934019206
A237W,0.02966376
A237Y,0.280591487
D238A,0.750777202
D238C,0.612859113
D238E,0.767875648
D238F,0.734659988
D238G,0.7309153709999999
D238H,0.7262521590000001
D238I,0.55421558
D238K,0.75716753
D238L,0.036786714
D238M,0.761830743
D238N,0.7531951640000001
D238P,0.7746113990000001
D238Q,0.104268485
D238R,0.819823715
D238S,0.88139445
D238T,0.7844559590000001
D238V,0.748531952
D238W,0.6984455959999999
D238Y,0.707426598
E239A,0.425043178
E239C,0.199827288
E239D,0.735060449
E239F,0.141116196
E239G,0.757760607
E239H,0.242141623
E239I,0.210362694
E239K,0.673747841
E239L,0.113503048
E239M,0.210362694
E239N,0.465803109
E239P,0.231606218
E239Q,0.735060449
E239R,0.470639033
E239S,0.40131513
E239T,0.23402418
E239V,0.122367808
E239W,0.204317789
E239Y,0.402763385
I240A,0.039723661
I240C,0.01149376
I240D,0.003626943
I240E,0.009671848
I240F,0.165284974
I240G,0.000953316
I240H,0.009671848
I240K,0.009671848
I240L,0.060647533
I240M,0.330224525
I240N,0.009671848
I240P,0.003126103
I240Q,0.009671848
I240R,0.005094776
I240S,0.014507772
I240T,0.042141623
I240V,0.350949914
I240W,0.00347955
I240Y,0.039723661
L241A,0.890232177
L241C,0.408427161
L241D,0.197855035
L241E,0.09778342
L241F,0.8051269240000001
L241G,0.450731673
L241H,0.449050086
L241I,0.0698033909999999
L241K,0.227742496
L241M,0.9208981
L241N,0.090673575
L241P,0.044587678
L241Q,0.29447323
L241R,0.7823946820000001
L241S,0.148455383
L241T,0.457442673
L241V,0.949154865
L241W,0.848958781
L241Y,0.826023249
Q242A,0.269736959
Q242C,0.8944377029999999
Q242D,0.871848014
Q242E,0.95164076
Q242F,0.5632792560000001
Q242G,0.874418919
Q242H,0.881865285
Q242I,0.835875488
Q242K,0.962348877
Q242L,0.896857784
Q242M,0.8536531490000001
Q242N,0.976165803
Q242P,0.258220885
Q242R,0.8399728609999999
Q242S,0.869900345
Q242T,0.772020725
Q242V,0.77987163
Q242W,0.271498566
Q242Y,0.809754289
Q243A,0.53430184
Q243C,0.405439905
Q243D,0.822799143
Q243E,0.488601036
Q243F,0.406390328
Q243G,0.054561177
Q243H,0.656649396
Q243I,0.105704058
Q243K,0.795509499
Q243L,0.868634547
Q243M,0.457300381
Q243N,0.36373057
Q243P,0.208080147
Q243R,0.717271157
Q243S,0.342822343
Q243T,0.926106593
Q243V,0.450395354
Q243W,0.290214701
Q243Y,0.458376511
C244A,0.051582789
C244D,0.011310665
C244E,0.022970639
C244F,0.150949914
C244G,0.097385468
C244H,0.281692573
C244I,0.165457686
C244K,0.00603281
C244L,0.221195163
C244M,0.337996546
C244N,0.095459662
C244P,0.288082902
C244Q,0.220207254
C244R,0.281692573
C244S,0.047867238
C244T,0.22175214
C244V,0.853362622
C244W,0.220207254
C244Y,0.029015544
D245A,0.060602246
D245C,0.93177417
D245E,0.845250432
D245F,0.5430051810000001
D245G,0.867366925
D245H,0.659930915
D245I,0.612953368
D245K,0.099869559
D245L,0.071740809
D245M,0.5803108810000001
D245N,0.8317789290000001
D245P,0.701208981
D245Q,0.8231219479999999
D245R,0.064831912
D245S,0.7271337379999999
D245T,0.349020447
D245V,0.6009949529999999
D245W,0.086228184
D245Y,0.588255613
G246A,0.061951859
G246C,0.068761776
G246D,0.31208981
G246E,0.293782383
G246F,0.067792201
G246H,0.284110535
G246I,0.27357513
G246K,0.694105337
G246L,0.163634696
G246M,0.282037997
G246N,0.0625084509999999
G246P,0.440587219
G246Q,0.299136442
G246R,0.937520713
G246S,0.553981844
G246T,0.7811220870000001
G246V,0.208290155
G246W,0.195164076
G246Y,0.125776708
K247A,0.837492817
K247C,0.794797214
K247D,0.04767897
K247E,0.635405872
K247F,0.044958379
K247G,0.510801573
K247H,0.809511768
K247I,0.8812075340000001
K247L,0.766047227
K247M,0.963265809
K247N,0.969430052
K247P,0.458376511
K247Q,0.962269482
K247R,0.870595265
K247S,0.044222368
K247T,0.86044905
K247V,0.165812751
K247W,0.565934962
K247Y,0.380829016
L248A,0.380460916
L248C,0.891778994
L248D,0.049095986
L248E,0.04173739
L248F,0.931765222
L248G,0.038809482
L248H,0.180310881
L248I,0.881773377
L248K,0.266321244
L248M,0.959652209
L248N,0.030400603
L248P,0.323834197
L248Q,0.653713299
L248R,0.05163651
L248S,0.07421674
L248T,0.762517111
L248V,0.915170352
L248W,0.030256915
L248Y,0.053900603
D249A,0.840752407
D249C,0.037880907
D249E,0.339032815
D249F,0.033897176
D249G,0.8304062590000001
D249H,0.329188256
D249I,0.0
D249K,0.963788816
D249L,0.056658278
D249M,0.006044905
D249N,0.122367008
D249P,0.027806563
D249Q,0.283765112
D249R,0.260794473
D249S,0.355440415
D249T,0.371329879
D249V,0.03743435
D249W,0.054757548
D249Y,0.091858056
M250A,0.069923863
M250C,0.038341969
M250D,0.00984456
M250E,0.00558191
M250F,0.248186528
M250G,0.043791318
M250H,0.02970639
M250I,0.686676609
M250K,0.450604491
M250L,0.97185869
M250N,0.01433506
M250P,0.009768313
M250Q,0.042141623
M250R,0.055058816
M250S,0.024465237
M250T,0.1685570039999999
M250V,0.084915834
M250W,0.012051325
M250Y,0.144559585
L251A,0.657719133
L251C,0.544732297
L251D,0.046923483
L251E,0.231778929
L251F,0.298065967
L251G,0.059236289
L251H,0.231778929
L251I,0.954047113
L251K,0.095733455
L251M,0.8208981
L251N,0.012780656
L251P,0.012780656
L251Q,0.09775475
L251R,0.031572492
L251S,0.047082725
L251T,0.126623739
L251V,0.76637587
L251W,0.042293896
L251Y,0.499022041
V252A,0.8715025909999999
V252C,0.55492228
V252D,0.7225465590000001
V252E,0.484974093
V252F,0.684283247
V252G,0.485146805
V252H,0.482210708
V252I,0.902763385
V252K,0.482210708
V252L,0.915198618
V252M,0.81865285
V252N,0.482210708
V252P,0.482210708
V252Q,0.484974093
V252R,0.482210708
V252S,0.484974093
V252T,0.7355785840000001
V252W,0.482210708
V252Y,0.542141623
A253C,0.8248704659999999
A253D,0.699654577
A253E,0.586425822
A253F,0.305774477
A253G,0.8050700820000001
A253H,0.579447323
A253I,0.0665912479999999
A253K,0.207253886
A253L,0.820660594
A253M,0.322452504
A253N,0.50656304
A253P,0.0741056609999999
A253Q,0.668134545
A253R,0.094131565
A253S,0.490311816
A253T,0.926300961
A253V,0.80340094
A253W,0.055539992
A253Y,0.245941278
S254A,0.145593135
S254C,0.943060776
S254D,0.044463299
S254E,0.056862114
S254F,0.096764089
S254G,0.239049872
S254H,0.507253886
S254I,0.250011948
S254K,0.695164076
S254L,0.3519861829999999
S254M,0.171840836
S254N,0.8715025909999999
S254P,0.980640259
S254Q,0.334542314
S254R,0.33966449
S254T,0.7024838390000001
S254V,0.918622067
S254W,0.145882639
S254Y,0.048337509
V255A,0.330663123
V255C,0.809402878
V255D,0.180130789
V255E,0.629360967
V255F,0.059076335
V255G,0.45496044
V255H,0.061316553
V255I,0.364278177
V255K,0.065410107
V255L,0.60510714
V255M,0.7806563040000001
V255N,0.470639033
V255P,0.328427362
V255Q,0.471502591
V255R,0.057486368
V255S,0.050414493
V255T,0.776130392
V255W,0.06935252
V255Y,0.104497558
G256A,0.026842664
G256C,0.002087904
G256D,0.040414508
G256E,0.035307839
G256F,0.013425463
G256H,0.023143351
G256I,0.014853195
G256K,0.036787565
G256L,0.014326272
G256M,0.0208981
G256N,0.053394952
G256P,0.023143351
G256Q,0.041278066
G256R,0.0073571769999999
G256S,0.057135991
G256T,0.020310358
G256V,0.001411326
G256W,0.00296704
G256Y,0.014853195
T257A,0.5729425220000001
T257C,0.108279065
T257D,0.0163378039999999
T257E,0.069519647
T257F,0.008738881
T257G,0.055159993
T257H,0.038860104
T257I,0.01034985
T257K,0.04283247
T257L,0.054477947
T257M,0.04283247
T257N,0.070639033
T257P,0.012270335
T257Q,0.044732297
T257R,0.042314335
T257S,0.479135582
T257V,0.032711204
T257W,0.00984456
T257Y,0.006097266
G258A,0.045414154
G258C,0.0842832469999999
G258D,0.042314335
G258E,0.086248481
G258F,0.024842929
G258H,0.011917098
G258I,0.035680327
G258K,0.058031088
G258L,0.000457354
G258M,0.003721935
G258N,0.058526117
G258P,0.011917098
G258Q,0.030051813
G258R,0.001826145
G258S,0.044732297
G258T,0.01938488
G258V,0.0073293419999999
G258W,0.003060261
G258Y,0.003626943
G259A,0.290755778
G259C,0.00123543
G259D,0.012915827
G259E,0.113816926
G259F,0.0
G259H,0.002298951
G259I,0.0
G259K,0.137305699
G259L,0.0
G259M,0.006044905
G259N,0.009571896
G259P,0.008117444
G259Q,0.02642487
G259R,0.008117444
G259S,0.041105354
G259T,0.012693548
G259V,0.043051444
G259W,0.008117444
G259Y,0.004598886
T260A,0.652655381
T260C,0.77956314
T260D,0.072236256
T260E,0.018847507
T260F,0.039153391
T260G,0.437749659
T260H,0.930277769
T260I,0.780221974
T260K,0.04777629
T260L,0.149758306
T260M,0.199973632
T260N,0.182982455
T260P,0.039280152
T260Q,0.044732297
T260R,0.302936097
T260S,0.838048899
T260V,0.493083316
T260W,0.199481865
T260Y,0.010218816
I261A,0.841194342
I261C,0.92139156
I261D,0.049050086
I261E,0.072627205
I261F,0.289183405
I261G,0.081500627
I261H,0.245595855
I261K,0.332297064
I261L,0.48718787
I261M,0.953320016
I261N,0.027074224
I261P,0.010812647
I261Q,0.029997908
I261R,0.028306922
I261S,0.047803631
I261T,0.8734960629999999
I261V,0.948521359
I261W,0.070467012
I261Y,0.138341969
T262A,0.970347711
T262C,0.677577942
T262D,0.033747731
T262E,0.046421557
T262F,0.034267927
T262G,0.55391926
T262H,0.77580735
T262I,0.198206663
T262K,0.265457686
T262L,0.022499478
T262M,0.509326425
T262N,0.6819257009999999
T262P,0.04893374
T262Q,0.043868739
T262R,0.024313056
T262S,0.925750332
T262V,0.8004376129999999
T262W,0.104414333
T262Y,0.0054378469999999
G263A,0.011522662
G263C,0.001390926
G263D,0.011415422
G263E,0.003446707
G263F,0.025228893
G263H,0.044727929
G263I,0.000668304
G263K,0.016198216
G263L,0.000598596
G263M,0.002717625
G263N,0.010545808
G263P,0.033199141
G263Q,0.02642487
G263R,0.003086151
G263S,0.007437426
G263T,0.048295538
G263V,0.044766964
G263W,0.032180009
G263Y,0.004005568
I264A,0.10979917
I264C,0.867862549
I264D,0.030789607
I264E,0.022970639
I264F,0.763385147
I264G,0.03734441
I264H,0.349774547
I264K,0.241623489
I264L,0.856880231
I264M,0.931260794
I264N,0.915214826
I264P,0.022970639
I264Q,0.022970639
I264R,0.245744437
I264S,0.078670543
I264T,0.821602985
I264V,0.993535041
I264W,0.022970639
I264Y,0.157822517
A265C,0.053675306
A265D,0.038636788
A265E,0.488255613
A265F,0.02475715
A265G,0.8663212440000001
A265H,0.394300518
A265I,0.457858377
A265K,0.5772020729999999
A265L,0.111491726
A265M,0.536936857
A265N,0.60224525
A265P,0.488255613
A265Q,0.488255613
A265R,0.321416235
A265S,0.852482801
A265T,0.92266679
A265V,0.8894065840000001
A265W,0.312375227
A265Y,0.408077285
R266A,0.938224998
R266C,0.4260056820000001
R266D,0.413126079
R266E,0.443364764
R266F,0.584615277
R266G,0.41902519
R266H,0.743696028
R266I,0.772784954
R266K,0.918082294
R266L,0.054118612
R266M,0.412262522
R266N,0.647841105
R266P,0.12073654
R266Q,0.5576534910000001
R266S,0.583060471
R266T,0.450604491
R266V,0.790746123
R266W,0.4417962
R266Y,0.7282925090000001
K267A,0.967273538
K267C,0.82328022
K267D,0.4633851470000001
K267E,0.691364421
K267F,0.80261621
K267G,0.8304310359999999
K267H,0.4758696570000001
K267I,0.918346386
K267L,0.957396028
K267M,0.810019684
K267N,0.6084628670000001
K267P,0.032275549
K267Q,0.886087465
K267R,0.604477594
K267S,0.108481986
K267T,0.451468048
K267V,0.778890573
K267W,0.607413523
K267Y,0.36928664
L268A,0.131778929
L268C,0.058721934
L268D,0.002072539
L268E,0.009671848
L268F,0.483937824
L268G,0.00064693
L268H,0.003340792
L268I,0.6728842829999999
L268K,0.084110535
L268M,0.41208981
L268N,0.009671848
L268P,0.009671848
L268Q,0.036442142
L268R,0.009671848
L268S,0.002874371
L268T,0.131778929
L268V,0.511398964
L268W,0.014507772
L268Y,0.0867023919999999
K269A,0.553175552
K269C,0.8557665879999999
K269D,0.061726163
K269E,0.199481865
K269F,0.071848014
K269G,0.096891192
K269H,0.329533679
K269I,0.1487934169999999
K269L,0.180238331
K269M,0.450604491
K269N,0.428151986
K269P,0.025903471
K269Q,0.592400691
K269R,0.8742659759999999
K269S,0.102590674
K269T,0.4633851470000001
K269V,0.0644276709999999
K269W,0.253360836
K269Y,0.0868739209999999
E270A,0.766066925
E270C,0.287706505
E270D,0.865457686
E270F,0.714168095
E270G,0.325561313
E270H,0.140069085
E270I,0.054781752
E270K,0.87357513
E270L,0.736035929
E270M,0.239377422
E270N,0.150272071
E270P,0.193955095
E270Q,0.877720207
E270R,0.10177411
E270S,0.208366961
E270T,0.277317101
E270V,0.8324636390000001
E270W,0.245919601
E270Y,0.695601384
K271A,0.771347315
K271C,0.771659477
K271D,0.114468352
K271E,0.944905009
K271F,0.889995225
K271G,0.196770464
K271H,0.8622845290000001
K271I,0.8473437690000001
K271L,0.763407086
K271M,0.782577702
K271N,0.956994819
K271P,0.215443732
K271Q,0.8340797059999999
K271R,0.948111757
K271S,0.969027792
K271T,0.893237059
K271V,0.796773299
K271W,0.347788847
K271Y,0.6252234839999999
C272A,0.988555782
C272D,0.74457893
C272E,0.6552677029999999
C272F,0.826720582
C272G,0.657987598
C272H,0.7412270040000001
C272I,0.436149788
C272K,0.040314429
C272L,0.805394672
C272M,0.7982461209999999
C272N,0.127039341
C272P,0.627115717
C272Q,0.6908462870000001
C272R,0.714507772
C272S,0.919951469
C272T,0.731104075
C272V,0.880091755
C272W,0.829567105
C272Y,0.723863495
P273A,0.261724098
P273C,0.8565060179999999
P273D,0.422279793
P273E,0.530203949
P273F,0.090713471
P273G,0.726368391
P273H,0.621416235
P273I,0.415716753
P273K,0.955710117
P273L,0.936957289
P273M,0.852081759
P273N,0.235286995
P273Q,0.565803109
P273R,0.622971529
P273S,0.7992773
P273T,0.138379926
P273V,0.759825845
P273W,0.899381113
P273Y,0.04118081
G274A,0.7960675290000001
G274C,0.071033948
G274D,0.735924007
G274E,0.745423143
G274F,0.838802998
G274H,0.787392055
G274I,0.802417962
G274K,0.7701208979999999
G274L,0.573856559
G274M,0.764298227
G274N,0.735924007
G274P,0.282181262
G274Q,0.791709845
G274R,0.922216584
G274S,0.359814504
G274T,0.075433896
G274V,0.182715513
G274W,0.923969818
G274Y,0.802417962
C275A,0.72476182
C275D,0.007253886
C275E,0.041587395
C275F,0.543586735
C275G,0.298768903
C275H,0.028324474
C275I,0.901320687
C275K,0.011398964
C275L,0.365051441
C275M,0.708813371
C275N,0.060730118
C275P,0.045595764
C275Q,0.134554027
C275R,0.207656988
C275S,0.8598361870000001
C275T,0.069131868
C275V,0.829784725
C275W,0.449050086
C275Y,0.023221464
R276A,0.847606168
R276C,0.7599108259999999
R276D,0.097634463
R276E,0.311479585
R276F,0.729732273
R276G,0.080205729
R276H,0.83626943
R276I,0.657425812
R276K,0.767875648
R276L,0.966804491
R276M,0.748186528
R276N,0.888429147
R276P,0.734196891
R276Q,0.189003953
R276S,0.095543005
R276T,0.783765112
R276V,0.860470162
R276W,0.865284974
R276Y,0.746632124
I277A,0.034604271
I277C,0.509489474
I277D,0.003626943
I277E,0.004040387
I277F,0.665457686
I277G,0.02374861
I277H,0.009671848
I277K,0.081001727
I277L,0.196166681
I277M,0.555613126
I277N,0.074912411
I277P,0.009671848
I277Q,0.009671848
I277R,0.002788677
I277S,0.07075127
I277T,0.654404145
I277V,0.871079396
I277W,0.009671848
I277Y,0.05492228
I278A,0.408462867
I278C,0.052327911
I278D,0.104110248
I278E,0.218825561
I278F,0.435924007
I278G,0.201727116
I278H,0.101208981
I278K,0.198854333
I278L,0.207773377
I278M,0.7211148279999999
I278N,0.013298791
I278P,0.218825561
I278Q,0.108117444
I278R,0.017469245
I278S,0.13018585
I278T,0.065138368
I278V,0.181282875
I278W,0.1296986869999999
I278Y,0.55039224
G279A,0.61537133
G279C,0.484036893
G279D,0.598664803
G279E,0.221761658
G279F,0.117953186
G279H,0.0661677909999999
G279I,0.005699482
G279K,0.245595855
G279L,0.049342044
G279M,0.011917098
G279N,0.064556788
G279P,0.013298791
G279Q,0.031606218
G279R,0.144711259
G279S,0.46093655
G279T,0.071255086
G279V,0.708583277
G279W,0.434542314
G279Y,0.001745548
V280A,0.089137108
V280C,0.290846287
V280D,0.358376511
V280E,0.500172712
V280F,0.5378657139999999
V280G,0.7567405759999999
V280H,0.011398964
V280I,0.484801382
V280K,0.014969921
V280L,0.117827992
V280M,0.469430052
V280N,0.011398964
V280P,0.097710133
V280Q,0.500172712
V280R,0.013897475
V280S,0.947310955
V280T,0.764075993
V280W,0.039939903
V280Y,0.233429662
D281A,0.069336654
D281C,0.006524841
D281E,0.347150259
D281F,0.002032863
D281G,0.021981447
D281H,0.042314335
D281I,0.000484625
D281K,0.064075993
D281L,0.04394661
D281M,0.007772021
D281N,0.145423143
D281P,0.02970639
D281Q,0.084801382
D281R,0.094688858
D281S,0.084801382
D281T,0.02736345
D281V,0.000886352
D281W,0.010346979
D281Y,0.009671848
P282A,0.08761837
P282C,0.093029513
P282D,0.450604491
P282E,0.450604491
P282F,0.142450501
P282G,0.400690846
P282H,0.5125869000000001
P282I,0.217541067
P282K,0.243696028
P282L,0.065222197
P282M,0.861264322
P282N,0.445768566
P282Q,0.04283247
P282R,0.064471388
P282S,0.524195772
P282T,0.231606218
P282V,0.70558954
P282W,0.041387767
P282Y,0.414162349
E283A,0.72193437
E283C,0.388773748
E283D,0.7528497409999999
E283F,0.233765369
E283G,0.427806563
E283H,0.6742659759999999
E283I,0.6248704660000001
E283K,0.799761877
E283L,0.070438425
E283M,0.090904186
E283N,0.7257340240000001
E283P,0.59015544
E283Q,0.74611399
E283R,0.094352834
E283S,0.668221071
E283T,0.608635579
E283V,0.748013817
E283W,0.057460276
E283Y,0.7234887740000001
G284A,0.3404145079999999
G284C,0.971196241
G284D,0.282266111
G284E,0.218825561
G284F,0.0704328479999999
G284H,0.008117444
G284I,0.0008210439999999
G284K,0.235924007
G284L,0.05227085
G284M,0.0334143379999999
G284N,0.469602763
G284P,0.096027634
G284Q,0.016464323
G284R,0.395509499
G284S,0.52127682
G284T,0.158297068
G284V,0.256665572
G284W,0.447841105
G284Y,0.030967581
S285A,0.22193437
S285C,0.016102996
S285D,0.118998273
S285E,0.118998273
S285F,0.02642487
S285G,0.118998273
S285H,0.042141623
S285I,0.006467838
S285K,0.118998273
S285L,0.00230333
S285M,0.039723661
S285N,0.22193437
S285P,0.042141623
S285Q,0.118998273
S285R,0.042141623
S285T,0.22193437
S285V,0.008912027
S285W,0.009671848
S285Y,0.027806563
I286A,0.693955095
I286C,0.208200752
I286D,0.7231433509999999
I286E,0.6773747840000001
I286F,0.518172425
I286G,0.555613126
I286H,0.528151986
I286K,0.739378238
I286L,0.944214162
I286M,0.767702936
I286N,0.549395509
I286P,0.528151986
I286Q,0.573920553
I286R,0.583074266
I286S,0.658894646
I286T,0.974753713
I286V,0.938900411
I286W,0.40984456
I286Y,0.628842832
L287A,0.276165803
L287C,0.183937824
L287D,0.057070161
L287E,0.141968912
L287F,0.142012399
L287G,0.139378238
L287H,0.305135784
L287I,0.511571675
L287K,0.214680484
L287M,0.350604491
L287N,0.051144115
L287P,0.048905907
L287Q,0.169084629
L287R,0.147668394
L287S,0.145423143
L287T,0.213644214
L287V,0.078794746
L287W,0.148531952
L287Y,0.039478982
A288C,0.030037114
A288D,0.014318438
A288E,0.299243137
A288F,0.0871457919999999
A288G,0.597582038
A288H,0.143177893
A288I,0.292227979
A288K,0.179447323
A288L,0.134584286
A288M,0.184283247
A288N,0.1437629809999999
A288P,0.151295337
A288Q,0.151295337
A288R,0.17253886
A288S,0.111577031
A288T,0.02750248
A288V,0.05936789
A288W,0.147668394
A288Y,0.229015544
E289A,0.907081174
E289C,0.697063903
E289D,1.0
E289F,0.478555434
E289G,0.823661485
E289H,0.7568221070000001
E289I,0.7473229709999999
E289K,0.998791019
E289L,0.946254226
E289M,0.8157465490000001
E289N,0.945451198
E289P,0.745768566
E289Q,0.966493955
E289R,0.83298791
E289S,0.840414508
E289T,0.7462867009999999
E289V,0.908635579
E289W,0.235941487
E289Y,0.906044905
P290A,0.597288922
P290C,0.439731564
P290D,0.062420899
P290E,0.305699482
P290F,0.051213222
P290G,0.7119170979999999
P290H,0.472833412
P290I,0.316407599
P290K,0.33074266
P290L,0.5430051810000001
P290M,0.3582038
P290N,0.291097298
P290Q,0.264075993
P290R,0.261830743
P290S,0.681289932
P290T,0.6145077720000001
P290V,0.621588946
P290W,0.213816926
P290Y,0.316225355
E291A,0.933322323
E291C,0.081607414
E291D,0.985492228
E291F,0.390225462
E291G,0.776165313
E291H,0.0528375709999999
E291I,0.40099827
E291K,0.932030245
E291L,0.952754109
E291M,0.876086116
E291N,0.90880829
E291P,0.7530224529999999
E291Q,0.99671848
E291R,0.8129822729999999
E291S,0.7877374779999999
E291T,0.901305296
E291V,0.875488443
E291W,0.8657949779999999
E291Y,0.923872494
E292A,0.8020725390000001
E292C,0.33307774
E292D,0.962493137
E292F,0.569748634
E292G,0.906022446
E292H,0.119450027
E292I,0.912278986
E292K,0.820435093
E292L,0.610206689
E292M,0.0714040609999999
E292N,0.898387884
E292P,0.130228414
E292Q,0.962521589
E292R,0.957129023
E292S,0.7347150259999999
E292T,0.7259067359999999
E292V,0.970847314
E292W,0.588255613
E292Y,0.361897875
L293A,0.804145078
L293C,0.116925734
L293D,0.088986576
L293E,0.129959304
L293F,0.196604457
L293G,0.046595543
L293H,0.946901037
L293I,0.092955016
L293K,0.490328152
L293M,0.803108808
L293N,0.810767421
L293P,0.087201247
L293Q,0.397927461
L293R,0.7599865159999999
L293S,0.149562745
L293T,0.6808290159999999
L293V,0.532094038
L293W,0.761523009
L293Y,0.555939858
N294A,0.250414634
N294C,0.5374191620000001
N294D,0.090198295
N294E,0.414851035
N294F,0.455326114
N294G,0.337823731
N294H,0.397409326
N294I,0.24250171
N294K,0.167530225
N294L,0.540698355
N294M,0.174314035
N294P,0.552331606
N294Q,0.324870466
N294R,0.362889832
N294S,0.5265268670000001
N294T,0.054823294
N294V,0.1409699569999999
N294W,0.407258683
N294Y,0.579068546
Q295A,0.9809605
Q295C,0.983489836
Q295D,0.207979568
Q295E,0.950949914
Q295F,0.7726154209999999
Q295G,0.942975646
Q295H,0.884110535
Q295I,0.8276528809999999
Q295K,0.832469775
Q295L,0.8925114259999999
Q295M,0.82802781
Q295N,0.882246993
Q295P,0.159524819
Q295R,0.962366988
Q295S,0.952902236
Q295T,0.472106336
Q295V,0.901504318
Q295W,0.929295038
Q295Y,0.8197719290000001
T296A,0.886319463
T296C,0.778026654
T296D,0.8729657940000001
T296E,0.067893046
T296F,0.784104377
T296G,0.760038778
T296H,0.234713453
T296I,0.757321789
T296K,0.746632124
T296L,0.922391192
T296M,0.951587967
T296N,0.893879613
T296P,0.132785389
T296Q,0.745768566
T296R,0.869084629
T296S,0.986041129
T296V,0.8610108809999999
T296W,0.934997408
T296Y,0.812582202
E297A,0.087919598
E297C,0.961654588
E297D,0.8462867009999999
E297F,0.941016102
E297G,0.968430657
E297H,0.904317789
E297I,0.935557683
E297K,0.899585083
E297L,0.796364278
E297M,0.75697205
E297N,0.902478775
E297P,0.902590674
E297Q,0.974093264
E297R,0.83298791
E297S,0.7536111129999999
E297T,0.79986417
E297V,0.78699678
E297W,0.867015902
E297Y,0.59314971
Q298A,0.040905474
Q298C,0.701451149
Q298D,0.771157168
Q298E,0.923661485
Q298F,0.881590862
Q298G,0.84642444
Q298H,0.934715026
Q298I,0.883915343
Q298K,0.865284974
Q298L,0.91608877
Q298M,0.771502591
Q298N,0.925734024
Q298P,0.8445810709999999
Q298R,0.8338044109999999
Q298S,0.144743765
Q298T,0.7858376509999999
Q298V,0.783367787
Q298W,0.529410588
Q298Y,0.796891192
T299A,0.421734941
T299C,0.7266570659999999
T299D,0.906908463
T299E,0.906908463
T299F,0.886617207
T299G,0.7679830590000001
T299H,0.72193437
T299I,0.7804397059999999
T299K,0.746459413
T299L,0.068552091
T299M,0.8027478809999999
T299N,0.24095968
T299P,0.142683611
T299Q,0.888601036
T299R,0.061627615
T299S,0.983463799
T299V,0.817477862
T299W,0.857419642
T299Y,0.970153365
T300A,0.136041623
T300C,0.682058547
T300D,0.413878237
T300E,0.788773748
T300F,0.783900637
T300G,0.766148532
T300H,0.832420465
T300I,0.359729132
T300K,0.7742659759999999
T300L,0.423679183
T300M,0.364400868
T300N,0.782954998
T300P,0.826475
T300Q,0.7918825559999999
T300R,0.75492228
T300S,0.8371795890000001
T300V,0.449078543
T300W,0.671189351
T300Y,0.8636004979999999
Y301A,0.077881124
Y301C,0.253828489
Y301D,0.018971124
Y301E,0.020868764
Y301F,0.8912843859999999
Y301G,0.295180432
Y301H,0.075011694
Y301I,0.02526944
Y301K,0.227115717
Y301L,0.049250399
Y301M,0.026479438
Y301N,0.027793021
Y301P,0.206936056
Y301Q,0.219689119
Y301R,0.021681917
Y301S,0.020555569
Y301T,0.6128595720000001
Y301V,0.199677978
Y301W,0.344686592
E302A,0.968787615
E302C,0.660215981
E302D,0.954749568
E302F,0.577780689
E302G,0.096583998
E302H,0.909018853
E302I,0.226980743
E302K,0.954404145
E302L,0.72929806
E302M,0.725427705
E302N,0.491103651
E302P,0.0869397609999999
E302Q,0.87582038
E302R,0.10456353
E302S,0.339202511
E302T,0.269836954
E302V,0.286244668
E302W,0.5784559429999999
E302Y,0.96903013
V303A,0.487357368
V303C,0.7641256120000001
V303D,0.037748008
V303E,0.236960276
V303F,0.064398199
V303G,0.000777166
V303H,0.038150898
V303I,0.845881384
V303K,0.011345143
V303L,0.5147954020000001
V303M,0.7877374779999999
V303N,0.145041683
V303P,0.073158168
V303Q,0.781831864
V303R,0.006836287
V303S,0.028207193
V303T,0.454058722
V303W,0.006423558
V303Y,0.069232099
E304A,0.0087297419999999
E304C,0.020779171
E304D,0.249222798
E304F,0.012836958
E304G,0.02709768
E304H,0.017237659
E304I,0.004851113
E304K,0.166666667
E304L,0.069271813
E304M,0.118825561
E304N,0.022352165
E304P,0.015542994
E304Q,0.22193437
E304R,0.094720116
E304S,0.252695794
E304T,0.064842453
E304V,0.008959896
E304W,0.045919823
E304Y,0.041923598
G305A,0.069948187
G305C,0.029015544
G305D,0.061658031
G305E,0.031088083
G305F,0.0681117359999999
G305H,0.008117444
G305I,0.0
G305K,0.058031088
G305L,0.011517987
G305M,0.006044905
G305N,0.064075993
G305P,0.008117444
G305Q,0.02642487
G305R,0.031088083
G305S,0.01471836
G305T,0.035060449
G305V,0.022970639
G305W,0.031088083
G305Y,0.0
I306A,0.103248027
I306C,0.04446255
I306D,0.241968912
I306E,0.346690528
I306F,0.037972386
I306G,0.101737923
I306H,0.013298791
I306K,0.004850182
I306L,0.225439865
I306M,0.255958549
I306N,0.014446361
I306P,0.577349973
I306Q,0.149050086
I306R,0.01621864
I306S,0.19617561
I306T,0.571820283
I306V,0.8607464920000001
I306W,0.0892177359999999
I306Y,0.304145078
G307A,0.050604491
G307C,0.002406066
G307D,0.016398756
G307E,0.060808487
G307F,0.000779815
G307H,0.002117486
G307I,0.033826241
G307K,0.038687392
G307L,0.0
G307M,0.00281765
G307N,0.027131139
G307P,0.011917098
G307Q,0.023276035
G307R,0.003091914
G307S,0.073194993
G307T,0.020872744
G307V,0.000727451
G307W,0.011917098
G307Y,0.038105279
Y308A,0.033904481
Y308C,0.020610188
Y308D,0.047777387
Y308E,0.230738325
Y308F,0.033028972
Y308G,0.027851839
Y308H,0.650259067
Y308I,0.043933728
Y308K,0.091381509
Y308L,0.027172156
Y308M,0.033963301
Y308N,0.030905997
Y308P,0.093709471
Y308Q,0.055540905
Y308R,0.056110453
Y308S,0.034416925
Y308T,0.1727115719999999
Y308V,0.024707445
Y308W,0.018995101
D309A,0.071673819
D309C,0.274068255
D309E,0.8673233779999999
D309F,0.062679997
D309G,0.17504762
D309H,0.351263996
D309I,0.037471955
D309K,0.230908355
D309L,0.056587514
D309M,0.161624821
D309N,0.065279459
D309P,0.40456217
D309Q,0.18791019
D309R,0.129855785
D309S,0.237813693
D309T,0.285146805
D309V,0.0853121459999999
D309W,0.01844568
D309Y,0.031527697
F310A,0.066839378
F310C,0.018702912
F310D,0.014882555
F310E,0.033523562
F310G,0.055613126
F310H,0.174499676
F310I,0.027102242
F310K,0.006044905
F310L,0.084623721
F310M,0.246526327
F310N,0.001528776
F310P,0.006044905
F310Q,0.006044905
F310R,0.006044905
F310S,0.01708771
F310T,0.023310764
F310V,0.084204923
F310W,0.052403713
F310Y,0.406830769
I311A,0.052333473
I311C,0.796708284
I311D,0.275993092
I311E,0.303454231
I311F,0.861139896
I311G,0.263903282
I311H,0.314680484
I311K,0.498791019
I311L,0.8113408440000001
I311M,0.813796348
I311N,0.134025488
I311P,0.280351858
I311Q,0.351468048
I311R,0.7167145909999999
I311S,0.6291882560000001
I311T,0.7545702259999999
I311V,0.8384208120000001
I311W,0.13891365
I311Y,0.361658031
P312A,0.557685665
P312C,0.38566494
P312D,0.4029360970000001
P312E,0.527115717
P312F,0.38566494
P312G,0.391537133
P312H,0.400863558
P312I,0.38566494
P312K,0.409671848
P312L,0.38566494
P312M,0.400863558
P312N,0.518307427
P312Q,0.409671848
P312R,0.407599309
P312S,0.042519405
P312T,0.858909087
P312V,0.391537133
P312W,0.3791019000000001
P312Y,0.38566494
T313A,0.053198316
T313C,0.021547673
T313D,0.030083454
T313E,0.056718725
T313F,0.0070711019999999
T313G,0.322542351
T313H,0.123115129
T313I,0.599827288
T313K,0.376165803
T313L,0.418121164
T313M,0.537341371
T313N,0.372286101
T313P,0.212619394
T313Q,0.183937824
T313R,0.800906903
T313S,0.716736672
T313V,0.13754234
T313W,0.005794385
T313Y,0.018928222
V314A,0.7739823929999999
V314C,0.623316062
V314D,0.026597582
V314E,0.140241796
V314F,0.5
V314G,0.05815311
V314H,0.004592804
V314I,0.673345014
V314K,0.04366869
V314L,0.799309154
V314M,0.771157168
V314N,0.170984456
V314P,0.10984456
V314Q,0.050777202
V314R,0.004327583
V314S,0.150997202
V314T,0.109546115
V314W,0.003658579
V314Y,0.054058722
L315A,0.086528497
L315C,0.309153713
L315D,0.040932642
L315E,0.046977547
L315F,0.534214583
L315G,0.051993591
L315H,0.046977547
L315I,0.425906736
L315K,0.134542314
L315M,0.793264249
L315N,0.046977547
L315P,0.046977547
L315Q,0.072020725
L315R,0.034934296
L315S,0.126827475
L315T,0.086528497
L315V,0.660456185
L315W,0.075472953
L315Y,0.102117652
D316A,0.57904246
D316C,0.492177593
D316E,0.631778929
D316F,0.057739749
D316G,0.7477906790000001
D316H,0.456822107
D316I,0.001924035
D316K,0.35492228
D316L,0.260737641
D316M,0.009671848
D316N,0.957720655
D316P,0.048738508
D316Q,0.420379965
D316R,0.116319703
D316S,0.566490378
D316T,0.294645941
D316V,0.040521624
D316W,0.001121491
D316Y,0.056296961
R317A,0.145005786
R317C,0.066003403
R317D,0.024628577
R317E,0.095120437
R317F,0.104629335
R317G,0.497980523
R317H,0.078912891
R317I,0.027639205
R317K,0.933850723
R317L,0.191343206
R317M,0.221761658
R317N,0.319886204
R317P,0.052025296
R317Q,0.228145614
R317S,0.779891476
R317T,0.229015544
R317V,0.029994297
R317W,0.203799655
R317Y,0.315804012
T318A,0.839888854
T318C,0.968934472
T318D,0.077023895
T318E,0.784128679
T318F,0.765379328
T318G,0.787373608
T318H,0.8743504120000001
T318I,0.8477475440000001
T318K,0.892055268
T318L,0.950136785
T318M,0.903169988
T318N,0.987920951
T318P,0.949841289
T318Q,0.922414777
T318R,0.94360178
T318S,0.8111407909999999
T318V,0.826322882
T318W,0.880928765
T318Y,0.95843618
V319A,0.878619241
V319C,0.685146805
V319D,0.353367876
V319E,0.757340242
V319F,0.833108944
V319G,0.974411524
V319H,0.093748297
V319I,0.092728769
V319K,0.697582038
V319L,0.921465688
V319M,0.764049277
V319N,0.114207229
V319P,0.699460746
V319Q,0.706908463
V319R,0.871887484
V319S,0.880850358
V319T,0.991018998
V319W,0.7366957120000001
V319Y,0.919775504
V320A,0.705837424
V320C,0.6846195509999999
V320D,0.136563244
V320E,0.546459413
V320F,0.7046396340000001
V320G,0.131954476
V320H,0.013298791
V320I,0.142082944
V320K,0.039782846
V320L,0.827624551
V320M,0.805297347
V320N,0.111917098
V320P,0.7975024140000001
V320Q,0.303266598
V320R,0.221761658
V320S,0.521414422
V320T,0.736096718
V320W,0.054880023
V320Y,0.457098242
D321A,0.523524925
D321C,0.866256047
D321E,0.877720207
D321F,0.952754778
D321G,0.846961698
D321H,0.0514728509999999
D321I,0.430174215
D321K,0.924202315
D321L,0.416371844
D321M,0.279550237
D321N,0.923636292
D321P,0.449222798
D321Q,0.5723661489999999
D321R,0.8547843740000001
D321S,0.950395866
D321T,0.627115717
D321V,0.871040945
D321W,0.416407599
D321Y,0.81041265
K322A,0.857751934
K322C,0.918246204
K322D,0.7230482559999999
K322E,0.909924573
K322F,0.821451976
K322G,0.283588437
K322H,0.090288244
K322I,0.300901599
K322L,0.715871892
K322M,0.780084683
K322N,0.9780895
K322P,0.7308118920000001
K322Q,0.908981002
K322R,0.151528164
K322S,0.753392926
K322T,0.039370378
K322V,0.836813452
K322W,0.807318786
K322Y,0.708289698
W323A,0.002048142
W323C,0.006044905
W323D,0.0
W323E,0.002417962
W323F,0.12975732
W323G,0.006044905
W323H,0.00921589
W323I,0.022521913
W323K,0.0
W323L,0.003035923
W323M,0.005702619
W323N,0.0
W323P,0.0
W323Q,0.042867528
W323R,0.00158443
W323S,0.010685709
W323T,0.024750611
W323V,0.016097055
W323Y,0.015717194
F324A,0.8853757609999999
F324C,0.445986702
F324D,0.882091198
F324E,0.627115717
F324G,0.703257072
F324H,0.7346405220000001
F324I,0.974994234
F324K,0.123364011
F324L,0.962861557
F324M,0.057090734
F324N,0.492800251
F324P,0.131690359
F324Q,0.14201265
F324R,0.125507774
F324S,0.8075187220000001
F324T,0.466328349
F324V,0.82366562
F324W,0.120820495
F324Y,0.919947922
K325A,0.144559585
K325C,0.018762745
K325D,0.02127507
K325E,0.407426598
K325F,0.001940395
K325G,0.010730505
K325H,0.058442541
K325I,0.027619104
K325L,0.0161736439999999
K325M,0.061658031
K325N,0.20328152
K325P,0.03398776
K325Q,0.427115717
K325R,0.09428585
K325S,0.030569559
K325T,0.021267627
K325V,0.029149978
K325W,0.000839742
K325Y,0.065741613
S326A,0.884198987
S326C,0.972206845
S326D,0.047563561
S326E,0.662867012
S326F,0.855428807
S326G,0.945125013
S326H,0.780085549
S326I,0.8862476509999999
S326K,0.66148532
S326L,0.967733549
S326M,0.789387607
S326N,0.720482416
S326P,0.323365017
S326Q,0.654058722
S326R,0.130105957
S326T,0.841278066
S326V,0.697001997
S326W,0.040922806
S326Y,0.1537569919999999
N327A,0.982578644
N327C,0.981717031
N327D,0.792794298
N327E,0.853367876
N327F,0.6737068970000001
N327G,0.729034618
N327H,0.93298791
N327I,0.984855141
N327K,0.8310880829999999
N327L,0.913359458
N327M,0.326434453
N327P,0.88238342
N327Q,0.959240069
N327R,0.809922073
N327S,0.787003775
N327T,0.102729979
N327V,0.628066911
N327W,0.871141031
N327Y,0.8713515490000001
D328A,0.010228092
D328C,0.000390958
D328E,0.278411054
D328F,0.001425443
D328G,0.017486839
D328H,0.038687392
D328I,0.0007054569999999
D328K,0.047954315
D328L,0.0
D328M,0.009671848
D328N,0.06373057
D328P,0.00889273
D328Q,0.01486826
D328R,0.010367389
D328S,0.008341943
D328T,0.040414508
D328V,0.0
D328W,0.04178532
D328Y,0.006044905
E329A,0.433320285
E329C,0.779007572
E329D,0.935578584
E329F,0.274836032
E329G,0.898289298
E329H,0.788255613
E329I,0.7806563040000001
E329K,0.902417962
E329L,0.878987635
E329M,0.904145078
E329N,0.814853195
E329P,0.7677646909999999
E329Q,0.8929188259999999
E329R,0.084365053
E329S,0.897817532
E329T,0.781001727
E329V,0.862542692
E329W,0.7407149679999999
E329Y,0.862707564
E330A,0.830150807
E330C,0.845584033
E330D,0.870984456
E330F,0.678349553
E330G,0.274472341
E330H,0.10197108
E330I,0.596175188
E330K,0.931433506
E330L,0.835865539
E330M,0.757354063
E330N,0.966960365
E330P,0.058242837
E330Q,0.990846287
E330R,0.969416812
E330S,0.88109966
E330T,0.670826954
E330V,0.864347746
E330W,0.7248323240000001
E330Y,0.592400691
A331C,0.719884172
A331D,0.511684119
A331E,0.440932642
A331F,0.035114844
A331G,0.724037637
A331H,0.225215889
A331I,0.310362694
A331K,0.311278914
A331L,0.218341784
A331M,0.11672436
A331N,0.041742639
A331P,0.0890205969999999
A331Q,0.035523426
A331R,0.092023406
A331S,0.462748896
A331T,0.8854949679999999
A331V,0.6827429140000001
A331W,0.044321528
A331Y,0.038394107
F332A,0.057378829
F332C,0.071006801
F332D,0.008431914
F332E,0.003799655
F332G,0.002574503
F332H,0.243446446
F332I,0.02754273
F332K,0.00984456
F332L,0.062689245
F332M,0.197285948
F332N,0.002816087
F332P,0.00984456
F332Q,0.00984456
F332R,0.002605864
F332S,0.066900115
F332T,0.041159197
F332V,0.123676244
F332W,0.080989819
F332Y,0.226525845
T333A,0.8283614570000001
T333C,0.384299832
T333D,0.149772662
T333E,0.772020725
T333F,0.903290335
T333G,0.806763806
T333H,0.781495339
T333I,0.966810676
T333K,0.248234225
T333L,0.107902676
T333M,0.046386329
T333N,0.292659486
T333P,0.057409478
T333Q,0.7751295340000001
T333R,0.750431779
T333S,0.7959743509999999
T333V,0.918699226
T333W,0.93798652
T333Y,0.89213647
F334A,0.068134421
F334C,0.939973736
F334D,0.051634997
F334E,0.748531952
F334G,0.585782196
F334H,0.097366009
F334I,0.534060835
F334K,0.76597582
F334L,0.7710675909999999
F334M,0.902389805
F334N,0.732642487
F334P,0.689119171
F334Q,0.8461362490000001
F334R,0.152017539
F334S,0.942773338
F334T,0.7574102159999999
F334V,0.823609565
F334W,0.925486804
F334Y,0.855093425
A335C,0.626414134
A335D,0.160408854
A335E,0.386183074
A335F,0.406050843
A335G,0.875373283
A335H,0.050338257
A335I,0.114007003
A335K,0.0634468659999999
A335L,0.073993949
A335M,0.146163518
A335N,0.131067212
A335P,0.046623064
A335Q,0.092063582
A335R,0.017826635
A335S,0.7054615
A335T,0.802417962
A335V,0.405187753
A335W,0.007267073
A335Y,0.013016379
R336A,0.038687392
R336C,0.000656012
R336D,0.011173268
R336E,0.042141623
R336F,0.012766059
R336G,0.004060751
R336H,0.028372882
R336I,0.222757203
R336K,0.352677029
R336L,0.605219851
R336M,0.067624045
R336N,0.018381945
R336P,0.036442142
R336Q,0.204835924
R336S,0.035748255
R336T,0.032463079
R336V,0.032950133
R336W,0.003606346
R336Y,0.00539863
M337A,0.7414507770000001
M337C,0.672020725
M337D,0.7373056990000001
M337E,0.7298791020000001
M337F,0.16997773
M337G,0.724525043
M337H,0.7208981
M337I,0.981872014
M337K,0.902976998
M337L,0.973449729
M337N,0.701208981
M337P,0.665284974
M337Q,0.756476684
M337R,0.8011556879999999
M337S,0.042136022
M337T,0.887392055
M337V,0.840790392
M337W,0.813872975
M337Y,0.735751295
L338A,0.220034542
L338C,0.220034542
L338D,0.186701209
L338E,0.195164076
L338F,0.098754898
L338G,0.186701209
L338H,0.195164076
L338I,0.657825283
L338K,0.195164076
L338M,0.5466321239999999
L338N,0.195164076
L338P,0.195164076
L338Q,0.21433506
L338R,0.195164076
L338S,0.441278066
L338T,0.220034542
L338V,0.8134135859999999
L338W,0.055068859
L338Y,0.053769859
I339A,0.026745467
I339C,0.460006785
I339D,0.056476684
I339E,0.062521589
I339F,0.58483101
I339G,0.01901742
I339H,0.170984456
I339K,0.106908463
I339L,0.339143155
I339M,0.8012089809999999
I339N,0.035692878
I339P,0.21600009
I339Q,0.177029361
I339R,0.032669299
I339S,0.5596335139999999
I339T,0.514949663
I339V,0.3684138
I339W,0.018117736
I339Y,0.253022453
A340C,0.7244669429999999
A340D,0.977036806
A340E,0.742141623
A340F,0.978422625
A340G,0.908866632
A340H,0.588219686
A340I,0.913287059
A340K,0.194954694
A340L,0.935352032
A340M,0.843727703
A340N,0.841968912
A340P,0.099435071
A340Q,0.558568208
A340R,0.738971565
A340S,0.164736065
A340T,0.679622858
A340V,0.919636081
A340W,0.5480617489999999
A340Y,0.945274232
Q341A,0.111543791
Q341C,0.940090664
Q341D,0.944661149
Q341E,0.415879802
Q341F,0.7506399109999999
Q341G,0.375887797
Q341H,0.8331606220000001
Q341I,0.094906043
Q341K,0.290154163
Q341L,0.574508039
Q341M,0.981648181
Q341N,0.795113417
Q341P,0.11369889
Q341R,0.8091122740000001
Q341S,0.97979946
Q341T,0.762003454
Q341V,0.705648853
Q341W,0.791984632
Q341Y,0.664387359
E342A,0.377202073
E342C,0.099498002
E342D,0.735060449
E342F,0.203705169
E342G,0.401490792
E342H,0.310708117
E342I,0.035697323
E342K,0.691364421
E342L,0.583438947
E342M,0.528732379
E342N,0.465803109
E342P,0.083786476
E342Q,0.735060449
E342R,0.217688085
E342S,0.584868805
E342T,0.88133587
E342V,0.708701467
E342W,0.062417881
E342Y,0.352504318
G343A,0.027422569
G343C,0.06315299
G343D,0.117789292
G343E,0.031088083
G343F,0.02569979
G343H,0.062521589
G343I,0.054404145
G343K,0.058031088
G343L,0.113494469
G343M,0.022502647
G343N,0.120379965
G343P,0.0177892919999999
G343Q,0.078929188
G343R,0.0868739209999999
G343S,0.104357192
G343T,0.092340343
G343V,0.022970639
G343W,0.090673575
G343Y,0.009671848
L344A,0.009885741
L344C,0.326681092
L344D,0.023013522
L344E,0.037690622
L344F,0.436781253
L344G,0.034814838
L344H,0.053495824
L344I,0.794617974
L344K,0.128113382
L344M,0.788255613
L344N,0.046632124
L344P,0.055152623
L344Q,0.040241796
L344R,0.040396362
L344S,0.036989993
L344T,0.008580805
L344V,0.857266249
L344W,0.003240861
L344Y,0.671710515
L345A,0.498256533
L345C,0.158031088
L345D,0.089982729
L345E,0.205936534
L345F,0.7065973529999999
L345G,0.183860738
L345H,0.186701209
L345I,0.200954635
L345K,0.173305337
L345M,0.820834104
L345N,0.096027634
L345P,0.219861831
L345Q,0.319780596
L345R,0.034165257
L345S,0.415875658
L345T,0.241968912
L345V,0.127426559
L345W,0.032585921
L345Y,0.294127807
C346A,0.410880829
C346D,0.119167324
C346E,0.068589585
C346F,0.293303623
C346G,0.606839929
C346H,0.211226252
C346I,0.526770294
C346K,0.007772021
C346L,0.094847317
C346M,0.267184801
C346N,0.405181347
C346P,0.21761658
C346Q,0.3958549220000001
C346R,0.052609375
C346S,0.906933984
C346T,0.7283005459999999
C346V,0.102514154
C346W,0.3958549220000001
C346Y,0.033909177
G347A,0.071626269
G347C,0.007772021
G347D,0.040414508
G347E,0.002271675
G347F,0.000310395
G347H,0.025885481
G347I,0.012755464
G347K,0.006219134
G347L,0.000326712
G347M,0.056907574
G347N,0.049979114
G347P,0.07048015
G347Q,0.041278066
G347R,0.001995077
G347S,0.01138473
G347T,0.012673221
G347V,0.021661974
G347W,0.019802623
G347Y,0.008432348
G348A,0.198791019
G348C,0.009375368
G348D,0.061658031
G348E,0.200518135
G348F,0.0084976
G348H,0.031088083
G348I,0.118994111
G348K,0.115716753
G348L,0.0
G348M,0.029015544
G348N,0.064075993
G348P,0.110535406
G348Q,0.049395509
G348R,0.003572092
G348S,0.163989092
G348T,0.058031088
G348V,0.038166077
G348W,0.007897829
G348Y,0.022970639
S349A,0.340341082
S349C,0.145941278
S349D,0.206217617
S349E,0.206217617
S349F,0.053077617
S349G,0.053588927
S349H,0.045768566
S349I,0.018134715
S349K,0.122625216
S349L,0.045030501
S349M,0.1435233159999999
S349N,0.356822107
S349P,0.014827463
S349Q,0.122625216
S349R,0.145941278
S349T,0.565803109
S349V,0.033064695
S349W,0.013298791
S349Y,0.031606218
A350C,0.383900925
A350D,0.7547495679999999
A350E,0.10446165
A350F,0.353022453
A350G,0.799094058
A350H,0.227979275
A350I,0.30224525
A350K,0.327115717
A350L,0.412953368
A350M,0.225215889
A350N,0.268095448
A350P,0.28791019
A350Q,0.230397237
A350R,0.113215525
A350S,0.941126622
A350T,0.968686252
A350V,0.314780052
A350W,0.111917098
A350Y,0.208462867
G351A,0.008174574
G351C,0.093955095
G351D,0.121761658
G351E,0.008117444
G351F,0.030868138
G351H,0.114696675
G351I,0.054404145
G351K,0.035060449
G351L,0.10987046
G351M,0.102135464
G351N,0.041105354
G351P,0.128842832
G351Q,0.078929188
G351R,0.208072572
G351S,0.044732297
G351T,0.265614405
G351V,0.000827261
G351W,0.096027634
G351Y,0.032874083
S352A,0.83502348
S352C,0.784114225
S352D,0.259615219
S352E,0.6925734020000001
S352F,0.05993285
S352G,0.767377977
S352H,0.164174174
S352I,0.535423439
S352K,0.383794921
S352L,0.193651273
S352M,0.128123232
S352N,0.56938379
S352P,0.730927345
S352Q,0.456822107
S352R,0.100669154
S352T,0.83310728
S352V,0.898409192
S352W,0.03335988
S352Y,0.04081201
T353A,0.84835924
T353C,0.328278153
T353D,0.079528512
T353E,0.049647332
T353F,0.050897594
T353G,0.963172993
T353H,0.767184801
T353I,0.864192648
T353K,0.767184801
T353L,0.046485721
T353M,0.940458145
T353N,0.383783334
T353P,0.772020725
T353Q,0.827419085
T353R,0.121677513
T353S,0.912408283
T353V,0.8766401229999999
T353W,0.060955495
T353Y,0.205957475
V354A,0.892400691
V354C,0.7822107079999999
V354D,0.059012405
V354E,0.60880829
V354F,0.731685602
V354G,0.64201518
V354H,0.335060449
V354I,0.878929188
V354K,0.449740933
V354L,0.8861830740000001
V354M,0.760672536
V354N,0.452677029
V354P,0.443177893
V354Q,0.61537133
V354R,0.326455999
V354S,0.620552677
V354T,0.773229706
V354W,0.399654577
V354Y,0.61537133
A355C,0.231797731
A355D,0.694099949
A355E,0.7407599309999999
A355F,0.87409693
A355G,0.744386874
A355H,0.913643077
A355I,0.76925734
A355K,0.870583112
A355L,0.922152096
A355M,0.067643508
A355N,0.76925734
A355P,0.904490501
A355Q,0.904490501
A355R,0.87474867
A355S,0.13155965
A355T,0.252911412
A355V,0.394718374
A355W,0.7708117440000001
A355Y,0.849505553
V356A,0.096955336
V356C,0.7407599309999999
V356D,0.490500864
V356E,0.724697755
V356F,0.252369378
V356G,0.750672135
V356H,0.490500864
V356I,0.810708117
V356K,0.517789292
V356L,0.8132987909999999
V356M,0.920547308
V356N,0.6338514679999999
V356P,0.574784111
V356Q,0.5029360970000001
V356R,0.492400691
V356S,0.063833291
V356T,0.670120898
V356W,0.361830743
V356Y,0.642659758
A357C,0.7115776429999999
A357D,0.048149236
A357E,0.046345374
A357F,0.036487807
A357G,0.979818501
A357H,0.040414508
A357I,0.011081347
A357K,0.042141623
A357L,0.012410952
A357M,0.039723661
A357N,0.038687392
A357P,0.043868739
A357Q,0.043868739
A357R,0.041450777
A357S,0.935598998
A357T,0.8851093870000001
A357V,0.052735429
A357W,0.009671848
A357Y,0.012077821
V358A,0.967331291
V358C,0.903799655
V358D,0.096920132
V358E,0.569775475
V358F,0.8736884070000001
V358G,0.174779305
V358H,0.13298791
V358I,0.8923140540000001
V358K,0.15388601
V358L,0.8946804690000001
V358M,0.997278011
V358N,0.139723661
V358P,0.136096718
V358Q,0.573056995
V358R,0.058286439
V358S,0.647150259
V358T,0.784974093
V358W,0.0217114
V358Y,0.6492227979999999
K359A,0.7722599370000001
K359C,0.650552045
K359D,0.101291234
K359E,0.787476504
K359F,0.755166496
K359G,0.789450144
K359H,0.197589975
K359I,0.820094665
K359L,0.8388753720000001
K359M,0.932464724
K359N,0.90582591
K359P,0.086962778
K359Q,0.923661485
K359R,0.316289913
K359S,0.983542378
K359T,0.8846437840000001
K359V,0.270382942
K359W,0.0551872109999999
K359Y,0.950816996
A360C,0.915583373
A360D,0.734887737
A360E,0.81433506
A360F,0.525072991
A360G,0.990746751
A360H,0.842007035
A360I,0.120943686
A360K,0.137271281
A360L,0.868594766
A360M,0.8764702459999999
A360N,0.044817616
A360P,0.800863558
A360Q,0.830397237
A360R,0.646344083
A360S,0.19299959
A360T,0.82167737
A360V,0.94091115
A360W,0.093337926
A360Y,0.65765779
A361C,0.553554117
A361D,0.291332061
A361E,0.042141623
A361F,0.189637306
A361G,0.633307935
A361H,0.038687392
A361I,0.213816926
A361K,0.042141623
A361L,0.02635373
A361M,0.037174436
A361N,0.223883295
A361P,0.042581116
A361Q,0.042141623
A361R,0.088428325
A361S,0.6063903279999999
A361T,0.254820513
A361V,0.062504159
A361W,0.011360901
A361Y,0.020502088
Q362A,0.78462867
Q362C,0.689637306
Q362D,0.781001727
Q362E,0.839032815
Q362F,0.961481275
Q362G,0.782556131
Q362H,0.881865285
Q362I,0.276409042
Q362K,0.884974093
Q362L,0.971354705
Q362M,0.8791019
Q362N,0.643469415
Q362P,0.134766985
Q362R,0.922296694
Q362S,0.39614084
Q362T,0.772020725
Q362V,0.782556131
Q362W,0.854452999
Q362Y,0.767184801
E363A,0.7476683940000001
E363C,0.101096437
E363D,0.924697755
E363F,0.959711658
E363G,0.705733339
E363H,0.821416235
E363I,0.914058373
E363K,0.994300518
E363L,0.370326087
E363M,0.859337641
E363N,0.817143995
E363P,0.8196891190000001
E363Q,0.981692573
E363R,0.10530108
E363S,0.7554236120000001
E363T,0.748013817
E363V,0.939763849
E363W,0.429760546
E363Y,0.83058096
L364A,0.185492228
L364C,0.140414508
L364D,0.033706258
L364E,0.134297226
L364F,0.802276203
L364G,0.20469055
L364H,0.002735416
L364I,0.274513728
L364K,0.06368693
L364M,0.634196891
L364N,0.032379518
L364P,0.011329022
L364Q,0.277374784
L364R,0.016609035
L364S,0.042172282
L364T,0.208618574
L364V,0.732642487
L364W,0.019734244
L364Y,0.057593034
Q365A,0.788255613
Q365C,0.778929188
Q365D,0.82746114
Q365E,0.878929188
Q365F,0.583560118
Q365G,0.834542314
Q365H,0.845250432
Q365I,0.748531952
Q365K,0.911917098
Q365L,0.058692416
Q365M,0.811026529
Q365N,0.883246978
Q365P,0.7585492229999999
Q365R,0.881174439
Q365S,0.8330918190000001
Q365T,0.7585492229999999
Q365V,0.834542314
Q365W,0.6529793389999999
Q365Y,0.812057012
E366A,0.76925734
E366C,0.8353397640000001
E366D,0.88134715
E366F,0.595233508
E366G,0.422452504
E366H,0.48791019
E366I,0.128883753
E366K,0.826470325
E366L,0.414680484
E366M,0.06370131
E366N,0.094791919
E366P,0.736096718
E366Q,0.76148532
E366R,0.8304620890000001
E366S,0.137968189
E366T,0.847229275
E366V,0.355588289
E366W,0.070817649
E366Y,0.6248704660000001
G367A,0.191715866
G367C,0.757237776
G367D,0.924646384
G367E,0.697731005
G367F,0.668221071
G367H,0.613644214
G367I,0.5480138170000001
G367K,0.654058722
G367L,0.656822107
G367M,0.5480138170000001
G367N,0.8956822109999999
G367P,0.705354059
G367Q,0.6179620029999999
G367R,0.949399099
G367S,0.917339988
G367T,0.5870466320000001
G367V,0.808893248
G367W,0.126374237
G367Y,0.374579199
Q368A,0.936812695
Q368C,0.883686451
Q368D,0.113722943
Q368E,0.799309154
Q368F,0.556005017
Q368G,0.915204627
Q368H,0.593609672
Q368I,0.044809999
Q368K,0.773920553
Q368L,0.702454307
Q368M,0.901571281
Q368N,0.634724021
Q368P,0.108881869
Q368R,0.822257128
Q368S,0.0639787709999999
Q368T,0.648186528
Q368V,0.161090544
Q368W,0.0659448159999999
Q368Y,0.648411536
R369A,0.653713299
R369C,0.965971731
R369D,0.616407599
R369E,0.687737478
R369F,0.449050086
R369G,0.073670148
R369H,0.922812625
R369I,0.621416235
R369K,0.772020725
R369L,0.055339292
R369M,0.800959802
R369N,0.441212146
R369P,0.465630397
R369Q,0.849050086
R369S,0.701036269
R369T,0.7644214159999999
R369V,0.866474414
R369W,0.044804087
R369Y,0.545564185
C370A,0.8005456259999999
C370D,0.017926118
C370E,0.0
C370F,0.030395912
C370G,0.626455406
C370H,0.008040378
C370I,0.6853778690000001
C370K,0.003972366
C370L,0.700935415
C370M,0.363385147
C370N,0.075316218
C370P,0.027115717
C370Q,0.066630262
C370R,0.053615645
C370S,0.051665404
C370T,0.016261
C370V,0.044898911
C370W,0.216753022
C370Y,0.006102844
V371A,0.909757725
V371C,0.918562309
V371D,0.007338626
V371E,0.111053541
V371F,0.030680029
V371G,0.050641297
V371H,0.002717578
V371I,0.772834107
V371K,0.024525043
V371L,0.982334739
V371M,0.8834457259999999
V371N,0.031355636
V371P,0.011903373
V371Q,0.095645268
V371R,0.006116375
V371S,0.112370474
V371T,0.182359263
V371W,0.003044687
V371Y,0.0142447
V372A,0.860278494
V372C,0.854415248
V372D,0.396373057
V372E,0.5430051810000001
V372F,0.63573415
V372G,0.057614526
V372H,0.009671848
V372I,0.964170396
V372K,0.030342544
V372L,0.945447566
V372M,0.8806563040000001
V372N,0.032642487
V372P,0.378980655
V372Q,0.058516405
V372R,0.189367848
V372S,0.412262522
V372T,0.83441564
V372W,0.030573109
V372Y,0.2841977
I373A,0.188082902
I373C,0.041694821
I373D,0.003626943
I373E,0.009671848
I373F,0.668198394
I373G,0.065803109
I373H,0.099827288
I373K,0.225013872
I373L,0.569761581
I373M,0.793091537
I373N,0.011398964
I373P,0.022922073
I373Q,0.071848014
I373R,0.051494213
I373S,0.02685764
I373T,0.70880829
I373V,0.98057653
I373W,0.017406131
I373Y,0.016203953
L374A,0.198849338
L374C,0.152504318
L374D,0.040552831
L374E,0.026354603
L374F,0.633742891
L374G,0.000417515
L374H,0.011178904
L374I,0.0611723509999999
L374K,0.00723701
L374M,0.80552677
L374N,0.026109292
L374P,0.004624753
L374Q,0.036442142
L374R,0.013629899
L374S,0.013298791
L374T,0.013353638
L374V,0.960626
L374W,0.012993176
L374Y,0.107227225
P375A,0.307891376
P375C,0.627824326
P375D,0.205872193
P375E,0.216753022
P375F,0.041998962
P375G,0.558376511
P375H,0.277892919
P375I,0.518441339
P375K,0.071744722
P375L,0.244089794
P375M,0.109499136
P375N,0.158010624
P375Q,0.885835727
P375R,0.45164076
P375S,0.909309441
P375T,0.400169947
P375V,0.064789774
P375W,0.199827288
P375Y,0.209240589
D376A,0.136442142
D376C,0.10224525
D376E,0.235924007
D376F,0.106217617
D376G,0.13851468
D376H,0.035549367
D376I,0.029467861
D376K,0.143005181
D376L,0.103108808
D376M,0.108290155
D376N,0.166839378
D376P,0.125215889
D376Q,0.143005181
D376R,0.125215889
D376S,0.193655644
D376T,0.136096718
D376V,0.0419016
D376W,0.085531883
D376Y,0.109326425
S377A,0.637478411
S377C,0.097409326
S377D,0.330224525
S377E,0.303972366
S377F,0.182901554
S377G,0.669430052
S377H,0.289291883
S377I,0.130051813
S377K,0.303972366
S377L,0.029046628
S377M,0.113989637
S377N,0.6728842829999999
S377P,0.182556131
S377Q,0.303972366
S377R,0.259758204
S377T,0.412262522
S377V,0.148013817
S377W,0.064939551
S377Y,0.053225977
V378A,0.734542314
V378C,0.404317789
V378D,0.232073201
V378E,0.385146805
V378F,0.423580273
V378G,0.724006908
V378H,0.358376511
V378I,0.121291132
V378K,0.367530225
V378L,0.7626943009999999
V378M,0.664421416
V378N,0.44283247
V378P,0.4145077720000001
V378Q,0.365457686
V378R,0.358376511
V378S,0.296135988
V378T,0.7701208979999999
V378W,0.358376511
V378Y,0.579442048
R379A,0.036242318
R379C,0.093473438
R379D,0.089955021
R379E,0.333160622
R379F,0.040959251
R379G,0.280829016
R379H,0.161749577
R379I,0.224475595
R379K,0.565457686
R379L,0.26703149
R379M,0.311226252
R379N,0.249913644
R379P,0.140932642
R379Q,0.544559585
R379S,0.038690121
R379T,0.066645305
R379V,0.038689081
R379W,0.090673575
R379Y,0.171848014
N380A,0.035885079
N380C,0.021668136
N380D,0.057974389
N380E,0.097106546
N380F,0.001819596
N380G,0.103718445
N380H,0.066252952
N380I,0.012615161
N380K,0.213126079
N380L,0.012221242
N380M,0.051342832
N380P,0.025801355
N380Q,0.189119171
N380R,0.077635748
N380S,0.277614398
N380T,0.04054755
N380V,0.017970008
N380W,0.001075109
N380Y,0.040330248
Y381A,0.025043178
Y381C,0.0177892919999999
Y381D,0.04761307
Y381E,0.009671848
Y381F,0.171329879
Y381G,0.003626943
Y381H,0.164766839
Y381I,0.040932642
Y381K,0.026597582
Y381L,0.054787076
Y381M,0.038687392
Y381N,0.050614472
Y381P,0.00339277
Y381Q,0.038687392
Y381R,0.027979275
Y381S,0.077333708
Y381T,0.027979275
Y381V,0.030051813
Y381W,0.03237164
M382A,0.087908348
M382C,0.241450777
M382D,0.224352332
M382E,0.058880055
M382F,0.492006335
M382G,0.097901163
M382H,0.232815199
M382I,0.782728843
M382K,0.408462867
M382L,0.493822566
M382N,0.25716753
M382P,0.211398964
M382Q,0.239896373
M382R,0.351468048
M382S,0.127412203
M382T,0.398791019
M382V,0.6867501220000001
M382W,0.023708816
M382Y,0.235233161
T383A,0.8310880829999999
T383C,0.5243631870000001
T383D,0.312758034
T383E,0.463695367
T383F,0.043027445
T383G,0.888253871
T383H,0.330915371
T383I,0.451295337
T383K,0.5694300520000001
T383L,0.207296557
T383M,0.420460794
T383N,0.107235336
T383P,0.099138485
T383Q,0.565284974
T383R,0.477892919
T383S,0.114048767
T383V,0.123436707
T383W,0.16597582
T383Y,0.350441015
K384A,0.195809401
K384C,0.114296484
K384D,0.014139274
K384E,0.30880829
K384F,0.010346479
K384G,0.096058614
K384H,0.0859864219999999
K384I,0.238669856
K384L,0.039195185
K384M,0.267530225
K384N,0.115544041
K384P,0.008867148
K384Q,0.357340242
K384R,0.615412316
K384S,0.168635322
K384T,0.302288412
K384V,0.122852726
K384W,0.008303565
K384Y,0.032626046
F385A,0.127044283
F385C,0.0654570209999999
F385D,0.214598418
F385E,0.132124352
F385G,0.07859533
F385H,0.109576339
F385I,0.8899408679999999
F385K,0.19447323
F385L,0.919933363
F385M,0.815038347
F385N,0.112607945
F385P,0.081717688
F385Q,0.112607945
F385R,0.1354058719999999
F385S,0.08043112
F385T,0.100251177
F385V,0.055038289
F385W,0.043411212
F385Y,0.289151354
L386A,0.457858377
L386C,0.116925734
L386D,0.003626943
L386E,0.009671848
L386F,0.424707906
L386G,0.005227481
L386H,0.076826613
L386I,0.6791019
L386K,0.122970639
L386M,0.475302245
L386N,0.009671848
L386P,0.112540636
L386Q,0.043350604
L386R,0.019106032
L386S,0.016407599
L386T,0.054824276
L386V,0.092397458
L386W,0.008074151
L386Y,0.611053541
S387A,0.778929188
S387C,0.085068874
S387D,0.907081174
S387E,0.90984456
S387F,0.179273834
S387G,0.057322053
S387H,0.771329879
S387I,0.295164076
S387K,0.831291675
S387L,0.395682211
S387M,0.936814436
S387N,0.97502446
S387P,0.7072538859999999
S387Q,0.491364421
S387R,0.868300308
S387T,0.8409158720000001
S387V,0.965691406
S387W,0.27012811
S387Y,0.192001897
D388A,0.532630457
D388C,0.511510904
D388E,0.931778929
D388F,0.070080684
D388G,0.342938438
D388H,0.621416235
D388I,0.136787565
D388K,0.631289953
D388L,0.864783883
D388M,0.051847105
D388N,0.975534473
D388P,0.195960989
D388Q,0.59015544
D388R,0.057780438
D388S,0.776646332
D388T,0.493782383
D388V,0.709225777
D388W,0.021200577
D388Y,0.490590335
R389A,0.925847852
R389C,0.503515095
R389D,0.7455346829999999
R389E,0.2845857999999999
R389F,0.1777922619999999
R389G,0.985343622
R389H,0.8433506040000001
R389I,0.53365008
R389K,0.920034542
R389L,0.980009353
R389M,0.861139896
R389N,0.757340242
R389P,0.163851568
R389Q,0.934887737
R389S,0.825500674
R389T,0.740241796
R389V,0.544586245
R389W,0.954034148
R389Y,0.789119171
W390A,0.035258686
W390C,0.143005181
W390D,0.027633851
W390E,0.030051813
W390F,0.023180048
W390G,0.099351156
W390H,0.390928231
W390I,0.010350419
W390K,0.027633851
W390L,0.117142095
W390M,0.20656304
W390N,0.006788009
W390P,0.018906579
W390Q,0.026312083
W390R,0.197236615
W390S,0.009671848
W390T,0.008006044
W390V,0.002140501
W390Y,0.27253886
M391A,0.107018607
M391C,0.716386675
M391D,0.08134715
M391E,0.033332725
M391F,0.132258576
M391G,0.005678368
M391H,0.02970639
M391I,0.7803108809999999
M391K,0.5252158889999999
M391L,0.872389616
M391N,0.06006762
M391P,0.054093415
M391Q,0.048877375
M391R,0.176778371
M391S,0.05185992
M391T,0.5526770289999999
M391V,0.1731083739999999
M391W,0.041162965
M391Y,0.127633851
L392A,0.75716753
L392C,0.932096847
L392D,0.083517798
L392E,0.916408745
L392F,0.8450193909999999
L392G,0.706618512
L392H,0.105845813
L392I,0.911917098
L392K,0.757685665
L392M,0.950949914
L392N,0.086141115
L392P,0.072169313
L392Q,0.749568221
L392R,0.634413855
L392S,0.7682710859999999
L392T,0.83329064
L392V,0.946836238
L392W,0.325149335
L392Y,0.909035972
Q393A,0.7607944729999999
Q393C,0.098714397
Q393D,0.7487046629999999
Q393E,0.766493955
Q393F,0.890025242
Q393G,0.157800056
Q393H,0.767357513
Q393I,0.115179379
Q393K,0.784110535
Q393L,0.8695547140000001
Q393M,0.8193278079999999
Q393N,0.753367876
Q393P,0.258788473
Q393R,0.5803246870000001
Q393S,0.833074132
Q393T,0.756303972
Q393V,0.192911824
Q393W,0.855755108
Q393Y,0.158702819
K394A,0.541370707
K394C,0.267166728
K394D,0.065467373
K394E,0.894300518
K394F,0.895909072
K394G,0.671172158
K394H,0.927301149
K394I,0.197594611
K394L,0.971491761
K394M,0.8162107940000001
K394N,0.845595855
K394P,0.04052225
K394Q,0.831433506
K394R,0.972787559
K394S,0.709811223
K394T,0.132627886
K394V,0.281166817
K394W,0.751171316
K394Y,0.806905758
G395A,0.340685167
G395C,0.357910826
G395D,0.093000459
G395E,0.611571675
G395F,0.072448061
G395H,0.6029360970000001
G395I,0.549568221
G395K,0.482556131
G395L,0.377029361
G395M,0.631088083
G395N,0.744732297
G395P,0.127066157
G395Q,0.7257340240000001
G395R,0.666807933
G395S,0.8011874859999999
G395T,0.534930641
G395V,0.059064923
G395W,0.222441114
G395Y,0.5332004
F396A,0.015121725
F396C,0.588601036
F396D,0.049770972
F396E,0.14151778
F396G,0.032032633
F396H,0.659419976
F396I,0.447495682
F396K,0.216234888
F396L,0.807447725
F396M,0.023492837
F396N,0.094805989
F396P,0.121588946
F396Q,0.167184801
F396R,0.037767336
F396S,0.035755918
F396T,0.138031896
F396V,0.145934313
F396W,0.542782148
F396Y,0.782358605
L397A,0.755785838
L397C,0.478756477
L397D,0.745595855
L397E,0.753540587
L397F,0.802076483
L397G,0.457256729
L397H,0.72193437
L397I,0.044746351
L397K,0.766321244
L397M,0.8682210709999999
L397N,0.753540587
L397P,0.668454188
L397Q,0.759067358
L397R,0.733849223
L397S,0.117248053
L397T,0.200570819
L397V,0.773314264
L397W,0.210113353
L397Y,0.211311307
K398A,0.761236549
K398C,0.901554404
K398D,0.083009311
K398E,0.859615096
K398F,0.7204530140000001
K398G,0.38605289
K398H,0.788099538
K398I,0.912014755
K398L,0.7627262290000001
K398M,0.86701209
K398N,0.959930915
K398P,0.156996986
K398Q,0.946632124
K398R,0.956131261
K398S,0.952023199
K398T,0.878778855
K398V,0.81036815
K398W,0.7207208559999999
K398Y,0.7853195159999999
E399A,0.891244866
E399C,0.318217743
E399D,0.954404145
E399F,0.958574696
E399G,0.975828127
E399H,0.081225963
E399I,0.87242267
E399K,0.956476684
E399L,0.840436845
E399M,0.7439423820000001
E399N,0.963752309
E399P,0.188544524
E399Q,0.947841105
E399R,0.874734617
E399S,0.939612004
E399T,0.8170984459999999
E399V,0.820349468
E399W,0.968772664
E399Y,0.908694137
E400A,0.067192505
E400C,0.8421348329999999
E400D,0.8682210709999999
E400F,0.904079734
E400G,0.8808046709999999
E400H,0.099415912
E400I,0.67358847
E400K,0.881174439
E400L,0.724285628
E400M,0.513780542
E400N,0.755613126
E400P,0.735060449
E400Q,0.8820379970000001
E400R,0.8374273040000001
E400S,0.919577921
E400T,0.954351317
E400V,0.8742791999999999
E400W,0.922921464
E400Y,0.803190008
D401A,0.8270286109999999
D401C,0.046746888
D401E,0.8682210709999999
D401F,0.922908071
D401G,0.849781004
D401H,0.766839378
D401I,0.078829644
D401K,0.909601621
D401L,0.7736233990000001
D401M,0.664723637
D401N,0.117889223
D401P,0.7298791020000001
D401Q,0.7438687390000001
D401R,0.816044469
D401S,0.139203051
D401T,0.7369602759999999
D401V,0.8391896870000001
D401W,0.6768566490000001
D401Y,0.872750343
L402A,0.130373794
L402C,0.8857149120000001
L402D,0.9440631
L402E,0.099785513
L402F,0.7999725540000001
L402G,0.8458940640000001
L402H,0.808990067
L402I,0.767877998
L402K,0.743696028
L402M,0.841278066
L402N,0.68448545
L402P,0.95195965
L402Q,0.440541936
L402R,0.683333431
L402S,0.718126122
L402T,0.7842832470000001
L402V,0.782788224
L402W,0.756654488
L402Y,0.086250975
T403A,0.106907874
T403C,0.722885213
T403D,0.8583765109999999
T403E,0.844559585
T403F,0.7904263770000001
T403G,0.771157168
T403H,0.7604671120000001
T403I,0.889080908
T403K,0.79775475
T403L,0.808404399
T403M,0.826093594
T403N,0.867357513
T403P,0.745595855
T403Q,0.844559585
T403R,0.8411053540000001
T403S,0.93584128
T403V,0.081984233
T403W,0.8564867540000001
T403Y,0.958905704
E404A,0.797665205
E404C,0.89590737
E404D,0.958428753
E404F,0.665598055
E404G,0.938455789
E404H,0.935958124
E404I,0.894838081
E404K,0.886355786
E404L,0.8627139009999999
E404M,0.858630289
E404N,0.047413133
E404P,0.7863179920000001
E404Q,0.8820379970000001
E404R,0.98396725
E404S,0.865006752
E404T,0.8566840309999999
E404V,0.81075004
E404W,0.8673663840000001
E404Y,0.704823227
K405A,0.963161943
K405C,0.929201587
K405D,0.935737091
K405E,0.857149622
K405F,0.472542687
K405G,0.72355137
K405H,0.355696786
K405I,0.834660173
K405L,0.972342342
K405M,0.943165562
K405N,0.881519862
K405P,0.751908445
K405Q,0.786766305
K405R,0.134426737
K405S,0.821012851
K405T,0.891361062
K405V,0.909502484
K405W,0.6971802859999999
K405Y,0.828373496
K406A,0.992894281
K406C,0.799710455
K406D,0.08536599
K406E,0.95523707
K406F,0.910970622
K406G,0.902723383
K406H,0.079996756
K406I,0.88661233
K406L,0.970970244
K406M,0.942153154
K406N,0.971942612
K406P,0.767184801
K406Q,0.99343696
K406R,0.977891581
K406S,0.6582623879999999
K406T,0.763903282
K406V,0.861260507
K406W,0.955752148
K406Y,0.761374105
P407A,0.629197725
P407C,0.355234196
P407D,0.749568221
P407E,0.748013817
P407F,0.640634534
P407G,0.702936097
P407H,0.222574223
P407I,0.7195164079999999
P407K,0.757858377
P407L,0.868172893
P407M,0.410805903
P407N,0.717962003
P407Q,0.508353498
P407R,0.796277217
P407S,0.8306383740000001
P407T,0.162364841
P407V,0.7644214159999999
P407W,0.607253886
P407Y,0.849079219
W408A,0.78174106
W408C,0.435924007
W408D,0.356822107
W408E,0.356822107
W408F,0.6363654000000001
W408G,0.707081174
W408H,0.214853195
W408I,0.401381693
W408K,0.467702936
W408L,0.6414507770000001
W408M,0.790481433
W408N,0.356822107
W408P,0.5107081170000001
W408Q,0.224290162
W408R,0.102633653
W408S,0.068394852
W408T,0.080964729
W408V,0.5164692329999999
W408Y,0.11878324
W409A,0.24611399
W409C,0.24611399
W409D,0.29015544
W409E,0.292746114
W409F,0.976580163
W409G,0.070176397
W409H,0.307081174
W409I,0.298618307
W409K,0.29015544
W409L,0.270434526
W409M,0.268963865
W409N,0.29015544
W409P,0.29015544
W409Q,0.307081174
W409R,0.24611399
W409S,0.24611399
W409T,0.298618307
W409V,0.760590792
W409Y,0.345941278
W410A,0.693091537
W410C,0.5564766839999999
W410D,0.662867012
W410E,0.662867012
W410F,0.806044905
W410G,0.798963731
W410H,0.693091537
W410I,0.664594128
W410K,0.767702936
W410L,0.7738401340000001
W410M,0.664594128
W410N,0.662867012
W410P,0.662867012
W410Q,0.655785838
W410R,0.822016842
W410S,0.722970639
W410T,0.833220188
W410V,0.664594128
W410Y,0.804490501
H411A,0.772020725
H411C,0.927627286
H411D,0.882041952
H411E,0.851099523
H411F,0.901045569
H411G,0.8987328640000001
H411I,0.761919165
H411K,0.142439667
H411L,0.925442599
H411M,0.143943662
H411N,0.8620507629999999
H411P,0.77357513
H411Q,0.8647415509999999
H411R,0.16772754
H411S,0.750870565
H411T,0.899368112
H411V,0.95454508
H411W,0.982804616
H411Y,0.881392319
L412A,0.78566494
L412C,0.650777202
L412D,0.77582038
L412E,0.92456657
L412F,0.8504029740000001
L412G,0.767655152
L412H,0.727230652
L412I,0.842442998
L412K,0.45531367
L412M,0.432836163
L412N,0.7842832470000001
L412P,0.8043728859999999
L412Q,0.119648602
L412R,0.586247738
L412S,0.883246978
L412T,0.749568221
L412V,0.97321839
L412W,0.6889464590000001
L412Y,0.951367365
R413A,0.789305887
R413C,0.863335124
R413D,0.072380685
R413E,0.8191709840000001
R413F,0.838307505
R413G,0.8166063640000001
R413H,0.8839378240000001
R413I,0.8479505959999999
R413K,0.928670121
R413L,0.788914772
R413M,0.772020725
R413N,0.924700279
R413P,0.737651123
R413Q,0.27284892
R413S,0.704961822
R413T,0.78183769
R413V,0.63491916
R413W,0.693782383
R413Y,0.073886762
V414A,0.891709845
V414C,0.7208429129999999
V414D,0.3364421420000001
V414E,0.098489845
V414F,0.68462867
V414G,0.3408099529999999
V414H,0.245595855
V414I,0.856017855
V414K,0.353367876
V414L,0.8676742820000001
V414M,0.8370989809999999
V414N,0.88919062
V414P,0.035257835
V414Q,0.205699482
V414R,0.10255767
V414S,0.562306189
V414T,0.08979174
V414W,0.242141623
V414Y,0.286701209
Q415A,0.0895245009999999
Q415C,0.8192057690000001
Q415D,0.72970639
Q415E,0.821070812
Q415F,0.522527271
Q415G,0.751122625
Q415H,0.767357513
Q415I,0.171021672
Q415K,0.7569948190000001
Q415L,0.848210398
Q415M,0.798963731
Q415N,0.79116715
Q415P,0.088204376
Q415R,0.891675542
Q415S,0.7669236620000001
Q415T,0.8206936109999999
Q415V,0.298831517
Q415W,0.613816926
Q415Y,0.169564487
E416A,0.740932642
E416C,0.457973908
E416D,0.76148532
E416F,0.705699482
E416G,0.7333333329999999
E416H,0.390320555
E416I,0.6968866440000001
E416K,0.877738369
E416L,0.8246066320000001
E416M,0.739589012
E416N,0.187828467
E416P,0.683246978
E416Q,0.8806563040000001
E416R,0.183458715
E416S,0.8661283679999999
E416T,0.071232238
E416V,0.7786091559999999
E416W,0.50328152
E416Y,0.056349072
L417A,0.8084265979999999
L417C,0.213989637
L417D,0.032847601
L417E,0.221761658
L417F,0.949850714
L417G,0.178238342
L417H,0.222279793
L417I,0.063386104
L417K,0.084110535
L417M,0.8858376509999999
L417N,0.024695532
L417P,0.222279793
L417Q,0.040241796
L417R,0.035218194
L417S,0.435619683
L417T,0.039808464
L417V,0.394387025
L417W,0.099746259
L417Y,0.352677029
G418A,0.871329879
G418C,0.77357513
G418D,0.925118258
G418E,0.745941278
G418F,0.77357513
G418H,0.745941278
G418I,0.777029361
G418K,0.744386874
G418L,0.178153851
G418M,0.759412781
G418N,0.744386874
G418P,0.745941278
G418Q,0.745941278
G418R,0.745941278
G418S,0.749913644
G418T,0.744386874
G418V,0.888966496
G418W,0.7687392059999999
G418Y,0.7704663209999999
L419A,0.813775092
L419C,0.609326425
L419D,0.6811744390000001
L419E,0.626770294
L419F,0.112101647
L419G,0.760621762
L419H,0.6414507770000001
L419I,0.7455414090000001
L419K,0.7588946459999999
L419M,0.89778961
L419N,0.100807618
L419P,0.8369602759999999
L419Q,0.8117443870000001
L419R,0.966702607
L419S,0.764075993
L419T,0.762348877
L419V,0.8238324509999999
L419W,0.533678756
L419Y,0.69775475
S420A,0.8412652740000001
S420C,0.86701209
S420D,0.871675302
S420E,0.8721934370000001
S420F,0.791800999
S420G,0.901727116
S420H,0.871675302
S420I,0.908635579
S420K,0.8257340240000001
S420L,0.974113883
S420M,0.8644214159999999
S420N,0.725594482
S420P,0.907513021
S420Q,0.8739205529999999
S420R,0.859412781
S420T,0.956131261
S420V,0.871675302
S420W,0.766493955
S420Y,0.844815543
A421C,0.12839247
A421D,0.084072299
A421E,0.907081174
A421F,0.883177942
A421G,0.94780644
A421H,0.864939551
A421I,0.772020725
A421K,0.772020725
A421L,0.88403441
A421M,0.767184801
A421N,0.772020725
A421P,0.906908463
A421Q,0.928044122
A421R,0.772020725
A421S,0.771675302
A421T,0.854974755
A421V,0.990346995
A421W,0.689119171
A421Y,0.132894446
P422A,0.465251556
P422C,0.524816624
P422D,0.074628668
P422E,0.615716753
P422F,0.641076257
P422G,0.6340981729999999
P422H,0.665284974
P422I,0.711573405
P422K,0.621588946
P422L,0.960070168
P422M,0.621588946
P422N,0.626770294
P422Q,0.645250432
P422R,0.38345446
P422S,0.928514837
P422T,0.7583765109999999
P422V,0.486019167
P422W,0.398100173
P422Y,0.495444794
L423A,0.1541370819999999
L423C,0.6848013820000001
L423D,0.7810723759999999
L423E,0.7417961999999999
L423F,0.847891932
L423G,0.739723661
L423H,0.48566494
L423I,0.167060304
L423K,0.745595855
L423M,0.88238342
L423N,0.711601412
L423P,0.520207254
L423Q,0.655785838
L423R,0.528151986
L423S,0.8623160790000001
L423T,0.7427231670000001
L423V,0.894494613
L423W,0.368739206
L423Y,0.268837728
T424A,0.916586674
T424C,0.7317789290000001
T424D,0.124321121
T424E,0.534196891
T424F,0.601803685
T424G,0.88238342
T424H,0.615198618
T424I,0.972490965
T424K,0.740587219
T424L,0.8103054059999999
T424M,0.76701209
T424N,0.85131565
T424P,0.76597582
T424Q,0.407426598
T424R,0.862867012
T424S,0.99343696
T424V,0.227404633
T424W,0.259472291
T424Y,0.223663199
V425A,0.8442008040000001
V425C,0.89502953
V425D,0.050258505
V425E,0.793264249
V425F,0.830001093
V425G,0.266412204
V425H,0.362719274
V425I,0.988856086
V425K,0.377892919
V425L,0.93412831
V425M,0.80556832
V425N,0.145095455
V425P,0.4208981
V425Q,0.65202213
V425R,0.371547043
V425S,0.7049297459999999
V425T,0.832817805
V425W,0.134812008
V425Y,0.7931658640000001
L426A,0.767184801
L426C,0.696124306
L426D,0.764729973
L426E,0.914973998
L426F,0.962578643
L426G,0.816857506
L426H,0.075453034
L426I,0.947015849
L426K,0.845423143
L426M,0.916580311
L426N,0.758922089
L426P,0.8717711440000001
L426Q,0.86373057
L426R,0.95150269
L426S,0.906271607
L426T,0.837830086
L426V,0.627910889
L426W,0.877153993
L426Y,0.767601361
P427A,0.892573402
P427C,0.42715897
P427D,0.08074892
P427E,0.462521589
P427F,0.212590505
P427G,0.929069831
P427H,0.546216575
P427I,0.054553282
P427K,0.7417961999999999
P427L,0.893889078
P427M,0.548877375
P427N,0.7139896370000001
P427Q,0.732124352
P427R,0.793745431
P427S,0.911149092
P427T,0.43564135
P427V,0.84616714
P427W,0.816543858
P427Y,0.671009062
T428A,0.06151237
T428C,0.137984858
T428D,0.860074384
T428E,0.868911917
T428F,0.7712922059999999
T428G,0.731951641
T428H,0.89336811
T428I,0.8812508859999999
T428K,0.812308215
T428L,0.7919700709999999
T428M,0.902071534
T428N,0.953479321
T428P,0.858393466
T428Q,0.876856649
T428R,0.879990009
T428S,0.672903193
T428V,0.952686235
T428W,0.305758693
T428Y,0.803315225
I429A,0.308190246
I429C,0.7684924340000001
I429D,0.708558459
I429E,0.5817868629999999
I429F,0.248802415
I429G,0.958915037
I429H,0.460967185
I429K,0.064759475
I429L,0.876829777
I429M,0.884110535
I429N,0.918210848
I429P,0.085936953
I429Q,0.834542314
I429R,0.088227609
I429S,0.7575505920000001
I429T,0.766428048
I429V,0.7484006540000001
I429W,0.967905867
I429Y,0.745768566
T430A,0.651699471
T430C,0.7141623490000001
T430D,0.087995884
T430E,0.7851326470000001
T430F,0.940476712
T430G,0.060264241
T430H,0.946805257
T430I,0.674505838
T430K,0.171225493
T430L,0.659121625
T430M,0.8929886359999999
T430N,0.969579673
T430P,0.831379194
T430Q,0.06296164
T430R,0.079907003
T430S,0.913661077
T430V,0.8503285859999999
T430W,0.112080638
T430Y,0.189623843
C431A,0.90605417
C431D,0.652158895
C431E,0.708290155
C431F,0.944713481
C431G,0.539876245
C431H,0.230591645
C431I,0.950304813
C431K,0.724697755
C431L,0.924646709
C431M,0.7371329879999999
C431N,0.466346425
C431P,0.667703191
C431Q,0.619861831
C431R,0.080885712
C431S,0.524661441
C431T,0.964421371
C431V,0.969261471
C431W,0.978081573
C431Y,0.911957905
G432A,0.962735764
G432C,0.945092091
G432D,0.847841105
G432E,0.818758945
G432F,0.988588459
G432H,0.7562953290000001
G432I,0.911028713
G432K,0.841278066
G432L,0.902467234
G432M,0.914320509
G432N,0.484433571
G432P,0.7461558490000001
G432Q,0.743696028
G432R,0.8876697040000001
G432S,0.893779242
G432T,0.809620641
G432V,0.89726455
G432W,0.769948187
G432Y,0.125769565
H433A,0.038813981
H433C,0.12298931
H433D,0.7416234890000001
H433E,0.733851468
H433F,0.882524346
H433G,0.0846581219999999
H433I,0.827806563
H433K,0.737996546
H433L,0.185702214
H433M,0.665284974
H433N,0.902763385
H433P,0.931044732
H433Q,0.7899827290000001
H433R,0.904835924
H433S,0.53536009
H433T,0.734542314
H433V,0.734074673
H433W,0.7347150259999999
H433Y,0.96555661
T434A,0.947532339
T434C,0.141263411
T434D,0.617789292
T434E,0.07704628
T434F,0.206816877
T434G,0.76925734
T434H,0.687564767
T434I,0.7256059359999999
T434K,0.7706390329999999
T434L,0.74124246
T434M,0.255789541
T434N,0.671848014
T434P,0.765112263
T434Q,0.620207254
T434R,0.291355085
T434S,0.906745532
T434V,0.803274314
T434W,0.6863557859999999
T434Y,0.758066551
I435A,0.598272884
I435C,0.768997168
I435D,0.8130042270000001
I435E,0.5917614139999999
I435F,0.728681017
I435G,0.6950970390000001
I435H,0.7955404
I435K,0.162914745
I435L,0.972064871
I435M,0.962521589
I435N,0.8566719890000001
I435P,0.627115717
I435Q,0.627115717
I435R,0.220409782
I435S,0.871547317
I435T,0.869084629
I435V,0.8402374859999999
I435W,0.435924007
I435Y,0.799136442
E436A,0.974514526
E436C,0.543519017
E436D,0.8820379970000001
E436F,0.888551416
E436G,0.874119172
E436H,0.806086766
E436I,0.147581445
E436K,0.908981002
E436L,0.8211586540000001
E436M,0.86090655
E436N,0.8418925359999999
E436P,0.041276009
E436Q,0.970120898
E436R,0.8164698770000001
E436S,0.165609053
E436T,0.7586794720000001
E436V,0.7307693359999999
E436W,0.7842847909999999
E436Y,0.322973152
I437A,0.8860011040000001
I437C,0.6253067170000001
I437D,0.6987910190000001
I437E,0.958191639
I437F,0.946488356
I437G,0.8902823129999999
I437H,0.6231433510000001
I437K,0.779649275
I437L,0.954272353
I437M,0.90249473
I437N,0.724409326
I437P,0.099313832
I437Q,0.7582038000000001
I437R,0.426502489
I437S,0.957846608
I437T,0.852506003
I437V,0.631551465
I437W,0.505711495
I437Y,0.85435371
L438A,0.819900215
L438C,0.711851473
L438D,0.054088672
L438E,0.456476684
L438F,0.910930214
L438G,0.080462813
L438H,0.036527241
L438I,0.713072039
L438K,0.098918475
L438M,0.81006521
L438N,0.140958049
L438P,0.054819459
L438Q,0.367184801
L438R,0.098403763
L438S,0.046501639
L438T,0.316835323
L438V,0.717403397
L438W,0.48431489
L438Y,0.923457185
R439A,0.7476683940000001
R439C,0.947985933
R439D,0.748186528
R439E,0.7096718479999999
R439F,0.701497446
R439G,0.737287177
R439H,0.901381693
R439I,0.730397237
R439K,0.884283247
R439L,0.8581863409999999
R439M,0.59750823
R439N,0.822107081
R439P,0.7977216690000001
R439Q,0.929188256
R439S,0.4069415770000001
R439T,0.107575265
R439V,0.904910533
R439W,0.796934879
R439Y,0.8070905490000001
E440A,0.814095342
E440C,0.943225621
E440D,0.967422799
E440F,0.8679022390000001
E440G,0.899293647
E440H,0.946257561
E440I,0.7957070409999999
E440K,0.948704663
E440L,0.107465304
E440M,0.692055268
E440N,0.852001
E440P,0.8572006879999999
E440Q,0.951122625
E440R,0.257924546
E440S,0.760103627
E440T,0.772020725
E440V,0.981771834
E440W,0.071200655
E440Y,0.85302054
K441A,0.421080215
K441C,0.643304801
K441D,0.7737478409999999
K441E,0.835948535
K441F,0.724181319
K441G,0.915918294
K441H,0.891882556
K441I,0.639049941
K441L,0.966698712
K441M,0.9320705
K441N,0.980702881
K441P,0.849266063
K441Q,0.906908463
K441R,0.972560166
K441S,0.84088407
K441T,0.947850266
K441V,0.965759142
K441W,0.076953514
K441Y,0.393893474
G442A,0.49900438
G442C,0.955401667
G442D,0.866157049
G442E,0.648877375
G442F,0.580064299
G442H,0.659240069
G442I,0.427930396
G442K,0.673747841
G442L,0.120461728
G442M,0.5497409329999999
G442N,0.119507388
G442P,0.637823834
G442Q,0.670811744
G442R,0.952318585
G442S,0.853855728
G442T,0.725043178
G442V,0.815849697
G442W,0.805961807
G442Y,0.570811744
F443A,0.207512671
F443C,0.31338495
F443D,0.048480881
F443E,0.09744825
F443G,0.045454638
F443H,0.225467952
F443I,0.823579672
F443K,0.055674987
F443L,0.962555504
F443M,0.912747159
F443N,0.048951629
F443P,0.09987085
F443Q,0.127633851
F443R,0.053422177
F443S,0.461230777
F443T,0.4964168
F443V,0.597278954
F443W,0.793939588
F443Y,0.798237047
D444A,0.93087851
D444C,0.126342163
D444E,0.7473229709999999
D444F,0.866340769
D444G,0.390978263
D444H,0.6773747840000001
D444I,0.621416235
D444K,0.421070812
D444L,0.077951102
D444M,0.412273397
D444N,0.156205805
D444P,0.75388601
D444Q,0.487219344
D444R,0.672084224
D444S,0.534542314
D444T,0.722107081
D444V,0.0874785209999999
D444W,0.82697438
D444Y,0.555996165
Q445A,0.482272883
Q445C,0.6602940110000001
Q445D,0.064909933
Q445E,0.8094991359999999
Q445F,0.1321947259999999
Q445G,0.8534380109999999
Q445H,0.6633851470000001
Q445I,0.602020556
Q445K,0.3421416229999999
Q445L,0.144590469
Q445M,0.046939768
Q445N,0.3362559
Q445P,0.0728141279999999
Q445R,0.20049192
Q445S,0.260111626
Q445T,0.83804348
Q445V,0.02785654
Q445W,0.166413351
Q445Y,0.511681123
A446C,0.958199266
A446D,0.121540924
A446E,0.772020725
A446F,0.854853483
A446G,0.985816897
A446H,0.102755856
A446I,0.8732233840000001
A446K,0.121029896
A446L,0.88218642
A446M,0.114057482
A446N,0.068521077
A446P,0.7469775470000001
A446Q,0.7682210709999999
A446R,0.042263347
A446S,0.8830729070000001
A446T,0.900458595
A446V,0.990326753
A446W,0.039580238
A446Y,0.724333442
P447A,0.640590497
P447C,0.370579693
P447D,0.052391119
P447E,0.019510635
P447F,0.217951778
P447G,0.583324021
P447H,0.055970549
P447I,0.130097135
P447K,0.271502591
P447L,0.080494539
P447M,0.004957012
P447N,0.008117444
P447Q,0.852437624
P447R,0.056283117
P447S,0.368884369
P447T,0.111022189
P447V,0.205804239
P447W,0.845595915
P447Y,0.001198722
V448A,0.796985375
V448C,0.8167009159999999
V448D,0.032676902
V448E,0.438687392
V448F,0.561658031
V448G,0.5489037689999999
V448H,0.0061043919999999
V448I,0.884801382
V448K,0.044389801
V448L,0.139873692
V448M,0.949409905
V448N,0.009671848
V448P,0.162521589
V448Q,0.49563846
V448R,0.003320135
V448S,0.242138706
V448T,0.874179039
V448W,0.002911862
V448Y,0.5630798
V449A,0.861175393
V449C,0.837817155
V449D,0.626148808
V449E,0.896779632
V449F,0.790507748
V449G,0.95918531
V449H,0.866429973
V449I,0.901827077
V449K,0.418608959
V449L,0.906117046
V449M,0.939521254
V449N,0.820970621
V449P,0.074325721
V449Q,0.954828811
V449R,0.97079728
V449S,0.7876638990000001
V449T,0.991138522
V449W,0.453733541
V449Y,0.907412783
D450A,0.938404888
D450C,0.981953688
D450E,0.443290043
D450F,0.65225
D450G,0.750583413
D450H,0.6403550170000001
D450I,0.8430735490000001
D450K,0.823057467
D450L,0.696010562
D450M,0.705181347
D450N,0.8207696179999999
D450P,0.961824624
D450Q,0.050850471
D450R,0.909321993
D450S,0.8423762509999999
D450T,0.900102277
D450V,0.68406668
D450W,0.822040325
D450Y,0.853734674
E451A,0.938063095
E451C,0.969129421
E451D,0.937132988
E451F,0.741346298
E451G,0.864488356
E451H,0.7819731
E451I,0.962706973
E451K,0.939378238
E451L,0.904418868
E451M,0.427020359
E451N,0.578105431
E451P,0.870700114
E451Q,0.948186528
E451R,0.358484604
E451S,0.818031754
E451T,0.957915997
E451V,0.813647717
E451W,0.6703912910000001
E451Y,0.76089049
A452C,0.928377246
A452D,0.03773074
A452E,0.862935012
A452F,0.965995797
A452G,0.913071357
A452H,0.0795329509999999
A452I,0.8025959890000001
A452K,0.8238401
A452L,0.978801559
A452M,0.903275969
A452N,0.885600167
A452P,0.771584871
A452Q,0.982657174
A452R,0.865397858
A452S,0.912630619
A452T,0.979647482
A452V,0.986251969
A452W,0.5989745120000001
A452Y,0.836908248
G453A,0.050714329
G453C,0.833034267
G453D,0.752412895
G453E,0.8770104740000001
G453F,0.982291973
G453H,0.274112194
G453I,0.819928777
G453K,0.621416235
G453L,0.682908451
G453M,0.041547759
G453N,0.064530505
G453P,0.0748024809999999
G453Q,0.792662972
G453R,0.935243555
G453S,0.943794926
G453T,0.868582677
G453V,0.8204250820000001
G453W,0.5564766839999999
G453Y,0.675780255
V454A,0.8037337940000001
V454C,0.794409997
V454D,0.938398057
V454E,0.979791579
V454F,0.979691337
V454G,0.975318519
V454H,0.776683938
V454I,0.8697225340000001
V454K,0.084607623
V454L,0.8927269040000001
V454M,0.381870459
V454N,0.064024871
V454P,0.071651855
V454Q,0.84611399
V454R,0.726943005
V454S,0.8146177040000001
V454T,0.96148532
V454W,0.918410976
V454Y,0.959983857
I455A,0.7476683940000001
I455C,0.983905874
I455D,0.223488774
I455E,0.102744458
I455F,0.4531375
I455G,0.804258666
I455H,0.750446938
I455K,0.074353704
I455L,0.943479418
I455M,0.8867400409999999
I455N,0.6687158120000001
I455P,0.624525043
I455Q,0.225848248
I455R,0.5948538729999999
I455S,0.950382349
I455T,0.721954567
I455V,0.97495039
I455W,0.231801286
I455Y,0.7845627479999999
L456A,0.390743259
L456C,0.6877430859999999
L456D,0.716110079
L456E,0.402410135
L456F,0.980534661
L456G,0.953499382
L456H,0.948034243
L456I,0.849794092
L456K,0.047331957
L456M,0.911053541
L456N,0.7514748590000001
L456P,0.867921893
L456Q,0.902463612
L456R,0.857563702
L456S,0.985373141
L456T,0.814651395
L456V,0.992748242
L456W,0.6251675729999999
L456Y,0.7471510109999999
G457A,0.6953296940000001
G457C,0.480648469
G457D,0.345556878
G457E,0.102061224
G457F,0.507492623
G457H,0.907404339
G457I,0.026780819
G457K,0.271150707
G457L,0.027955853
G457M,0.02758495
G457N,0.481126126
G457P,0.075802868
G457Q,0.52978921
G457R,0.196866157
G457S,0.896672825
G457T,0.671923853
G457V,0.033446482
G457W,0.208682831
G457Y,0.508776717
M458A,0.978711002
M458C,0.8708359379999999
M458D,0.815874642
M458E,0.217105838
M458F,0.976118709
M458G,0.7241080209999999
M458H,0.6905008640000001
M458I,0.89421274
M458K,0.729015544
M458L,0.988744008
M458N,0.810234951
M458P,0.908251761
M458Q,0.786433562
M458R,0.65391856
M458S,0.937154584
M458T,0.96647802
M458V,0.991815545
M458W,0.8536857859999999
M458Y,0.86717309
V459A,0.829333175
V459C,0.600981009
V459D,0.1686407539999999
V459E,0.555094991
V459F,0.906882955
V459G,0.930871532
V459H,0.006866679
V459I,0.980670839
V459K,0.009671848
V459L,0.944337753
V459M,0.8516004220000001
V459N,0.006724674
V459P,0.003096861
V459Q,0.548877375
V459R,0.002650143
V459S,0.8811996390000001
V459T,0.866735369
V459W,0.001986789
V459Y,0.966519364
T460A,0.931554873
T460C,0.211280164
T460D,0.393609672
T460E,0.617445719
T460F,0.04727241
T460G,0.067730418
T460H,0.811933734
T460I,0.899043815
T460K,0.7371191709999999
T460L,0.8880676409999999
T460M,0.919627166
T460N,0.072914945
T460P,0.912425375
T460Q,0.82316361
T460R,0.8389640359999999
T460S,0.782248445
T460V,0.8503385840000001
T460W,0.114844314
T460Y,0.417098446
L461A,0.80532678
L461C,0.968344489
L461D,0.683210483
L461E,0.868911917
L461F,0.923966924
L461G,0.782932286
L461H,0.666321244
L461I,0.905969882
L461K,0.6304654470000001
L461M,0.7829985620000001
L461N,0.718563779
L461P,0.129282918
L461Q,0.131495238
L461R,0.943502458
L461S,0.7703571090000001
L461T,0.569996187
L461V,0.92865638
L461W,0.453063728
L461Y,0.176365592
G462A,0.482449559
G462C,0.175227148
G462D,0.166004231
G462E,0.97577148
G462F,0.886346022
G462H,0.291537133
G462I,0.098608806
G462K,0.829879102
G462L,0.670889678
G462M,0.073887784
G462N,0.76701209
G462P,0.337305699
G462Q,0.258549223
G462R,0.736787565
G462S,0.672407291
G462T,0.3404145079999999
G462V,0.780829016
G462W,0.858457571
G462Y,0.050832736
N463A,0.85991497
N463C,0.655785838
N463D,0.907227244
N463E,0.683799465
N463F,0.728050436
N463G,0.908981125
N463H,0.865457686
N463I,0.743426329
N463K,0.870984456
N463L,0.8111671429999999
N463M,0.877785549
N463P,0.664594128
N463Q,0.8523316059999999
N463R,0.800640087
N463S,0.061856126
N463T,0.182698678
N463V,0.938939109
N463W,0.7908661109999999
N463Y,0.640069085
M464A,0.767184801
M464C,0.765676595
M464D,0.644559585
M464E,0.265180972
M464F,0.804857565
M464G,0.664606229
M464H,0.830295135
M464I,0.872020702
M464K,0.840414508
M464L,0.992281918
M464N,0.434369603
M464P,0.6183074270000001
M464Q,0.808981002
M464R,0.6925734020000001
M464S,0.192189132
M464T,0.881155525
M464V,0.983698302
M464W,0.702933402
M464Y,0.687564767
L465A,0.7550963409999999
L465C,0.951945239
L465D,0.196099814
L465E,0.667875648
L465F,0.9874778
L465G,0.910172475
L465H,0.870228262
L465I,0.648876358
L465K,0.74507772
L465M,0.938687392
L465N,0.710362721
L465P,0.070559444
L465Q,0.519599611
L465R,0.808052453
L465S,0.903675862
L465T,0.750990995
L465V,0.806147974
L465W,0.350534675
L465Y,0.7972251
S466A,0.749666747
S466C,0.744326521
S466D,0.714507772
S466E,0.047009887
S466F,0.7636765659999999
S466G,0.935241489
S466H,0.695613743
S466I,0.776670535
S466K,0.110035325
S466L,0.7723612240000001
S466M,0.0876572619999999
S466N,0.742659758
S466P,0.622279793
S466Q,0.115525326
S466R,0.744386874
S466T,0.83626943
S466V,0.467007554
S466W,0.592400691
S466Y,0.924660832
S467A,0.924758008
S467C,0.952151293
S467D,0.795729731
S467E,0.806988247
S467F,0.826605186
S467G,0.839283289
S467H,0.055127859
S467I,0.870963626
S467K,0.167272606
S467L,0.8680432859999999
S467M,0.211255223
S467N,0.7769057709999999
S467P,0.950757568
S467Q,0.830337148
S467R,0.182555666
S467T,0.924473281
S467V,0.955130022
S467W,0.905181347
S467Y,0.888388807
L468A,0.06677621
L468C,0.823016938
L468D,0.883757826
L468E,0.091237274
L468F,0.911161588
L468G,0.79997524
L468H,0.81702601
L468I,0.8999758729999999
L468K,0.650777202
L468M,0.959758204
L468N,0.921324701
L468P,0.588255613
L468Q,0.648013817
L468R,0.8495739840000001
L468S,0.7743511040000001
L468T,0.097356971
L468V,0.857050243
L468W,0.617488729
L468Y,0.748169016
L469A,0.85748778
L469C,0.809002335
L469D,0.761036805
L469E,0.925781647
L469F,0.924253837
L469G,0.069025001
L469H,0.7043177890000001
L469I,0.990007933
L469K,0.8732297059999999
L469M,0.662485625
L469N,0.906134014
L469P,0.82306994
L469Q,0.205072782
L469R,0.924056065
L469S,0.929328705
L469T,0.983022016
L469V,0.816009043
L469W,0.69574123
L469Y,0.85611028
A470C,0.054659159
A470D,0.943248267
A470E,0.7309153709999999
A470F,0.050955437
A470G,0.876683938
A470H,0.120729239
A470I,0.692918826
A470K,0.748186528
A470L,0.75200994
A470M,0.717962003
A470N,0.8048159659999999
A470P,0.481174439
A470Q,0.488946459
A470R,0.69671848
A470S,0.196657198
A470T,0.836741255
A470V,0.919129493
A470W,0.589119171
A470Y,0.6552677029999999
G471A,0.932083768
G471C,0.285639978
G471D,0.619170984
G471E,0.746622373
G471F,0.7054163459999999
G471H,0.832583353
G471I,0.972810372
G471K,0.869084629
G471L,0.947430495
G471M,0.230763438
G471N,0.683592401
G471P,0.555879129
G471Q,0.100955363
G471R,0.768114876
G471S,0.675950807
G471T,0.333333333
G471V,0.8422979690000001
G471W,0.446459413
G471Y,0.056164748
K472A,0.85413844
K472C,0.955595986
K472D,0.060141812
K472E,0.916925734
K472F,0.973461489
K472G,0.672041955
K472H,0.747496513
K472I,0.490019784
K472L,0.916982894
K472M,0.8736482309999999
K472N,0.939378238
K472P,0.3845916820000001
K472Q,0.929188256
K472R,0.827307235
K472S,0.708860808
K472T,0.75965398
K472V,0.849885395
K472W,0.064167737
K472Y,0.642317982
V473A,0.847145771
V473C,0.904955555
V473D,0.7952739959999999
V473E,0.672193437
V473F,0.895684642
V473G,0.748531952
V473H,0.734542314
V473I,0.860836113
V473K,0.734887737
V473L,0.8812096540000001
V473M,0.966237467
V473N,0.6882556129999999
V473P,0.87270538
V473Q,0.65492228
V473R,0.755094991
V473S,0.062384832
V473T,0.7920552679999999
V473W,0.225061228
V473Y,0.758026868
Q474A,0.891232072
Q474C,0.8957718309999999
Q474D,0.868946727
Q474E,0.939032815
Q474F,0.983466238
Q474G,0.829257345
Q474H,0.968085386
Q474I,0.98257909
Q474K,0.959412781
Q474L,0.960183523
Q474M,0.973601912
Q474N,0.823662914
Q474P,0.767618988
Q474R,0.7900646020000001
Q474S,0.88660873
Q474T,0.8102983229999999
Q474V,0.8847726340000001
Q474W,0.712958614
Q474Y,0.766737206
P475A,0.948759452
P475C,0.963938281
P475D,0.781699088
P475E,0.874362045
P475F,0.883126307
P475G,0.912432117
P475H,0.968876424
P475I,0.962303699
P475K,0.903799655
P475L,0.920927713
P475M,0.7307163440000001
P475N,0.040345867
P475Q,0.902590674
P475R,0.954232285
P475S,0.802728233
P475T,0.8277415359999999
P475V,0.98890464
P475W,0.7954923009999999
P475Y,0.767671491
S476A,0.891896254
S476C,0.926367726
S476D,0.044474901
S476E,0.964702727
S476F,0.966884794
S476G,0.876083072
S476H,0.7247595640000001
S476I,0.839774507
S476K,0.809091586
S476L,0.90847077
S476M,0.839942478
S476N,0.83849332
S476P,0.283706299
S476Q,0.911226252
S476R,0.908983709
S476T,0.191098307
S476V,0.965737455
S476W,0.7031007579999999
S476Y,0.83801714
D477A,0.109202536
D477C,0.7045743040000001
D477E,0.988946459
D477F,0.943349734
D477G,0.918993925
D477H,0.8943894990000001
D477I,0.7536100990000001
D477K,0.7955588
D477L,0.87617674
D477M,0.959681149
D477N,0.905903548
D477P,0.7119170979999999
D477Q,0.708290155
D477R,0.7648458659999999
D477S,0.862061223
D477T,0.607164878
D477V,0.955695835
D477W,0.724965889
D477Y,0.948846426
Q478A,0.760621762
Q478C,0.822535668
Q478D,0.108201613
Q478E,0.929879102
Q478F,0.953786226
Q478G,0.709831415
Q478H,0.8940805540000001
Q478I,0.8389335520000001
Q478K,0.760621762
Q478L,0.7730957279999999
Q478M,0.279186329
Q478N,0.942396046
Q478P,0.7494701090000001
Q478R,0.74333675
Q478S,0.627529105
Q478T,0.836970821
Q478V,0.8502517479999999
Q478W,0.872341567
Q478Y,0.973775372
V479A,0.841545765
V479C,0.988173495
V479D,0.38462867
V479E,0.081033932
V479F,0.298719625
V479G,0.695435065
V479H,0.247335262
V479I,0.980935347
V479K,0.097305439
V479L,0.927585149
V479M,0.924675231
V479N,0.823416222
V479P,0.5403830860000001
V479Q,0.021806432
V479R,0.0733846609999999
V479S,0.930305517
V479T,0.035046543
V479W,0.092665122
V479Y,0.235499967
G480A,0.992347002
G480C,0.565459841
G480D,0.8939696420000001
G480E,0.821070812
G480F,0.910015162
G480H,0.642056883
G480I,0.826303397
G480K,0.8195164079999999
G480L,0.918021559
G480M,0.736656905
G480N,0.947301971
G480P,0.204500645
G480Q,0.8288428320000001
G480R,0.782133163
G480S,0.756504319
G480T,0.075900776
G480V,0.6366222260000001
G480W,0.4969105170000001
G480Y,0.8724339259999999
K481A,0.8564328990000001
K481C,0.986289604
K481D,0.90997057
K481E,0.950259067
K481F,0.951167304
K481G,0.711142334
K481H,0.975226102
K481I,0.915365178
K481L,0.968448834
K481M,0.968621359
K481N,0.99343696
K481P,0.96493855
K481Q,0.994127807
K481R,0.969557995
K481S,0.524657253
K481T,0.8662456890000001
K481V,0.94227136
K481W,0.81051202
K481Y,0.85873168
V482A,0.8361415390000001
V482C,0.902590674
V482D,0.6742659759999999
V482E,0.7811166970000001
V482F,0.9006475540000001
V482G,0.8992151209999999
V482H,0.090168197
V482I,0.912490437
V482K,0.7072538859999999
V482L,0.682282023
V482M,0.79881323
V482N,0.6713298790000001
V482P,0.7072538859999999
V482Q,0.832124352
V482R,0.705354059
V482S,0.8644214159999999
V482T,0.989442325
V482W,0.620379965
V482Y,0.909106424
I483A,0.88698715
I483C,0.957944875
I483D,0.813989637
I483E,0.6833362909999999
I483F,0.072722693
I483G,0.941082291
I483H,0.771848014
I483K,0.106539904
I483L,0.84794818
I483M,0.868739206
I483N,0.906044905
I483P,0.812006362
I483Q,0.790610143
I483R,0.97601657
I483S,0.963470142
I483T,0.710956703
I483V,0.92294574
I483W,0.933133984
I483Y,0.856822107
Y484A,0.7196891190000001
Y484C,0.620477351
Y484D,0.675647668
Y484E,0.10755342
Y484F,0.7975846259999999
Y484G,0.097139213
Y484H,0.8195164079999999
Y484I,0.965102365
Y484K,0.654058722
Y484L,0.917045898
Y484M,0.278621097
Y484N,0.68083356
Y484P,0.588255613
Y484Q,0.592619233
Y484R,0.654058722
Y484S,0.8387965959999999
Y484T,0.7371329879999999
Y484V,0.900979085
Y484W,0.187340855
K485A,0.114604315
K485C,0.960158498
K485D,0.526181832
K485E,0.475880616
K485F,0.959875039
K485G,0.437395606
K485H,0.934379121
K485I,0.515573002
K485L,0.921110137
K485M,0.832124352
K485N,0.961982437
K485P,0.7611136470000001
K485Q,0.804407057
K485R,0.961832583
K485S,0.95607514
K485T,0.792694208
K485V,0.947731461
K485W,0.924912687
K485Y,0.834955737
Q486A,0.864186992
Q486C,0.926131356
Q486D,0.909021538
Q486E,0.99343696
Q486F,0.6863954859999999
Q486G,0.245825865
Q486H,0.932469775
Q486I,0.826205725
Q486K,0.965112263
Q486L,0.910610746
Q486M,0.850681206
Q486N,0.99015544
Q486P,0.871675302
Q486R,0.942593322
Q486S,0.8376783940000001
Q486T,0.953863439
Q486V,0.694091114
Q486W,0.8405770340000001
Q486Y,0.666738617
F487A,0.046798775
F487C,0.95572039
F487D,0.05976148
F487E,0.5430051810000001
F487G,0.75915991
F487H,0.6711571679999999
F487I,0.967915325
F487K,0.5430051810000001
F487L,0.906949391
F487M,0.351479302
F487N,0.73596397
F487P,0.634715026
F487Q,0.769840856
F487R,0.450058446
F487S,0.786555032
F487T,0.190846287
F487V,0.988129156
F487W,0.87460094
F487Y,0.975310169
K488A,0.950515642
K488C,0.838388047
K488D,0.868551673
K488E,0.916203449
K488F,0.667352291
K488G,0.411034878
K488H,0.057586561
K488I,0.37339582
K488L,0.873790932
K488M,0.7144434129999999
K488N,0.830051813
K488P,0.228498421
K488Q,0.83074266
K488R,0.902643717
K488S,0.645363819
K488T,0.056790357
K488V,0.272921803
K488W,0.959915566
K488Y,0.929237871
Q489A,0.748989074
Q489C,0.8041861509999999
Q489D,0.97644035
Q489E,0.965284974
Q489F,0.92713748
Q489G,0.8784110540000001
Q489H,0.6918825559999999
Q489I,0.898259809
Q489K,0.928670121
Q489L,0.953592251
Q489M,0.8645114429999999
Q489N,0.780046784
Q489P,0.100390618
Q489R,0.098654864
Q489S,0.92013464
Q489T,0.734542314
Q489V,0.606172385
Q489W,0.985911725
Q489Y,0.108960407
I490A,0.8464594129999999
I490C,0.048015411
I490D,0.377547496
I490E,0.108526079
I490F,0.960960074
I490G,0.601182859
I490H,0.627115717
I490K,0.6512953370000001
I490L,0.866672654
I490M,0.8792746109999999
I490N,0.831021151
I490P,0.942510953
I490Q,0.343868739
I490R,0.6846675740000001
I490S,0.10643816
I490T,0.545323647
I490V,0.8625751340000001
I490W,0.136759047
I490Y,0.622279793
R491A,0.72226524
R491C,0.936108158
R491D,0.680327041
R491E,0.737651123
R491F,0.8071691679999999
R491G,0.8217758559999999
R491H,0.944281982
R491I,0.320958861
R491K,0.069432463
R491L,0.988341535
R491M,0.8426010070000001
R491N,0.976266625
R491P,0.047433336
R491Q,0.057508639
R491S,0.631084829
R491T,0.099027535
R491V,0.763358139
R491W,0.821368731
R491Y,0.938965578
L492A,0.432424883
L492C,0.8837251709999999
L492D,0.114854882
L492E,0.75885872
L492F,0.975982089
L492G,0.424658574
L492H,0.042734464
L492I,0.907794822
L492K,0.76597582
L492M,0.8951640759999999
L492N,0.7708117440000001
L492P,0.839220781
L492Q,0.782728843
L492R,0.969268619
L492S,0.292063848
L492T,0.72063974
L492V,0.940286264
L492W,0.615544041
L492Y,0.364565016
T493A,0.076447232
T493C,0.874264174
T493D,0.149608131
T493E,0.775882567
T493F,0.762735155
T493G,0.534421025
T493H,0.860999403
T493I,0.936224124
T493K,0.8411053540000001
T493L,0.5190942829999999
T493M,0.921998046
T493N,0.931951641
T493P,0.864939551
T493Q,0.760446678
T493R,0.7270052920000001
T493S,0.178333372
T493V,0.901986749
T493W,0.840859523
T493Y,0.726371717
D494A,0.901647542
D494C,0.925971591
D494E,0.793270021
D494F,0.237094923
D494G,0.83298791
D494H,0.909250651
D494I,0.979503472
D494K,0.185618864
D494L,0.721920417
D494M,0.7938323979999999
D494N,0.449156175
D494P,0.664421416
D494Q,0.584110535
D494R,0.053308117
D494S,0.816980349
D494T,0.776015775
D494V,0.835868031
D494W,0.641688499
D494Y,0.763903282
T495A,0.966387145
T495C,0.7808533040000001
T495D,0.993996603
T495E,0.746404373
T495F,0.972724543
T495G,0.8848811809999999
T495H,0.801378266
T495I,0.513801982
T495K,0.977197043
T495L,0.860425324
T495M,0.918026074
T495N,0.894875385
T495P,0.819586778
T495Q,0.116868786
T495R,0.73149049
T495S,0.665957578
T495V,0.992655545
T495W,0.857237055
T495Y,0.804173665
L496A,0.17253886
L496C,0.31761658
L496D,0.001787285
L496E,0.006996324
L496F,0.7643575859999999
L496G,0.042571545
L496H,0.008437805
L496I,0.922130866
L496K,0.105354059
L496M,0.96597582
L496N,0.013416683
L496P,0.052526157
L496Q,0.059412781
L496R,0.062019653
L496S,0.043494734
L496T,0.248877375
L496V,0.7664365040000001
L496W,0.01322033
L496Y,0.961109121
G497A,0.853554431
G497C,0.451468048
G497D,0.973180761
G497E,0.659585492
G497F,0.601208981
G497H,0.451468048
G497I,0.44507772
G497K,0.53298791
G497L,0.3376385
G497M,0.451468048
G497N,0.632297064
G497P,0.451468048
G497Q,0.458376511
G497R,0.451468048
G497S,0.94127964
G497T,0.458376511
G497V,0.7582494240000001
G497W,0.451468048
G497Y,0.44507772
R498A,0.868911917
R498C,0.765630397
R498D,0.7685664940000001
R498E,0.056172111
R498F,0.893685022
R498G,0.758231147
R498H,0.83567865
R498I,0.838292513
R498K,0.903346728
R498L,0.740993928
R498M,0.8564766840000001
R498N,0.75716753
R498P,0.766148532
R498Q,0.931260794
R498S,0.415524594
R498T,0.773920553
R498V,0.292449362
R498W,0.791371277
R498Y,0.7628670120000001
L499A,0.512607945
L499C,0.5791019000000001
L499D,0.054860719
L499E,0.245595855
L499F,0.8684941070000001
L499G,0.434196891
L499H,0.245595855
L499I,0.098918961
L499K,0.282210708
L499M,0.787564767
L499N,0.245595855
L499P,0.245595855
L499Q,0.50328152
L499R,0.274784111
L499S,0.498445596
L499T,0.622107081
L499V,0.942839346
L499W,0.274784111
L499Y,0.5791019000000001
S500A,0.097571751
S500C,0.875760262
S500D,0.177751191
S500E,0.782556131
S500F,0.964400619
S500G,0.898889829
S500H,0.634196891
S500I,0.077891847
S500K,0.213062312
S500L,0.951079265
S500M,0.916808688
S500N,0.8715025909999999
S500P,0.7948789070000001
S500Q,0.675474957
S500R,0.287293942
S500T,0.7806563040000001
S500V,0.90519083
S500W,0.621416235
S500Y,0.220282439
H501A,0.931173005
H501C,0.793167822
H501D,0.935584114
H501E,0.8623488770000001
H501F,0.974423803
H501G,0.969057479
H501I,0.857689631
H501K,0.874627794
H501L,0.8979785579999999
H501M,0.7702216829999999
H501N,0.572334026
H501P,0.372810806
H501Q,0.981020328
H501R,0.7507970509999999
H501S,0.934216303
H501T,0.787219344
H501V,0.943232898
H501W,0.858757567
H501Y,0.9892254
I502A,0.087005011
I502C,0.883714035
I502D,0.6620034539999999
I502E,0.6620034539999999
I502F,0.914157591
I502G,0.908596646
I502H,0.5480138170000001
I502K,0.83667387
I502L,0.925180793
I502M,0.952295259
I502N,0.148269355
I502P,0.7888169279999999
I502Q,0.8928612359999999
I502R,0.450678733
I502S,0.643992391
I502T,0.950720634
I502V,0.986120843
I502W,0.070535981
I502Y,0.768521036
L503A,0.681519862
L503C,0.578238342
L503D,0.441450777
L503E,0.447841105
L503F,0.648433379
L503G,0.416699907
L503H,0.441623489
L503I,0.846256563
L503K,0.609499136
L503M,0.785492228
L503N,0.447841105
L503P,0.447841105
L503Q,0.8891585059999999
L503R,0.17650345
L503S,0.140820786
L503T,0.579792746
L503V,0.908412181
L503W,0.599594912
L503Y,0.395327542
E504A,0.608319835
E504C,0.727891625
E504D,0.896545769
E504F,0.222973688
E504G,0.916856444
E504H,0.309499136
E504I,0.050870333
E504K,0.819175274
E504L,0.987528048
E504M,0.132907415
E504N,0.804100502
E504P,0.518134715
E504Q,0.964075993
E504R,0.7298791020000001
E504S,0.93620795
E504T,0.0788069159999999
E504V,0.747364725
E504W,0.029015544
E504Y,0.435578584
M505A,0.752022072
M505C,0.883419689
M505D,0.84507772
M505E,0.7392055270000001
M505F,0.988019474
M505G,0.888241532
M505H,0.8407599309999999
M505I,0.981692573
M505K,0.917088796
M505L,0.912281049
M505N,0.082456955
M505P,0.7683937820000001
M505Q,0.988810715
M505R,0.803388763
M505S,0.92004597
M505T,0.844559585
M505V,0.990375442
M505W,0.854763295
M505Y,0.886355786
D506A,0.966251966
D506C,0.465707316
D506E,0.979908453
D506F,0.942430894
D506G,0.873982881
D506H,0.717443869
D506I,0.055897306
D506K,0.5842236160000001
D506L,0.556042351
D506M,0.563578965
D506N,0.922133908
D506P,0.664594128
D506Q,0.7373056990000001
D506R,0.581221855
D506S,0.837544933
D506T,0.324525043
D506V,0.553127756
D506W,0.862332821
D506Y,0.067644714
H507A,0.257280139
H507C,0.064967945
H507D,0.565803109
H507E,0.373402418
H507F,0.969554818
H507G,0.133439865
H507I,0.929765084
H507K,0.6892214720000001
H507L,0.975203307
H507M,0.766929324
H507N,0.986355786
H507P,0.872948383
H507Q,0.8117443870000001
H507R,0.919444725
H507S,0.928442901
H507T,0.698618307
H507V,0.287663688
H507W,0.252966213
H507Y,0.625490842
F508A,0.942657661
F508C,0.964780506
F508D,0.203207165
F508E,0.908032707
F508G,0.917423167
F508H,0.646286701
F508I,0.8647668390000001
F508K,0.627115717
F508L,0.841076258
F508M,0.084250829
F508N,0.740790706
F508P,0.7371329879999999
F508Q,0.911927796
F508R,0.315788803
F508S,0.8374754109999999
F508T,0.497236615
F508V,0.725251894
F508W,0.86712646
F508Y,0.926582439
A509C,0.151712032
A509D,0.060136296
A509E,0.132295582
A509F,0.348138684
A509G,0.8371236209999999
A509H,0.473056995
A509I,0.088875479
A509K,0.3208981
A509L,0.940961633
A509M,0.248531952
A509N,0.40224525
A509P,0.608117444
A509Q,0.601899827
A509R,0.5955094989999999
A509S,0.930324552
A509T,0.974728922
A509V,0.952800204
A509W,0.038688301
A509Y,0.04540274
L510A,0.627633851
L510C,0.72746114
L510D,0.060928948
L510E,0.245595855
L510F,0.847482712
L510G,0.707952892
L510H,0.449050086
L510I,0.8376908820000001
L510K,0.084491784
L510M,0.861139896
L510N,0.890693415
L510P,0.8427084509999999
L510Q,0.538860104
L510R,0.063795878
L510S,0.497582038
L510T,0.625215889
L510V,0.913593462
L510W,0.816367402
L510Y,0.712407263
V511A,0.8344529159999999
V511C,0.703631991
V511D,0.11774234
V511E,0.916308057
V511F,0.938985753
V511G,0.8233948329999999
V511H,0.311744387
V511I,0.052534291
V511K,0.081293934
V511L,0.907144354
V511M,0.975279004
V511N,0.218825561
V511P,0.396545769
V511Q,0.925445676
V511R,0.422055133
V511S,0.7421978029999999
V511T,0.8331606220000001
V511W,0.745034553
V511Y,0.080861658
V512A,0.84023469
V512C,0.654940668
V512D,0.7431778929999999
V512E,0.892573402
V512F,0.981166433
V512G,0.844606775
V512H,0.649913644
V512I,0.10343528
V512K,0.776683938
V512L,0.954576857
V512M,0.968146033
V512N,0.973487916
V512P,0.470167721
V512Q,0.878929188
V512R,0.748186528
V512S,0.904145078
V512T,0.998791019
V512W,0.784967539
V512Y,0.906044905
H513A,0.289051868
H513C,0.781810274
H513D,0.7742659759999999
H513E,0.779274611
H513F,0.727710663
H513G,0.77357513
H513I,0.150960685
H513K,0.295742178
H513L,0.633693004
H513M,0.608981002
H513N,0.06672604
H513P,0.76701209
H513Q,0.8495234309999999
H513R,0.190775265
H513S,0.7511094140000001
H513T,0.7058721929999999
H513V,0.767702936
H513W,0.1753174069999999
H513Y,0.98640408
E514A,0.341837392
E514C,0.915198769
E514D,0.884801382
E514F,0.668892668
E514G,0.795765575
E514H,0.705699482
E514I,0.7139896370000001
E514K,0.8839378240000001
E514L,0.91676602
E514M,0.623298064
E514N,0.777547496
E514P,0.749568221
E514Q,0.8792746109999999
E514R,0.7146804840000001
E514S,0.082022379
E514T,0.118546194
E514V,0.895807342
E514W,0.8294508970000001
E514Y,0.547841105
Q515A,0.683419689
Q515C,0.59166504
Q515D,0.738860104
Q515E,0.8791019
Q515F,0.937412657
Q515G,0.738860104
Q515H,0.879447323
Q515I,0.940160981
Q515K,0.771848014
Q515L,0.919619797
Q515M,0.677547496
Q515N,0.87582038
Q515P,0.935144956
Q515R,0.266356225
Q515S,0.451402339
Q515T,0.769602763
Q515V,0.6454312729999999
Q515W,0.047376446
Q515Y,0.7493955090000001
I516A,0.918893633
I516C,0.662511439
I516D,0.558376511
I516E,0.628497409
I516F,0.923352579
I516G,0.363168027
I516H,0.740932642
I516K,0.071319872
I516L,0.888726685
I516M,0.928324698
I516N,0.86278936
I516P,0.049548482
I516Q,0.628497409
I516R,0.8252701379999999
I516S,0.334643235
I516T,0.8440414509999999
I516V,0.835866245
I516W,0.302763385
I516Y,0.642659758
Q517A,0.736146392
Q517C,0.91049711
Q517D,0.781174439
Q517E,0.644471641
Q517F,0.899499495
Q517G,0.980859136
Q517H,0.99343696
Q517I,0.76842662
Q517K,0.913624633
Q517L,0.921539751
Q517M,0.8062899729999999
Q517N,0.939784316
Q517P,0.932068747
Q517R,0.964067742
Q517S,0.966892114
Q517T,0.8930259
Q517V,0.317089374
Q517W,0.906484016
Q517Y,0.817343294
Y518A,0.935139806
Y518C,0.8679318540000001
Y518D,0.264570918
Y518E,0.777029361
Y518F,0.932574153
Y518G,0.806095055
Y518H,0.083459958
Y518I,0.846943565
Y518K,0.7893387590000001
Y518L,0.932994553
Y518M,0.870931997
Y518N,0.91910497
Y518P,0.300350212
Y518Q,0.925278656
Y518R,0.816805035
Y518S,0.929014412
Y518T,0.904145078
Y518V,0.885455118
Y518W,0.051170113
H519A,0.964166865
H519C,0.8731101240000001
H519D,0.7857013970000001
H519E,0.721707333
H519F,0.896999705
H519G,0.113028762
H519I,0.7747597620000001
H519K,0.709128454
H519L,0.67197202
H519M,0.7902899609999999
H519N,0.831037696
H519P,0.8583690359999999
H519Q,0.923661485
H519R,0.83918401
H519S,0.774380918
H519T,0.764026532
H519V,0.716313875
H519W,0.344880812
H519Y,0.8345117870000001
S520A,0.903859879
S520C,0.967357758
S520D,0.6637317420000001
S520E,0.8706994140000001
S520F,0.991187511
S520G,0.812689764
S520H,0.8645245009999999
S520I,0.8097110409999999
S520K,0.886473333
S520L,0.7975050659999999
S520M,0.878262146
S520N,0.822746503
S520P,0.181938755
S520Q,0.861312608
S520R,0.892242612
S520T,0.8522866379999999
S520V,0.840453899
S520W,0.423728613
S520Y,0.699788442
T521A,0.970423077
T521C,0.754541217
T521D,0.339821512
T521E,0.246504807
T521F,0.991811235
T521G,0.132621385
T521H,0.11373341
T521I,0.761623713
T521K,0.192316819
T521L,0.964057692
T521M,0.875527782
T521N,0.969774393
T521P,0.863464745
T521Q,0.740587219
T521R,0.933287271
T521S,0.974156692
T521V,0.791386855
T521W,0.476631846
T521Y,0.890379282
G522A,0.916726612
G522C,0.936299494
G522D,0.884066653
G522E,0.960945394
G522F,0.933936742
G522H,0.902513848
G522I,0.533261262
G522K,0.80590904
G522L,0.7375663020000001
G522M,0.961341021
G522N,0.074439074
G522P,0.8464901509999999
G522Q,0.923325001
G522R,0.937560071
G522S,0.975921114
G522T,0.946835674
G522V,0.947284677
G522W,0.874784111
G522Y,0.8868201290000001
K523A,0.103867718
K523C,0.884873142
K523D,0.060825315
K523E,0.906864159
K523F,0.873473327
K523G,0.786973067
K523H,0.725043178
K523I,0.89457205
K523L,0.924435079
K523M,0.8680954409999999
K523N,0.873056995
K523P,0.88189513
K523Q,0.870984456
K523R,0.156556375
K523S,0.8730457509999999
K523T,0.09487134
K523V,0.979680489
K523W,0.86834085
K523Y,0.988860271
S524A,0.925980888
S524C,0.94462717
S524D,0.780042855
S524E,0.953257666
S524F,0.94394697
S524G,0.500798891
S524H,0.076456549
S524I,0.790752971
S524K,0.078186148
S524L,0.805573436
S524M,0.824006908
S524N,0.681519862
S524P,0.910215711
S524Q,0.15898469
S524R,0.767184801
S524T,0.108957158
S524V,0.235816811
S524W,0.924861038
S524Y,0.859359867
S525A,0.2935483
S525C,0.972480743
S525D,0.942336593
S525E,0.773402418
S525F,0.906742199
S525G,0.8074644190000001
S525H,0.672456218
S525I,0.958601809
S525K,0.8675796029999999
S525L,0.905843107
S525M,0.9000643229999999
S525N,0.884283247
S525P,0.220628559
S525Q,0.8837651120000001
S525R,0.922233
S525T,0.8553417179999999
S525V,0.730286296
S525W,0.661528631
S525Y,0.886069531
Q526A,0.889346243
Q526C,0.859089054
Q526D,0.900034565
Q526E,0.954404145
Q526F,0.927873094
Q526G,0.939526935
Q526H,0.868565026
Q526I,0.949858771
Q526K,0.954404145
Q526L,0.879864603
Q526M,0.988850527
Q526N,0.995676049
Q526P,0.771902228
Q526R,0.979794773
Q526S,0.8650537759999999
Q526T,0.925470498
Q526V,0.90022141
Q526W,0.755019144
Q526Y,0.776486463
R527A,0.881416228
R527C,0.191029185
R527D,0.275848803
R527E,0.8465372590000001
R527F,0.976280575
R527G,0.98184845
R527H,0.918456842
R527I,0.83999776
R527K,0.956131261
R527L,0.848569496
R527M,0.988333074
R527N,0.7747841109999999
R527P,0.698618307
R527Q,0.978583765
R527S,0.796174038
R527T,0.6771916020000001
R527V,0.8602165940000001
R527W,0.942464353
R527Y,0.854216912
Q528A,0.82793522
Q528C,0.778487446
Q528D,0.144010873
Q528E,0.8350604490000001
Q528F,0.901554404
Q528G,0.223253964
Q528H,0.992227979
Q528I,0.7411053540000001
Q528K,0.767184801
Q528L,0.946886997
Q528M,0.685492228
Q528N,0.880483592
Q528P,0.80764542
Q528R,0.067223731
Q528S,0.8516271440000001
Q528T,0.8199084390000001
Q528V,0.932566227
Q528W,0.801930873
Q528Y,0.9
M529A,0.984635767
M529C,0.847120285
M529D,0.908635579
M529E,0.820286967
M529F,0.987051813
M529G,0.915793271
M529H,0.911744387
M529I,0.88134715
M529K,0.771502591
M529L,0.8926893370000001
M529N,0.8239573459999999
M529P,0.896576707
M529Q,0.960353253
M529R,0.970171273
M529S,0.8590171609999999
M529T,0.076472717
M529V,0.896094128
M529W,0.8034989090000001
M529Y,0.8634532490000001
V530A,0.913366705
V530C,0.954992647
V530D,0.049077018
V530E,0.7141094859999999
V530F,0.919747384
V530G,0.88461248
V530H,0.618825561
V530I,0.924994011
V530K,0.654058722
V530L,0.977873084
V530M,0.87388053
V530N,0.8061723709999999
V530P,0.74547854
V530Q,0.664939551
V530R,0.05281073
V530S,0.0680547609999999
V530T,0.198976677
V530W,0.8565437990000001
V530Y,0.58896173
F531A,0.8178273509999999
F531C,0.7917037579999999
F531D,0.880999698
F531E,0.858950517
F531G,0.946616141
F531H,0.8483796570000001
F531I,0.910637451
F531K,0.839862963
F531L,0.901397537
F531M,0.901731593
F531N,0.8302738590000001
F531P,0.7982310090000001
F531Q,0.802395816
F531R,0.942075499
F531S,0.994450743
F531T,0.812605362
F531V,0.943790605
F531W,0.8785235659999999
F531Y,0.986532795
G532A,0.8221964759999999
G532C,0.89546874
G532D,0.86148532
G532E,0.75716753
G532F,0.885004832
G532H,0.919749867
G532I,0.869363399
G532K,0.775474957
G532L,0.960123227
G532M,0.104770941
G532N,0.786190673
G532P,0.8396852770000001
G532Q,0.621416235
G532R,0.820552677
G532S,0.923493733
G532T,0.895524326
G532V,0.8053443770000001
G532W,0.667530225
G532Y,0.904924596
V533A,0.7107098690000001
V533C,0.692999073
V533D,0.070426754
V533E,0.261312608
V533F,0.8425174240000001
V533G,0.11871482
V533H,0.074647576
V533I,0.803863815
V533K,0.169775475
V533L,0.974747258
V533M,0.951468048
V533N,0.119861831
V533P,0.122970639
V533Q,0.252158895
V533R,0.119861831
V533S,0.324870466
V533T,0.401283174
V533W,0.047351974
V533Y,0.056900183
V534A,0.869372272
V534C,0.886618658
V534D,0.613644214
V534E,0.167508485
V534F,0.904450851
V534G,0.982036347
V534H,0.451468048
V534I,0.9791019
V534K,0.186040896
V534L,0.99343696
V534M,0.8961363859999999
V534N,0.592400691
V534P,0.648013817
V534Q,0.621588946
V534R,0.595682211
V534S,0.893752062
V534T,0.93507433
V534W,0.667842378
V534Y,0.665630397
T535A,0.982128424
T535C,0.50552677
T535D,0.221699525
T535E,0.465630397
T535F,0.95842478
T535G,0.453713299
T535H,0.419861831
T535I,0.90149835
T535K,0.561139896
T535L,0.455958549
T535M,0.446459413
T535N,0.888946459
T535P,0.465630397
T535Q,0.863867472
T535R,0.481291509
T535S,0.974578456
T535V,0.589810017
T535W,0.05538656
T535Y,0.098202174
A536C,0.555109512
A536D,0.8076692190000001
A536E,0.08732343
A536F,0.044759807
A536G,0.804428812
A536H,0.451743882
A536I,0.8072538859999999
A536K,0.79775475
A536L,0.062128259
A536M,0.7744386870000001
A536N,0.7142454540000001
A536P,0.064349693
A536Q,0.72970639
A536R,0.779607218
A536S,0.886682124
A536T,0.931260794
A536V,0.86180479
A536W,0.7062176170000001
A536Y,0.696241683
I537A,0.8153697440000001
I537C,0.090076541
I537D,0.892511568
I537E,0.92364751
I537F,0.884263527
I537G,0.881599483
I537H,0.105478807
I537K,0.7378238340000001
I537L,0.885212542
I537M,0.927794336
I537N,0.50552677
I537P,0.808290155
I537Q,0.056773997
I537R,0.056976066
I537S,0.7559614570000001
I537T,0.818546885
I537V,0.843454623
I537W,0.650777202
I537Y,0.926312286
D538A,0.237634581
D538C,0.628700643
D538E,0.474784111
D538F,0.067094158
D538G,0.042585531
D538H,0.219516408
D538I,0.06006525
D538K,0.24507772
D538L,0.027287028
D538M,0.008117444
D538N,0.186010363
D538P,0.027806563
D538Q,0.255958549
D538R,0.061332261
D538S,0.113726607
D538T,0.216407599
D538V,0.022367502
D538W,0.044186738
D538Y,0.081382236
L539A,0.956958271
L539C,0.919437439
L539D,0.004100669
L539E,0.090699773
L539F,0.919540379
L539G,0.352983228
L539H,0.7677484290000001
L539I,0.8467670709999999
L539K,0.02234981
L539M,0.919826959
L539N,0.011398964
L539P,0.961104001
L539Q,0.622279793
L539R,0.136949618
L539S,0.276441802
L539T,0.69775475
L539V,0.891364437
L539W,0.494818653
L539Y,0.6929632
L540A,0.283967434
L540C,0.308635579
L540D,0.191018998
L540E,0.035867127
L540F,0.706571127
L540G,0.054302771
L540H,0.218825561
L540I,0.715398766
L540K,0.185096709
L540M,0.8290155440000001
L540N,0.441177231
L540P,0.030213197
L540Q,0.039723661
L540R,0.231778929
L540S,0.101095119
L540T,0.068588848
L540V,0.848582252
L540W,0.479335141
L540Y,0.889236672
N541A,0.85716753
N541C,0.649050086
N541D,0.950949914
N541E,0.874784111
N541F,0.779965458
N541G,0.877029361
N541H,0.950949914
N541I,0.7416234890000001
N541K,0.947668394
N541L,0.77582038
N541M,0.732297064
N541P,0.8189982729999999
N541Q,0.947150259
N541R,0.8806563040000001
N541S,0.947668394
N541T,0.949740933
N541V,0.7473229709999999
N541W,0.597927461
N541Y,0.8487046629999999
F542A,0.734486525
F542C,0.242513332
F542D,0.121116412
F542E,0.044057586
F542G,0.125789515
F542H,0.776338515
F542I,0.058865741
F542K,0.067427608
F542L,0.92923764
F542M,0.8830191190000001
F542N,0.621416235
F542P,0.854044508
F542Q,0.036890563
F542R,0.805905471
F542S,0.325073916
F542T,0.894857435
F542V,0.901414188
F542W,0.765039308
F542Y,0.462240859
V543A,0.885146805
V543C,0.6922279790000001
V543D,0.728670121
V543E,0.775647668
V543F,0.953679597
V543G,0.7347150259999999
V543H,0.7146804840000001
V543I,0.8820379970000001
V543K,0.831877265
V543L,0.501453415
V543M,0.89015544
V543N,0.954267169
V543P,0.073200173
V543Q,0.705181347
V543R,0.646977547
V543S,0.605882637
V543T,0.957512953
V543W,0.7624970879999999
V543Y,0.964423149
A544C,0.054587009
A544D,0.768304454
A544E,0.8482635279999999
A544F,0.944081439
A544G,0.979742276
A544H,0.367220792
A544I,0.6034542310000001
A544K,0.4029360970000001
A544L,0.067341265
A544M,0.6063903279999999
A544N,0.63851468
A544P,0.079748637
A544Q,0.655785838
A544R,0.0662225229999999
A544S,0.917457331
A544T,0.875302245
A544V,0.942588448
A544W,0.057140108
A544Y,0.322279793
A545C,0.773056995
A545D,0.86701209
A545E,0.73298791
A545F,0.949033495
A545G,0.948078238
A545H,0.689464594
A545I,0.681519862
A545K,0.720379965
A545L,0.219010077
A545M,0.73851468
A545N,0.735060449
A545P,0.739896373
A545Q,0.732469775
A545R,0.720379965
A545S,0.883061179
A545T,0.907314402
A545V,0.58390117
A545W,0.565112263
A545Y,0.148438679
Q546A,0.886844961
Q546C,0.906044905
Q546D,0.892055268
Q546E,0.954404145
Q546F,0.902763385
Q546G,0.89343696
Q546H,0.948531952
Q546I,0.902763385
Q546K,0.954404145
Q546L,0.8079179740000001
Q546M,0.975474957
Q546N,0.956476684
Q546P,0.901208981
Q546R,0.992158889
Q546S,0.873056995
Q546T,0.8891191709999999
Q546V,0.908635579
Q546W,0.928908527
Q546Y,0.8830742659999999
E547A,0.8663212440000001
E547C,0.7974810920000001
E547D,0.962694301
E547F,0.971308482
E547G,0.899158256
E547H,0.74835924
E547I,0.76597582
E547K,0.964939551
E547L,0.877040822
E547M,0.828497409
E547N,0.865630397
E547P,0.767357513
E547Q,0.934887737
E547R,0.8663212440000001
E547S,0.7817331790000001
E547T,0.061671784
E547V,0.87582038
E547W,0.701899827
E547Y,0.844559585
R548A,0.830397237
R548C,0.921362336
R548D,0.79715444
R548E,0.884132403
R548F,0.914326546
R548G,0.8451978490000001
R548H,0.872295653
R548I,0.4742220170000001
R548K,0.920034542
R548L,0.909371573
R548M,0.920454197
R548N,0.8132987909999999
R548P,0.844559585
R548Q,0.906908463
R548S,0.7765177259999999
R548T,0.888601036
R548V,0.808369551
R548W,0.731951641
R548Y,0.707068657
D549A,0.831606218
D549C,0.917221417
D549E,0.937478411
D549F,0.964579172
D549G,0.868911917
D549H,0.871848014
D549I,0.235462976
D549K,0.74611399
D549L,0.788682091
D549M,0.758031088
D549N,0.937478411
D549P,0.76044905
D549Q,0.09967356
D549R,0.74611399
D549S,0.7633402859999999
D549T,0.742141623
D549V,0.941862426
D549W,0.860057648
D549Y,0.8042330679999999
Q550A,0.742487047
Q550C,0.7760120429999999
Q550D,0.738860104
Q550E,0.8682210709999999
Q550F,0.7682210709999999
Q550G,0.836274945
Q550H,0.88134715
Q550I,0.7682210709999999
Q550K,0.82746114
Q550L,0.76925734
Q550M,0.7903281520000001
Q550N,0.8295336790000001
Q550P,0.136487702
Q550R,0.834542314
Q550S,0.759930915
Q550T,0.939463302
Q550V,0.7373056990000001
Q550W,0.76597582
Q550Y,0.76925734
K551A,0.83402749
K551C,0.8836304220000001
K551D,0.7374784109999999
K551E,0.908229065
K551F,0.639467452
K551G,0.682446065
K551H,0.7433506040000001
K551I,0.129353907
K551L,0.924135423
K551M,0.8025906740000001
K551N,0.8682210709999999
K551P,0.687392055
K551Q,0.868739206
K551R,0.950949914
K551S,0.912933315
K551T,0.845250432
K551V,0.933468514
K551W,0.101967925
K551Y,0.059261522
