variant,score
A2C,-0.574706786
A2D,-0.32633492
A2E,-0.520984251
A2F,-0.976330263
A2G,-0.304501613
A2H,-0.3949275
A2I,0.087889825
A2K,-0.349369782
A2L,0.185170971
A2M,-0.030359373
A2N,-0.8403155729999999
A2P,-0.466239635
A2Q,-0.787583645
A2R,-0.8217407290000001
A2S,-0.365626285
A2T,-0.362089615
A2V,0.27532565
A2W,-0.8501513490000001
A2Y,-0.513125375
A3C,-0.7526714959999999
A3D,-0.054199703
A3E,-0.4130909920000001
A3F,-0.479477289
A3G,-0.6986435559999999
A3H,-0.748059613
A3I,-0.71093526
A3K,-0.663556614
A3L,-0.601859758
A3M,-0.7601703009999999
A3N,-0.79751913
A3P,-0.366537499
A3Q,-0.665316328
A3R,-0.8375835220000001
A3S,-0.516829206
A3T,-0.213118153
A3V,-0.42489804
A3W,-0.953281592
A3Y,-0.989607231
A4C,-0.610495467
A4D,-0.027203373
A4E,-0.864550325
A4F,-0.68347513
A4G,-0.340832581
A4H,-0.610036778
A4I,-0.959636697
A4K,-0.6712324470000001
A4L,-0.414679677
A4M,-0.339138257
A4N,-0.586850735
A4P,-0.371141956
A4Q,-0.854421013
A4R,-0.661317501
A4S,-0.284235637
A4T,-0.055154285
A4V,-0.357730086
A4W,-0.8276829440000001
A4Y,-0.5769171470000001
A5C,-0.7227974970000001
A5D,-0.068407025
A5E,-0.447840305
A5F,0.119126283
A5G,-0.7141121340000001
A5H,-0.40256593
A5I,-0.855330655
A5K,-0.792639365
A5L,-0.679286319
A5M,-0.912341489
A5N,-0.422513451
A5P,-0.51948634
A5Q,-0.723636443
A5R,-0.642162792
A5S,-0.364051936
A5T,-0.207585379
A5V,-0.451419509
A5W,-0.688507635
A5Y,-0.770538067
A6C,-0.480692842
A6D,-0.189863593
A6E,-0.552639957
A6F,-0.963142662
A6G,-0.450914028
A6H,-0.707946697
A6I,-0.511204676
A6K,-0.580896187
A6L,-0.886320819
A6M,-0.6710809010000001
A6N,-0.765228872
A6P,-0.504101508
A6Q,-0.971203858
A6R,-0.556688222
A6S,-0.441242964
A6T,-0.059356717
A6V,-0.373373223
A6W,-0.631595857
A6Y,-0.500615269
A7C,-0.553964772
A7D,-0.350121044
A7E,-0.748672615
A7F,-0.697754236
A7G,-0.61790796
A7H,-0.6107174870000001
A7I,-0.60926189
A7K,-0.779866355
A7L,-0.6442168079999999
A7M,-0.658947549
A7N,-0.645094205
A7P,-0.207352476
A7Q,-0.965625977
A7R,-0.741004309
A7S,-0.396859339
A7T,-0.350281433
A7V,-0.448455132
A7W,-0.705196375
A7Y,-0.836635805
G8A,-0.42932848
G8C,-0.924968644
G8D,-0.999185685
G8E,-0.441503055
G8F,-0.5988569570000001
G8H,-0.7239412890000001
G8I,-1.019702001
G8K,-0.6955764179999999
G8L,-0.6378648579999999
G8M,-0.8196928309999999
G8N,-1.126309038
G8P,-0.530267381
G8Q,-0.760763885
G8R,0.014436846
G8S,-0.766613531
G8T,-0.6717444509999999
G8V,-0.166866253
G8W,-0.7049618059999999
G8Y,-0.7968663420000001
A9C,-1.083962618
A9D,-0.259628509
A9E,-0.517367472
A9F,-0.7900906
A9G,-0.332437365
A9H,-0.698168528
A9I,-0.579111587
A9K,-0.633717176
A9L,-0.562578627
A9M,-0.487730295
A9N,-0.845072222
A9P,-0.450061424
A9Q,-0.614019388
A9R,-0.880120441
A9S,-0.393081605
A9T,-0.133679394
A9V,-0.4353043
A9W,-0.693770502
A9Y,-0.265394209
G10A,-0.506430869
G10C,-0.823089428
G10D,-0.7857131709999999
G10E,-0.179053291
G10F,-0.7970531340000001
G10H,-0.698287318
G10I,-0.748803991
G10K,-0.653823583
G10L,-0.720919295
G10M,-0.832125178
G10N,-0.740034069
G10P,-0.546482824
G10Q,-0.674471325
G10R,-0.090087422
G10S,-0.955837381
G10T,-0.5586891420000001
G10V,-0.155547472
G10W,-0.188878281
G10Y,-0.650405273
P11A,-0.286039224
P11C,-0.649066419
P11D,-0.529227632
P11E,-0.587553941
P11F,-0.643988778
P11G,-0.458159627
P11H,0.030720263
P11I,-1.126922684
P11K,-0.738401269
P11L,-0.644380328
P11M,-0.608907346
P11N,-0.374935649
P11Q,-0.457774694
P11R,-0.70735843
P11S,-0.485272707
P11T,-0.096771821
P11V,-0.742616754
P11W,-0.565443865
P11Y,-0.441755326
E12A,-0.669603464
E12C,-0.936046449
E12D,-0.147509332
E12F,-0.483990155
E12G,-0.664986076
E12H,-0.496982471
E12I,-0.744080486
E12K,-0.139445346
E12L,-0.686546387
E12M,-0.716188402
E12N,-0.7964828290000001
E12P,0.249561316
E12Q,-0.319207783
E12R,-0.205424952
E12S,-0.715700817
E12T,-0.5893627229999999
E12V,-0.259058153
E12W,-0.870748519
E12Y,-0.326878023
M13A,-0.332191014
M13C,-0.371377897
M13D,-0.169552096
M13E,-0.336568424
M13F,0.236105268
M13G,-0.26876084
M13H,-0.8798198620000001
M13I,-0.005734908
M13K,-0.064672375
M13L,-0.179928565
M13N,-0.250753401
M13P,-0.195385197
M13Q,-0.408830886
M13R,-0.368677173
M13S,-0.375089728
M13T,-0.440331829
M13V,0.0076096459999999
M13W,-1.189908764
M13Y,-1.22378577
V14A,-0.183717726
V14C,-0.48385564
V14D,0.067260292
V14E,-0.05137754
V14F,-0.193172571
V14G,-0.068605998
V14H,-0.068115685
V14I,-0.5905540539999999
V14K,-0.219385468
V14L,-0.558679678
V14M,-0.570539919
V14N,-0.372029676
V14P,0.168011642
V14Q,-0.669068213
V14R,-0.3899609670000001
V14S,-0.216491501
V14T,-0.3188855
V14W,-0.401410934
V14Y,-0.235060381
R15A,-0.905863643
R15C,-1.282509
R15D,-0.259269315
R15E,0.028304242
R15F,-1.340347404
R15G,-0.393386858
R15H,-1.110693075
R15I,-0.920971146
R15K,-0.355216669
R15L,-0.910076929
R15M,-0.211559717
R15N,-0.5540359420000001
R15P,-0.071695224
R15Q,-0.443678109
R15S,-0.100607791
R15T,-0.68550631
R15V,-1.077733015
R15W,-0.348541986
R15Y,-1.195167044
G16A,-0.257159463
G16C,-0.388524063
G16D,-0.242288237
G16E,-0.008356039
G16F,-0.37101826
G16H,-0.609821012
G16I,-0.146240625
G16K,-0.073893944
G16L,-0.535566097
G16M,-0.555021613
G16N,-0.4874716
G16P,-0.117230794
G16Q,-0.494721811
G16R,0.014898595
G16S,-0.339843365
G16T,-0.332306187
G16V,0.25355228
G16W,-0.566578714
G16Y,-0.597510109
Q17A,-0.646570195
Q17C,-1.214671039
Q17D,-0.458458461
Q17E,-0.563923261
Q17F,-0.745390925
Q17G,-0.71006795
Q17H,-0.29721964
Q17I,-0.931810253
Q17K,-0.266480508
Q17L,-0.388467392
Q17M,-0.713966998
Q17N,-0.758511409
Q17P,0.124646001
Q17R,-0.022675234
Q17S,-0.485924139
Q17T,-0.7368142390000001
Q17V,-1.212610543
Q17W,-0.535535807
Q17Y,-0.922543293
V18A,-0.147882092
V18C,-0.7975781129999999
V18D,-0.039373286
V18E,-0.639685129
V18F,-0.495061014
V18G,-0.062830163
V18H,-0.791065012
V18I,-0.449138381
V18K,-0.841471685
V18L,-0.8421599040000001
V18M,-0.8159212809999999
V18N,-0.792546018
V18P,-0.660268593
V18Q,-0.773881362
V18R,-1.026591047
V18S,-0.273437299
V18T,-0.8032558129999999
V18W,-1.192079417
V18Y,-0.815292252
F19A,-0.100828343
F19C,-0.313624554
F19D,0.231581062
F19E,0.246416635
F19G,0.367571945
F19H,-0.386691398
F19I,-0.083930725
F19K,0.285813918
F19L,-0.0753125259999999
F19M,-0.611908452
F19N,-0.037575855
F19P,0.316032148
F19Q,-0.89767104
F19R,0.324282788
F19S,0.096906679
F19T,-0.386620126
F19V,-0.209776421
F19W,-1.228052899
F19Y,-0.169595177
D20A,-0.677885525
D20C,-0.58858672
D20E,-0.112838372
D20F,-0.6241540879999999
D20G,-0.578624589
D20H,-0.60707623
D20I,-0.647368321
D20K,-0.819497245
D20L,-0.591684315
D20M,-0.696349428
D20N,-0.177414204
D20P,-0.189616301
D20Q,-0.7865208379999999
D20R,-0.7618701990000001
D20S,-0.989380338
D20T,-0.8336889040000001
D20V,-0.145651274
D20W,-0.60349179
D20Y,-0.084135563
V21A,-0.227760236
V21C,-0.486372538
V21D,0.23110735
V21E,0.009538875
V21F,0.0846319619999999
V21G,-0.24339817
V21H,0.214767521
V21I,-0.444597141
V21K,-0.141671031
V21L,-0.2244167
V21M,-0.075294424
V21N,-0.132884733
V21P,-0.363674455
V21Q,0.1531261569999999
V21R,0.6969865909999999
V21S,-0.208917201
V21T,-0.947481791
V21W,0.208219576
V21Y,0.229242038
G22A,-0.548000665
G22C,-0.907194451
G22D,-0.304054164
G22E,-0.128998369
G22F,-0.8797171859999999
G22H,-1.068686067
G22I,-0.857859919
G22K,-0.714754007
G22L,-0.7954214709999999
G22M,-0.769498755
G22N,-0.941406171
G22P,0.000581677
G22Q,-0.7743672090000001
G22R,-0.233316838
G22S,-0.756615245
G22T,-0.500528825
G22V,-0.039059625
G22W,-0.156831262
G22Y,-0.797548073
P23A,-0.138108495
P23C,-0.376680961
P23D,-0.309646831
P23E,-0.6045193320000001
P23F,-0.378481885
P23G,-0.348854593
P23H,0.001068577
P23I,-0.344114609
P23K,-0.183361139
P23L,-0.250984128
P23M,-0.65721676
P23N,-0.417721158
P23Q,-0.722688845
P23R,-0.323273728
P23S,-0.275419115
P23T,-0.134224563
P23V,-0.542909235
P23W,-0.671501735
P23Y,-0.5944718000000001
R24A,-0.441411515
R24C,-0.320830137
R24D,-0.461539254
R24E,-0.356745874
R24F,-0.737608
R24G,-0.153222537
R24H,-0.051130795
R24I,-0.480515457
R24K,-0.903268258
R24L,-0.173684166
R24M,-0.705926169
R24N,-0.7296213090000001
R24P,0.101083765
R24Q,-0.7828320440000001
R24S,0.136053766
R24T,-0.937541083
R24V,-0.534595179
R24W,-0.613932322
R24Y,-0.585482149
Y25A,0.011477126
Y25C,-0.336472924
Y25D,0.6881185670000001
Y25E,0.9764226
Y25F,-0.189738758
Y25G,0.742154955
Y25H,-0.220525231
Y25I,-0.262619111
Y25K,0.108690804
Y25L,-0.419362021
Y25M,-0.846213138
Y25N,0.026652871
Y25P,1.059014792
Y25Q,0.0897723959999999
Y25R,-0.3589081629999999
Y25S,0.778444239
Y25T,0.564446551
Y25V,-0.055394554
Y25W,-0.214663603
T26A,-0.469311317
T26C,-0.888160733
T26D,-0.675124032
T26E,-0.7789887259999999
T26F,-0.8182370959999999
T26G,-0.7598908679999999
T26H,-0.33798887
T26I,-0.29083869
T26K,-1.032292024
T26L,-0.407859309
T26M,-0.772219775
T26N,-0.366353883
T26P,0.092615184
T26Q,-0.82284798
T26R,-0.8015637440000001
T26S,-0.234445866
T26V,-0.815199378
T26W,-0.536592169
T26Y,-0.802465834
N27A,-0.756133098
N27C,-0.847063893
N27D,-0.266722796
N27E,-0.7544116740000001
N27F,-0.767475806
N27G,-0.6868611379999999
N27H,-0.252029915
N27I,-0.14848016
N27K,-0.148902018
N27L,-0.521665382
N27M,-0.817151829
N27P,-0.669585506
N27Q,-0.732485438
N27R,-0.8877526259999999
N27S,-0.409473617
N27T,-0.578182885
N27V,-0.929416006
N27W,-0.280058564
N27Y,-0.213497005
L28A,-0.431874335
L28C,-0.675097418
L28D,-0.415753964
L28E,-0.401519936
L28F,0.060634301
L28G,-0.529141536
L28H,0.043696555
L28I,-0.246556577
L28K,-0.033511836
L28M,0.039152219
L28N,-0.568617511
L28P,-0.180525005
L28Q,-0.128748518
L28R,0.084349453
L28S,-0.345080486
L28T,-0.366888466
L28V,-0.5655472810000001
L28W,0.164986542
L28Y,-0.206994994
S29A,-0.512611543
S29C,-0.164506551
S29D,-0.20177208
S29E,-0.0836714809999999
S29F,-0.681385835
S29G,0.257532376
S29H,-0.530405269
S29I,-0.306360983
S29K,-0.7744378909999999
S29L,-0.499545518
S29M,-0.926224179
S29N,-0.190505944
S29P,0.713412568
S29Q,-0.382788188
S29R,-0.158299202
S29T,-0.574863189
S29V,-0.483843154
S29W,-0.317895436
S29Y,-0.6638915679999999
Y30A,-0.224683875
Y30C,0.336777249
Y30D,0.066194148
Y30E,0.524262228
Y30F,-0.136446601
Y30G,0.001036983
Y30H,-0.472121614
Y30I,0.089881986
Y30K,-0.045108909
Y30L,0.36710997
Y30M,0.06456618
Y30N,-0.099224192
Y30P,-0.061370673
Y30Q,-0.289189401
Y30R,0.15575126
Y30S,0.023647119
Y30T,0.133275249
Y30V,0.122860503
Y30W,-0.780757575
I31A,-0.959395786
I31C,-1.244769942
I31D,1.011714437
I31E,-0.826482504
I31F,-0.097447477
I31G,0.392534457
I31H,-0.062418694
I31K,-0.645471086
I31L,-0.313990637
I31M,-0.440374066
I31N,-0.026492097
I31P,0.944727246
I31Q,-0.6725705259999999
I31R,-0.29016555
I31S,0.303844688
I31T,-0.080632677
I31V,-2.381666501
I31W,-0.126177042
I31Y,-0.340041974
G32A,0.12149732
G32C,0.6769440529999999
G32D,0.041999017
G32E,0.5463531979999999
G32F,0.569145452
G32H,0.908021321
G32I,0.944927703
G32K,0.83904296
G32L,0.6384062070000001
G32M,0.8808947079999999
G32N,-0.290684624
G32P,0.8566401220000001
G32Q,0.622670764
G32R,0.950559353
G32S,0.230853656
G32T,0.7472921220000001
G32V,0.712392703
G32W,0.8708775670000001
G32Y,0.919404802
E33A,0.077068651
E33C,-0.291626492
E33D,0.358730992
E33F,-0.242977087
E33G,0.6900763809999999
E33H,-0.158396113
E33I,0.046839708
E33K,0.589510823
E33L,0.0779237959999999
E33M,0.138012499
E33N,0.077679361
E33P,0.7054304779999999
E33Q,-0.092598514
E33R,0.425769211
E33S,-0.222450396
E33T,0.410480349
E33V,-0.038122994
E33W,0.103307484
E33Y,-0.262805434
G34A,0.606278685
G34C,0.521560606
G34D,0.955405471
G34E,0.8718368670000001
G34F,0.724580277
G34H,0.8010343109999999
G34I,0.6699082470000001
G34K,0.741479175
G34L,0.76905374
G34M,0.750665405
G34N,0.8445764029999999
G34P,0.583047365
G34Q,0.779429638
G34R,0.7693592920000001
G34S,0.679222256
G34T,0.849988518
G34V,0.511977018
G34W,0.6876453929999999
G34Y,0.868669713
A35C,-0.264132063
A35D,0.59294869
A35E,0.61663421
A35F,-0.471419765
A35G,0.27393932
A35H,0.6282368629999999
A35I,0.738110858
A35K,0.7312393859999999
A35L,0.922296211
A35M,0.110860694
A35N,0.369347519
A35P,0.972199921
A35Q,0.556735454
A35R,0.452186655
A35S,-0.061248424
A35T,0.5658834739999999
A35V,0.7145241520000001
A35W,0.263859213
A35Y,0.232390399
Y36A,-0.000534564
Y36C,-0.062259678
Y36D,0.07937308
Y36E,-0.6107235129999999
Y36F,-0.170947958
Y36G,-0.542025294
Y36H,-0.143228829
Y36I,0.047486477
Y36K,0.6826837370000001
Y36L,0.326966199
Y36M,-0.030280161
Y36N,-0.168512331
Y36P,0.7732221570000001
Y36Q,-0.470652321
Y36R,0.854672318
Y36S,-0.825109711
Y36T,-0.6999787390000001
Y36V,-0.355168331
Y36W,0.07753857
G37A,0.419421996
G37C,0.50179692
G37D,0.743918847
G37E,0.686665332
G37F,0.537442035
G37H,0.7264811729999999
G37I,0.7376246
G37K,0.553250212
G37L,0.664614912
G37M,0.565521927
G37N,0.733726848
G37P,0.752331746
G37Q,0.561860458
G37R,0.5893675589999999
G37S,0.565998465
G37T,0.68686259
G37V,0.645674161
G37W,0.721212547
G37Y,0.6503935279999999
M38A,-0.43778579
M38C,-0.688385716
M38D,-0.887895361
M38E,-0.645532898
M38F,-0.805469298
M38G,0.221746823
M38H,-0.415566537
M38I,-0.195981627
M38K,-0.107003036
M38L,-0.258882276
M38N,-0.298811077
M38P,0.490899513
M38Q,-0.857016221
M38R,-0.58161544
M38S,-0.35853843
M38T,-0.950861161
M38V,-0.226409723
M38W,-0.209577847
M38Y,-0.7862753
V39A,0.503478981
V39C,-0.160726778
V39D,0.994972608
V39E,0.13005283
V39F,0.744122098
V39G,1.097494487
V39H,0.68102438
V39I,0.5509208210000001
V39K,0.925041291
V39L,0.506124692
V39M,0.8627354209999999
V39N,0.861783965
V39P,0.851612769
V39Q,0.752360633
V39R,0.871670952
V39S,0.888942693
V39T,0.6932677890000001
V39W,0.8988407209999999
V39Y,0.691389405
C40A,-0.196780872
C40D,-0.066339865
C40E,-0.155964429
C40F,-0.018163981
C40G,0.025516198
C40H,-0.50244016
C40I,-0.676495761
C40K,-0.447204826
C40L,-0.442798022
C40M,-0.428566739
C40N,-0.298421683
C40P,0.29947695
C40Q,-0.02172675
C40R,0.235584471
C40S,-0.150634931
C40T,-0.7104929409999999
C40V,0.09064521
C40W,0.233062033
C40Y,0.169867009
S41A,-0.203203955
S41C,-0.396283079
S41D,-0.446677906
S41E,-0.653255597
S41F,-0.042710993
S41G,-0.5309730429999999
S41H,0.03225382
S41I,-0.386567457
S41K,-0.5167255629999999
S41L,-0.518119036
S41M,-0.623247448
S41N,-0.374068775
S41P,2.460446
S41Q,-0.798235468
S41R,-0.467025115
S41T,-0.040161438
S41V,-0.08879554
S41W,-0.063790582
S41Y,0.161810982
A42C,-0.373362626
A42D,0.765238038
A42E,0.181077516
A42F,-0.273396443
A42G,-0.216483424
A42H,0.244499034
A42I,0.441925587
A42K,0.266920652
A42L,-0.330905932
A42M,-0.153244035
A42N,-0.214297053
A42P,0.539312406
A42Q,0.197811992
A42R,0.937093173
A42S,-0.079261637
A42T,0.661376976
A42V,0.00685718
A42W,0.058650894
A42Y,-0.262130042
Y43A,-0.537918895
Y43C,-0.260217886
Y43D,-0.40688224
Y43E,-0.498669129
Y43F,-0.345896892
Y43G,-0.5342119120000001
Y43H,-0.368204693
Y43I,-0.264609286
Y43K,-0.426059133
Y43L,-0.523060699
Y43M,-0.636078516
Y43N,-0.079052527
Y43P,-0.0724562129999999
Y43Q,-0.656197541
Y43R,-0.4747015020000001
Y43S,-0.322760382
Y43T,-0.234941207
Y43V,-0.7606571320000001
Y43W,-0.581197411
D44A,-0.251445138
D44C,-0.50484289
D44E,-0.021622499
D44F,-0.334290946
D44G,-0.37650279
D44H,-0.367573562
D44I,0.004390897
D44K,-0.384238321
D44L,-0.456663106
D44M,-0.455260274
D44N,0.019000642
D44P,0.091256953
D44Q,-0.518300812
D44R,-0.229290035
D44S,-0.534883478
D44T,-0.226785913
D44V,-0.09696954
D44W,-0.41400965
D44Y,0.109413828
N45A,-0.520688935
N45C,-0.7580715
N45D,-0.175368896
N45E,-0.653206662
N45F,-0.665401657
N45G,-0.508526732
N45H,-0.514803974
N45I,-0.159562862
N45K,-0.117950277
N45L,-0.647218176
N45M,-0.530553501
N45P,-0.5439802779999999
N45Q,-0.666695707
N45R,-0.8421643329999999
N45S,-0.045088484
N45T,-0.26326762
N45V,-0.62606188
N45W,-0.474637779
N45Y,-0.257621002
V46A,0.1728875919999999
V46C,-0.752886528
V46D,-0.076263423
V46E,-0.8524202059999999
V46F,-0.352120315
V46G,-0.237518794
V46H,-0.718580412
V46I,-0.282952434
V46K,-0.767952304
V46L,-0.633164143
V46M,-0.602758786
V46N,-0.192612489
V46P,-0.359057031
V46Q,-0.841819787
V46R,-0.517648088
V46S,-0.304123088
V46T,-0.5179917820000001
V46W,-0.71100396
V46Y,-0.845293662
N47A,-0.7038658809999999
N47C,-0.73861565
N47D,-0.454530146
N47E,-0.6496670410000001
N47F,-0.694705076
N47G,-0.611007782
N47H,-0.480729804
N47I,-0.222073188
N47K,-0.193366189
N47L,-0.647034565
N47M,-0.42027175
N47P,-0.571476881
N47Q,-0.287684745
N47R,-0.673126771
N47S,-0.433111958
N47T,-0.6732449079999999
N47V,-0.461099644
N47W,-0.417548743
N47Y,-0.277909853
K48A,-0.550626469
K48C,-0.6720991740000001
K48D,-0.616747546
K48E,-0.185460489
K48F,-0.632446386
K48G,-0.567104927
K48H,-0.823047995
K48I,-0.5659271810000001
K48L,-0.530759223
K48M,-0.131653148
K48N,0.001632904
K48P,-0.888782739
K48Q,-0.139022063
K48R,-0.384257345
K48S,-0.411638472
K48T,-0.654324007
K48V,-0.678971157
K48W,-0.423276186
K48Y,-0.530471829
V49A,-0.484894755
V49C,-0.66757124
V49D,-0.612997543
V49E,-0.124983308
V49F,-0.8518912820000001
V49G,-1.927334836
V49H,-0.516982708
V49I,-0.505409608
V49K,-0.560686804
V49L,-0.494902102
V49M,-0.234601931
V49N,-0.923605839
V49P,-0.485826852
V49Q,-0.490542352
V49R,-0.77224254
V49S,-0.8134480709999999
V49T,-0.578188386
V49W,-0.578657774
V49Y,-0.8121770690000001
R50A,-0.616357653
R50C,-0.5857554460000001
R50D,-0.571553978
R50E,-0.331681743
R50F,-0.7790311740000001
R50G,-0.370475881
R50H,-0.774839363
R50I,-0.678997115
R50K,-0.232386482
R50L,-0.588318145
R50M,-0.12812541
R50N,-0.606710227
R50P,-0.447127901
R50Q,-0.520764306
R50S,-0.077232985
R50T,-0.455687202
R50V,-0.5671258920000001
R50W,-0.194350909
R50Y,-0.709542725
V51A,-0.256014101
V51C,-0.622451271
V51D,-0.114286789
V51E,-0.288470744
V51F,-0.149755004
V51G,0.009556034
V51H,-0.277572096
V51I,-0.260098291
V51K,-0.471608703
V51L,-0.504654853
V51M,-0.506335564
V51N,-0.551531832
V51P,0.147180365
V51Q,-0.972904006
V51R,-0.447072712
V51S,-0.252539838
V51T,-0.500998527
V51W,-0.616979144
V51Y,-0.5777128970000001
A52C,0.51808737
A52D,0.312185563
A52E,0.8903708159999999
A52F,0.717598175
A52G,-0.058119124
A52H,0.824990034
A52I,0.710190946
A52K,0.948919774
A52L,0.8374342770000001
A52M,0.8154604109999999
A52N,0.959925874
A52P,0.8387000020000001
A52Q,0.8604619259999999
A52R,0.912082658
A52S,0.169926863
A52T,0.923586792
A52V,0.8200819979999999
A52W,0.8910192379999999
A52Y,0.7766789129999999
I53A,-0.025084058
I53C,-0.249416918
I53D,1.114325563
I53E,0.954073497
I53F,-0.137268374
I53G,0.024959433
I53H,0.342998051
I53K,0.8793658670000001
I53L,-0.059477588
I53M,-0.193063545
I53N,-0.022598222
I53P,0.754520585
I53Q,-0.169467126
I53R,0.998943834
I53S,0.160612193
I53T,1.567834427
I53V,-0.170488394
I53W,0.625261568
I53Y,0.7798665020000001
K54A,0.859356928
K54C,0.799026824
K54D,0.909246296
K54E,0.923559258
K54F,0.800699617
K54G,0.8657626390000001
K54H,0.788909537
K54I,0.686427467
K54L,0.8150824000000001
K54M,0.654406474
K54N,0.881017281
K54P,1.009943693
K54Q,0.986232247
K54R,0.773388271
K54S,0.892463441
K54T,0.833140076
K54V,0.8792941740000001
K54W,0.8497034370000001
K54Y,0.869685073
K55A,-0.641011625
K55C,-0.355177017
K55D,-0.089760215
K55E,0.3663101620000001
K55F,-0.389285046
K55G,-0.259456907
K55H,-0.606155617
K55I,-0.10466712
K55L,-0.5473978629999999
K55M,-0.255421956
K55N,-0.135033703
K55P,0.781116569
K55Q,-0.2083938
K55R,-0.435916619
K55S,-0.239843499
K55T,-0.071885962
K55V,-0.055813669
K55W,0.024172338
K55Y,-0.409139367
I56A,-0.71931202
I56C,-0.462141761
I56D,0.470676058
I56E,-0.365259502
I56F,0.08450525
I56G,-0.29234222
I56H,0.642399092
I56K,0.84123759
I56L,-0.573212313
I56M,-0.363019528
I56N,-0.013927523
I56P,-0.340075905
I56Q,-0.5324074670000001
I56R,0.7032389640000001
I56S,-0.635830686
I56T,-0.294689918
I56V,-0.328936175
I56W,0.6020497929999999
I56Y,0.411288626
S57A,-0.229072323
S57C,-0.242729084
S57D,0.405889153
S57E,0.100160386
S57F,0.544555999
S57G,-1.21009535
S57H,-0.667117984
S57I,-0.03941148
S57K,-0.42882015
S57L,0.091974537
S57M,-0.165060025
S57N,-0.0845520709999999
S57P,-0.035721895
S57Q,-0.546839899
S57R,-0.511831095
S57T,-0.177573123
S57V,-0.313353526
S57W,0.929567601
S57Y,0.7405606240000001
P58A,-0.65111573
P58C,-0.720105818
P58D,-0.340809939
P58E,-0.282062751
P58F,-0.714322907
P58G,-1.239857197
P58H,-0.29229
P58I,-0.607011768
P58K,-0.912182312
P58L,-0.423847905
P58M,-0.970040058
P58N,-0.69965641
P58Q,-0.922526278
P58R,-1.025078797
P58S,-0.001466064
P58T,-0.240484314
P58V,-0.687826935
P58W,-1.002308187
P58Y,-0.867074668
F59A,-0.490313361
F59C,-0.5466542870000001
F59D,0.66916815
F59E,0.6289807789999999
F59G,-0.623443474
F59H,-0.515010883
F59I,-0.146371421
F59K,-0.49283746
F59L,-0.185772662
F59M,-0.938836479
F59N,-0.447481448
F59P,-0.296542264
F59Q,-0.549886113
F59R,-0.976141257
F59S,-0.055729548
F59T,-0.347223817
F59V,-0.726559583
F59W,-0.035528526
F59Y,-0.171240585
E60A,-0.278638522
E60C,-1.010871269
E60D,-0.189162223
E60F,-0.974941617
E60G,-0.508046103
E60H,-0.761906202
E60I,-1.157396314
E60K,-0.250636337
E60L,-0.8220242870000001
E60M,-0.85264763
E60N,-0.33858748
E60P,-0.238253786
E60Q,-0.503290903
E60R,-0.518837008
E60S,-0.754465136
E60T,-0.53628536
E60V,-0.383561691
E60W,-1.034569192
E60Y,-0.8705897020000001
H61A,0.837821418
H61C,0.731129844
H61D,0.8271664440000001
H61E,0.79934767
H61G,0.5583975379999999
H61I,0.406204054
H61K,0.060797329
H61L,-0.093075306
H61M,-0.035480374
H61N,0.059138232
H61P,0.620619774
H61Q,0.160422931
H61R,-0.220772656
H61S,0.619220753
H61T,0.663436492
H61V,0.564375602
H61W,-0.385670904
H61Y,-0.093469534
Q62A,-0.497927405
Q62C,-0.321034143
Q62D,0.051141066
Q62E,0.085971702
Q62F,-0.431341941
Q62G,-0.4267597520000001
Q62H,-0.049517156
Q62I,-0.340092765
Q62K,-0.329048633
Q62L,-0.079993231
Q62M,-0.447580121
Q62N,-0.422165878
Q62P,-0.038251492
Q62R,-0.109738191
Q62S,0.062426251
Q62T,-0.217415974
Q62V,-0.204824564
Q62W,-0.206279822
Q62Y,-0.4748237870000001
T63A,-0.268408812
T63C,-0.603632433
T63D,0.092882007
T63E,-0.19274304
T63F,-0.260150894
T63G,-0.078817998
T63H,0.0429678659999999
T63I,-0.3489984679999999
T63K,-0.504801065
T63L,-0.897048376
T63M,-0.682409798
T63N,-0.222544784
T63P,-0.101346886
T63Q,-0.348297254
T63R,-0.332605659
T63S,-0.085271768
T63V,-0.905492099
T63W,-0.666257257
T63Y,-0.089830606
Y64A,-0.316587828
Y64C,-0.028106245
Y64D,-0.398492761
Y64E,-0.256776876
Y64F,-0.329524461
Y64G,-0.187974023
Y64H,-0.102012143
Y64I,-0.119007938
Y64K,-0.295918401
Y64L,-0.80361443
Y64M,-0.501265559
Y64N,-0.163336697
Y64P,-0.636129013
Y64Q,-0.087847815
Y64R,0.134437705
Y64S,-0.404208272
Y64T,-0.268604792
Y64V,-0.353770032
Y64W,-0.509311057
C65A,-0.004601244
C65D,0.661653183
C65E,-0.375090147
C65F,-0.323924022
C65G,-0.152633384
C65H,-0.273697226
C65I,-0.394762539
C65K,-0.490127754
C65L,0.087493765
C65M,-0.265858121
C65N,-0.502192895
C65P,0.366625762
C65Q,-0.653929083
C65R,-0.0845077809999999
C65S,-0.202405146
C65T,-0.592913846
C65V,-0.279133616
C65W,-0.391936869
C65Y,-0.359152181
Q66A,0.29689546
Q66C,0.053379927
Q66D,0.6043555589999999
Q66E,0.247057702
Q66F,0.179245147
Q66G,0.140194351
Q66H,0.342465681
Q66I,-0.381323978
Q66K,-0.240938183
Q66L,-0.202628044
Q66M,-0.123632948
Q66N,0.273862321
Q66P,0.798274295
Q66R,0.093053492
Q66S,0.659371498
Q66T,-0.097629809
Q66V,-0.022608632
Q66W,0.680511808
Q66Y,0.337660351
R67A,-0.629876669
R67C,-0.464572943
R67D,0.205024223
R67E,0.535790494
R67F,-0.595598785
R67G,0.031365925
R67H,-0.091418517
R67I,-0.095592318
R67K,0.020532218
R67L,-0.322648446
R67M,-0.068549308
R67N,-0.744934652
R67P,-0.21101483
R67Q,-0.216948877
R67S,-0.034047819
R67T,-0.2599966
R67V,-0.140429201
R67W,-0.233043318
R67Y,-0.741984073
T68A,-0.209621954
T68C,-0.791997318
T68D,0.088171346
T68E,-0.213173674
T68F,0.5036852620000001
T68G,-0.5723710160000001
T68H,0.420180302
T68I,0.54934405
T68K,0.906408793
T68L,0.423904038
T68M,0.276781305
T68N,0.013450888
T68P,0.654054386
T68Q,-0.116908457
T68R,1.001319953
T68S,-0.191452642
T68V,0.36824764
T68W,0.653871594
T68Y,0.771840465
L69A,-0.144052746
L69C,-0.233091418
L69D,-0.645780875
L69E,-0.7372221090000001
L69F,-0.535675986
L69G,-0.547793856
L69H,-0.8381096259999999
L69I,0.0671874579999999
L69K,-0.7570843490000001
L69M,0.036946641
L69N,-0.800222236
L69P,0.846252498
L69Q,-0.208701718
L69R,-0.619585582
L69S,-0.59140959
L69T,0.036605171
L69V,0.121500398
L69W,-0.8212069670000001
L69Y,-0.733249197
R70A,0.759887777
R70C,0.308950632
R70D,0.296358217
R70E,0.553470279
R70F,0.670883083
R70G,0.616478024
R70H,0.7846452270000001
R70I,0.6147360789999999
R70K,0.442933312
R70L,0.431718259
R70M,0.568916251
R70N,0.554470712
R70P,1.070242106
R70Q,0.560246211
R70S,0.201151976
R70T,0.689458267
R70V,0.487973662
R70W,0.42194563
R70Y,0.370040264
E71A,0.875326707
E71C,0.443824999
E71D,0.6262085470000001
E71F,0.796004962
E71G,0.904472723
E71H,0.933895014
E71I,0.960382926
E71K,0.486275875
E71L,0.877259074
E71M,0.899010758
E71N,0.952179579
E71P,0.354148241
E71Q,0.89947156
E71R,1.037843142
E71S,0.786974471
E71T,0.934644987
E71V,0.715829927
E71W,0.88737323
E71Y,0.570877281
I72A,-0.046536824
I72C,-0.636904656
I72D,0.924742965
I72E,0.153922447
I72F,0.280915801
I72G,0.28252756
I72H,0.665595162
I72K,0.32508843
I72L,-0.005735851
I72M,-0.125551434
I72N,0.097655367
I72P,0.703825296
I72Q,0.225095842
I72R,0.85812735
I72S,-0.037486948
I72T,0.354755976
I72V,-0.371976714
I72W,0.773540351
I72Y,0.425387751
K73A,-0.164650377
K73C,-0.262001948
K73D,-0.185092888
K73E,-0.3838815820000001
K73F,-0.434560649
K73G,-0.5691453129999999
K73H,-0.147530095
K73I,-0.028828422
K73L,0.128853501
K73M,-0.29859158
K73N,-0.181644392
K73P,0.468565751
K73Q,-0.354789666
K73R,-0.7395644370000001
K73S,-0.5861997210000001
K73T,-0.394659682
K73V,-0.513085224
K73W,-0.58367026
K73Y,0.037200048
I74A,0.220386047
I74C,-0.1590935869999999
I74D,-0.267557667
I74E,0.458313078
I74F,-0.145893321
I74G,0.493830904
I74H,0.492902458
I74K,0.36404427
I74L,-0.56067412
I74M,-0.068129683
I74N,-0.007815873
I74P,0.648782059
I74Q,-0.286692712
I74R,0.743135055
I74S,0.30179938
I74T,0.255409911
I74V,0.187625331
I74W,0.82505595
I74Y,0.041771782
L75A,-0.519532254
L75C,-0.281909731
L75D,-0.267592024
L75E,-0.7812638190000001
L75F,0.506072137
L75G,-0.645634146
L75H,-0.768971236
L75I,-0.623951383
L75K,0.835222888
L75M,-0.164198409
L75N,-0.638368778
L75P,-0.625622105
L75Q,-0.230576134
L75R,0.930753448
L75S,0.040610428
L75T,-0.564494791
L75V,-0.468674045
L75W,0.239724028
L75Y,0.11456489
L76A,-0.181921979
L76C,-0.334798054
L76D,-0.134104177
L76E,0.162283449
L76F,-0.178730615
L76G,-0.439343201
L76H,-0.217101559
L76I,-0.499112287
L76K,-0.290700573
L76M,-0.17977465
L76N,-0.5467385220000001
L76P,0.365153068
L76Q,-0.158042518
L76R,-0.1519203999999999
L76S,-0.418988001
L76T,-0.657342784
L76V,-0.508045101
L76W,-0.495936657
L76Y,-0.40565865
R77A,-0.152538953
R77C,-0.071487811
R77D,0.006437475
R77E,-0.04342726
R77F,0.33175213
R77G,-0.374268611
R77H,-0.208216418
R77I,-0.409814146
R77K,-0.530223321
R77L,-0.03786249
R77M,-0.5710679160000001
R77N,-0.367717064
R77P,-0.285530746
R77Q,0.053408314
R77S,-0.429739786
R77T,-0.03722977
R77V,0.120148656
R77W,0.431819119
R77Y,0.0900694369999999
F78A,-0.829945898
F78C,-0.82848598
F78D,0.066298545
F78E,-0.10913034
F78G,-0.5504723739999999
F78H,-0.06602273
F78I,-0.133703163
F78K,-0.54674223
F78L,-0.231607699
F78M,-0.8852595129999999
F78N,-0.395427558
F78P,0.091279107
F78Q,-0.690669063
F78R,-0.201543243
F78S,-0.8019745770000001
F78T,-0.8025289240000001
F78V,-0.267864169
F78W,-0.603498137
F78Y,-0.030627199
R79A,-0.921158963
R79C,-0.7391556109999999
R79D,-0.233469232
R79E,-0.7151378690000001
R79F,-0.696122638
R79G,0.036506692
R79H,-0.911134012
R79I,0.066767776
R79K,-0.323238618
R79L,-0.609128295
R79M,-0.6859095270000001
R79N,-0.551711973
R79P,0.6967516140000001
R79Q,-0.7000056
R79S,-0.17577004
R79T,-0.632392505
R79V,-0.531539851
R79W,-0.60351949
R79Y,-0.88322725
H80A,-0.660013871
H80C,-0.599730026
H80D,-0.646568134
H80E,-0.6994681540000001
H80F,-0.710796258
H80G,-0.39294501
H80I,-0.274147079
H80K,-0.222816393
H80L,-0.149500002
H80M,-0.282478987
H80N,-0.233910401
H80P,0.035279267
H80Q,-0.136815681
H80R,-0.025724175
H80S,-0.6995255140000001
H80T,-0.336175629
H80V,-0.2430963
H80W,-0.63015701
H80Y,-0.467561811
E81A,-0.805382057
E81C,-0.836003759
E81D,-0.185024323
E81F,-0.74883573
E81G,-0.5876899999999999
E81H,-0.701929384
E81I,-0.6386163189999999
E81K,-0.251190464
E81L,-0.847877538
E81M,-0.743200671
E81N,-1.061831709
E81P,-0.865776529
E81Q,-0.8749926690000001
E81R,-0.945001937
E81S,-0.722285293
E81T,-0.8461077090000001
E81V,-0.387998778
E81W,-0.783300995
E81Y,-0.869738736
N82A,-0.7545958859999999
N82C,-1.146287205
N82D,-0.454834567
N82E,-0.6835268059999999
N82F,-0.139581531
N82G,-0.5145964679999999
N82H,-0.638282762
N82I,-0.143091135
N82K,-0.42069194
N82L,-0.8533621709999999
N82M,-1.026814986
N82P,-0.125911713
N82Q,-0.933294783
N82R,-0.6721290129999999
N82S,-0.066651296
N82T,-0.181777452
N82V,-0.823584558
N82W,-0.279123526
N82Y,-0.210484017
I83A,-0.51470101
I83C,-0.73703846
I83D,0.951305533
I83E,0.9170299
I83F,0.078135089
I83G,0.6079575629999999
I83H,0.459676768
I83K,0.641033682
I83L,-0.523900584
I83M,-0.09604453
I83N,-0.032363679
I83P,1.055406741
I83Q,-0.044726969
I83R,0.890207517
I83S,-0.045408809
I83T,0.069322942
I83V,-0.471488851
I83W,0.640934876
I83Y,0.815936268
I84A,-0.320245246
I84C,-0.440426806
I84D,0.938020533
I84E,0.46968526
I84F,0.070458573
I84G,-0.069357293
I84H,0.87764069
I84K,0.927089012
I84L,0.403572519
I84M,0.043096615
I84N,-0.159123454
I84P,-0.662177692
I84Q,0.552047355
I84R,1.040030105
I84S,-0.3636621820000001
I84T,-0.5528847960000001
I84V,-0.288296306
I84W,1.040535645
I84Y,0.902790642
G85A,-0.352357905
G85C,-0.185684704
G85D,0.002066892
G85E,-0.6549822160000001
G85F,-0.925104998
G85H,-0.8482102859999999
G85I,-0.7685383990000001
G85K,-1.046588445
G85L,-1.005059077
G85M,-0.724134266
G85N,-0.980453225
G85P,-0.868525477
G85Q,-1.021914797
G85R,-0.827744102
G85S,-0.337849331
G85T,-0.6410674439999999
G85V,-0.193879672
G85W,-0.8822962129999999
G85Y,-0.698876803
I86A,-0.52641768
I86C,-1.070451198
I86D,0.166150044
I86E,-0.505969441
I86F,-0.064126062
I86G,-0.708605349
I86H,-0.282542278
I86K,-0.094176407
I86L,-0.604348097
I86M,-0.254549011
I86N,-0.016470589
I86P,-0.452938868
I86Q,-0.124861203
I86R,0.14233736
I86S,-0.133530456
I86T,-0.376601902
I86V,-1.648375461
I86W,0.233237513
I86Y,0.142118664
N87A,-0.8031468509999999
N87C,-1.132688343
N87D,-0.22536312
N87E,-0.472391019
N87F,-0.274731227
N87G,-0.756187915
N87H,-0.381645584
N87I,-0.147205275
N87K,-0.146592084
N87L,-0.78690858
N87M,-0.334100608
N87P,-0.225496693
N87Q,-0.644414032
N87R,-0.689721503
N87S,-0.504638866
N87T,-0.8311138379999999
N87V,-1.028771377
N87W,-0.832284268
N87Y,-0.18898933
D88A,-0.573385341
D88C,-0.668992125
D88E,-0.224366146
D88F,-0.320974577
D88G,-0.463742014
D88H,-0.605314705
D88I,-0.050969863
D88K,-0.909287432
D88L,-0.8231320129999999
D88M,-0.682118771
D88N,-0.15566361
D88P,-0.388860755
D88Q,-0.631726934
D88R,-0.793598028
D88S,-0.7650080020000001
D88T,-0.785158294
D88V,-0.014874981
D88W,-0.543400981
D88Y,-0.097510732
I89A,-0.5027298720000001
I89C,-0.7363403909999999
I89D,0.92856577
I89E,-0.059098818
I89F,-0.150401182
I89G,-0.244659848
I89H,-0.471318941
I89K,0.147013959
I89L,-0.549888799
I89M,-0.439356742
I89N,-0.083418332
I89P,0.059352908
I89Q,-0.358712852
I89R,0.216580313
I89S,-0.114803252
I89T,-0.08716561
I89V,-0.178862456
I89W,0.280785765
I89Y,0.121182493
I90A,-0.8351498270000001
I90C,-0.7327746940000001
I90D,-0.560758241
I90E,-0.611605642
I90F,-0.152775402
I90G,-0.535711103
I90H,-0.481309981
I90K,-0.808174582
I90L,-0.408339402
I90M,-0.559185146
I90N,-0.16727004
I90P,-0.924008026
I90Q,-0.900176309
I90R,-0.516448545
I90S,-0.7147423490000001
I90T,-0.102155832
I90V,-0.401475629
I90W,-0.8047208140000001
I90Y,-0.821756505
R91A,-0.510968049
R91C,-0.280893306
R91D,-0.30889079
R91E,-0.085158351
R91F,-0.319140175
R91G,-0.432775584
R91H,-0.091016575
R91I,-0.594704158
R91K,-0.436768809
R91L,-0.261990739
R91M,-0.8740960459999999
R91N,-0.291225611
R91P,-0.348133015
R91Q,-0.310382759
R91S,0.031371223
R91T,-0.869132192
R91V,-0.802645334
R91W,-0.240623708
R91Y,-0.267114111
A92C,-0.468984783
A92D,0.034349111
A92E,-0.34303691
A92F,-0.56286314
A92G,-0.642573375
A92H,-0.8433376340000001
A92I,-0.263118441
A92K,-0.683840427
A92L,-0.0864947919999999
A92M,-0.5181783670000001
A92N,-0.446156722
A92P,-0.261552101
A92Q,-0.800657292
A92R,-0.148849395
A92S,-0.120862567
A92T,0.085500098
A92V,-0.118569335
A92W,-0.383874317
A92Y,-0.532320754
P93A,-0.377644882
P93C,-0.739479346
P93D,-0.469869313
P93E,-0.6475589820000001
P93F,-0.603914428
P93G,-0.590037649
P93H,-0.553085291
P93I,-0.926860688
P93K,-0.736992713
P93L,-0.382872045
P93M,-0.5538884820000001
P93N,-0.6983142990000001
P93Q,-0.07573744
P93R,-0.331268085
P93S,-0.197353369
P93T,-0.080282823
P93V,-0.423823842
P93W,-0.487581914
P93Y,-0.505511265
T94A,-0.3624018120000001
T94C,-0.573097706
T94D,-0.773365227
T94E,-0.8534363000000001
T94F,-0.737537138
T94G,-0.70101782
T94H,-0.392186587
T94I,-0.376702856
T94K,-0.704969712
T94L,-0.83162612
T94M,-0.853197394
T94N,-0.17186136
T94P,-0.002347724
T94Q,-0.769856712
T94R,-0.630393095
T94S,-0.145356698
T94V,-0.917740284
T94W,-0.56459563
T94Y,-0.7156796390000001
I95A,-0.555628833
I95C,-0.5602699520000001
I95D,-0.203434236
I95E,-0.25745032
I95F,-0.183983245
I95G,-0.7183646779999999
I95H,-0.1403828969999999
I95K,-0.7431006990000001
I95L,-0.516801821
I95M,-0.436068193
I95N,-0.080475959
I95P,-0.511287223
I95Q,-0.4242960770000001
I95R,-0.7611204779999999
I95S,-0.469039783
I95T,-0.209601223
I95V,-0.289026497
I95W,-0.652200167
I95Y,-0.384248788
E96A,-0.5601918060000001
E96C,-0.7452582190000001
E96D,-0.119121551
E96F,-0.919158212
E96G,-0.219594504
E96H,-0.7922951159999999
E96I,-0.56200288
E96K,-0.253535952
E96L,-0.471824758
E96M,-0.550768966
E96N,-0.673386292
E96P,-0.520725467
E96Q,-0.507721537
E96R,-0.594308175
E96S,-0.667747587
E96T,-0.6445618000000001
E96V,-0.178509282
E96W,-0.68272803
E96Y,-0.876694008
Q97A,-0.521351447
Q97C,-0.6221763020000001
Q97D,-0.499070185
Q97E,-0.254874392
Q97F,-0.459380221
Q97G,-0.713601371
Q97H,-0.16576663
Q97I,-0.8930427559999999
Q97K,-0.0802095759999999
Q97L,-0.232343592
Q97M,-0.456870857
Q97N,-0.7455956990000001
Q97P,-0.406331982
Q97R,-0.121633124
Q97S,-0.439347993
Q97T,-0.652956879
Q97V,-0.576674768
Q97W,-0.595153526
Q97Y,-0.608456886
M98A,-0.81437361
M98C,-0.5133490239999999
M98D,-0.098180607
M98E,-0.279538529
M98F,-0.646143033
M98G,-0.873178233
M98H,-0.577383468
M98I,-0.043305461
M98K,-0.091018545
M98L,-0.288041204
M98N,-0.7904946209999999
M98P,-0.432184962
M98Q,-0.229822782
M98R,-0.554243326
M98S,-0.5736045
M98T,-0.304839953
M98V,-0.224208007
M98W,-0.7635925709999999
M98Y,-0.7504669429999999
K99A,0.200614597
K99C,0.002821857
K99D,0.500147721
K99E,0.684977301
K99F,0.301644066
K99G,0.123813983
K99H,-0.149916527
K99I,0.147036705
K99L,0.5008180760000001
K99M,0.047521524
K99N,0.420165514
K99P,0.393619833
K99Q,0.432669139
K99R,-0.044083658
K99S,0.200284298
K99T,0.153502007
K99V,0.355978879
K99W,0.222282016
K99Y,0.157398238
D100A,-0.20965133
D100C,-0.358654824
D100E,-0.036501446
D100F,-0.21944405
D100G,0.5158963910000001
D100H,-0.602146787
D100I,0.144675973
D100K,-0.281332762
D100L,-0.055972464
D100M,-0.385621347
D100N,-0.219460404
D100P,-0.106907355
D100Q,-0.645014916
D100R,-0.201420077
D100S,-0.512438661
D100T,-0.484013034
D100V,-0.04162601
D100W,-0.098682834
D100Y,0.130573633
V101A,0.168238295
V101C,-0.051419638
V101D,0.353642838
V101E,0.026084465
V101F,0.493451126
V101G,0.284509109
V101H,0.274249201
V101I,-0.574267331
V101K,0.410332615
V101L,0.099182203
V101M,0.482292498
V101N,-0.169488936
V101P,0.327897203
V101Q,0.227845818
V101R,0.937682635
V101S,-0.093358047
V101T,-0.541679847
V101W,0.532143995
V101Y,0.577462544
Y102A,0.098036724
Y102C,0.208115194
Y102D,0.365944126
Y102E,-0.034517676
Y102F,-0.066378025
Y102G,-0.094382795
Y102H,0.101820609
Y102I,0.394708585
Y102K,-0.004109217
Y102L,-0.357692624
Y102M,-0.332980878
Y102N,-0.001365932
Y102P,0.896797628
Y102Q,-0.108645823
Y102R,0.356197356
Y102S,0.106519885
Y102T,0.550620695
Y102V,0.370552391
Y102W,-0.102176104
I103A,0.109256606
I103C,-0.106185549
I103D,0.390573047
I103E,0.451593588
I103F,-0.079445275
I103G,0.261110709
I103H,0.299366847
I103K,0.759587481
I103L,-0.638001725
I103M,-0.162109744
I103N,0.023941341
I103P,0.3448392220000001
I103Q,0.026705209
I103R,0.916852619
I103S,0.26731698
I103T,0.366521911
I103V,0.009357817
I103W,0.6188579679999999
I103Y,-0.078468466
V104A,0.50376846
V104C,-0.526860126
V104D,0.130897435
V104E,0.372335305
V104F,0.160942009
V104G,-0.176259713
V104H,0.011262105
V104I,-0.181151974
V104K,0.038409452
V104L,-0.156949601
V104M,-0.273114027
V104N,0.253993263
V104P,0.439334694
V104Q,-0.285981125
V104R,0.065810412
V104S,0.193169551
V104T,-0.102748612
V104W,0.8758488720000001
V104Y,0.587140573
Q105A,-0.945582629
Q105C,-0.960297068
Q105D,-0.728595835
Q105E,-0.6857398570000001
Q105F,-0.961885825
Q105G,-0.557227994
Q105H,0.044955213
Q105I,-0.622805829
Q105K,0.5350820079999999
Q105L,-0.386086532
Q105M,-0.729653428
Q105N,-1.129528158
Q105P,0.232293027
Q105R,0.944728955
Q105S,-0.646252897
Q105T,-0.914082514
Q105V,-0.607299244
Q105W,0.064570384
Q105Y,-0.154643286
D106A,-0.298268137
D106C,-0.385294448
D106E,0.178634036
D106F,-0.859844
D106G,0.010909633
D106H,-0.347149471
D106I,-0.20953213
D106K,-0.817696964
D106L,-0.460005194
D106M,-0.503149156
D106N,-0.226383181
D106P,-0.75699894
D106Q,-0.735917849
D106R,-0.410895464
D106S,-0.603999405
D106T,-0.542238291
D106V,-0.090322075
D106W,-0.266270728
D106Y,-0.053404759
L107A,-0.351099376
L107C,-0.689284922
L107D,0.540222792
L107E,-0.797109185
L107F,-0.461828003
L107G,0.035133712
L107H,-0.448842598
L107I,-0.411304301
L107K,-0.461066334
L107M,-0.144559641
L107N,-0.219616109
L107P,0.6668130520000001
L107Q,-0.19934882
L107R,-0.1622075919999999
L107S,0.003700399
L107T,0.56873067
L107V,-0.425520836
L107W,-0.144282162
L107Y,-0.061084447
M108A,-0.416097055
M108C,-0.427903873
M108D,0.793888465
M108E,-0.519756375
M108F,-0.8603725879999999
M108G,-0.129811904
M108H,-0.385182042
M108I,0.125132658
M108K,-0.126122251
M108L,-0.129732561
M108N,-0.28169642
M108P,0.809130954
M108Q,-0.521373627
M108R,-0.064989749
M108S,-0.274015266
M108T,0.272206027
M108V,-0.101648739
M108W,-0.222185617
M108Y,-0.47499526
E109A,-0.197091857
E109C,-0.385271971
E109D,-0.133986701
E109F,-0.220035137
E109G,-0.107314087
E109H,-0.323399073
E109I,0.25548993
E109K,0.289972699
E109L,-0.112950296
E109M,-0.474966516
E109N,-0.241114152
E109P,-0.74751402
E109Q,-0.484965359
E109R,0.090268405
E109S,-0.353747425
E109T,-0.279703812
E109V,-0.001922071
E109W,0.021473897
E109Y,-0.115966564
T110A,-0.04624968
T110C,-0.849710399
T110D,0.092508477
T110E,-0.305869373
T110F,-0.627765589
T110G,-0.510065451
T110H,-0.24138402
T110I,-0.179730131
T110K,-0.167130669
T110L,-0.447261328
T110M,-0.6257063270000001
T110N,0.008537404
T110P,0.182824547
T110Q,-0.40796381
T110R,-0.326267688
T110S,-0.1694526
T110V,-0.656428496
T110W,-0.421181411
T110Y,-0.448814569
D111A,0.037320696
D111C,0.288526451
D111E,0.381097403
D111F,0.7248181640000001
D111G,0.648368245
D111H,0.778642955
D111I,0.940793738
D111K,0.935677052
D111L,0.984545332
D111M,0.856640933
D111N,0.7351301809999999
D111P,0.8829553059999999
D111Q,0.747433221
D111R,1.059374588
D111S,0.7630794129999999
D111T,0.8073187909999999
D111V,0.023524887
D111W,0.824772651
D111Y,0.902192116
L112A,-0.108997043
L112C,0.079048769
L112D,0.859871838
L112E,0.380931421
L112F,-0.443031961
L112G,-0.149873563
L112H,-0.203112235
L112I,-0.364248883
L112K,0.149522347
L112M,0.049729769
L112N,0.098527761
L112P,0.871476299
L112Q,-0.117288939
L112R,1.005764536
L112S,-0.0843762959999999
L112T,0.017898747
L112V,0.086505864
L112W,0.725711195
L112Y,0.38961846
Y113A,-0.699106729
Y113C,0.036828525
Y113D,-0.741548517
Y113E,-0.8763943270000001
Y113F,-0.207442295
Y113G,-0.376484061
Y113H,-0.313224849
Y113I,-0.036380447
Y113K,0.313599562
Y113L,-0.61475497
Y113M,-0.6547963929999999
Y113N,-0.065208686
Y113P,0.102044941
Y113Q,-0.963593129
Y113R,-0.12874807
Y113S,-0.615555568
Y113T,-0.6946953140000001
Y113V,-0.210906744
Y113W,-0.529337706
K114A,-0.7234292809999999
K114C,-0.689047821
K114D,-0.636613522
K114E,-0.556708371
K114F,-0.61155552
K114G,-0.5215879179999999
K114H,-0.345993963
K114I,-0.077400571
K114L,-0.606269115
K114M,-0.512012951
K114N,-0.066737545
K114P,-0.076468445
K114Q,-0.484105874
K114R,-0.237145038
K114S,-0.424097899
K114T,-0.258768202
K114V,-0.672837201
K114W,-0.378165182
K114Y,-0.322907327
L115A,-0.184305768
L115C,-0.428065906
L115D,0.326733627
L115E,0.26333801
L115F,-0.6713486
L115G,-0.476485442
L115H,-0.364007567
L115I,-0.209107898
L115K,0.572233687
L115M,-0.213092256
L115N,0.060546225
L115P,0.031846476
L115Q,-0.115336375
L115R,0.361480187
L115S,-0.173704975
L115T,-0.077036444
L115V,-0.242837392
L115W,-0.070721101
L115Y,-0.614722856
L116A,-0.232412718
L116C,-0.493288875
L116D,-0.54691039
L116E,-0.195399286
L116F,-0.570551902
L116G,-0.680863848
L116H,-0.400391333
L116I,-0.669576015
L116K,-0.166208808
L116M,-0.185188612
L116N,-0.44385439
L116P,0.182401059
L116Q,-0.09603722
L116R,0.021764547
L116S,-0.661042755
L116T,-0.665823774
L116V,-0.159017181
L116W,-0.0843465509999999
L116Y,-0.283524956
K117A,-0.585823281
K117C,-0.8619513740000001
K117D,-0.681977899
K117E,-0.220155184
K117F,-0.6928641190000001
K117G,-0.59763411
K117H,-0.626434699
K117I,-0.6809446659999999
K117L,-0.601072116
K117M,-0.210040361
K117N,-0.016506121
K117P,-0.284628243
K117Q,-0.350711825
K117R,-0.205217396
K117S,-0.652510293
K117T,-0.641466543
K117V,-0.472423595
K117W,-0.36965379
K117Y,-0.768699573
T118A,-0.074215537
T118C,-0.501342298
T118D,-0.265396498
T118E,-0.470947254
T118F,-0.454724658
T118G,-0.404300972
T118H,-0.288866346
T118I,-0.31654995
T118K,-0.110460055
T118L,-0.558412704
T118M,-0.520463205
T118N,-0.582924097
T118P,-0.011735868
T118Q,-0.486257722
T118R,-0.602181774
T118S,-0.259214681
T118V,-0.4301795
T118W,-0.593222306
T118Y,-0.7105912679999999
Q119A,-0.349161446
Q119C,-0.7236145420000001
Q119D,-0.375999673
Q119E,-0.598727704
Q119F,-0.505197925
Q119G,-0.61767996
Q119H,-0.141787525
Q119I,-0.67203516
Q119K,-0.133608124
Q119L,-0.178615908
Q119M,-0.551295643
Q119N,-0.491076178
Q119P,-0.135690068
Q119R,-0.126437997
Q119S,-0.44408312
Q119T,-0.3666892570000001
Q119V,-0.727970137
Q119W,-0.153421043
Q119Y,-0.239422416
H120A,-0.278151521
H120C,-0.621121358
H120D,-0.322621033
H120E,-0.389235294
H120F,-0.498473557
H120G,-0.398164188
H120I,-0.528970494
H120K,-0.485399688
H120L,-0.186005935
H120M,-0.513111345
H120N,-0.175363235
H120P,0.064846672
H120Q,-0.291079766
H120R,-0.16669259
H120S,-0.445837648
H120T,-0.291839375
H120V,-0.66744355
H120W,-0.363629648
H120Y,-0.272095755
L121A,-0.326341882
L121C,-0.530911706
L121D,0.42717335
L121E,0.261193718
L121F,-0.515494394
L121G,0.030619847
L121H,-0.052858809
L121I,-0.4100940420000001
L121K,-0.026976509
L121M,-0.0759791559999999
L121N,-0.28854894
L121P,-0.196794735
L121Q,-0.09431801
L121R,0.293240132
L121S,-0.155195603
L121T,-0.216287589
L121V,-0.323589512
L121W,-0.23578639
L121Y,-0.233211057
S122A,-0.43655076
S122C,-0.32713177
S122D,-0.5490269560000001
S122E,-0.285381653
S122F,-0.179041036
S122G,-0.068347574
S122H,-0.413355749
S122I,-0.195824664
S122K,-0.490679407
S122L,-0.270234151
S122M,-0.5298515020000001
S122N,-0.079284472
S122P,-0.333497081
S122Q,-0.504645384
S122R,-0.119644434
S122T,-0.417053538
S122V,-0.604876192
S122W,-0.073212119
S122Y,-0.177604415
N123A,-0.6816489379999999
N123C,-0.5094356329999999
N123D,-0.427391503
N123E,-0.640114685
N123F,-0.402270997
N123G,-0.473333844
N123H,-0.679804497
N123I,-0.058889342
N123K,-0.126727211
N123L,-0.484414517
N123M,-0.632104553
N123P,-0.326804978
N123Q,-0.517852845
N123R,-0.5735937520000001
N123S,-0.332135916
N123T,-0.4354339270000001
N123V,-0.585758531
N123W,-0.097215718
N123Y,-0.193199323
D124A,-0.1693721939999999
D124C,-0.253271662
D124E,-0.132206367
D124F,0.334459799
D124G,0.015149044
D124H,-0.352068677
D124I,-0.475687179
D124K,-0.540730174
D124L,-0.20412199
D124M,-0.654838797
D124N,-0.099494248
D124P,-0.270924956
D124Q,-0.53209861
D124R,-0.211568666
D124S,-0.400379731
D124T,-0.451585615
D124V,-0.263562768
D124W,0.546073779
D124Y,0.345093591
H125A,0.481382638
H125C,0.248815766
H125D,0.7542593059999999
H125E,0.60772661
H125F,0.593898374
H125G,0.652750416
H125I,0.668445514
H125K,0.157235758
H125L,0.324147138
H125M,0.608276638
H125N,0.365369951
H125P,0.373839405
H125Q,-0.133704394
H125R,0.612310361
H125S,0.388899545
H125T,0.208244336
H125V,0.154726345
H125W,0.79756608
H125Y,0.019983249
I126A,-0.493381879
I126C,-0.5862229520000001
I126D,0.8179313570000001
I126E,0.59405554
I126F,0.016319761
I126G,-0.061810711
I126H,-0.176984516
I126K,-0.65055966
I126L,0.116127429
I126M,-0.32179059
I126N,0.082626176
I126P,0.305704575
I126Q,-0.561357741
I126R,-0.469048655
I126S,0.07384792
I126T,-0.274715829
I126V,-0.07281247
I126W,0.122579309
I126Y,0.055368818
C127A,-0.618518359
C127D,-0.305982955
C127E,-0.674341622
C127F,0.182546609
C127G,-0.655624401
C127H,-0.387510884
C127I,-0.171988705
C127K,-0.753814047
C127L,0.132756837
C127M,-0.566749582
C127N,-0.371613463
C127P,-0.443629764
C127Q,-0.683185712
C127R,-0.22916562
C127S,-0.128014153
C127T,-0.471785845
C127V,-0.647149578
C127W,-0.058027225
C127Y,0.547376006
Y128A,-0.235831293
Y128C,-0.07831969
Y128D,0.353701956
Y128E,0.227478708
Y128F,-0.165220679
Y128G,-0.606390299
Y128H,-0.012267616
Y128I,0.108888363
Y128K,-0.71251769
Y128L,0.483991353
Y128M,0.06529367
Y128N,-0.019241978
Y128P,0.38658889
Y128Q,-0.195076559
Y128R,-0.529819845
Y128S,-0.167990433
Y128T,-0.071014177
Y128V,-0.136359646
Y128W,-0.690982435
F129A,-0.745277882
F129C,-0.693540105
F129D,0.76534523
F129E,0.233368959
F129G,-0.47533259
F129H,0.256491332
F129I,-0.155364317
F129K,0.193277944
F129L,-0.034417766
F129M,-0.380185707
F129N,-0.3614886370000001
F129P,0.8637255359999999
F129Q,-0.031346424
F129R,0.521202315
F129S,0.029712795
F129T,-0.488407038
F129V,-0.632326986
F129W,-0.235668953
F129Y,-0.064520495
L130A,-0.594992341
L130C,-0.134519587
L130D,0.826104175
L130E,0.7352178709999999
L130F,-0.18328381
L130G,0.072044617
L130H,0.684232333
L130I,-0.454566352
L130K,0.814681622
L130M,-0.145356451
L130N,0.073100654
L130P,0.929735723
L130Q,-0.085505811
L130R,0.956801722
L130S,-0.027319103
L130T,-1.004027547
L130V,-0.446170898
L130W,0.989841727
L130Y,0.57045188
Y131A,-0.77863356
Y131C,0.108591064
Y131D,-0.35529044
Y131E,-0.469112661
Y131F,-0.209090283
Y131G,-0.8280349840000001
Y131H,-0.499912722
Y131I,-0.140072904
Y131K,-0.760510617
Y131L,-0.4006846570000001
Y131M,-0.510633486
Y131N,-0.076592818
Y131P,0.206198863
Y131Q,-0.6832078159999999
Y131R,-0.98404049
Y131S,-0.536295573
Y131T,-0.821698534
Y131V,0.114955575
Y131W,-0.903830406
Q132A,0.250775398
Q132C,-0.019779285
Q132D,0.040269141
Q132E,-0.483627932
Q132F,-0.128915494
Q132G,-0.341896184
Q132H,0.099499327
Q132I,0.146620075
Q132K,-0.12722647
Q132L,-0.142603763
Q132M,-0.329511864
Q132N,-0.49699006
Q132P,0.947211826
Q132R,0.206469474
Q132S,0.200680017
Q132T,-0.020848599
Q132V,0.091508052
Q132W,-0.052085935
Q132Y,-0.014765517
I133A,-0.087690677
I133C,-0.280313592
I133D,0.8145307829999999
I133E,0.744333336
I133F,0.137709942
I133G,0.449854025
I133H,0.70398873
I133K,0.8772440029999999
I133L,-0.1761145139999999
I133M,-0.256269414
I133N,0.043328464
I133P,0.926033896
I133Q,0.133348669
I133R,0.853713418
I133S,0.106856559
I133T,0.063312621
I133V,0.24382395
I133W,0.687931772
I133Y,0.513231659
L134A,0.250003775
L134C,-0.174309216
L134D,0.721959018
L134E,0.83244345
L134F,-0.358259447
L134G,0.8133032809999999
L134H,0.849712844
L134I,-0.559764358
L134K,0.958511182
L134M,0.001107353
L134N,0.7359557320000001
L134P,0.788582737
L134Q,0.110883924
L134R,0.969671125
L134S,0.669115063
L134T,-0.119513203
L134V,-0.140560166
L134W,0.8511080409999999
L134Y,0.344494365
R135A,-0.060960198
R135C,0.060988333
R135D,-0.072099512
R135E,-0.601576181
R135F,-0.397091584
R135G,-0.1535664769999999
R135H,-0.028898054
R135I,-0.3422537920000001
R135K,-0.797022683
R135L,-0.192804961
R135M,-0.378644264
R135N,-0.303408226
R135P,0.8617110929999999
R135Q,-0.38740566
R135S,-0.123048674
R135T,-0.746192572
R135V,-0.660890283
R135W,-0.197056077
R135Y,-0.479350775
G136A,0.013146417
G136C,0.335284644
G136D,1.071760551
G136E,0.8326797579999999
G136F,0.901231135
G136H,0.933985673
G136I,0.884311952
G136K,0.8332718379999999
G136L,0.792386569
G136M,0.7738780190000001
G136N,1.04617812
G136P,0.171996087
G136Q,0.486600763
G136R,0.72280462
G136S,-0.300469584
G136T,0.258745966
G136V,0.41890779
G136W,0.578492219
G136Y,0.996861775
L137A,0.047247074
L137C,-0.216066114
L137D,0.778734092
L137E,0.84102666
L137F,0.030136847
L137G,0.811328872
L137H,0.679454333
L137I,-0.544848938
L137K,0.87074133
L137M,-0.032318877
L137N,0.641766232
L137P,0.856050455
L137Q,0.095148099
L137R,0.72690738
L137S,0.034967643
L137T,-0.647050763
L137V,-0.386619823
L137W,0.947014953
L137Y,-0.030975219
K138A,-0.7326705029999999
K138C,-0.637166242
K138D,-0.476842496
K138E,-0.50114033
K138F,-0.496227359
K138G,-0.683427853
K138H,-0.495032405
K138I,-0.059345039
K138L,-0.455373421
K138M,-0.688687244
K138N,-0.030645235
K138P,0.937014669
K138Q,-0.371257249
K138R,-0.301825194
K138S,-0.614981829
K138T,-0.186359263
K138V,-0.749805644
K138W,-0.656072786
K138Y,-0.357695842
Y139A,-0.7034540109999999
Y139C,-0.173509014
Y139D,-0.376766694
Y139E,-0.96840816
Y139F,-0.189494119
Y139G,-0.6443904020000001
Y139H,-0.242038621
Y139I,-0.0086027769999999
Y139K,-0.583046479
Y139L,-0.5444129560000001
Y139M,-0.633665983
Y139N,-0.039939084
Y139P,-0.109072959
Y139Q,-0.554843133
Y139S,-0.145422811
Y139T,-0.3370272479999999
Y139V,-0.6930986090000001
I140A,-0.158768514
I140C,-0.428593354
I140D,0.894658974
I140E,-0.017277281
I140F,-0.01487589
I140G,0.093982932
I140H,0.506375359
I140K,0.6970705070000001
I140L,0.045722526
I140M,-0.229637283
I140N,-0.076888977
I140P,0.808453632
I140Q,-0.093871473
I140R,0.8964639329999999
I140S,0.306397187
I140T,-0.046335937
I140V,-0.5998778779999999
I140W,0.357862549
I140Y,0.1606203219999999
H141A,-0.348979606
H141C,-0.673877759
H141D,-0.559190003
H141E,-0.88133898
H141F,-0.4457122670000001
H141G,-0.445638872
H141I,-0.062766025
H141K,-0.581283312
H141L,-0.1528551
H141M,-0.770787619
H141N,-0.088155945
H141P,0.579711247
H141Q,-0.318188984
H141R,-0.321720803
H141S,-0.344480978
H141T,-0.1746354989999999
H141V,-0.7406533479999999
H141W,-0.63812862
H141Y,0.03623696
S142A,-0.3659342470000001
S142C,-0.8328102209999999
S142D,-0.856920325
S142E,-0.788234938
S142F,-0.781546672
S142G,-0.555206857
S142H,-0.496045803
S142I,-0.835434977
S142K,-0.924675639
S142L,-0.171680561
S142M,-1.025975712
S142N,-0.918685983
S142P,0.03545576
S142Q,-0.421064974
S142R,-0.566845674
S142T,-0.156594519
S142V,-0.432804558
S142W,-0.475718352
S142Y,-0.958693631
A143C,-0.862445345
A143D,-0.08246321
A143E,-0.326451921
A143F,-0.982111098
A143G,-0.482957161
A143H,-0.593719961
A143I,-0.14440286
A143K,-0.966095019
A143L,-0.557849333
A143M,-0.957586148
A143N,-0.559133069
A143P,0.393162341
A143Q,-0.656330519
A143R,-0.996074023
A143S,-0.216596812
A143T,0.090139389
A143V,0.005255828
A143W,-0.894063504
A143Y,-0.788208285
N144A,0.0666513909999999
N144C,-0.239965391
N144D,0.522577748
N144E,0.460239636
N144F,-0.256158091
N144G,0.418707799
N144H,-0.362482968
N144I,-0.019313945
N144K,-0.119214333
N144L,-0.157328541
N144M,0.105496919
N144P,-0.18812272
N144Q,0.103142496
N144R,-0.287669142
N144S,0.235270933
N144T,0.246560518
N144V,0.295334196
N144W,-0.342408372
N144Y,-0.116383226
V145A,-0.333812327
V145C,-0.446100427
V145D,0.996336146
V145E,0.048379584
V145F,0.738846573
V145G,-0.169158375
V145H,0.466539756
V145I,0.222690676
V145K,0.8705548240000001
V145L,0.55208406
V145M,0.517923813
V145N,0.534130312
V145P,0.834306518
V145Q,0.663273233
V145R,0.757327302
V145S,-0.28182296
V145T,-0.323318697
V145W,0.662554976
V145Y,0.7049910659999999
L146A,0.27317777
L146C,0.687769835
L146D,0.554233824
L146E,0.269185034
L146F,-0.466160579
L146G,0.469806211
L146H,-0.111083355
L146I,-0.365667121
L146K,0.012751799
L146M,-0.510020454
L146N,-0.076786114
L146P,0.626721159
L146Q,-0.219135816
L146R,0.295467208
L146S,0.03524723
L146T,0.210366819
L146V,0.757310721
L146W,-1.03545685
L146Y,-0.4380606520000001
H147A,0.423024494
H147C,0.668395975
H147D,-0.291581177
H147E,0.425860699
H147F,-0.170171722
H147G,0.483294237
H147I,0.6375080320000001
H147K,0.7128585009999999
H147L,0.259119212
H147M,0.343713742
H147N,0.239182103
H147P,0.816676449
H147Q,0.078719654
H147R,0.653103037
H147S,0.237284102
H147T,0.532159321
H147V,0.507195717
H147W,0.865676627
H147Y,-0.127771633
R148A,0.667746735
R148C,0.503577885
R148D,0.55013988
R148E,0.529121026
R148F,0.592518179
R148G,0.484504508
R148H,0.549705792
R148I,0.448564002
R148K,0.442276302
R148L,0.7649822559999999
R148M,0.425473798
R148N,0.531753312
R148P,0.8552544679999999
R148Q,0.49405774
R148S,0.542446268
R148T,0.5412010039999999
R148V,0.483059053
R148W,0.633044756
R148Y,0.534369096
D149A,0.03549487
D149C,0.77257791
D149E,0.493917781
D149F,0.925071358
D149G,0.736152423
D149H,0.848343415
D149I,0.869142014
D149K,0.783746629
D149L,0.8474807740000001
D149M,0.778131488
D149N,0.512801449
D149P,1.025850502
D149Q,0.715274265
D149R,0.856174743
D149S,0.8569980779999999
D149T,0.933676226
D149V,0.232648671
D149W,0.880123555
D149Y,0.867382524
L150A,-0.362772773
L150C,-0.362438776
L150D,0.8070012259999999
L150E,0.83987936
L150F,-0.597422356
L150G,0.085909114
L150H,0.002252015
L150I,-0.739120462
L150K,0.55572362
L150M,-0.162587528
L150N,0.091997457
L150P,0.561261827
L150Q,-0.033212833
L150R,1.041457425
L150S,0.193744028
L150T,-0.466998648
L150V,-0.318780267
L150W,1.030560255
L150Y,-0.296608772
K151A,0.8984580879999999
K151C,0.788465931
K151D,0.749200697
K151E,0.7312791409999999
K151F,0.829043942
K151G,0.958014411
K151H,0.72586929
K151I,0.780830983
K151L,0.8233928140000001
K151M,0.180406445
K151N,0.738835345
K151P,1.014279449
K151Q,0.264981527
K151R,0.7105105509999999
K151S,0.722582251
K151T,0.027033961
K151V,0.770066617
K151W,0.825921674
K151Y,0.7429902159999999
P152A,0.537977114
P152C,-0.561023078
P152D,0.7838564370000001
P152E,0.82657564
P152F,0.8799627409999999
P152G,-0.107288473
P152H,0.488554078
P152I,0.370177759
P152K,0.737806072
P152L,0.549867005
P152M,0.5802811529999999
P152N,0.184494175
P152Q,0.692066593
P152R,0.845944677
P152S,0.022842906
P152T,-0.108567297
P152V,-0.107000377
P152W,0.7912536240000001
P152Y,0.944179842
S153A,-0.444683815
S153C,-0.025279612
S153D,-0.563272421
S153E,-0.7473572909999999
S153F,0.59915877
S153G,-0.3650629520000001
S153H,-0.232975758
S153I,0.697100267
S153K,0.607717166
S153L,0.493431391
S153M,-0.543860841
S153N,0.086870839
S153P,0.20192555
S153Q,-0.413031999
S153R,0.426302004
S153T,0.289207824
S153V,0.624769325
S153W,0.7778159720000001
S153Y,0.371566227
N154A,0.918389763
N154C,0.856432223
N154D,0.93942802
N154E,0.801406242
N154F,0.724692023
N154G,0.752460749
N154H,0.783813303
N154I,-0.035008782
N154K,0.58820925
N154L,0.8996378190000001
N154M,0.733109673
N154P,1.078495552
N154Q,0.590990735
N154R,0.6713958879999999
N154S,0.64060227
N154T,0.224562495
N154V,0.8175725229999999
N154W,0.8313832290000001
N154Y,0.1716392219999999
L155A,0.039158177
L155C,0.088463948
L155D,0.89998329
L155E,0.810913367
L155F,0.398817853
L155G,0.884736627
L155H,0.688456427
L155I,-0.8452485409999999
L155K,0.7757339679999999
L155M,0.16730357
L155N,0.784361328
L155P,0.965424857
L155Q,-0.006447619
L155R,1.089226039
L155S,0.464320955
L155T,-0.682841391
L155V,-0.4866951470000001
L155W,0.8665171740000001
L155Y,0.506745208
L156A,0.742325281
L156C,0.17384401
L156D,0.731315846
L156E,0.688461392
L156F,0.701074205
L156G,0.725229048
L156H,0.812172727
L156I,-0.788843295
L156K,0.670163235
L156M,0.637088133
L156N,0.701133997
L156P,0.824750207
L156Q,0.119935351
L156R,0.8389895270000001
L156S,0.7115452320000001
L156T,0.140410708
L156V,-0.24650099
L156W,0.702096712
L156Y,0.7848429840000001
L157A,-0.585818628
L157C,-1.051204017
L157D,0.6743642990000001
L157E,0.267827128
L157F,-0.091478988
L157G,-0.590007945
L157H,-0.204032301
L157I,-0.808803725
L157K,0.478844309
L157M,-0.113595823
L157N,-0.206284608
L157P,0.030233757
L157Q,-0.011781561
L157R,0.60265534
L157S,-0.818648002
L157T,-0.753960913
L157V,-0.4675831520000001
L157W,-0.602027518
L157Y,-0.370948089
N158A,-0.544637035
N158C,-0.585235264
N158D,-0.624948549
N158E,-0.557954256
N158F,-0.116930393
N158G,-0.36178086
N158H,-0.358445824
N158I,0.055581205
N158K,-0.048806816
N158L,-0.280919814
N158M,-0.610806274
N158P,0.845625703
N158Q,-0.702162045
N158R,-0.457916618
N158S,0.335149967
N158T,0.069012466
N158V,-0.663207815
N158W,-0.000278848
N158Y,-0.107113491
T159A,0.022096005
T159C,-0.625586921
T159D,-0.503071116
T159E,-0.763973062
T159F,-0.6142734479999999
T159G,-0.650427051
T159H,-0.488595079
T159I,-0.211787168
T159K,-0.591672323
T159L,-0.7091941209999999
T159M,-0.7645347920000001
T159N,-0.20191605
T159P,0.27758822
T159Q,-0.755829478
T159R,-0.711525605
T159S,-0.202095961
T159V,-0.734095882
T159W,-0.717093071
T159Y,-0.270682672
T160A,-0.244253068
T160C,-0.599316958
T160D,-0.72182785
T160E,-0.705090687
T160F,-0.362568611
T160G,-0.6685968379999999
T160H,-0.063266059
T160I,-0.226356632
T160K,-0.171756746
T160L,-0.645938868
T160M,-0.6344873000000001
T160N,-0.699448638
T160P,-0.312866091
T160Q,-0.407334559
T160R,-0.360354071
T160S,-0.179448491
T160V,-0.679501688
T160W,-0.376783077
T160Y,-0.518935282
C161A,-0.166172913
C161D,0.559028241
C161E,0.41596535
C161F,0.373414311
C161G,-0.350370557
C161H,0.303842355
C161I,-0.009832036
C161K,0.7411595
C161L,-0.226916495
C161M,0.039945373
C161N,-0.529825256
C161P,-0.5213788220000001
C161Q,0.015243221
C161R,0.5726875339999999
C161S,-0.137131079
C161T,-0.58885753
C161V,-0.321389344
C161W,0.642654374
C161Y,0.733924138
D162A,-0.308004267
D162C,-0.02679876
D162E,-0.171510108
D162F,-0.106456253
D162G,-0.13306235
D162H,-0.376071734
D162I,-0.041072184
D162K,-0.642255066
D162L,-0.282430523
D162M,-0.394838679
D162N,-0.051071958
D162P,0.147860655
D162Q,-0.472496781
D162R,-0.190094073
D162S,-0.453245627
D162T,0.048820578
D162V,-0.132758044
D162W,-0.317374664
D162Y,-0.05594077
L163A,-0.5461657129999999
L163C,-0.409458851
L163D,0.818767602
L163E,0.300047405
L163F,-0.334173366
L163G,0.074037965
L163H,0.376781087
L163I,-0.465389565
L163K,0.706486962
L163M,-0.172583466
L163N,-0.002973029
L163P,0.449229799
L163Q,-0.069077714
L163R,1.003659042
L163S,0.034522895
L163T,-0.517497235
L163V,-0.364538665
L163W,0.94922796
L163Y,0.385883082
K164A,-0.393239818
K164C,-0.395901019
K164D,-0.340192383
K164E,0.021224105
K164F,-0.001323541
K164G,0.0803508429999999
K164H,0.132780097
K164I,-0.208493059
K164L,-0.257090275
K164M,-0.281886089
K164N,-0.119815002
K164P,0.833501687
K164Q,-0.187986331
K164R,-0.086997209
K164S,-0.324542544
K164T,-0.227018979
K164V,-0.52836995
K164W,-0.437621391
K164Y,-0.18022354
I165A,-0.149745348
I165C,-0.093233182
I165D,0.726247138
I165E,0.5207616270000001
I165F,-0.030777331
I165G,0.594243813
I165H,-0.430742753
I165K,0.602067129
I165L,-0.137850412
I165M,0.172364328
I165N,0.052849295
I165P,0.697986592
I165Q,0.143533798
I165R,0.7700324740000001
I165S,0.117128672
I165T,0.0800783559999999
I165V,-0.1702224789999999
I165W,-0.349529461
I165Y,-0.047797121
C166A,-0.74816102
C166D,0.718515881
C166E,0.8355314429999999
C166F,0.7069087009999999
C166G,-0.165102163
C166H,0.627068045
C166I,-0.57752012
C166K,0.7453268340000001
C166L,0.744635132
C166M,0.891720783
C166N,0.646875757
C166P,0.689989401
C166Q,0.584000593
C166R,0.718631123
C166S,-0.075946581
C166T,0.453059728
C166V,0.495041471
C166W,0.938138074
C166Y,0.7755876070000001
D167A,0.155531349
D167C,0.870797805
D167E,0.735100007
D167F,0.860935267
D167G,0.692962312
D167H,0.868947872
D167I,0.893511032
D167K,0.942993674
D167L,0.812971065
D167M,0.924014496
D167N,0.7900270540000001
D167P,0.993899771
D167Q,0.874859712
D167R,0.8808295140000001
D167S,0.836060832
D167T,0.811241503
D167V,-0.003442655
D167W,0.991215196
D167Y,0.895469205
F168A,0.323850511
F168C,0.062483349
F168D,0.80810013
F168E,0.7646920009999999
F168G,0.8835631420000001
F168H,0.320809015
F168I,0.103971203
F168K,0.7360630570000001
F168L,0.013270581
F168M,-0.20780788
F168N,0.769422525
F168P,0.7201018220000001
F168Q,0.792606675
F168R,0.832132813
F168S,0.839336558
F168T,0.501899816
F168V,0.428409193
F168W,0.636927605
F168Y,-0.003921247
G169A,0.733652593
G169C,0.51332505
G169D,0.369323003
G169E,0.7533055890000001
G169F,0.52984581
G169H,0.516766052
G169I,0.595486544
G169K,0.7019733109999999
G169L,0.472069378
G169M,0.553890312
G169N,-0.644968695
G169P,0.721838577
G169Q,0.4072712120000001
G169R,0.779367747
G169S,0.187716785
G169T,0.470893018
G169V,0.251411669
G169W,0.483874594
G169Y,0.559138593
L170A,0.397400917
L170C,0.289083
L170D,0.270406076
L170E,0.076201042
L170F,0.110623794
L170G,-0.24011227
L170H,0.539039163
L170I,0.6111463460000001
L170K,0.621296456
L170M,0.084707909
L170N,0.320164169
L170P,0.766116793
L170Q,0.039681491
L170R,0.783720913
L170S,0.230851833
L170T,0.376637988
L170V,0.5720488429999999
L170W,0.452721573
L170Y,0.542331701
A171C,0.197131232
A171D,0.61370595
A171E,0.742115381
A171F,0.6869291340000001
A171G,0.160542769
A171H,0.550790521
A171I,0.596337389
A171K,0.7871614990000001
A171L,0.650418215
A171M,0.476632049
A171N,0.529224295
A171P,0.792027395
A171Q,0.7754666290000001
A171R,0.7700441440000001
A171S,-0.115770619
A171T,0.6967444429999999
A171V,0.689431007
A171W,0.668132126
A171Y,0.723547915
R172A,0.571130451
R172C,0.716053698
R172D,0.592591588
R172E,0.683933295
R172F,0.655880983
R172G,0.612095968
R172H,0.536972923
R172I,0.7225735529999999
R172K,0.237902651
R172L,0.721822245
R172M,0.631954673
R172N,0.670095529
R172P,0.7949055490000001
R172Q,0.467062516
R172S,0.698093545
R172T,0.654374959
R172V,0.619181958
R172W,0.7833764959999999
R172Y,0.676896377
V173A,0.224428675
V173C,0.479459878
V173D,0.422276375
V173E,0.03250832
V173F,-0.207745278
V173G,0.476927872
V173H,0.220358847
V173I,-0.354001938
V173K,0.5476258079999999
V173L,0.427764424
V173M,0.4622939
V173N,0.600197486
V173P,0.51489515
V173Q,0.419532173
V173R,0.38628198
V173S,0.430874089
V173T,0.442211557
V173W,-0.111442586
V173Y,-0.260229874
A174C,-0.421419282
A174D,0.261858657
A174E,0.309911779
A174F,-0.708455452
A174G,0.287816744
A174H,-0.260326919
A174I,-0.4966332000000001
A174K,-0.768070409
A174L,-0.645266097
A174M,-0.801780849
A174N,-0.223292957
A174P,0.798931319
A174Q,-0.078028433
A174R,-0.213148098
A174S,-0.157554246
A174T,0.323890157
A174V,0.4872412820000001
A174W,-0.23350683
A174Y,-0.75663473
D175A,-0.040692617
D175C,-0.290382193
D175E,0.1783330239999999
D175F,-0.265040251
D175G,0.257400994
D175H,-0.264671007
D175I,-0.40795004
D175K,-0.233555607
D175L,-0.511983754
D175M,-0.31048863
D175N,0.060597391
D175P,-0.044606565
D175Q,-0.096405576
D175R,-0.293399006
D175S,-0.046367389
D175T,0.197498082
D175V,-0.18351441
D175W,-0.316070242
D175Y,0.045540921
P176A,0.329483584
P176C,0.110544889
P176D,0.429134524
P176E,0.59064399
P176F,0.018546729
P176G,0.389468625
P176H,0.237953505
P176I,0.124125539
P176K,-0.000806015
P176L,0.115796096
P176M,0.015694442
P176N,0.197628481
P176Q,0.232238089
P176R,0.191692723
P176S,0.251130332
P176T,0.094945223
P176V,0.1730583389999999
P176W,0.132192779
P176Y,0.355651304
D177A,-0.196881535
D177C,-0.581453816
D177E,0.015196284
D177F,-0.218478128
D177G,-0.2114656
D177H,-0.249130686
D177I,-0.034281855
D177K,-0.487127231
D177L,-0.470643184
D177M,-0.112402777
D177N,-0.083579267
D177P,0.4901741020000001
D177Q,-0.421227574
D177R,-0.392452595
D177S,-0.270626593
D177T,-0.143329616
D177V,-0.092981749
D177W,-0.065159519
D177Y,0.036690445
H178A,0.129837858
H178C,-0.022386158
H178D,0.315528972
H178E,0.07433594
H178F,-0.6258232420000001
H178G,0.026648301
H178I,-0.6870686579999999
H178K,-0.128018083
H178L,-0.132185808
H178M,-0.208460109
H178N,-0.00317777
H178P,0.148897843
H178Q,-0.030333612
H178R,0.075522997
H178S,-0.048869848
H178T,0.061229853
H178V,-0.69700592
H178W,-0.51575159
H178Y,-0.14858417
D179A,-0.000107832
D179C,-0.591627558
D179E,0.096839999
D179F,-0.419956318
D179G,0.059646164
D179H,0.001487664
D179I,-0.359167775
D179K,-0.418101099
D179L,-0.494400383
D179M,-0.386611934
D179N,-0.091726605
D179P,-0.278031407
D179Q,-0.285954295
D179R,-0.165366066
D179S,-0.278043958
D179T,0.192192931
D179V,-0.149639544
D179W,-0.284989739
D179Y,-0.1049401
H180A,0.202474343
H180C,-0.133372627
H180D,0.389745337
H180E,0.251829235
H180F,-0.076540887
H180G,0.041561551
H180I,0.0205791
H180K,-0.101797943
H180L,-0.054857946
H180M,-0.4627651820000001
H180N,-0.026941687
H180P,0.310703579
H180Q,-0.108984322
H180R,-0.149285703
H180S,-0.0328883129999999
H180T,0.125240876
H180V,-0.187753166
H180W,-0.091940639
H180Y,-0.19583451
T181A,-0.113994354
T181C,-0.30707665
T181D,-0.462619336
T181E,-0.110031399
T181F,-0.6435712339999999
T181G,-0.164866459
T181H,-0.166783056
T181I,-0.075488469
T181K,-0.429444917
T181L,0.118077862
T181M,-0.160464085
T181N,-0.219788993
T181P,0.541433646
T181Q,-0.631606588
T181R,-0.470862695
T181S,-0.084685054
T181V,-0.477246853
T181W,-0.22201885
T181Y,-0.143427281
G182A,-0.120605354
G182C,-0.222358372
G182D,0.02289398
G182E,0.307679487
G182F,-0.184498407
G182H,-0.169057471
G182I,0.082431615
G182K,-0.1578109369999999
G182L,-0.05197777
G182M,-0.201288891
G182N,-0.260539371
G182P,0.147463828
G182Q,-0.286911733
G182R,0.056603077
G182S,-0.075438735
G182T,-0.025581979
G182V,0.085896078
G182W,0.348806902
G182Y,-0.460283958
F183A,-0.399979937
F183C,-0.108999593
F183D,0.153516431
F183E,-0.041328324
F183G,0.143918838
F183H,-0.307961757
F183I,-0.139248104
F183K,-0.411541615
F183L,-0.123171894
F183M,-0.882605236
F183N,-0.251941855
F183P,0.418583536
F183Q,-0.246746907
F183R,-0.08894945
F183S,0.044071761
F183T,-0.360008241
F183V,0.033802505
F183W,-0.585953753
F183Y,-0.109514914
L184A,0.552986294
L184C,0.437848207
L184D,0.551197025
L184E,0.567122772
L184F,-0.131955948
L184G,0.588123116
L184H,0.523053666
L184I,0.42783003
L184K,0.311004469
L184M,-0.573948352
L184N,0.452360515
L184P,0.8542813
L184Q,0.023242395
L184R,0.7472908490000001
L184S,0.585552428
L184T,0.5132155079999999
L184V,0.489542348
L184W,0.341536215
L184Y,0.024460607
T185A,0.703278695
T185C,0.62526926
T185D,0.524139822
T185E,0.503349013
T185F,0.689279978
T185G,0.700470287
T185H,0.708372595
T185I,0.695156564
T185K,0.682894262
T185L,0.489518172
T185M,0.634011102
T185N,0.408843058
T185P,0.128593882
T185Q,0.585307658
T185R,0.699479858
T185S,-0.048397017
T185V,0.581522846
T185W,0.576380039
T185Y,0.73537804
E186A,-0.03232269
E186C,0.269182838
E186D,0.209690076
E186F,0.120868939
E186G,0.182027402
E186H,0.074922344
E186I,-0.631846693
E186K,0.629538749
E186L,-0.273794348
E186M,-0.90190528
E186N,0.448421753
E186P,0.229605568
E186Q,-0.071228324
E186R,0.8511245009999999
E186S,0.316416353
E186T,-0.057897316
E186V,-0.047406697
E186W,0.8503189940000001
E186Y,0.069648208
Y187A,0.961764834
Y187C,0.616557065
Y187D,0.377781559
Y187E,0.768459187
Y187F,0.114028458
Y187G,0.98532199
Y187H,0.8238884320000001
Y187I,0.835157624
Y187K,0.878100428
Y187L,0.778808449
Y187M,0.7311955659999999
Y187N,0.056443123
Y187P,0.736346707
Y187Q,0.7944608790000001
Y187R,0.8913904090000001
Y187S,0.69084781
Y187T,0.988948562
Y187V,0.57358732
Y187W,0.706864295
V188A,0.822324408
V188C,0.665800877
V188D,0.202675173
V188E,0.711754015
V188F,0.495669558
V188G,0.32793922
V188H,0.7060323940000001
V188I,0.685907055
V188K,0.945870432
V188L,0.601932526
V188M,0.556869968
V188N,0.7800454520000001
V188P,0.828190412
V188Q,0.6983187209999999
V188R,0.780969446
V188S,0.889628985
V188T,0.612857826
V188W,0.658019947
V188Y,0.520817353
A189C,-1.085963827
A189D,0.852467105
A189E,0.4063130820000001
A189F,0.644739911
A189G,-0.074721155
A189H,0.753686525
A189I,-0.120105825
A189K,0.605143729
A189L,0.44949279
A189M,-0.698782028
A189N,0.464635977
A189P,0.75699315
A189Q,-0.299522607
A189R,0.828585977
A189S,0.162533945
A189T,0.239483817
A189V,-0.5348114310000001
A189W,0.727785951
A189Y,0.141899459
T190A,0.654874172
T190C,0.497614509
T190D,0.733925798
T190E,0.5625453229999999
T190F,0.690431272
T190G,0.839848287
T190H,0.860594545
T190I,0.544396335
T190K,0.7829833629999999
T190L,0.7140623
T190M,0.657314258
T190N,0.72469613
T190P,0.754570485
T190Q,0.621799192
T190R,0.82408485
T190S,-0.019629916
T190V,0.5446241279999999
T190W,0.6900076820000001
T190Y,0.6985781959999999
R191A,0.630258984
R191C,0.707890694
R191D,0.8546480590000001
R191E,0.661738889
R191F,0.560252025
R191G,0.7550834129999999
R191H,0.626881527
R191I,0.7423248459999999
R191K,0.601845637
R191L,0.53327014
R191M,0.5225940579999999
R191N,0.682765292
R191P,0.779803905
R191Q,0.538073393
R191S,0.737618535
R191T,0.77341094
R191V,0.74755903
R191W,0.781760133
R191Y,0.32840006
W192A,0.534768235
W192C,0.322110333
W192D,0.547031293
W192E,0.740338611
W192F,0.545089783
W192G,0.6707446979999999
W192H,0.232580447
W192I,0.595592991
W192K,0.548630618
W192L,0.393164759
W192M,0.659702972
W192N,0.491165877
W192P,0.728487766
W192Q,0.606564376
W192R,0.018283374
W192S,0.30439439
W192T,0.461551511
W192V,0.722316988
W192Y,0.583498805
Y193A,0.696362722
Y193C,0.7784700370000001
Y193D,0.8096352809999999
Y193E,0.794858107
Y193F,-0.003014917
Y193G,0.74396558
Y193H,0.7142665890000001
Y193I,0.728398711
Y193K,0.72437036
Y193L,0.7149332840000001
Y193M,0.712147035
Y193N,0.107802044
Y193P,0.647644034
Y193Q,0.730270402
Y193R,0.803485752
Y193S,0.7181143170000001
Y193T,0.76513136
Y193V,0.65192306
Y193W,0.044389069
R194A,0.391434608
R194C,0.368343143
R194D,0.740052193
R194E,0.638280785
R194F,0.4540338270000001
R194G,0.562834439
R194H,0.54816847
R194I,0.668186853
R194K,0.493832963
R194L,0.603313075
R194M,0.471406449
R194N,0.500617318
R194P,0.952539036
R194Q,0.4989689920000001
R194S,-0.041339805
R194T,0.461211142
R194V,0.474564973
R194W,0.393635536
R194Y,0.623237205
A195C,0.600060925
A195D,0.153774691
A195E,0.849634786
A195F,0.8460113579999999
A195G,0.242675798
A195H,1.091826438
A195I,0.903762372
A195K,0.8095197679999999
A195L,0.898776184
A195M,0.868030292
A195N,0.8393014679999999
A195P,0.7259384170000001
A195Q,0.904904022
A195R,0.84360912
A195S,0.419288989
A195T,0.993240506
A195V,0.679317596
A195W,0.8561116329999999
A195Y,0.934702692
P196A,0.906232048
P196C,0.788785739
P196D,0.8403464
P196E,0.784038688
P196F,0.8212720379999999
P196G,0.8521897009999999
P196H,0.555766593
P196I,0.783909892
P196K,0.656463119
P196L,0.662613318
P196M,0.72339121
P196N,0.7120397829999999
P196Q,0.685067313
P196R,0.723389642
P196S,0.619807392
P196T,0.313623081
P196V,0.6217962920000001
P196W,0.721367862
P196Y,0.894547584
E197A,0.8060839809999999
E197C,-0.017372989
E197D,-0.06995824
E197F,0.7985458529999999
E197G,0.963316312
E197H,0.634135299
E197I,0.802148405
E197K,0.672348387
E197L,0.7561974859999999
E197M,0.8066967009999999
E197N,0.728339005
E197P,0.832028716
E197Q,0.808934588
E197R,0.908186956
E197S,0.618497042
E197T,0.7515765940000001
E197V,0.326600694
E197W,0.7668272340000001
E197Y,0.798171077
I198A,0.636449574
I198C,0.352123438
I198D,0.7561062709999999
I198E,0.5915881829999999
I198F,-0.086175478
I198G,0.663509899
I198H,0.593022936
I198K,0.602324961
I198L,0.016175093
I198M,0.486367542
I198N,0.476176551
I198P,0.766473049
I198Q,0.425623192
I198R,0.5140479579999999
I198S,0.704272027
I198T,0.818840213
I198V,-0.029777331
I198W,0.686051431
I198Y,0.622739346
M199A,0.284996358
M199C,0.7619977659999999
M199D,0.921436607
M199E,0.889777787
M199F,0.5294397679999999
M199G,0.765874652
M199H,0.608759162
M199I,0.696534054
M199K,0.060183256
M199L,0.135933056
M199N,0.309458248
M199P,0.8231423809999999
M199Q,0.461116584
M199R,0.857194027
M199S,0.382862351
M199T,0.321272048
M199V,0.600368151
M199W,0.983534666
M199Y,-0.22811541
L200A,-0.198746649
L200C,-0.546540178
L200D,0.72856195
L200E,0.7702686440000001
L200F,-0.479347801
L200G,0.4436794220000001
L200H,-0.141709513
L200I,0.322061882
L200K,0.85518084
L200M,0.439747602
L200N,0.648057969
L200P,0.902096624
L200Q,0.217886081
L200R,1.043141287
L200S,-0.025533097
L200T,-0.649009799
L200V,0.344127437
L200W,-0.490758583
L200Y,-0.923807561
N201A,-0.317287679
N201C,-0.464259824
N201D,-0.305773673
N201E,-0.415763499
N201F,-0.12543229
N201G,0.727480089
N201H,-0.075419709
N201I,-0.068551374
N201K,-0.039882595
N201L,-0.397037147
N201M,-0.197083752
N201P,0.559489427
N201Q,-0.416583316
N201R,0.058173623
N201S,-0.302150703
N201T,-0.09603192
N201V,-0.410023808
N201W,0.061946049
N201Y,0.118790406
S202A,-0.309101677
S202C,-0.143685693
S202D,0.241728092
S202E,-0.074948968
S202F,0.132831667
S202G,0.048722028
S202H,-0.448514216
S202I,0.095817809
S202K,-0.041103196
S202L,0.13249466
S202M,0.748225826
S202N,0.08081638
S202P,-1.079126351
S202Q,0.2997645
S202R,-0.100639838
S202T,0.225384586
S202V,-0.68560282
S202W,-0.270153141
S202Y,0.047139759
K203A,0.12699419
K203C,-0.023834316
K203D,0.084347235
K203E,0.543261894
K203F,0.14466786
K203G,-0.507574383
K203H,-0.325758299
K203I,0.113714313
K203L,0.183042102
K203M,-0.044608622
K203N,0.018182089
K203P,0.718171982
K203Q,0.098762072
K203R,-0.335229525
K203S,-0.17227448
K203T,0.0895483609999999
K203V,0.167777718
K203W,0.096819154
K203Y,0.027373667
G204A,-0.793473077
G204C,-0.8009504270000001
G204D,-0.8627618490000001
G204E,-0.043386799
G204F,-0.80548002
G204H,-1.122657827
G204I,-0.407911643
G204K,-0.391266001
G204L,-0.529570714
G204M,-0.744913953
G204N,-0.935928677
G204P,0.755823692
G204Q,-0.7594922820000001
G204R,0.145917609
G204S,-0.819799212
G204T,-0.80047797
G204V,-0.053802595
G204W,0.023523007
G204Y,-0.543079961
Y205A,0.7788103479999999
Y205C,0.629311569
Y205D,0.438839244
Y205E,0.465815198
Y205F,0.181509168
Y205G,0.758365231
Y205H,0.6915941170000001
Y205I,0.5885596129999999
Y205K,0.584282588
Y205L,0.547434485
Y205M,0.651635999
Y205N,0.089685378
Y205P,0.887490269
Y205Q,0.375275754
Y205R,0.70662236
Y205S,0.572005526
Y205T,0.7789384659999999
Y205V,0.6856411
Y205W,0.622568676
T206A,0.226793827
T206C,-0.203090406
T206D,-0.54035503
T206E,0.100252084
T206F,-0.049875423
T206G,-0.588090609
T206H,0.4517596720000001
T206I,0.644290594
T206K,-0.010177911
T206L,0.453259566
T206M,0.350092996
T206N,-0.279469279
T206P,0.675709527
T206Q,-0.078375821
T206R,0.24484871
T206S,-0.053499886
T206V,0.401389768
T206W,-0.420576097
T206Y,0.263073233
K207A,-0.663514419
K207C,-0.479201899
K207D,-0.5912054489999999
K207E,-0.327227848
K207F,-0.391540305
K207G,-0.242804961
K207H,-0.688579113
K207I,-0.5722256029999999
K207L,0.093952275
K207M,-0.078091858
K207N,-0.339328272
K207P,0.07347035
K207Q,-0.139567688
K207R,-0.441478809
K207S,-0.209076443
K207T,-0.099078864
K207V,-0.202537851
K207W,-0.072104325
K207Y,-0.417817631
S208A,-0.075012042
S208C,0.187780761
S208D,-0.430359359
S208E,-0.235133925
S208F,0.124205204
S208G,-0.233222797
S208H,-0.07522336
S208I,-0.303272374
S208K,-0.639421722
S208L,0.131948266
S208M,-0.616281641
S208N,-0.363339032
S208P,0.6764274159999999
S208Q,-0.655896745
S208R,-0.79312261
S208T,-0.087345429
S208V,-0.156276733
S208W,0.456222502
S208Y,0.320516959
I209A,0.6485256229999999
I209C,0.525976101
I209D,0.633296145
I209E,0.705100209
I209F,0.144631696
I209G,0.7222064090000001
I209H,0.585063059
I209K,0.587073802
I209L,0.236101243
I209M,0.442078886
I209N,0.255399588
I209P,0.735794355
I209Q,0.6394214970000001
I209R,0.606775494
I209S,0.763051382
I209T,0.8675723870000001
I209V,-0.255868534
I209W,0.650991566
I209Y,0.748406247
D210A,0.549205096
D210C,0.32570704
D210E,-0.03887574
D210F,0.849358526
D210G,0.855632671
D210H,0.5603975999999999
D210I,0.894900648
D210K,0.878463142
D210L,0.763714234
D210M,0.753860155
D210N,0.8095017440000001
D210P,1.011850645
D210Q,0.874821434
D210R,0.917025924
D210S,0.519404402
D210T,0.8804272670000001
D210V,0.412153965
D210W,0.76522957
D210Y,0.910771813
I211A,-0.296690109
I211C,-0.7416826999999999
I211D,0.779644255
I211E,0.134024663
I211F,0.127493388
I211G,0.676502467
I211H,0.7457017909999999
I211K,0.738127332
I211L,-0.27631436
I211M,-0.479919522
I211N,-0.025703779
I211P,0.355755625
I211Q,-0.218070129
I211R,0.8522268129999999
I211S,-0.368467523
I211T,-0.5093208579999999
I211V,-0.710988163
I211W,0.747025763
I211Y,-0.187078402
W212A,0.850650063
W212C,0.8264471
W212D,0.662658231
W212E,0.8414875390000001
W212F,-0.339217261
W212G,0.838462818
W212H,0.782379638
W212I,0.799561572
W212K,0.835478304
W212L,0.7898780320000001
W212M,0.764051758
W212N,0.7554100840000001
W212P,0.82473788
W212Q,0.8010701790000001
W212R,0.226707534
W212S,0.7794692209999999
W212T,0.660424004
W212V,0.8245877159999999
W212Y,0.498554812
S213A,-0.599299645
S213C,0.021389972
S213D,1.025636501
S213E,0.232444704
S213F,0.787065157
S213G,-0.4177849870000001
S213H,0.740837815
S213I,0.8578389359999999
S213K,0.959302805
S213L,0.896694098
S213M,-0.156714328
S213N,0.8810117340000001
S213P,0.440274206
S213Q,0.686206523
S213R,0.018561152
S213T,0.285013997
S213V,0.875291789
S213W,0.998352589
S213Y,0.826162829
V214A,-0.540826889
V214C,-0.38623405
V214D,0.961758636
V214E,0.041808127
V214F,0.833286217
V214G,-0.1693185189999999
V214H,0.8493228190000001
V214I,-0.6223931070000001
V214K,0.7663908420000001
V214L,-0.170321642
V214M,0.174720646
V214N,0.7096136390000001
V214P,0.834414445
V214Q,0.8979800490000001
V214R,0.89846306
V214S,-0.707731474
V214T,-0.8131406259999999
V214W,0.8469459709999999
V214Y,0.759017112
G215A,0.4377813920000001
G215C,0.855605693
G215D,0.7327640329999999
G215E,0.6317789770000001
G215F,0.746550741
G215H,0.753605489
G215I,0.802412949
G215K,0.641352458
G215L,0.714876403
G215M,0.807340752
G215N,0.757072302
G215P,0.8962653490000001
G215Q,0.6927760940000001
G215R,0.7751278490000001
G215S,0.94613442
G215T,0.933271919
G215V,0.777738447
G215W,0.950880384
G215Y,0.846902287
C216A,-0.225602305
C216D,0.969502141
C216E,0.8249516720000001
C216F,0.578074381
C216G,0.575550549
C216H,0.916587688
C216I,0.694486031
C216K,0.804853088
C216L,0.66013186
C216M,0.800446537
C216N,0.7401804909999999
C216P,0.907348539
C216Q,0.8108149579999999
C216R,0.836930635
C216S,-0.027580946
C216T,-0.463887581
C216V,-0.178094643
C216W,1.0316148790000002
C216Y,0.88159992
I217A,0.026132316
I217C,-0.718600033
I217D,0.925786561
I217E,0.937421894
I217F,0.073866633
I217G,0.894151797
I217H,0.7775691640000001
I217K,0.8598518890000001
I217L,-0.136793838
I217M,-0.367160815
I217N,-0.038165028
I217P,0.8918354829999999
I217Q,0.657235572
I217R,0.985470954
I217S,0.029710177
I217T,-0.243676268
I217V,-0.600735837
I217W,0.814227202
I217Y,0.8659476999999999
L218A,-0.388178128
L218C,-0.30402105
L218D,0.8415588620000001
L218E,0.603047825
L218F,-0.8355980540000001
L218G,0.630455089
L218H,-0.524939531
L218I,-0.500011989
L218K,0.7327706
L218M,-0.16956678
L218N,0.6981963729999999
L218P,0.96816786
L218Q,-0.07759011
L218R,0.956306021
L218S,0.671275926
L218T,-0.323485548
L218V,-0.410705944
L218W,-0.117994519
L218Y,-0.759515005
A219C,-0.670193891
A219D,0.864678286
A219E,0.5986883679999999
A219F,0.548081145
A219G,-0.201893022
A219H,0.911231426
A219I,0.119098517
A219K,0.839851937
A219L,0.72772897
A219M,0.7909202190000001
A219N,0.754506737
A219P,0.7978087979999999
A219Q,0.7490179370000001
A219R,0.76764431
A219S,-0.004016303
A219T,0.282575724
A219V,0.081208901
A219W,0.818514472
A219Y,0.566263988
E220A,0.623727766
E220C,0.697332485
E220D,0.187878777
E220F,0.25259486
E220G,0.8210846959999999
E220H,0.512143686
E220I,0.749146822
E220K,0.5266829279999999
E220L,0.8561551140000001
E220M,0.7017694959999999
E220N,0.387163054
E220P,0.680628872
E220Q,0.12537749
E220R,0.8713434659999999
E220S,0.582316509
E220T,0.729062498
E220V,0.409430029
E220W,0.8404387059999999
E220Y,0.360850075
M221A,-0.259092255
M221C,-0.343952173
M221D,0.809606355
M221E,0.901962033
M221F,-0.360615415
M221G,0.464141833
M221H,0.7101045659999999
M221I,0.278924535
M221K,0.011943241
M221L,-0.142241199
M221N,0.890314615
M221P,1.052083686
M221Q,0.534098293
M221R,0.8333978190000001
M221S,0.090654733
M221T,-0.054961486
M221V,0.232624571
M221W,0.006207274
M221Y,0.70269868
L222A,0.321960344
L222C,0.094568975
L222D,0.89114694
L222E,0.072270289
L222F,-0.5583925160000001
L222G,0.657314265
L222H,-0.392864741
L222I,-0.743067385
L222K,0.564247872
L222M,-0.224900764
L222N,-0.041808532
L222P,0.7729365359999999
L222Q,-0.117296419
L222R,0.781871367
L222S,0.266259835
L222T,-0.377002883
L222V,-0.025830629
L222W,-0.317803376
L222Y,-0.35927691
S223A,-0.109871912
S223C,-0.471845039
S223D,-0.652832654
S223E,-0.541207034
S223F,-0.1666054619999999
S223G,-0.558062951
S223H,-0.292851248
S223I,-0.474392553
S223K,-0.7649504909999999
S223L,-0.68295751
S223M,-0.681527753
S223N,-0.769934687
S223P,0.766828176
S223Q,-0.584737638
S223R,-0.907975716
S223T,-0.142880536
S223V,-0.277975565
S223W,-0.766580374
S223Y,-0.090230213
N224A,-0.668191713
N224C,-0.577440251
N224D,-0.393349563
N224E,-0.338693343
N224F,-0.335368233
N224G,-0.54269667
N224H,-0.284823319
N224I,0.026036801
N224K,-0.149305142
N224L,-0.506452775
N224M,-0.389584754
N224P,0.154508587
N224Q,-0.350419049
N224R,-0.691156333
N224S,0.043499944
N224T,-0.155687706
N224V,-0.514560235
N224W,-0.487806109
N224Y,-0.16007204
R225A,0.154778629
R225C,0.063792385
R225D,-0.165313363
R225E,-0.317630041
R225F,-0.467548204
R225G,-0.115368584
R225H,0.104766476
R225I,-0.323399221
R225K,-0.673544787
R225L,-0.06521968
R225M,-0.209544964
R225N,-0.205804961
R225P,0.8539147979999999
R225Q,-0.201638207
R225S,0.045063153
R225T,-0.266425943
R225V,-0.393787103
R225W,-0.393038455
R225Y,-0.630327439
P226A,0.195136954
P226C,-0.14176986
P226D,0.8309899209999999
P226E,0.710152875
P226F,0.7150101609999999
P226G,0.916632977
P226H,0.588790409
P226I,0.438212831
P226K,0.724602133
P226L,0.679868632
P226M,0.684785651
P226N,0.480849253
P226Q,0.54507167
P226R,0.7810094609999999
P226S,-0.132595879
P226T,0.1564354
P226V,-0.424820087
P226W,0.858646059
P226Y,0.86720954
I227A,-0.319370908
I227C,-0.428711544
I227D,0.780185473
I227E,0.93406887
I227F,-0.068599309
I227G,0.936975161
I227H,0.820902734
I227K,0.677120098
I227L,-0.358066102
I227M,-0.28997809
I227N,0.106289253
I227P,0.290788945
I227Q,-0.23177311
I227R,0.50207658
I227S,0.336493086
I227T,0.322616142
I227V,-0.232518866
I227W,0.7375023279999999
I227Y,0.723656587
F228A,0.63846205
F228C,0.7213682309999999
F228D,1.051445304
F228E,0.972723096
F228G,0.988475014
F228H,0.7600090829999999
F228I,-0.025041233
F228K,0.932991793
F228L,0.268407127
F228M,0.252337775
F228N,0.661222482
F228P,1.04794574
F228Q,0.6706932870000001
F228R,0.753655992
F228S,0.7954756609999999
F228T,0.920423927
F228V,0.750866241
F228W,0.044950277
F228Y,-0.150782846
P229A,0.208219546
P229C,0.156606599
P229D,0.390598828
P229E,0.657422516
P229F,0.56348204
P229G,0.783084859
P229H,0.521012998
P229I,0.80782235
P229K,0.547521109
P229L,0.774025957
P229M,0.049833866
P229N,0.376097774
P229Q,0.314132972
P229R,0.323174754
P229S,0.548454267
P229T,0.612468274
P229V,0.719088941
P229W,0.72485622
P229Y,0.590371427
G230A,0.659338657
G230C,0.729075102
G230D,0.667860228
G230E,0.766552835
G230F,0.584153845
G230H,0.858708426
G230I,0.765481388
G230K,0.91476775
G230L,0.891250593
G230M,0.753796507
G230N,1.038088732
G230P,0.902610759
G230Q,0.6728975979999999
G230R,0.8531545770000001
G230S,0.515337872
G230T,0.75469781
G230V,0.321698037
G230W,0.933395679
G230Y,0.6702102879999999
K231A,-0.006283981
K231C,0.10937866
K231D,0.449788269
K231E,0.263447753
K231F,0.236514865
K231G,0.5447561120000001
K231H,0.129353398
K231I,0.136243835
K231L,-0.369066754
K231M,-0.137056176
K231N,0.300869668
K231P,0.69119072
K231Q,0.6610574570000001
K231R,0.099679299
K231S,0.375344757
K231T,0.421387591
K231V,-0.301783626
K231W,0.052184494
K231Y,0.38300024
H232A,0.617873999
H232C,0.294941654
H232D,0.25210125
H232E,0.757615595
H232F,0.43317069
H232G,0.955112296
H232I,0.876419493
H232K,0.7126831640000001
H232L,0.037318043
H232M,0.7454086999999999
H232N,-0.026511934
H232P,0.909948278
H232Q,0.598629558
H232R,0.72384137
H232S,0.877212832
H232T,0.735438668
H232V,0.61009067
H232W,0.8052010390000001
H232Y,0.581291226
Y233A,0.865490938
Y233C,0.8360731020000001
Y233D,0.8604371759999999
Y233E,0.905218407
Y233F,0.093713966
Y233G,0.984142137
Y233H,0.824242239
Y233I,0.8169256979999999
Y233K,0.707567808
Y233L,0.72337654
Y233M,0.736075583
Y233N,0.651031546
Y233P,0.956895524
Y233Q,0.778923437
Y233R,0.680099296
Y233S,0.755502206
Y233T,0.7222202609999999
Y233V,0.8486158159999999
Y233W,0.7467743590000001
L234A,-0.521806075
L234C,-0.531770791
L234D,-0.396147467
L234E,-0.407211982
L234F,-0.486811511
L234G,-0.195565859
L234H,-0.4187716970000001
L234I,-0.238761462
L234K,-0.7901063340000001
L234M,-0.167954992
L234N,-0.8617519229999999
L234P,0.596758614
L234Q,-0.130471984
L234R,-0.1907276
L234S,-0.601777214
L234T,-0.393352216
L234V,-0.24490541
L234W,0.424436856
L234Y,-0.586233082
D235A,0.139752712
D235C,-0.248388826
D235E,0.134756879
D235F,0.690883754
D235G,0.275590872
D235H,-0.114921433
D235I,0.8661078320000001
D235K,0.812061171
D235L,0.660498758
D235M,0.186313842
D235N,-0.175246242
D235P,0.84870113
D235Q,0.455633463
D235R,0.8350326240000001
D235S,-0.124277436
D235T,0.7858759009999999
D235V,0.257006521
D235W,0.832989621
D235Y,0.460104811
Q236A,0.153341602
Q236C,0.065804194
Q236D,0.564082898
Q236E,0.052617555
Q236F,0.7084600670000001
Q236G,0.694745825
Q236H,0.208501809
Q236I,0.713511553
Q236K,0.5885474070000001
Q236L,-0.069407569
Q236M,0.228999905
Q236N,0.417728376
Q236P,0.294219441
Q236R,0.906519259
Q236S,0.016793837
Q236T,0.238790736
Q236V,0.6965456859999999
Q236W,0.7187359879999999
Q236Y,0.4378707220000001
L237A,0.12497131
L237C,-0.010742927
L237D,1.513758245
L237E,0.8814293129999999
L237F,-0.240759448
L237G,0.8126326629999999
L237H,0.564997347
L237I,-0.299746727
L237K,0.950018721
L237M,-0.158173122
L237N,0.844903609
L237P,0.8922195140000001
L237Q,0.087913184
L237R,0.76581021
L237S,0.763985715
L237T,0.024842625
L237V,-0.004853264
L237W,-0.216637505
L237Y,-0.055373027
N238A,-0.377074249
N238C,-0.489076211
N238D,0.2191079
N238E,-0.565008606
N238F,0.48461563
N238G,-0.307685134
N238H,0.072762388
N238I,-0.117295666
N238K,-0.075470492
N238L,-0.338549579
N238M,-0.493631986
N238P,0.80306662
N238Q,-0.766259295
N238R,-0.431170252
N238S,0.0765918429999999
N238T,0.139851612
N238V,-0.578785545
N238W,0.227740212
N238Y,-0.067114154
H239A,-0.5142998010000001
H239C,-0.570056985
H239D,0.586889085
H239E,-0.472079042
H239F,-0.432412371
H239G,0.219493653
H239I,-0.090832249
H239K,-0.865416037
H239L,-0.164901416
H239M,-0.605488574
H239N,0.364991846
H239P,0.802303441
H239Q,-0.162004324
H239R,0.547906634
H239S,-0.346861901
H239V,-1.055722546
H239Y,-0.172394703
I240A,0.380613858
I240C,-0.132553158
I240D,0.934665279
I240E,0.390683279
I240F,0.01484716
I240G,0.8727044620000001
I240H,-0.218565692
I240K,0.825078153
I240L,0.8681197509999999
I240M,0.266867238
I240N,0.273410753
I240P,0.937158178
I240Q,-0.649534464
I240R,0.884564001
I240S,0.987966569
I240T,0.375621187
I240W,-0.059576712
I240Y,0.0722073179999999
L241A,-0.087201795
L241C,-0.374931375
L241D,0.210657312
L241E,0.097288418
L241F,-0.578518317
L241G,0.207315658
L241H,-0.209816767
L241I,-0.440911421
L241K,0.272201241
L241M,-0.055964718
L241N,-0.399318737
L241P,0.928774126
L241Q,-3.989751438
L241R,0.266824817
L241S,-0.095644935
L241T,-0.378602056
L241V,-0.066881688
L241W,0.285216213
L241Y,-0.210160786
G242A,0.122803389
G242C,-0.111322868
G242D,0.099491585
G242E,-0.374779927
G242F,-0.41932349
G242H,-0.181040158
G242I,-0.346319876
G242K,-0.625579517
G242L,-0.592076445
G242M,-0.380655593
G242N,-0.61344697
G242P,0.730348055
G242Q,-0.532827566
G242R,0.258944057
G242S,-0.140913819
G242T,-0.612540369
G242V,-0.147046744
G242W,0.571781881
G242Y,-0.4254721520000001
I243A,-0.421768124
I243C,-0.570329451
I243D,1.030772695
I243E,0.957636723
I243F,-0.029380981
I243G,0.5007572570000001
I243H,0.206205495
I243K,-0.54988917
I243M,-0.295056076
I243N,-0.000312041
I243P,0.915790562
I243Q,-0.207759654
I243R,0.033732957
I243S,0.142559657
I243T,0.0678688009999999
I243V,-0.130214356
I243W,-0.164745765
I243Y,-0.454370645
L244A,0.510108459
L244C,-0.522515897
L244D,0.943177138
L244E,0.793971326
L244F,0.362836116
L244G,0.7059141240000001
L244H,0.259417061
L244I,-0.40884372
L244K,0.475506583
L244M,0.195576956
L244N,0.045473407
L244P,1.068412123
L244Q,0.096023655
L244R,0.7541912209999999
L244S,0.359414792
L244T,-0.302726484
L244V,-0.105725933
L244W,1.011365592
L244Y,0.632568571
G245A,0.919467966
G245C,0.7077865109999999
G245D,0.8424705379999999
G245E,0.8130706959999999
G245F,0.927256301
G245H,0.902795721
G245I,0.89614017
G245K,0.77909548
G245L,0.890347187
G245M,0.865296965
G245N,0.8861014000000002
G245P,0.902855714
G245Q,0.78526796
G245R,0.869330852
G245S,0.827809673
G245T,1.057131265
G245V,0.506597442
G245W,0.854945737
G245Y,0.951485701
S246A,0.247444281
S246C,-0.043374079
S246D,-0.335165708
S246E,0.021365548
S246F,-0.424066572
S246G,0.414126041
S246H,-0.111636746
S246I,0.187206777
S246K,-0.006289434
S246L,-0.061128305
S246M,-0.200729667
S246N,0.152738004
S246P,0.591461303
S246Q,0.056263833
S246R,0.270447497
S246T,-0.203582776
S246V,-0.015499875
S246W,-0.022252509
S246Y,-0.33085489
P247A,0.582272381
P247C,-0.14515618
P247D,0.856693743
P247E,0.594937969
P247F,0.478881673
P247G,0.215860644
P247H,0.586097375
P247I,-0.124385736
P247K,0.983271374
P247L,0.314816468
P247M,0.29043665
P247N,0.502449947
P247Q,0.258089581
P247R,0.5334190520000001
P247S,0.399392447
P247T,0.28072569
P247V,-0.32400173
P247W,0.84616402
P247Y,0.838452138
S248A,0.330219464
S248C,-0.494374872
S248D,-0.389885665
S248E,-0.403080325
S248F,0.458163978
S248G,-0.461117325
S248H,-0.24518231
S248I,-0.443170959
S248K,-0.347435275
S248L,-0.325403649
S248M,-0.53544576
S248N,-0.5217183129999999
S248P,0.41594955
S248Q,-0.243490949
S248R,-0.594101481
S248T,-0.09113811
S248V,-0.293381705
S248W,-0.032867719
S248Y,0.175379972
Q249A,-0.205565878
Q249C,-0.476324965
Q249D,-0.416912539
Q249E,-0.189148805
Q249F,-0.253363042
Q249G,-0.389642407
Q249H,0.079033309
Q249I,-0.351384223
Q249K,-0.106018969
Q249L,-0.091906624
Q249M,-0.362525925
Q249N,-0.480439386
Q249P,0.118994837
Q249R,0.298336463
Q249S,-0.3571372779999999
Q249T,-0.654051333
Q249V,-0.146431294
Q249W,-0.5047810189999999
Q249Y,-0.430647964
E250A,-0.134622181
E250C,-0.294028733
E250D,-0.323623199
E250F,-0.238442468
E250G,0.256317186
E250H,-0.027264756
E250I,-0.107553945
E250K,0.021615542
E250L,-0.653234477
E250M,-0.164089263
E250N,-0.396463231
E250P,0.137617608
E250Q,-0.22702246
E250R,0.154572391
E250S,-0.052726404
E250T,-0.435397064
E250V,0.000206919
E250W,-0.046440385
E250Y,-0.415578254
D251A,0.097788287
D251C,-0.14274909
D251E,-0.075442809
D251F,0.880891312
D251G,0.6522435289999999
D251H,0.442818411
D251I,0.822977327
D251K,0.905194944
D251L,0.735538053
D251M,0.214423527
D251N,0.005511054
D251P,0.981574198
D251Q,-0.1647144069999999
D251R,0.873832286
D251S,0.00646017
D251T,0.18589514
D251V,0.260786242
D251W,1.004755796
D251Y,0.704975079
L252A,-0.057085035
L252C,-0.345341004
L252D,-0.422499925
L252E,-0.470921159
L252F,-0.442720654
L252G,-0.12288216
L252H,-0.420157416
L252I,-0.619227957
L252K,-0.28365993
L252M,-0.171348912
L252N,-0.230043721
L252P,0.7201877790000001
L252Q,-0.132462068
L252R,-1.3800000000000003e-05
L252S,-0.5281656370000001
L252T,-0.217185485
L252V,-0.194363706
L252W,-0.340302194
L252Y,-0.55189786
N253A,-0.389014102
N253C,-0.391648918
N253D,-0.314608793
N253E,-0.24058978
N253F,-0.6256597389999999
N253G,-0.429961583
N253H,-0.095378365
N253I,-0.039304181
N253K,-0.184965333
N253L,-0.6290701320000001
N253M,-0.505541463
N253P,-0.327616863
N253Q,-0.66282212
N253R,-0.53583929
N253S,-0.061754395
N253T,0.186081028
N253V,-0.337001684
N253W,-0.598577192
N253Y,-0.160678398
C254A,-0.540629982
C254D,-0.7562222890000001
C254E,-0.837183053
C254F,0.235633498
C254G,-0.320443951
C254H,0.309414265
C254I,-0.276893024
C254K,-0.443229031
C254L,0.104752237
C254M,-0.905885057
C254N,-0.197550169
C254P,0.145669968
C254Q,-0.51063077
C254R,0.026020325
C254S,-0.162643594
C254T,-0.590218625
C254V,0.123505514
C254W,0.286410993
C254Y,0.111128517
I255A,-0.7993545940000001
I255C,-0.563459561
I255D,-0.465770904
I255E,-0.3721405
I255F,-0.045877238
I255G,-0.380679335
I255H,-0.1743868589999999
I255K,-0.434050982
I255L,-0.169248563
I255M,-0.373009243
I255N,-0.090857044
I255P,-0.404194643
I255Q,-0.467723583
I255R,-0.13079967
I255S,-0.127110304
I255T,-0.102047263
I255V,-0.7408093509999999
I255W,-0.429514901
I255Y,0.09438094
I256A,-0.515677457
I256C,-0.368631633
I256D,-0.8001021429999999
I256E,-0.543723285
I256F,-0.102565723
I256G,-0.686724566
I256H,-0.115316437
I256K,-0.704746587
I256L,-0.474651762
I256M,-0.530616104
I256N,-0.176859612
I256P,-0.8415413270000001
I256Q,-0.320228531
I256R,-0.8099010809999999
I256S,-0.208852276
I256T,0.037557115
I256V,-0.575271954
I256W,-0.5759485
I256Y,-0.555022255
N257A,-0.286386643
N257C,-0.209517175
N257D,0.689117688
N257E,-0.208942447
N257F,0.7069977479999999
N257G,-0.5406792579999999
N257H,-0.160070081
N257I,-0.06501698
N257K,-0.221915942
N257L,-0.182261743
N257M,0.005477266
N257P,-0.451543979
N257Q,-0.282462899
N257R,-0.699355073
N257S,-0.328514556
N257T,-0.058907189
N257V,-0.5559170999999999
N257W,0.903719093
N257Y,0.02914582
L258A,-0.582917011
L258C,-0.364344601
L258D,-0.300178176
L258E,-0.454854465
L258F,-0.5424988510000001
L258G,-0.527179818
L258H,-0.530328406
L258I,-0.6240118029999999
L258K,-0.556522877
L258M,-0.207145229
L258N,-0.664405583
L258P,-0.096513011
L258Q,-0.149741444
L258R,-0.382840509
L258S,-0.765532752
L258T,-0.316951403
L258V,-0.305405699
L258W,-0.361079582
L258Y,-0.438270504
K259A,0.748088092
K259C,0.6830001440000001
K259D,0.8377081270000001
K259E,1.027602456
K259F,0.794510761
K259G,0.374265365
K259H,0.331798993
K259I,0.807963847
K259L,0.7566326179999999
K259M,0.156405444
K259N,0.462706638
K259P,0.658633007
K259Q,0.321256023
K259R,-0.079462056
K259S,0.655273281
K259T,0.556148749
K259V,0.612804626
K259W,0.8862263659999999
K259Y,0.910647683
A260C,-0.056319542
A260D,0.7043970359999999
A260E,0.182902586
A260F,0.830482486
A260G,0.481641813
A260H,0.846335629
A260I,-0.178541157
A260K,0.542723453
A260L,0.127487531
A260M,-0.013104153
A260N,0.409166699
A260P,0.182862304
A260Q,0.0771778779999999
A260R,0.251927938
A260S,-0.164528003
A260T,-0.108899154
A260V,-0.138661876
A260W,0.883635356
A260Y,0.93629311
R261A,-0.173134891
R261C,0.091064938
R261D,0.681462048
R261E,0.138175215
R261F,0.10832973
R261G,0.143895009
R261H,-0.060465378
R261I,0.022172136
R261K,-0.475044188
R261L,0.070153662
R261M,-0.363038039
R261N,0.0746404579999999
R261P,0.590490559
R261Q,0.236691878
R261S,0.148302347
R261T,-0.162956312
R261V,0.19328258
R261W,0.5251037789999999
R261Y,-0.138025466
N262A,-0.3953817
N262C,0.007071108
N262D,0.203345478
N262E,0.453982994
N262F,-0.147029975
N262G,-0.177098452
N262H,-0.478674881
N262I,-0.05114313
N262K,-0.080926453
N262L,0.015211963
N262M,-0.126198805
N262P,0.82208947
N262Q,-0.1414663669999999
N262R,-0.630540737
N262S,-0.096528478
N262T,-0.125537661
N262V,-0.065912565
N262W,-0.111532149
N262Y,-0.035708924
Y263A,-0.180026112
Y263C,0.353017337
Y263D,0.974957106
Y263E,0.7241292340000001
Y263F,-0.096452839
Y263G,0.153432224
Y263H,-0.219823273
Y263I,-0.090146995
Y263K,-0.103999888
Y263L,0.137291893
Y263M,-0.45621569
Y263N,-0.07018548
Y263P,0.364057821
Y263Q,-0.208864315
Y263R,-0.028863143
Y263S,-0.071696447
Y263T,0.222656242
Y263V,-0.39930735
Y263W,-0.470056725
L264A,-0.240335761
L264C,-0.075397356
L264D,0.886867085
L264E,0.7437542420000001
L264F,0.031776536
L264G,0.7173316909999999
L264H,0.729475062
L264I,-0.068593314
L264K,0.640104886
L264M,-0.095767564
L264N,0.855368707
L264P,0.7395348840000001
L264Q,0.082051012
L264R,0.922612221
L264S,0.487398595
L264T,-0.088220698
L264V,-0.587054331
L264W,0.550083313
L264Y,0.309720799
L265A,-0.109850643
L265C,-0.087792486
L265D,-0.490386323
L265E,-0.285737563
L265F,-0.349354085
L265G,-0.196730273
L265H,-0.309942623
L265I,-0.194352592
L265K,-0.391483001
L265M,-0.156075515
L265N,-0.473060071
L265P,0.405835104
L265Q,-0.126637295
L265R,-0.230834422
L265S,-0.311816701
L265T,-0.38263907
L265V,0.31029561
L265W,-0.145733813
L265Y,-0.473276606
S266A,-0.448750166
S266C,0.084867502
S266D,-0.359747439
S266E,-0.051673998
S266F,-0.231700403
S266G,0.011523041
S266H,-0.176708046
S266I,-0.030302933
S266K,-0.770063368
S266L,-0.3642568020000001
S266M,-0.344232974
S266N,-0.12280317
S266P,0.234086654
S266Q,-0.412621347
S266R,-0.1352902
S266T,-0.317925683
S266V,0.056458708
S266W,0.179843129
S266Y,-0.481071333
L267A,-0.181906218
L267C,0.097896026
L267D,0.108665969
L267E,0.133061921
L267F,-0.146650831
L267G,0.244257985
L267H,0.037561473
L267I,-0.324122718
L267K,-0.29863562
L267M,-0.159699558
L267N,-0.016302139
L267P,0.6719791709999999
L267Q,-0.104220499
L267R,-0.038424628
L267S,0.131683799
L267T,0.152927639
L267V,-0.249446283
L267W,0.306948188
L267Y,-0.498348405
P268A,0.288230091
P268C,-0.030050807
P268D,-0.399737537
P268E,-0.55947658
P268F,0.227999018
P268G,-0.6854697359999999
P268H,0.132140306
P268I,-0.004656782
P268K,-0.396747956
P268L,0.589123906
P268M,-0.150271139
P268N,-0.204747278
P268Q,-0.166374737
P268R,-0.139547299
P268S,0.617813635
P268T,-0.100819769
P268V,-0.318139964
P268W,0.317538462
P268Y,0.187039064
H269A,-0.407525616
H269C,-0.784752639
H269D,-0.08630017
H269E,-0.629523188
H269F,-0.744619693
H269G,-0.488205801
H269I,-0.963645513
H269K,-0.3633637220000001
H269L,-0.214344169
H269M,-0.7014756259999999
H269N,-0.198884615
H269P,0.100834831
H269Q,-0.142526618
H269R,-0.301756273
H269S,-0.298148945
H269T,0.294550185
H269V,-0.543418335
H269W,-0.484623284
H269Y,-0.370247197
K270A,-0.528254753
K270C,-0.526325588
K270D,-0.215931464
K270E,0.193931869
K270F,-0.794252134
K270G,-0.426465861
K270H,-0.526557915
K270I,-0.485531403
K270L,-0.653364297
K270M,-0.195399512
K270N,-0.024497467
K270P,-0.024419421
K270Q,-0.150206283
K270R,0.254163799
K270S,-0.281326425
K270T,-0.451697043
K270V,-0.6034147360000001
K270W,-0.564850545
K270Y,-0.4874247470000001
N271A,-0.114943012
N271C,-0.68619846
N271D,-0.126404063
N271E,-0.351799031
N271F,-0.385633933
N271G,-0.152487349
N271H,-0.157261426
N271I,-0.130381278
N271K,-0.090351908
N271L,-1.1267242709999998
N271M,-0.6096996370000001
N271P,-0.557846669
N271Q,-0.282901141
N271R,-0.6200919579999999
N271S,-0.054836513
N271T,0.345847436
N271V,-0.388605086
N271W,-0.3776452
N271Y,-0.149668193
K272A,-0.622796827
K272C,-0.317904661
K272D,0.236763404
K272E,-0.217782442
K272F,-0.27218488
K272G,-0.458633616
K272H,-0.106922146
K272I,-0.106936119
K272L,-0.113582275
K272M,-0.183556802
K272N,-0.026553216
K272P,-0.221327443
K272Q,-0.19667381
K272R,-0.111112425
K272S,-0.441417158
K272T,-0.081259947
K272V,-0.470925652
K272W,0.012933247
K272Y,-0.199236178
V273A,0.214836137
V273C,0.448218688
V273D,0.117909204
V273E,-0.106263083
V273F,-0.229863827
V273G,0.484350802
V273H,-0.465098339
V273I,-0.59995453
V273K,-0.440351917
V273L,-0.031196782
V273M,-0.068868441
V273N,-0.238472809
V273P,0.32419228
V273Q,-0.593601935
V273R,-0.256871311
V273S,0.236875131
V273T,-0.312148286
V273W,-0.377097859
V273Y,-0.43320064
P274A,0.086081804
P274C,-0.410523124
P274D,-0.5143143410000001
P274E,-0.651661875
P274F,-0.313030449
P274G,-0.535467902
P274H,0.329583744
P274I,-0.245721178
P274K,-0.550937255
P274L,-0.159132421
P274M,-0.505811771
P274N,-0.6850645890000001
P274Q,-0.157771319
P274R,-0.452834363
P274S,-0.078089913
P274T,-0.143569855
P274V,-0.65647027
P274W,-0.398404439
P274Y,-0.465664994
W275A,0.074928661
W275C,0.404171927
W275D,0.846334796
W275E,0.7859027059999999
W275F,-0.56998736
W275G,0.970812386
W275H,-0.163870846
W275I,-0.251791698
W275K,-0.02914412
W275L,-0.06075494
W275M,-0.273648795
W275N,0.308928386
W275P,0.224167276
W275Q,0.405586931
W275R,0.050975435
W275S,-0.116836381
W275T,-0.011627961
W275V,-0.028534745
W275Y,-0.461128534
N276A,-0.6940268190000001
N276C,-0.677338949
N276D,-0.078347259
N276E,-0.103115756
N276F,-0.6403829679999999
N276G,-0.533385174
N276H,-0.660596948
N276I,0.089382245
N276K,-0.060021007
N276L,-0.724856883
N276M,-0.398189961
N276P,-0.527193601
N276Q,-0.39117027
N276R,-0.6212890520000001
N276S,-0.303546583
N276T,-0.654681807
N276V,-0.874203627
N276W,-0.616428155
N276Y,-0.287849417
R277A,-0.562946329
R277C,-0.290716353
R277D,0.330795693
R277E,-0.493882264
R277F,-0.5780925179999999
R277G,-0.076566563
R277H,-0.664612752
R277I,-0.040743973
R277K,-0.195274091
R277L,-0.548108581
R277M,-0.363511068
R277N,-0.489067355
R277P,-0.151535285
R277Q,-0.6433021879999999
R277S,-0.00762048
R277T,-0.030524861
R277V,-0.980051255
R277W,-0.561313555
R277Y,-0.6096338060000001
L278A,-0.539967018
L278C,0.261734596
L278D,0.203096281
L278E,-0.456085334
L278F,-0.223407538
L278G,0.058813256
L278H,-0.463846705
L278I,-0.72590531
L278K,-0.345055019
L278M,-0.257999514
L278N,-0.182748099
L278P,-0.0474215359999999
L278Q,-0.184899417
L278R,-0.054328545
L278S,-0.10279029
L278T,0.043480021
L278V,-0.311849152
L278W,-0.290542603
L278Y,-0.454382728
F279A,-0.054068732
F279C,-0.246844631
F279D,0.842553357
F279E,0.651693713
F279G,1.00544994
F279H,-0.39516065
F279I,-0.119217916
F279K,0.470930315
F279L,-0.050175093
F279M,-0.311326614
F279N,0.092369054
F279P,0.95105686
F279Q,0.233540051
F279R,0.286639825
F279S,0.676677458
F279T,0.072237374
F279V,0.159049277
F279W,-0.442502516
F279Y,-0.212337206
P280A,-0.656465804
P280C,-0.7214763790000001
P280D,-0.716627962
P280E,-0.702011047
P280F,-0.62196531
P280G,-0.654684279
P280H,-0.143664922
P280I,-0.636581171
P280K,-0.487434142
P280L,-0.450576656
P280M,-0.619183649
P280N,-0.500489573
P280Q,-0.663127748
P280R,-0.6001461779999999
P280S,-0.330606808
P280T,-0.163530832
P280V,-0.518664881
P280W,-0.689162341
P280Y,-0.496750477
N281A,-0.346269106
N281C,-0.715876545
N281D,-0.320566701
N281E,-0.620226305
N281F,-0.8820198029999999
N281G,-0.55152564
N281H,0.006066663
N281I,-0.125598722
N281K,-0.3976394620000001
N281L,-0.5927174129999999
N281M,-0.721076974
N281P,0.170484423
N281Q,-0.354578603
N281R,-0.464876731
N281S,-0.126170317
N281T,-0.039331294
N281V,-0.665740056
N281W,-0.5688864
N281Y,-0.164098099
A282C,-0.6141303779999999
A282D,0.003421385
A282E,-0.596860563
A282F,-0.19274804
A282G,-0.431763139
A282H,-0.635767424
A282I,-0.65058247
A282K,-0.547595518
A282L,-0.069019727
A282M,-0.520090571
A282N,-0.164219447
A282P,0.615321229
A282Q,-0.931600256
A282R,0.052727372
A282S,-0.003777984
A282T,-0.187340196
A282V,0.067526049
A282W,-0.143811408
A282Y,-0.151192531
D283A,-0.306507929
D283C,-0.585769439
D283E,-0.1771169239999999
D283F,0.058406221
D283G,-0.319439312
D283H,-0.226857509
D283I,0.221824254
D283K,-0.336740933
D283L,-0.265207031
D283M,-0.3477803679999999
D283N,-0.193150712
D283P,-0.419494645
D283Q,-0.585024368
D283R,0.217182367
D283S,-0.601998876
D283T,-0.421126371
D283V,0.004501699
D283W,0.025216547
D283Y,0.235611151
S284A,-0.514076599
S284C,-0.81609301
S284D,-0.7383477009999999
S284E,-0.562568913
S284F,-0.066047195
S284G,-0.6912336029999999
S284H,-0.652481155
S284I,-0.558256793
S284K,-0.658596854
S284L,-0.621470163
S284M,-0.76198172
S284N,-0.8381290440000001
S284P,-0.541975733
S284Q,0.163362315
S284R,-0.438942556
S284T,-0.230977601
S284V,-0.853873346
S284W,-0.7006821520000001
S284Y,-0.497504491
K285A,-0.55805894
K285C,-0.792831345
K285D,-0.594580464
K285E,-0.295896032
K285F,-0.7709112229999999
K285G,-0.366788412
K285H,-0.790460953
K285I,-0.118826671
K285L,-0.650819548
K285M,-0.6786778259999999
K285N,-0.112173686
K285P,-0.403270656
K285Q,-0.646168476
K285R,-0.21460125
K285S,-0.664188807
K285T,-0.281857819
K285V,-0.631821079
K285W,-0.557246637
K285Y,-0.617490204
A286C,-0.64367188
A286D,0.7037816
A286E,-0.069825494
A286F,-0.302980735
A286G,-0.294657814
A286H,0.513138316
A286I,-0.589918656
A286K,0.4792372720000001
A286L,0.294906022
A286M,-0.555212955
A286N,0.25913147
A286P,0.037944515
A286Q,-0.602281956
A286R,0.8123856159999999
A286S,0.050922703
A286T,0.2289733
A286V,-0.126599063
A286W,0.208881724
A286Y,-0.253185346
L287A,-0.198355608
L287C,-0.535645895
L287D,0.6785784640000001
L287E,-0.126478345
L287F,-0.142886944
L287G,0.378516033
L287H,-0.509165126
L287I,-0.7710218409999999
L287K,-0.529559844
L287M,-0.032054266
L287N,-0.310660577
L287P,0.900991309
L287Q,-0.158177415
L287R,0.210636105
L287S,0.150126596
L287T,-0.623443524
L287V,-0.429505426
L287W,0.193293199
L287Y,-0.37173186
D288A,-0.31886874
D288C,-0.379801574
D288E,-0.063274585
D288F,0.194626856
D288G,0.504421703
D288H,-0.539064599
D288I,0.248600253
D288K,0.077761275
D288L,-0.283667579
D288M,-0.124836423
D288N,-0.02574646
D288P,0.707119852
D288Q,-0.54778018
D288R,-0.347314025
D288S,-0.27098486
D288T,-0.260443465
D288V,-0.008864171
D288W,-0.088921765
D288Y,0.147510993
L289A,0.369286283
L289C,0.136926444
L289D,0.797276822
L289E,0.7822324409999999
L289F,0.034469024
L289G,0.7981385
L289H,0.863434606
L289I,-0.6815847009999999
L289K,0.751799633
L289M,-0.234316792
L289N,0.821079497
L289P,0.8731290629999999
L289Q,0.037570889
L289R,0.8828748059999999
L289S,0.810165832
L289T,0.7707011290000001
L289V,-0.275812685
L289W,0.7855283679999999
L289Y,0.6874416109999999
L290A,0.312621942
L290C,-0.136925079
L290D,0.847540275
L290E,0.8546483859999999
L290F,0.7148448000000001
L290G,0.817171717
L290H,0.848653195
L290I,-0.693896407
L290K,0.810985098
L290M,-0.210780691
L290N,0.827395399
L290P,0.906385524
L290Q,0.287536069
L290R,0.914769713
L290S,0.65942348
L290T,0.37209303
L290V,-0.026498586
L290W,0.88547295
L290Y,0.650203923
D291A,0.099403091
D291C,-0.681211737
D291E,-0.363074619
D291F,0.232329083
D291G,-0.07793719
D291H,-0.200557749
D291I,0.489015375
D291K,-0.360479402
D291L,0.500011078
D291M,-0.424708433
D291N,-0.158562593
D291P,0.4400327
D291Q,-0.6804456390000001
D291R,-0.122717588
D291S,-0.588673507
D291T,0.09495947
D291V,0.035721763
D291W,0.5458260420000001
D291Y,0.521933482
K292A,-0.77248293
K292C,-0.575772188
K292D,-0.425163282
K292E,-0.086148689
K292F,-0.041000767
K292G,-0.310379837
K292H,-0.568270966
K292I,0.016645335
K292L,-0.494680756
K292M,-0.080350586
K292N,0.046139035
K292P,0.720588676
K292Q,-0.10537033
K292R,0.137873001
K292S,-0.7379511940000001
K292T,-0.237861967
K292V,-0.373606568
K292W,-0.108850403
K292Y,-0.162710655
M293A,-0.382312033
M293C,-0.078594468
M293D,0.856010235
M293E,0.92923476
M293F,-0.582247912
M293G,0.7661644329999999
M293H,0.745124747
M293I,0.225687168
M293K,0.115921971
M293L,-0.148587095
M293N,0.8321908290000001
M293P,0.904117917
M293Q,0.712449036
M293R,0.848657971
M293S,0.323808549
M293T,-0.00090316
M293V,0.54865679
M293W,0.89310536
M293Y,0.991940578
L294A,0.716615977
L294C,0.012742892
L294D,0.837040012
L294E,0.7560286270000001
L294F,-0.254867738
L294G,0.731958842
L294H,0.674556114
L294I,-0.452813566
L294K,0.631341111
L294M,0.018105897
L294N,0.767957344
L294P,0.685552583
L294Q,0.161363444
L294R,1.0559344659999998
L294S,0.790420595
L294T,0.183427577
L294V,0.303737553
L294W,0.780644745
L294Y,0.835615271
T295A,0.18952321
T295C,-0.331175361
T295D,0.394490216
T295E,-0.7170296340000001
T295F,-0.124558245
T295G,-0.403466768
T295H,-0.023393332
T295I,0.172885304
T295K,-0.674613991
T295L,-0.086284143
T295M,-0.386764511
T295N,-0.08568351
T295P,-0.130280525
T295Q,-0.422719313
T295R,-0.405270989
T295S,-0.144791129
T295V,-0.186033081
T295W,-0.217800053
T295Y,-0.198603998
F296A,0.56611064
F296C,0.299633476
F296D,0.91897178
F296E,0.912815246
F296G,0.709914183
F296H,0.444183433
F296I,-0.080522229
F296K,0.811978568
F296L,0.186582308
F296M,-0.401938762
F296N,0.774411981
F296P,0.919822645
F296Q,0.704063333
F296R,0.777406287
F296S,0.8111460429999999
F296T,0.662975829
F296V,0.0837859879999999
F296W,-0.421520235
F296Y,-0.101873178
N297A,-0.1626649319999999
N297C,-0.433603385
N297D,-0.059350984
N297E,-0.297897299
N297F,-0.110073283
N297G,0.072563939
N297H,0.066050791
N297I,-0.134481838
N297K,0.323396118
N297L,-0.537991889
N297M,-0.506658255
N297P,0.628691659
N297Q,-0.072416395
N297R,0.093590907
N297S,-0.033992699
N297T,-0.150066265
N297V,-0.5202378329999999
N297W,0.078078158
N297Y,-0.059641864
P298A,-0.285776819
P298C,-0.262839383
P298D,-0.500735155
P298E,-1.138423234
P298F,-0.361879234
P298G,-0.0863297619999999
P298H,-0.001684962
P298I,-0.008754455
P298K,0.554227469
P298L,0.161265346
P298M,-0.590845698
P298N,-0.296739698
P298Q,-0.500037699
P298R,0.46295584
P298S,-0.442917392
P298T,0.115862509
P298V,-0.358835826
P298W,-0.408158073
P298Y,-0.565775756
H299A,-0.565446417
H299C,-0.936498829
H299D,-0.522694463
H299E,-0.6861960020000001
H299F,-0.55942497
H299G,-0.795723685
H299I,-0.597439158
H299K,-0.625438659
H299L,-0.225417227
H299M,-0.787020993
H299N,-0.141416494
H299P,0.523137744
H299Q,-0.25475502
H299R,-0.297072842
H299S,-0.6714739590000001
H299T,0.510039809
H299V,-0.789697869
H299W,-0.729174909
H299Y,-0.251440927
K300A,-0.714234465
K300C,-0.667940737
K300D,-0.491475381
K300E,-0.136118264
K300F,-0.858683185
K300G,-0.25291552
K300H,-0.709920216
K300I,-0.301499534
K300L,-0.503135536
K300M,-0.134341278
K300N,-0.053978357
K300P,0.143860904
K300Q,-0.231097907
K300R,0.36760287
K300S,-0.467707102
K300T,-0.152985385
K300V,-0.612816767
K300W,-0.136365496
K300Y,-0.481180181
R301A,0.824631375
R301C,0.920397488
R301D,1.009428821
R301E,1.074157162
R301F,0.956660165
R301G,0.7735203820000001
R301H,0.854195195
R301I,0.90479905
R301K,0.8326267690000001
R301L,0.716588052
R301M,0.8483822059999999
R301N,0.932712751
R301P,0.959878782
R301Q,0.788672238
R301S,0.213357377
R301T,0.983578217
R301V,0.759878405
R301W,0.803266252
R301Y,0.90974551
I302A,-0.212728092
I302C,-0.567316056
I302D,0.567157106
I302E,0.536399131
I302F,-0.068279508
I302G,0.510003706
I302H,0.002843431
I302K,0.8918105759999999
I302L,-0.026296219
I302M,0.261125666
I302N,-0.027393437
I302P,-0.403870188
I302Q,0.125771826
I302R,0.927138296
I302S,0.1769690589999999
I302T,0.242049096
I302V,-0.203952195
I302W,-0.435054025
I302Y,-0.7885470920000001
E303A,-0.400545978
E303C,-0.534203465
E303D,-0.083477053
E303F,-0.727909563
E303G,0.461487397
E303I,-0.8272038970000001
E303K,-0.142724051
E303L,0.201901179
E303M,-0.801655063
E303N,-1.019182343
E303P,0.055598105
E303Q,0.24959394
E303R,0.94760861
E303S,-0.461198596
E303T,-0.93111247
E303V,-0.028110732
E303W,-0.528905975
E303Y,-0.486563607
V304A,-0.214179669
V304C,-0.842055532
V304D,-0.075919034
V304E,-0.293715027
V304F,-0.038932984
V304G,-0.074971621
V304H,-0.231750041
V304I,-0.328514315
V304K,0.039684853
V304L,-0.4690755999999999
V304M,-0.961206508
V304N,0.050243234
V304P,-0.64024294
V304Q,0.343448724
V304R,-0.0474773659999999
V304S,-0.298200889
V304T,-0.5413820739999999
V304W,-0.532211123
V304Y,-0.351684613
E305A,-0.327795916
E305C,-0.950903289
E305D,-0.098367739
E305F,-0.809468847
E305G,-0.444973008
E305H,-0.925719576
E305I,-0.526021995
E305K,-0.24072487
E305L,-0.752660283
E305M,-0.76856193
E305N,0.005510027
E305P,-0.602507218
E305Q,-0.7714001220000001
E305R,-0.522086607
E305S,-0.547852019
E305T,-0.48737194
E305V,-0.226186515
E305W,-0.372757685
E305Y,-0.621612617
Q306A,-0.443767308
Q306C,-0.697238378
Q306D,-0.7343199420000001
Q306E,-0.5029721770000001
Q306G,-0.67743335
Q306H,-0.16111964
Q306I,-0.901502713
Q306K,-0.273990388
Q306L,-0.134480511
Q306M,-0.57597178
Q306N,-0.441835834
Q306P,-0.560407807
Q306R,0.355825641
Q306S,-0.6616777620000001
Q306T,-0.261149843
Q306V,-1.008522748
Q306W,-0.46264311
Q306Y,-0.6961158559999999
A307C,-0.84206468
A307D,0.584457711
A307E,0.980596538
A307F,0.717653434
A307G,0.263798136
A307H,1.10817955
A307I,-0.049088351
A307K,0.783953025
A307L,0.213853966
A307M,0.074744006
A307N,1.046023886
A307P,0.87707125
A307Q,0.836395806
A307R,0.9003264959999999
A307S,-0.097498892
A307T,0.016343046
A307V,0.200903589
A307W,1.034088648
A307Y,0.964611542
L308A,0.00186386
L308C,-0.218379577
L308D,0.7811978479999999
L308E,-0.127044978
L308F,-0.831210172
L308G,0.49582159
L308H,0.167258593
L308I,-0.6934251640000001
L308K,-0.219484063
L308M,-0.207701767
L308N,0.151458898
L308P,1.068199077
L308Q,-0.161196504
L308R,-0.042119731
L308S,-0.102073596
L308T,-0.189161407
L308V,-0.482147972
L308W,0.317938033
L308Y,-0.462477118
A309C,-0.480248848
A309D,-0.077308191
A309E,-1.146853726
A309F,-0.623047648
A309G,0.03858989
A309H,-0.607071796
A309I,-0.28312258
A309K,-0.928077913
A309L,0.157991502
A309M,-0.880094699
A309N,-0.424205976
A309P,0.153544182
A309Q,-0.808352051
A309R,-0.463725204
A309S,-0.060864628
A309T,-0.072215721
A309V,-0.322510497
A309W,-0.561434615
A309Y,-0.706815509
H310A,-0.364209301
H310C,-0.115111901
H310D,-0.34025486
H310E,-0.254506753
H310F,0.096305945
H310G,0.630292735
H310I,1.039482294
H310K,0.898168765
H310L,0.1593537569999999
H310M,-0.14209458
H310N,0.442051367
H310P,0.741321122
H310Q,-0.081659987
H310R,0.8871641379999999
H310S,0.040027621
H310T,0.274662355
H310V,0.26560961
H310W,0.8204995340000001
H310Y,0.190538902
P311A,-0.283523116
P311C,-1.010090179
P311D,-0.627738279
P311E,-0.932614781
P311F,-0.041804519
P311G,-0.7160509509999999
P311H,0.016248438
P311I,-0.203298806
P311K,-0.381476592
P311L,0.320489877
P311M,-0.89954528
P311N,-0.744451737
P311Q,-0.878436097
P311R,-0.397898235
P311S,-0.101834578
P311T,-6.04e-05
P311V,-0.73779776
P311W,0.10008434
P311Y,0.10607699
Y312A,-0.52105956
Y312C,-0.105064668
Y312D,0.8896532340000001
Y312E,0.8660008640000001
Y312F,-0.060094526
Y312G,0.624814699
Y312H,0.246585385
Y312I,-0.031858203
Y312K,0.7501026670000001
Y312L,-0.362494793
Y312M,-0.636287879
Y312N,0.007529063
Y312P,0.91618531
Y312Q,0.6160418360000001
Y312R,0.7452388109999999
Y312S,0.008372593
Y312T,0.422115115
Y312V,-0.295384795
Y312W,-0.55885999
L313A,0.184805676
L313C,-0.72035605
L313D,0.8921810259999999
L313E,0.916089299
L313F,-0.927794865
L313G,0.501780204
L313H,-0.298461833
L313I,-0.8567957959999999
L313K,0.8368003909999999
L313M,0.005242502
L313N,-0.052715229
L313P,0.7437991540000001
L313Q,-0.006590392
L313R,1.087477245
L313S,0.64505785
L313T,-0.238544192
L313V,-0.654834402
L313W,0.48107348
L313Y,0.322281004
E314A,-0.490811393
E314C,-0.8043665940000001
E314D,-0.030457097
E314F,-1.074802634
E314G,0.083596172
E314H,-0.8116178559999999
E314I,-0.807787114
E314K,-0.271906402
E314L,-0.498950819
E314M,-0.597713129
E314N,-0.610694276
E314P,-0.162632209
E314Q,-0.086370274
E314R,-0.733333718
E314S,-0.041455447
E314T,-0.778055277
E314V,-0.188771841
E314W,-0.7061037109999999
E314Y,-0.7852755309999999
Q315A,-0.646895537
Q315C,-0.5871870260000001
Q315D,-0.801710383
Q315E,-0.466335531
Q315F,-0.7213260359999999
Q315G,-0.6879141040000001
Q315H,-0.229262851
Q315I,-0.6907486840000001
Q315K,-0.223981748
Q315L,-0.167330163
Q315M,-0.62099664
Q315N,-0.564384208
Q315P,-0.6537618629999999
Q315R,-0.005417519
Q315S,-0.376753439
Q315T,-0.482086129
Q315V,-0.342877955
Q315W,-0.439082932
Q315Y,-0.371674929
Y316A,-0.487557348
Y316C,-0.050006298
Y316D,-0.1338670069999999
Y316E,-0.504110011
Y316F,-0.089692634
Y316G,-0.546673835
Y316H,-0.141934359
Y316I,-0.720474995
Y316K,-0.54959027
Y316L,-0.644627316
Y316M,-0.829624173
Y316N,-0.058870037
Y316P,-0.5728303579999999
Y316Q,-0.630257586
Y316R,-0.744604919
Y316S,-0.378813768
Y316T,-0.375655532
Y316V,-0.315601509
Y316W,-0.6470880410000001
Y317A,-0.987963089
Y317C,0.216857322
Y317D,-0.487711578
Y317E,1.017892786
Y317F,-0.003879842
Y317G,-0.7624644290000001
Y317H,-0.6333031610000001
Y317I,-0.95350758
Y317K,0.458880709
Y317L,0.417933474
Y317M,0.544033544
Y317N,-0.226534972
Y317P,-0.6349054479999999
Y317Q,0.917536449
Y317R,0.557319702
Y317S,-0.690178275
Y317T,-0.627453284
Y317V,0.876450741
Y317W,1.073405681
D318A,-0.209468113
D318C,-0.34521726
D318E,-0.123208174
D318F,-0.597151644
D318G,-0.1115438
D318H,-0.251998975
D318I,-0.272257208
D318K,-0.72474313
D318L,-0.321458537
D318M,-0.310825625
D318N,-0.111748268
D318P,-0.728449345
D318Q,-0.70033249
D318R,-0.684065679
D318S,-0.582927427
D318T,-0.8700471209999999
D318V,-0.093634837
D318W,-0.399503359
D318Y,-0.036954241
P319A,-0.58546271
P319C,-0.767173441
P319D,-0.760364852
P319E,-0.542047675
P319F,-0.50406653
P319G,-0.505838762
P319H,-0.415958099
P319I,-0.449184975
P319K,-0.812909845
P319L,-0.291489624
P319M,-0.559763695
P319N,-0.680391325
P319Q,-0.153642055
P319R,-0.510233371
P319S,-0.290735841
P319T,-0.201761475
P319V,-0.53054862
P319W,-0.56037197
P319Y,-0.63038094
S320A,-0.417392804
S320C,-0.564353191
S320D,-0.504422259
S320E,-0.664231537
S320F,-0.246914379
S320G,-0.501383675
S320H,-0.904403652
S320I,-0.365445907
S320K,-0.422230761
S320L,-0.313434429
S320M,-0.701605595
S320N,-0.6922143609999999
S320P,-0.269218275
S320Q,-0.641953759
S320R,-0.550946271
S320T,-0.124486485
S320V,-0.6796267509999999
S320W,-0.516330932
S320Y,-0.219828665
D321A,-0.232361925
D321C,-0.732775913
D321E,-0.379751937
D321F,-0.77495848
D321G,0.250765247
D321H,-0.478753159
D321I,-0.977641496
D321K,-0.983822589
D321L,-0.87059757
D321M,-0.945231848
D321N,-0.394897735
D321P,-0.7883671040000001
D321Q,-0.861061689
D321R,-0.6602066329999999
D321S,-0.74521421
D321T,-0.442706345
D321V,-0.223773753
D321W,-0.908853177
D321Y,-0.319390093
E322A,-0.210676605
E322C,-1.444247323
E322D,-0.356281692
E322F,-0.799615258
E322G,0.062627616
E322H,-0.5553911429999999
E322I,-1.114993656
E322K,-0.496856443
E322L,-0.963019063
E322M,-0.945460479
E322N,-0.662834849
E322P,-0.280791257
E322Q,-0.7070465979999999
E322R,-0.6030607920000001
E322S,-0.7475350040000001
E322T,-0.275347069
E322V,-0.215025797
E322W,-1.061121463
E322Y,-0.619792931
P323A,-0.226020976
P323C,-0.806319233
P323D,-0.7862375640000001
P323E,-0.0844549219999999
P323F,-0.664630988
P323G,-0.7333434740000001
P323H,-0.257484759
P323I,-0.328849594
P323K,-0.731997155
P323L,-0.669335216
P323M,-0.751875739
P323N,-1.051848698
P323Q,-0.754112782
P323R,-0.585697523
P323S,0.062723863
P323T,-0.193144363
P323V,-0.739955778
P323W,-0.779277584
P323Y,-0.568587148
I324A,-0.682489804
I324C,-0.8163059770000001
I324D,-0.413415286
I324E,-0.8239916620000001
I324F,-0.152974036
I324G,-0.965012769
I324H,-0.526299481
I324K,-0.7125356009999999
I324L,-0.317202345
I324M,-0.0936843
I324N,-0.182143901
I324P,-0.385102285
I324Q,-0.703889331
I324R,-1.076783898
I324S,-0.216447924
I324T,-0.019181064
I324V,-0.455782084
I324W,-0.740726592
I324Y,-0.851214617
A325C,-0.6909920820000001
A325D,-0.641419659
A325E,-0.01681848
A325F,-0.7757351459999999
A325G,-0.669530738
A325H,-0.921780911
A325I,-1.01364296
A325K,-0.933271015
A325L,-0.478680059
A325M,-0.984419103
A325N,-0.585052721
A325P,-0.265965018
A325Q,-0.291203433
A325R,-0.447276885
A325S,-0.195664796
A325T,-0.236036111
A325V,-0.49642477
A325W,-0.216709248
A325Y,-1.073072033
E326A,-0.313571445
E326C,-0.535827825
E326D,-0.0715332009999999
E326F,-0.914142904
E326G,-0.192041428
E326H,-0.575390934
E326I,-0.705616097
E326K,-0.37729115
E326L,-0.82604064
E326M,-0.687300934
E326N,-0.239720783
E326P,-0.318006191
E326Q,-0.340706423
E326R,-0.583846193
E326S,-0.422206255
E326T,-0.489973505
E326V,-0.133321958
E326W,-0.870938978
E326Y,-0.6803272690000001
A327C,-0.7720285370000001
A327D,-0.234520727
A327E,-0.1763887189999999
A327F,0.6184827970000001
A327G,0.291656705
A327H,-0.560950329
A327I,-0.8372425659999999
A327K,-0.745686955
A327L,-0.7235162509999999
A327M,-0.545149228
A327N,-0.78703549
A327P,-0.140682755
A327Q,-0.676826895
A327R,-0.267923562
A327S,-0.194696626
A327T,-0.351707535
A327V,-0.123979192
A327W,-0.636579021
A327Y,-0.398179875
P328A,-0.0861446
P328C,-0.043462419
P328D,0.0887189319999999
P328E,0.4353299020000001
P328F,0.275086652
P328G,-0.314976507
P328H,0.424162594
P328I,-0.094914637
P328K,-0.375706144
P328L,0.339672691
P328M,-0.139193856
P328N,-0.040596312
P328Q,-0.182745544
P328R,-0.035806513
P328S,-0.19451878
P328T,-0.067080264
P328V,0.050742803
P328W,0.266628322
P328Y,0.235784629
F329A,-0.355747562
F329C,-0.675461635
F329D,-0.398026142
F329E,-0.036791348
F329G,-0.280244889
F329H,-0.502083715
F329I,-0.129999507
F329K,-0.5599228039999999
F329L,-0.01963457
F329M,-0.629070689
F329N,-0.210179865
F329P,-0.027794156
F329Q,-0.419382409
F329R,-0.386794708
F329S,-0.046277991
F329T,-0.212472702
F329V,0.161127371
F329W,-0.239146935
F329Y,-0.171757802
K330A,-0.241461608
K330C,-0.141067488
K330D,-0.015380159
K330E,0.236744328
K330F,-0.438634193
K330G,0.052591992
K330H,-0.488231806
K330I,-0.091700194
K330L,-0.285847825
K330M,-0.009258678
K330N,-0.008789398
K330P,-0.043548135
K330Q,0.094921264
K330R,0.19976489
K330S,0.11692569
K330T,-0.067972981
K330V,0.159210386
K330W,-0.374436528
K330Y,-0.796742864
F331A,-0.346889901
F331C,-0.546956952
F331D,-0.215592798
F331E,0.153985758
F331G,-0.632316265
F331H,-0.136517762
F331I,-0.15442921
F331K,-0.728640078
F331L,-0.078974146
F331M,-0.612943031
F331N,-0.404952935
F331P,-0.136882166
F331Q,-0.581417477
F331R,-0.485410218
F331S,-0.431305682
F331T,-0.227391184
F331V,0.032335863
F331W,-0.25699009
F331Y,-0.1786397569999999
D332A,-0.176356051
D332C,-0.3544945
D332E,-0.195098832
D332F,-0.410064428
D332G,0.687350215
D332H,-0.492683273
D332I,-0.652820825
D332K,-0.756724099
D332L,-0.553908155
D332M,-0.523611681
D332N,-0.292725502
D332P,-0.220061947
D332Q,-0.423173911
D332R,-0.0700583229999999
D332S,-0.5799395860000001
D332T,0.09773869
D332V,-0.102109542
D332W,-1.144128878
D332Y,-0.048994237
M333A,-0.671415386
M333C,-0.409985912
M333D,-0.8523111990000001
M333E,-0.485198646
M333F,-0.686657709
M333G,-0.158045045
M333H,-0.324443178
M333I,0.277187054
M333K,-0.1593621419999999
M333L,-0.060160323
M333N,-0.910964063
M333P,0.091934606
M333Q,-0.62187976
M333R,0.236378198
M333S,-0.784910848
M333T,-0.653209564
M333V,0.300335831
M333W,0.283780665
M333Y,-0.17222298
E334A,-0.265162001
E334C,-0.629581136
E334D,0.051356076
E334F,-0.7653886679999999
E334G,0.0642227309999999
E334H,-0.262792546
E334I,-0.546792087
E334K,0.111783872
E334L,-0.1631004969999999
E334M,-0.749829978
E334N,0.613896791
E334P,0.417157896
E334Q,-0.194243984
E334R,-0.09676978
E334S,-0.199255637
E334T,0.077467494
E334V,-0.003359133
E334W,-0.740061399
E334Y,0.127362099
L335A,-0.6775169870000001
L335C,-0.5864232970000001
L335D,-1.271290939
L335E,-1.466326425
L335G,-0.473146841
L335H,-1.084176762
L335I,-0.433775433
L335K,-1.214878605
L335M,-0.380051634
L335N,-1.184185498
L335P,-0.397823013
L335Q,-0.3418023429999999
L335R,-0.367903841
L335S,-0.923258044
L335T,-0.634649892
L335V,-0.9293345
L335W,0.239512323
L335Y,-0.621151453
D336A,-0.053806087
D336C,-0.32475714
D336E,-0.049575676
D336F,-0.488633815
D336G,0.631322636
D336H,-0.132326587
D336I,-0.338107431
D336K,-0.205540189
D336L,-0.471791072
D336M,-0.251126615
D336N,-0.149763983
D336P,-0.544322116
D336Q,-0.492442565
D336R,0.1525142109999999
D336S,-0.253349739
D336T,0.269601012
D336V,0.024031065
D336W,-0.216156174
D336Y,0.152303566
D337A,-0.253494322
D337C,-0.8030902990000001
D337E,-0.037471452
D337F,-0.295874112
D337G,-0.257449595
D337H,-0.373344896
D337I,0.197800129
D337K,-0.5250581910000001
D337L,-0.269684365
D337M,-0.604106834
D337N,-0.195975808
D337P,-0.140911814
D337Q,-0.598903846
D337R,-0.508598995
D337S,-0.134917505
D337T,-0.338472506
D337V,-0.002973406
D337W,-0.616014443
D337Y,0.023963202
L338A,-0.37325738
L338C,0.1718944869999999
L338D,-0.58972972
L338E,-0.809030982
L338F,-0.654211986
L338G,-0.611569665
L338H,-0.733012707
L338I,-0.175859115
L338K,-0.5566017329999999
L338M,-0.214631613
L338N,-0.500014384
L338P,-0.28861514
L338Q,-0.155060735
L338R,-0.332317287
L338S,-0.50401515
L338T,-0.284979752
L338V,-0.427653402
L338W,-0.468294418
L338Y,-0.8032128209999999
P339A,-0.273020364
P339C,-0.83780805
P339D,-0.323209322
P339E,-0.592058368
P339F,-0.419266309
P339G,-0.304145554
P339H,-0.627671447
P339I,-0.78304293
P339K,-0.59346813
P339L,-0.271803465
P339M,-0.5805726210000001
P339N,-0.513708231
P339Q,0.073179026
P339R,-0.477229191
P339S,-0.195244106
P339T,-0.115564227
P339V,-0.583264689
P339W,-0.450309973
P339Y,-0.62538519
K340A,-0.678659503
K340C,-0.338773423
K340D,0.5950415520000001
K340E,0.6319019220000001
K340F,0.120281553
K340G,0.245299537
K340H,-0.523137078
K340I,-0.202051989
K340L,-0.179891274
K340M,0.075869551
K340N,0.275378559
K340P,-0.1692216489999999
K340Q,-0.159424044
K340R,0.311415362
K340S,-0.615284345
K340T,-0.869501367
K340V,-0.406806932
K340W,-0.00610646
K340Y,-0.309500772
E341A,-0.72752268
E341C,-0.735678387
E341D,-0.11887143
E341F,-0.752263534
E341G,-0.049519631
E341H,-0.7109341140000001
E341I,-0.782491928
E341K,0.059918717
E341L,-0.851363442
E341M,-0.7921887040000001
E341N,-0.8588798679999999
E341P,-0.877142085
E341Q,-0.6704143920000001
E341R,0.114140102
E341S,-0.56824292
E341T,-0.757384242
E341V,-0.148400806
E341W,-0.8947543590000001
E341Y,-0.7636521470000001
K342A,-0.7597241290000001
K342C,-0.537263716
K342D,-0.742907352
K342E,-0.264057488
K342F,-0.6979938840000001
K342G,-0.7267932509999999
K342H,-0.661611092
K342I,0.002557434
K342L,-0.537845749
K342M,-0.705705438
K342N,0.056704417
K342P,-0.561699206
K342Q,-0.562734552
K342R,-0.171141601
K342S,-0.634862213
K342T,-0.06712689
K342V,-0.621006514
K342W,-0.6302556260000001
K342Y,-0.29203552
L343A,-0.572874488
L343C,-0.409110092
L343D,-0.224795987
L343E,0.1410121869999999
L343F,-0.5497335729999999
L343G,-0.639002879
L343H,-0.471152879
L343I,-0.8956082329999999
L343K,0.026358675
L343M,-0.049868378
L343N,-0.607816682
L343P,0.016783727
L343Q,-0.130937061
L343R,0.113955378
L343S,-0.901352169
L343T,-0.377900047
L343V,-0.347597654
L343W,-0.412581643
L343Y,-0.514169718
K344A,-0.687933803
K344C,-0.798346621
K344D,0.104467203
K344E,0.300215625
K344F,-0.177410506
K344G,-0.102692295
K344H,-0.10648267
K344I,-0.365618655
K344L,-0.58032
K344M,-0.046263768
K344N,0.100633847
K344P,0.065728846
K344Q,-0.5301829920000001
K344R,0.304267826
K344S,-0.544622201
K344T,-0.522079889
K344V,-0.7328333370000001
K344W,0.00897708
K344Y,-0.367540925
E345A,-0.804868597
E345C,-0.6882873709999999
E345D,0.038334366
E345F,-0.646700525
E345G,-0.118172064
E345H,-0.7960896209999999
E345I,-0.687676917
E345K,-0.002020324
E345L,-0.5489079179999999
E345M,-0.593430479
E345N,0.197126517
E345P,-0.431788058
E345Q,-0.733845037
E345R,-0.381935072
E345S,-0.443057146
E345T,-0.484721209
E345V,-0.105985744
E345W,-0.64438378
E345Y,-0.31527293
L346A,-0.750157283
L346C,-0.709535988
L346D,-0.787382721
L346E,-0.8020654690000001
L346F,0.7601604959999999
L346G,-0.654908523
L346H,-0.8337024409999999
L346I,-0.863014216
L346K,-0.92712278
L346M,-0.333675082
L346N,-0.94943945
L346P,0.333151108
L346Q,-0.221129254
L346R,-0.5460225999999999
L346S,-0.6390783520000001
L346T,-0.62329277
L346V,-0.58696066
L346W,-0.796745722
L346Y,-0.8354782140000001
I347A,-0.61024879
I347C,-0.748022793
I347D,0.714156369
I347E,0.421627942
I347F,0.132906832
I347G,0.121560347
I347H,-0.198131612
I347K,0.446633378
I347L,-0.511046608
I347M,-0.396499186
I347N,-0.137083335
I347P,0.8667178190000001
I347Q,-0.24781623
I347R,0.7522101529999999
I347S,0.039353966
I347T,-0.254584862
I347V,-0.424065783
I347W,0.755523745
I347Y,0.622812055
F348A,-0.8015390640000001
F348C,-0.714027821
F348D,-0.389144636
F348E,-0.77596236
F348G,-0.567984394
F348H,-0.638066786
F348I,-0.255961128
F348K,-0.919919666
F348L,-0.291577117
F348M,-0.720437324
F348N,-0.507482448
F348P,0.734063962
F348Q,-0.851401179
F348R,-0.8117770590000001
F348S,-0.551774576
F348T,-1.014615633
F348V,-0.941181569
F348W,-0.793458355
F348Y,-0.281144175
E349A,-0.8008529940000001
E349C,-0.768055328
E349D,-0.055047706
E349F,-0.978979676
E349G,-0.350112889
E349H,-0.51371997
E349I,-0.779381364
E349K,-0.246808927
E349L,-0.542845535
E349M,-0.622395379
E349N,-0.971509923
E349P,-0.094710182
E349Q,-0.47797765
E349R,0.025078305
E349S,-0.824363561
E349T,-0.334057108
E349V,-0.160134904
E349W,-0.917633285
E349Y,-0.701336156
E350A,-0.670375795
E350C,-0.402236616
E350D,0.0157660739999999
E350F,-0.671609572
E350G,-0.333958858
E350H,-0.952124961
E350I,-0.933178566
E350K,0.03661862
E350L,-0.8665565959999999
E350M,-0.858573885
E350N,-0.358890642
E350P,-0.201326817
E350Q,-0.703582102
E350R,-0.742139242
E350S,-0.6297456379999999
E350T,-0.7868999240000001
E350V,-0.146981454
E350W,-0.7262462940000001
E350Y,-0.7650579190000001
T351A,0.090096721
T351C,-0.409698395
T351D,-0.55734609
T351E,-0.589627665
T351G,-0.589715714
T351H,-0.358563998
T351I,-0.22405809
T351K,-0.343721091
T351L,0.499475606
T351M,-0.126301067
T351N,-0.252779177
T351P,-0.384900403
T351Q,-0.539456151
T351R,-0.6471668770000001
T351S,0.014175921
T351V,0.053461714
T351W,-0.720674087
T351Y,-0.750466689
A352C,-0.764945355
A352D,-0.617511509
A352E,-0.746476082
A352F,-0.710443802
A352G,-0.422377156
A352H,-0.8949230909999999
A352I,-0.717931573
A352K,-0.933093096
A352L,-0.81398428
A352M,-0.694620997
A352N,-0.760273449
A352P,-0.007634212
A352Q,-0.760831545
A352R,-0.713799941
A352S,-0.282720172
A352T,-0.258058148
A352V,-0.006015309
A352W,-0.63608651
A352Y,-0.896564617
R353A,-0.536913833
R353C,-0.509403156
R353D,-0.174985188
R353E,-0.5487539260000001
R353F,-0.697590755
R353G,-0.001699802
R353H,-0.625921122
R353I,0.0830298679999999
R353K,-0.374322871
R353L,-0.695150113
R353M,-0.8075977759999999
R353N,-0.3850273970000001
R353P,-0.552350559
R353Q,-0.7624661859999999
R353S,0.05887405
R353T,-0.400111553
R353V,-0.646441855
R353W,-0.7583115709999999
R353Y,-0.606171723
F354A,-0.40840631
F354C,-0.392803001
F354D,-0.46759971
F354E,-0.5594567420000001
F354G,-0.385197391
F354H,-0.351631919
F354I,-0.290740819
F354K,-0.391084639
F354L,-0.20361615
F354M,-0.487125218
F354N,-0.552900052
F354P,-0.395873346
F354Q,-0.474950318
F354R,-0.19316407
F354S,-0.35370883
F354T,-0.406509737
F354V,-0.220855589
F354W,-0.243103909
F354Y,-0.368362732
Q355A,-0.593441806
Q355C,-0.71298543
Q355D,-0.659037491
Q355E,-0.475822478
Q355F,-0.498359215
Q355G,-0.7202073520000001
Q355H,-0.026642147
Q355I,-0.966876646
Q355K,-0.0316871279999999
Q355L,0.024973385
Q355M,-0.559740825
Q355N,-0.50997816
Q355P,-0.024201996
Q355R,0.207126721
Q355S,0.015167386
Q355T,-0.768494371
Q355V,-0.662180859
Q355W,-0.3740741420000001
Q355Y,-0.494218361
P356A,-0.380379358
P356C,-0.53057755
P356D,-0.732283942
P356E,-1.032088376
P356F,-0.814922609
P356G,-0.662406371
P356H,-0.079804186
P356I,-0.8988719490000001
P356K,-0.923545127
P356L,-0.278972536
P356M,-0.881258153
P356N,-1.03129366
P356Q,-0.883336703
P356R,-0.507984749
P356S,-0.022833227
P356T,-0.380351031
P356V,-0.7308612729999999
P356W,-0.743827745
P356Y,-0.6692200420000001
G357A,0.292345816
G357C,0.041190713
G357D,-0.14170828
G357E,-1.019801709
G357F,-0.226442832
G357H,-0.764034788
G357I,-0.441616865
G357K,-0.5987953189999999
G357L,-0.508266443
G357M,-0.766187882
G357N,-0.590666457
G357P,-0.513801837
G357Q,-0.768547055
G357R,-0.299751399
G357S,-0.012930351
G357T,-0.581854601
G357V,-0.013899935
G357W,-0.403214924
G357Y,-0.425051216
Y358A,-0.5036678720000001
Y358C,0.068690277
Y358D,-0.811138224
Y358E,-0.7081504190000001
Y358F,-0.0679745559999999
Y358G,-0.644137406
Y358H,-0.516277494
Y358I,0.0057122519999999
Y358K,-0.72529574
Y358L,-0.794550408
Y358M,-0.7216715229999999
Y358N,-0.3449276529999999
Y358P,-0.75718739
Y358Q,-0.7254000759999999
Y358R,-0.687235047
Y358S,-0.534608601
Y358T,-1.018279811
Y358V,-0.552549356
Y358W,-0.5223666370000001
R359A,-0.552492409
R359C,-0.600004541
R359D,-0.719824641
R359E,-0.566210918
R359F,-0.752519257
R359G,0.273797425
R359H,-0.90986084
R359I,-0.47488909
R359K,-0.238258248
R359L,-0.494176529
R359M,0.008820276
R359N,-0.734867741
R359P,-0.861542096
R359Q,-0.7951367159999999
R359S,0.090441908
R359T,-0.500691718
R359V,-0.336157551
R359W,0.168260519
R359Y,-0.875999984
S360A,-0.192060782
S360C,-0.922291737
S360D,-0.903334506
S360E,-0.962010037
S360F,-0.382505175
S360G,-0.605337365
S360H,-0.6709000070000001
S360I,-0.86284249
S360K,-0.767176009
S360L,-0.480774005
S360M,-0.625514306
S360N,-1.296077788
S360P,0.189032072
S360Q,-0.820808745
S360R,-0.881614786
S360T,-0.410311267
S360V,-0.8010503290000001
S360W,-0.716617907
S360Y,-0.29344187
