variant,score
M1A,-0.079521991
M1D,-1.822649992
M1G,-2.496365641
M1H,-2.673255152
M1I,-0.177146281
M1K,0.63633801
M1L,-3.327538667
M1N,-3.510035538
M1P,-2.815441305
M1Q,-2.391113201
M1R,0.054778362
M1S,0.297810577
M1T,0.301805873
M1V,-1.39536121
M1W,-3.991671389
M1Y,-2.870684463
A2C,-1.809936246
A2D,-2.420501608
A2E,-4.301894156
A2F,-5.197130361
A2G,-2.275842039
A2H,-3.644968765
A2I,-4.086904788
A2K,-3.890289218
A2L,-3.869767902
A2M,-4.602760635
A2N,-3.687864125
A2P,-5.1746250730000005
A2Q,-3.816893559
A2R,-4.1785602860000015
A2S,-4.527284662
A2T,-4.112632714
A2V,-3.812504034
A2Y,-4.085376178
V3A,-3.823367329
V3C,3.856502177
V3D,-2.997230521
V3F,-2.74337632
V3G,-3.922180929
V3H,-2.342670342
V3I,-2.582193022
V3K,-2.1518011830000003
V3L,-4.075748072
V3M,-2.413969037
V3P,-3.744464451
V3R,-3.45666214
V3S,-3.780410633
V3T,-3.575542876
V3W,-3.690212824
V3Y,-2.170438407
Q4A,-3.876376127
Q4C,-4.25375188
Q4D,-1.137475606
Q4G,-3.84745038
Q4H,-5.261850517
Q4I,-3.480887306
Q4K,-5.016562738
Q4L,-3.779391508
Q4M,-4.063734418
Q4P,-4.246826468
Q4R,-3.203946447
Q4S,-3.625924443
Q4T,-3.561676364
Q4V,-4.935971501
Q4W,-4.170649622
Q4Y,-2.755056923
P5A,-3.878955279
P5C,-3.916435404
P5D,-3.3385931939999995
P5E,-1.950184779
P5F,-2.68871898
P5G,-3.326482004
P5H,-4.277461608
P5I,-4.38809321
P5K,-4.232030666
P5L,-1.4487946319999998
P5M,1.779660691
P5N,-5.112865606000001
P5Q,-1.003481676
P5R,-2.917796054
P5S,-4.315476802
P5T,-3.345817536
P5V,0.7988525890000001
P5W,-1.199715181
P5Y,-3.682638895
K6A,-4.026046845
K6C,-2.514578725
K6D,-1.843154874
K6E,-2.7767222960000004
K6F,-5.083431364
K6G,-3.427488988
K6H,-5.000418684
K6I,-3.397043167
K6L,-3.060142932
K6M,-2.28083254
K6N,-4.755403552
K6P,-4.27551874
K6Q,-5.050527307
K6R,-2.392697603
K6S,-4.289081251
K6T,-4.566260271
K6V,-3.254240839
K6W,-2.381520556
K6Y,-2.203099003
E7A,-4.804585443
E7C,-4.50322283
E7D,-2.099047181
E7F,-3.983471353
E7G,-5.546467348999999
E7H,-4.405674293
E7I,-3.333051846
E7K,-4.095919352
E7L,-4.1963812360000015
E7N,-4.041926593
E7P,-4.265718734
E7Q,-4.829281804
E7R,-3.665644602
E7S,-3.890315317
E7T,-4.335743612
E7V,-3.738973907
E7W,-3.437803113
E7Y,-5.03954739
T8A,-3.943689855
T8C,-4.327796019
T8D,-2.156630955
T8E,-3.207917783
T8F,-2.341815986
T8G,-3.705528326
T8H,-3.177857287
T8I,-2.420514688
T8K,-1.949128273
T8L,-2.894571067
T8M,-1.008591648
T8N,-2.084289469
T8P,-3.115939332
T8Q,-4.744464451
T8R,-2.164810197
T8S,-4.104489209
T8V,-2.424510206
T8W,-3.475277818
T8Y,-3.90817539
L9A,-2.511548371
L9C,-2.855962272
L9D,-2.383959611
L9E,-2.778273141
L9F,-3.564330185
L9G,-3.529725602
L9H,-4.434333935
L9I,-2.004168354
L9K,-4.997370742
L9M,-4.944913758
L9N,-4.117155284
L9P,-2.47855905
L9Q,-4.011630089
L9R,-4.034437802
L9S,-4.071070056
L9T,-1.960013842
L9V,-3.430775315
L9W,-4.3068118580000005
L9Y,-4.3073302
Q10A,-2.890143147
Q10C,-4.0632901960000005
Q10D,-4.031475129
Q10E,-3.649796027
Q10F,-3.881423676
Q10G,-2.685222795
Q10H,-2.801190222
Q10I,-4.026259713
Q10K,-3.339328074
Q10L,-3.455200689
Q10M,-3.3598006010000003
Q10N,-3.815316309
Q10P,-3.767680021
Q10R,-3.743488
Q10S,-3.904055686
Q10T,-4.530270623
Q10V,-2.564715693
Q10W,-3.822513451
Q10Y,-3.773934601
L11A,-2.898347012
L11C,-4.667667096000001
L11E,-2.525898927
L11F,-5.022765614
L11G,-2.917796054
L11H,-1.933259831
L11I,-4.880068703
L11K,-3.77998559
L11M,-4.564715693
L11N,-4.112954069
L11P,-0.716931655
L11Q,-3.541376903
L11R,-2.267546975
L11S,-4.067435113
L11T,-3.702117785
L11V,-3.934836685
L11W,-4.010054562
L11Y,-4.1751863380000005
E12A,-2.261567206
E12C,-4.759856394
E12D,-2.276923834
E12F,-2.891602463
E12G,-2.646015796
E12H,-2.542754495
E12I,-4.70411875
E12K,-4.097475992
E12L,-4.013469102
E12M,3.364584549
E12N,-5.02130973
E12P,-3.343116818
E12Q,-3.679829729
E12R,-3.145338665
E12S,-3.819452984
E12T,-4.200362375
E12V,-2.934836685
E12W,-0.686587415
E12Y,-4.330467764
S13A,-4.520792477
S13C,-4.401406508
S13D,-4.46062437
S13E,-3.589072004
S13F,-4.254686438999999
S13G,-2.401323375
S13H,-5.164475651
S13I,-4.9797531930000005
S13K,-6.186418185
S13L,-4.27998559
S13M,-4.514579663999999
S13N,-5.10052794
S13P,-4.68983157
S13Q,-3.88948942
S13R,-3.510718512
S13T,-3.343936164
S13V,-2.7232565660000003
S13W,-5.223298601000001
S13Y,-3.198728518
A14C,-4.50689235
A14D,-4.351989988
A14E,-3.383194258
A14G,-4.808906186000001
A14H,-4.809911622
A14I,0.7597778390000001
A14K,-4.35761181
A14L,-3.847785011
A14M,-1.271144905
A14N,-3.412469932
A14P,-4.378298921
A14Q,-5.209362958
A14R,-4.198975689
A14S,-4.971235313
A14T,-4.63297715
A14V,-5.0533040080000005
A14W,-1.465734527
A14Y,-4.683539814
A15C,-4.3475879860000015
A15D,-3.131911339
A15E,-3.391373596
A15G,-3.061426077
A15H,-4.680192911000001
A15I,-4.848087082
A15K,-5.817579041
A15L,-4.094357687
A15M,-5.299278207
A15N,-6.280208267000001
A15P,-3.255686421
A15Q,-3.3297392360000004
A15R,-4.741322796
A15S,-3.605938356
A15T,-2.6526948580000003
A15V,-2.547427604
A15W,-4.357058045
A15Y,-4.530294313
E16A,-4.423423616
E16C,-5.588048197000001
E16F,-5.515529995
E16G,-3.884428318
E16H,-3.893509481
E16I,-3.007067937
E16K,-4.1582386410000005
E16L,-4.12100055
E16M,-6.065274937000001
E16P,-2.993558475
E16Q,-4.885660406
E16R,-4.223157181
E16S,-3.646785386
E16T,-4.755361942
E16V,-4.639291964
E16W,-5.677715632999999
E16Y,-4.369233059
V17A,-2.580555456
V17C,-4.591023311
V17D,-2.7932825410000004
V17E,-3.691806563
V17F,-4.7012328860000006
V17G,-4.08106278
V17H,-5.637253047000001
V17I,-5.725150976
V17K,-2.888272724
V17L,-3.3527995
V17M,-4.142980712
V17P,-4.260849329
V17Q,-4.041563802
V17R,-3.316799342
V17S,-5.221062827
V17T,-2.865795041
V17W,-4.142691763999999
V17Y,-4.412687092
G18A,-4.748089346
G18C,-4.636100327
G18D,-1.905605658
G18E,-3.807595637
G18F,-3.537802463
G18H,-5.312313667
G18I,-3.531240512
G18K,-4.8623175000000005
G18L,-5.035528278999999
G18M,2.008557944
G18N,-3.405754974
G18P,-3.814824468
G18Q,-3.114897544
G18R,-3.804071509
G18S,-3.44866745
G18T,-4.429223181
G18V,-4.585750227
G18W,-2.070901081
G18Y,-5.226025657
F19A,-4.35598383
F19C,-1.893809417
F19D,-1.566168925
F19E,-2.189875599
F19G,-3.1164645
F19H,-3.885278892
F19I,-2.028933872
F19K,-4.45090972
F19L,-3.762310879
F19M,-0.134116109
F19N,-2.707078207
F19P,-1.93622929
F19Q,-3.066176099
F19R,-1.647098404
F19S,-2.815956878
F19T,-3.065955467
F19V,-2.292352343
F19W,-4.103398234
F19Y,-5.24593775
V20A,-1.964984205
V20C,-3.2554088180000003
V20D,-3.49906835
V20E,-4.262459135
V20G,-4.960016975
V20H,-4.892717621
V20I,-4.502758555
V20K,-4.809070264
V20L,-4.083877877
V20N,-4.97808776
V20P,-3.683276612
V20Q,-3.903900736
V20R,-3.599754209
V20S,-3.89659723
V20T,-3.904121117
V20W,-5.369784688999999
V20Y,-4.23231048
R21A,-3.923796787
R21C,-3.680090152
R21D,-4.971791578
R21E,-2.959138357
R21F,-5.643441997
R21G,-2.374016048
R21H,-3.616140354
R21I,-4.298400056
R21K,-5.682563106
R21L,-4.812935857
R21M,-5.384632454
R21N,-5.6287093860000015
R21P,-4.402853854
R21Q,-5.016375996
R21S,-5.478771918
R21T,-4.50896976
R21V,-2.713437555
R21W,-5.681438347
R21Y,-5.11845634
F22A,-4.732279793
F22C,-4.128512571
F22D,-3.7536166
F22E,-2.540095458
F22G,-1.366497717
F22H,-1.271305706
F22I,-3.9643823
F22K,-2.814252769
F22L,-4.571533661
F22M,-4.43347116
F22N,-3.592145902
F22P,-2.6554150030000003
F22Q,-3.374684814
F22R,-4.201102855
F22S,-3.216499162
F22T,-3.532483119
F22V,-4.153383144
F22W,-1.882455991
F22Y,-4.9415502810000005
F23A,-3.787412969
F23C,-4.0235013460000015
F23E,-3.495058272
F23G,-5.234704283999999
F23H,-3.878357219
F23I,-4.112349881
F23L,-4.248582617
F23M,-4.862300941
F23N,-1.231969343
F23P,-1.156743398
F23Q,-3.377145543
F23R,-2.929004598
F23S,-3.806405841
F23T,-3.48236478
F23V,-4.988297663
F23W,-2.322652716
F23Y,-4.746013895
Q24A,-5.538771471
Q24D,-4.181009559
Q24E,-4.138169002
Q24F,-5.352160576
Q24G,-4.048648274
Q24H,-4.096316419
Q24I,-4.657459865
Q24K,-5.387815082
Q24L,-4.50517943
Q24M,-3.79604124
Q24N,-3.3895439210000005
Q24P,-2.590879254
Q24R,-4.204596953999999
Q24S,-4.348087082
Q24T,-4.320993566
Q24V,-4.145624107
Q24W,-4.0709010810000015
Q24Y,-3.591630442
G25A,-3.547427604
G25C,-1.79845778
G25D,-2.045244297
G25E,-2.5996144880000003
G25F,-3.197090952
G25H,-2.865795041
G25I,-4.478661509
G25L,-1.327937802
G25M,-3.876376127
G25N,-3.786142754
G25P,-0.529399329
G25R,-3.35094448
G25S,-0.299851356
G25T,-3.599266535
G25V,-4.461114015
G25W,-0.939189813
G25Y,-3.652425758
M26A,-3.3510089999999995
M26D,-3.182082327
M26E,-2.056132093
M26F,-6.021663137999999
M26G,-3.06731935
M26H,-2.238047173
M26K,-2.995387998
M26L,-3.469494104
M26N,-1.289436642
M26P,-4.00715089
M26Q,-3.36313062
M26R,-1.600120584
M26S,-4.773625116
M26T,-3.7748381
M26V,-3.14407191
M26Y,-4.100119558
P27A,-4.213948726
P27C,-3.435105017
P27D,-4.751150641000001
P27F,-3.264055813
P27G,-3.410879238
P27H,-3.266334887
P27I,-1.675250572
P27K,-3.758309552
P27L,-3.2584349
P27M,-2.140165696
P27N,-3.45400715
P27Q,-5.329037776
P27R,-4.0229876010000005
P27S,-3.019053657
P27T,-4.163698978999999
P27V,-2.373426762
P27Y,-3.464532058
E28A,-4.94403127
E28C,-4.452660889
E28D,-2.3632947
E28F,-4.559775566
E28G,-3.598113989
E28I,-4.9972305210000005
E28L,-3.997862803
E28M,-4.45666214
E28N,-2.392528677
E28P,-2.778119332
E28Q,-4.437763459
E28R,-4.270835182
E28S,-3.104201144
E28T,-4.106275366
E28V,-3.592072182
E28W,-3.585474254
E28Y,-5.156630955
K29A,-3.057617678
K29C,-3.284811583
K29D,-4.848175468
K29E,-5.265205413
K29F,-4.016333827
K29G,-4.5466604
K29H,-4.94487576
K29I,-5.839895529
K29L,-4.260537189
K29M,-2.775639285
K29N,-4.119835019
K29P,-4.301463078
K29Q,-4.534371057
K29R,-3.361819977
K29S,-4.437803113
K29T,-4.064810313
K29V,-5.295119864
K29W,-2.7027368380000003
K29Y,-0.211119228
P30A,-3.709249377
P30C,-4.275933066
P30D,-4.221950914
P30E,-4.317611471
P30F,-5.054514923999999
P30G,-3.524766867
P30H,-4.686001608
P30I,-5.32430192
P30K,-4.398065167
P30L,-3.735857425
P30M,-5.224036835
P30N,-5.144180777
P30R,-3.0942422830000003
P30S,-4.40768882
P30T,-5.326799945
P30V,-3.852247155
P30W,-3.3388342860000004
P30Y,-3.248404308
T31A,-2.448529064
T31C,-2.59900841
T31D,-4.787965329
T31E,-3.639352344
T31F,-4.692047661
T31G,-3.865795041
T31H,-3.809129265
T31I,-2.55221259
T31K,-4.031005264
T31L,-3.521637372
T31M,-5.016424087
T31N,-4.603142571
T31P,-2.964527284
T31Q,-5.6123402460000005
T31R,-4.4939517030000005
T31S,-2.849135877
T31V,-4.090992015
T31W,-4.108738837
T31Y,-5.269730597
T32A,-3.985773389
T32C,-5.843760615
T32D,-5.8281548060000015
T32E,-3.441297212
T32F,-4.310763122
T32G,-4.158179894
T32H,-4.995639074
T32I,-3.4787556580000003
T32K,-4.311834477
T32L,-4.3222812930000005
T32M,-3.301681288
T32N,-4.745300749
T32P,-3.050726253
T32Q,-4.166639793
T32R,-4.423702765
T32S,-1.767247194
T32V,-5.34797494
T32W,-2.804585443
T32Y,-5.016496893
T33A,-3.941562548
T33C,-4.864497098
T33D,-5.510782312999999
T33E,-2.2458461780000003
T33F,-1.130153311
T33G,-3.324276084
T33H,-2.4628585430000003
T33I,-3.282274882
T33K,-3.2238373030000003
T33L,-4.202530489
T33M,-3.931342586
T33N,-5.236642946
T33P,-4.084693363
T33Q,-3.46557069
T33R,-2.965248992
T33S,-4.343054211
T33V,-4.165335775
T33W,-2.805804844
V34A,-3.876155006
V34C,-2.776399811
V34D,2.623009109
V34E,-3.560910035
V34F,-5.511539936
V34G,-1.833731789
V34H,-4.163604728
V34I,-6.258653877
V34K,-4.2893246660000015
V34L,-3.761934208
V34M,-1.2218194759999998
V34N,-4.4185974880000005
V34P,0.284332132
V34Q,-2.930612698
V34R,-2.885488712
V34S,-3.033172998
V34T,-5.070380828999999
V34Y,-5.036700748
R35A,-2.687052318
R35C,-2.630082737
R35D,-4.339022324
R35F,-4.645419677
R35G,-3.655259002
R35I,-3.507446775
R35K,-3.022646187
R35L,-4.803815164
R35M,-5.257091137
R35N,-2.812755443
R35P,-0.293886072
R35Q,-4.359694059
R35S,-3.60718649
R35T,-4.366829101
R35V,-4.586423214
R35W,-5.338027942
R35Y,-5.954974545
L36A,-4.66560903
L36C,-3.550921704
L36D,-0.439623511
L36E,1.795002555
L36F,-2.976798234
L36G,-2.23755095
L36H,-3.642143429
L36I,-4.943316041
L36K,2.81692426
L36M,-5.909461871
L36N,-2.944495082
L36P,-2.165064697
L36R,1.507855635
L36S,-2.935177452
L36T,-4.931768442
L36V,-2.683083764
L36W,-4.520792477
L36Y,-5.214618335
F37A,-1.3725317730000002
F37C,-5.273525871
F37D,2.841125551
F37E,-1.615132262
F37G,-0.7962341890000001
F37H,-2.971235313
F37I,-2.97125796
F37K,-2.1504469
F37L,-3.997230521
F37M,-4.559930795
F37P,1.991781774
F37S,1.262768182
F37T,0.146025384
F37V,-2.010715294
F37W,-4.349746936
F37Y,-4.427427765
D38A,-3.832457472
D38E,-4.5318786310000005
D38F,-5.265179617
D38G,-3.491803587
D38H,-5.373600364
D38I,-4.289081251
D38K,-2.946282913
D38L,-2.813496127
D38N,-2.097422082
D38P,-3.181281336
D38Q,-4.489446082
D38R,-3.904121117
D38S,-5.065922162
D38T,-1.835475124
D38V,-4.532461091
D38W,-5.179211636000001
D38Y,-2.9694480530000003
R39A,-3.816808754
R39C,0.908516661
R39E,1.93831945
R39F,-3.5702651430000003
R39G,-0.965257767
R39H,-3.758881358
R39I,0.5374156999999999
R39L,-3.633717938
R39M,-5.108738837
R39N,-2.617382925
R39P,-0.213369315
R39Q,-3.873026892
R39S,-3.14407191
R39T,0.903011682
R39V,-2.695123963
R39Y,-2.383665175
G40A,-4.781747719
G40C,-5.709511852
G40D,-3.225586283
G40F,-5.508046086
G40H,-3.236957597
G40I,-3.99120698
G40K,-5.797348177000001
G40L,-3.885459774
G40M,-3.070352912
G40N,-3.2124051660000004
G40P,-2.568448206
G40Q,-3.511949859
G40R,-3.445643139
G40S,-4.018270886
G40T,-3.443115475
G40V,-5.516887167999999
G40W,-4.611566013
G40Y,-4.516367717
D41A,-3.390157644
D41C,-4.593535006000001
D41E,-4.0249650789999984
D41F,-3.120612937
D41G,-2.649307218
D41H,-5.791332639
D41I,-4.7059441
D41K,-3.643628694
D41L,-4.004795808
D41M,-4.461815786
D41N,-4.340283399
D41P,-3.825826608
D41Q,-2.169323614
D41R,-4.14407191
D41S,-4.705704665
D41T,-2.834913527
D41V,-4.082762368
D41W,-4.056104079
D41Y,-2.539460212
F42A,-3.789788442
F42C,-3.937277752
F42D,-3.556098191
F42E,-4.616140354
F42G,-4.073001075
F42H,-3.679116235
F42I,-5.200200667
F42K,-5.221500681
F42L,-3.892135715
F42M,-4.677185476
F42N,-4.136280639
F42P,-2.783803989
F42Q,-3.085552925
F42R,-2.915622855
F42S,-3.515401445
F42T,-5.28263274
F42V,-3.958999104
F42W,-3.868466809
F42Y,-5.145794563
Y43A,-4.014079014
Y43C,-5.386841343
Y43D,-4.444875923000001
Y43F,-5.314740458999999
Y43G,-4.780376764
Y43H,-1.015718326
Y43I,-5.934709437
Y43K,-2.414771976
Y43L,-3.10045749
Y43M,-5.447263442000001
Y43N,-5.512099499
Y43P,0.386641836
Y43Q,-3.46974344
Y43R,-3.542547075
Y43S,-4.575132309
Y43T,-3.771313787
Y43V,-3.082819277
Y43W,-5.789788442000001
T44A,-3.44426818
T44C,-5.425292404
T44D,-3.67871833
T44E,-3.805346263
T44F,-5.246504178
T44G,-2.98755528
T44H,-4.304490358
T44I,-4.382439044
T44K,-3.56084176
T44L,-4.010244504
T44P,1.684153625
T44Q,-4.005408784
T44R,-4.58752307
T44S,-5.172869174
T44V,-1.963322829
T44W,-0.762046807
T44Y,-3.652539932
A45C,-1.551771127
A45F,1.6075174719999998
A45G,-5.421975521
A45I,-5.279558477
A45K,-1.051350694
A45L,-4.021114466
A45M,-1.626805009
A45N,-3.474930085
A45P,0.067437272
A45Q,-5.020903784
A45R,-0.3702599170000001
A45S,-4.649698317
A45T,-3.098470834
A45V,-2.745354378
A45W,-2.34522656
H46A,-2.78186568
H46C,-2.903173027
H46D,-0.857765555
H46F,-3.92398784
H46G,-3.211887455
H46I,-5.386623719
H46K,-1.872336377
H46L,-3.0006068010000004
H46M,-2.5309284830000003
H46N,-4.779617274
H46P,-2.447525042
H46Q,-3.654107113
H46R,-2.7688774730000003
H46S,-2.1159558940000003
H46T,-2.805213785
H46V,-2.903954864
H46W,-4.21461961
H46Y,-2.351818047
G47A,-4.18299041
G47C,-2.204016726
G47E,-2.545919766
G47F,-4.167642384
G47H,-3.919334162
G47I,-3.071177843
G47K,-3.758097038
G47L,-3.149128001
G47M,-4.272032852
G47N,-2.823783376
G47P,0.688123355
G47Q,-4.659700487
G47R,-4.105806123
G47S,-2.979231017
G47T,-4.370196564
G47V,-2.890196142
G47W,-3.944496805
G47Y,-4.827710365
E48A,-3.30589634
E48C,-4.567165173999999
E48D,-1.320965362
E48F,-4.358822772
E48G,-3.770425296
E48H,-3.973754713
E48I,-3.2954639830000003
E48K,-3.227727395
E48L,-3.455274969
E48M,-2.912553912
E48N,-4.186170142
E48P,-3.548072153
E48Q,-2.872012534
E48R,-3.573073581
E48S,-3.783864699
E48T,-3.739255686
E48V,-4.094392235
E48W,-3.795960388
E48Y,-4.986604429
D49A,-3.506582502
D49C,-3.558369033
D49E,-4.436039146000001
D49F,-2.445274366
D49G,-4.532925982
D49H,-2.460765103
D49I,-3.501941109
D49L,-1.371997966
D49M,-2.571331956
D49N,-3.261940366
D49P,-2.107348672
D49Q,-3.0120770830000003
D49R,-2.046027229
D49S,-4.372876092
D49T,-3.662709336
D49V,-0.001244157
D49W,-3.876212065
A50C,-3.701737532
A50E,-3.218714615
A50F,-2.091742671
A50G,-3.079448712
A50H,-2.440435314
A50I,-0.690553676
A50K,-3.884732444
A50L,0.318183692
A50M,2.916272747
A50N,-0.946484135
A50P,-0.332735546
A50R,-1.3956951359999998
A50S,-3.327248465
A50T,-4.0507618480000005
A50V,-2.424146138
A50W,0.545061904
L51A,-4.2340632760000005
L51C,-4.356899244
L51D,-3.718811576
L51E,-3.977805793
L51F,-5.169482776000001
L51G,-3.890987628
L51H,-2.689810163
L51I,-3.640880588
L51K,-5.068611499
L51M,-4.119483216
L51N,-4.102689682
L51P,-4.097552576
L51Q,-4.108168082
L51R,-3.678086533
L51S,-3.781808887
L51T,-4.638892159
L51V,-3.5988328430000003
L51W,-4.501601826
L51Y,-4.435039457
L52A,-3.5724931110000004
L52D,-4.265321204
L52E,-3.666917758
L52F,-2.076870144
L52G,-3.276541431
L52H,-3.607964557
L52I,-4.110125161
L52K,-4.920045097
L52M,-4.848156599
L52N,-4.332427096
L52P,-2.704079007
L52Q,-5.152190883
L52R,-3.936711927
L52S,-3.183458678
L52T,-3.971870012
L52V,-2.903552784
L52W,-1.961941939
L52Y,-3.940982321
A53C,-3.151658316
A53D,1.598516738
A53E,-0.821538436
A53F,-5.66744479
A53G,-2.616073982
A53I,-3.644905541
A53L,-2.978356725
A53M,-3.0198439180000003
A53P,-3.139767867
A53R,-2.530738509
A53S,-4.882787467
A53T,-3.692358503
A53V,-3.755339372
A53W,-4.486599531
A53Y,-4.023234255
A54C,-3.823010047
A54F,-0.97906077
A54G,-3.528226947
A54I,-2.2606926240000003
A54K,-4.5520226280000005
A54L,-1.62125567
A54M,-1.4453333919999998
A54N,-3.77348579
A54P,-0.886887657
A54Q,-3.844603663
A54R,-4.1501320060000015
A54S,-3.98644822
A54T,-4.689514796
A54V,-2.731437897
A54W,-0.493367123
A54Y,-3.411458656
R55A,-5.054292515
R55C,-3.92505836
R55D,-2.515888414
R55E,-3.823077998
R55F,-3.64775649
R55G,-2.1639997440000003
R55H,-4.226912755
R55I,-4.928613763
R55K,-5.148306868
R55L,-4.312388598
R55M,-4.063602838
R55N,-5.02563035
R55P,0.59785361
R55Q,-3.609641313
R55S,-3.624641971
R55T,-4.938298167
R55V,-4.449894211
R55W,0.20981743
R55Y,-3.238966273
E56A,-3.876947852
E56C,-3.500000879
E56D,-3.73780565
E56F,-4.130305111
E56G,-3.225020805
E56H,-3.858189195
E56I,-5.574385176
E56K,-3.440851679
E56L,-4.6804304430000006
E56M,-4.889874766
E56N,-4.801181065
E56P,-3.187208357
E56Q,-4.500403899
E56R,-3.898454164
E56S,-3.83730099
E56T,-4.219629535
E56V,-3.291729599
E56W,-4.562998416
E56Y,-5.09484719
V57A,-4.278017941
V57C,-4.859602087
V57E,-5.25614479
V57F,-4.824818624
V57G,-3.062230257
V57H,-4.746230573
V57I,-3.843154087
V57K,-5.726786884
V57L,-5.214606614
V57M,-2.488836226
V57N,-3.951856886
V57P,-2.396524494
V57Q,-3.520270072
V57R,-4.311511128999999
V57S,-1.4784529869999998
V57T,-5.303527298000001
V57W,0.67888958
V57Y,-3.68728367
F58A,-2.666154807
F58E,-2.6031257830000003
F58G,-0.310744344
F58H,-2.809490067
F58I,0.967896326
F58L,-2.716096527
F58M,-0.464942935
F58P,-1.958930982
F58R,-4.492990961
F58S,-3.17375399
F58T,-3.992704758
F58V,-1.159732117
F58W,-4.30042121
K59A,-3.874879798
K59C,-4.2160051130000005
K59D,-3.523034195
K59E,-3.312494858
K59G,-3.174096506
K59H,-5.036731989
K59I,-2.974137738
K59L,-5.295256446000001
K59M,0.084032193
K59N,-4.498632133
K59P,-0.139796862
K59Q,-5.272179333
K59R,-4.539431748
K59S,-4.363484462
K59T,-5.3141323080000005
K59V,-3.697168779
K59W,-4.857600918999999
K59Y,-3.741568669
T60A,-4.190324241
T60C,-4.90346756
T60F,-1.801852372
T60G,-3.711821332
T60H,-5.430405436
T60I,-5.201138432
T60L,-3.611519529
T60M,-2.9685481780000003
T60N,-3.869755444
T60P,0.35032361
T60R,-3.848055395
T60S,-4.294939629
T60V,-4.2679451760000005
T60W,4.627384694
T60Y,-5.101101609
Q61A,-4.9794845930000005
Q61C,-3.479718227
Q61D,-4.528001936
Q61E,-2.024340332
Q61F,-2.878910668
Q61G,-5.504635737
Q61H,-5.804902064
Q61I,-2.90138092
Q61K,-5.475715696
Q61L,-3.311503653
Q61M,-3.710331163
Q61N,-5.347026817
Q61P,-4.089545441
Q61R,-5.31194005
Q61S,-3.312940123
Q61T,-4.829775382
Q61V,-5.242809572
Q61W,-4.840818159
Q61Y,-5.248351219
G62A,-2.239072654
G62C,-4.553547009
G62D,0.898181883
G62E,-3.683118837
G62F,-5.041257986000001
G62H,-3.867129507
G62I,-3.830738966
G62K,-3.3167261
G62L,-4.279168943
G62M,-5.535960042
G62N,-5.499793061
G62P,-2.07443457
G62Q,-4.969972468
G62R,-4.1666720680000005
G62S,-3.111631226
G62T,-3.91447727
G62V,-3.98811108
G62Y,-4.5555163610000005
V63A,-4.590497728
V63C,-2.386649115
V63D,1.49367336
V63F,-4.667471698
V63G,-4.849789338
V63H,-3.238490327
V63I,-3.449101745
V63L,-4.811203671
V63M,-4.58950951
V63N,-2.97274031
V63P,-3.854672238
V63Q,-2.933889845
V63R,-4.780225219
V63S,-2.891695361
V63T,-4.837309232
V63W,-4.763168005
V63Y,-4.534058358
I64A,-2.496605002
I64C,-5.010445677
I64D,-1.758238341
I64E,-0.519768711
I64F,-2.398625177
I64G,-3.415123024
I64K,-4.112063461
I64L,-4.578349294
I64M,-4.413787063
I64N,-2.507094501
I64P,-0.035707911
I64Q,-2.724051169
I64R,-4.05203737
I64S,-3.969828368
I64T,-4.928276458
I64V,-3.627968543
I64W,-0.266734826
I64Y,-2.179262697
K65A,-4.015287058999999
K65C,-5.144781233
K65E,-2.403624979
K65F,-3.846508923
K65G,-4.147269501
K65H,-4.216996804
K65I,-4.44383125
K65L,-2.3186235930000003
K65M,-2.826887194
K65P,1.118674944
K65Q,-4.880400402
K65R,-4.715901866
K65S,-3.208582833
K65T,-3.415586896
K65V,-2.786276073
K65W,-3.482904337
Y66A,-4.820940752
Y66C,-4.150832806
Y66F,-3.318230816
Y66G,-3.1639616910000004
Y66H,-4.539414819
Y66I,-4.944496805
Y66L,-3.670293262
Y66M,-5.505328424
Y66N,-4.688238332
Y66P,-4.787264336000001
Y66Q,-5.542724398
Y66R,-4.297034677
Y66S,-4.947246542
Y66T,-3.699751391
Y66V,-3.400301755
Y66W,-4.824035154
M67A,-3.710889936
M67C,-5.43564219
M67D,-4.443312891000001
M67E,-2.836243869
M67F,-4.24875949
M67G,-4.171903344
M67I,-4.736539302
M67K,-4.329860528
M67L,-3.727750595
M67N,-4.055669837
M67P,-1.577516956
M67R,-4.841957844
M67S,-3.297155451
M67T,-4.525355088
M67V,-5.11208437
M67W,-3.055918087
M67Y,-3.5512913
G68A,-4.471413506
G68D,-3.808361472
G68E,-4.499166308
G68F,-4.310770265
G68H,-3.601833858
G68I,-0.628796939
G68K,-4.192453909
G68L,-1.514345079
G68M,-2.157725371
G68P,-2.943322171
G68Q,-5.117812379
G68R,-5.1698352210000005
G68S,-3.982070561000001
G68T,-4.455525318
G68V,-2.64985963
G68W,-3.796777598
G68Y,-3.432506231
P69A,-3.045408594
P69C,-3.498728373
P69D,-4.556726363
P69E,-5.129625554
P69F,-3.384347758
P69G,-4.319639012
P69H,-3.059655448
P69I,-5.592419099
P69K,-4.7955854360000005
P69L,-4.805049738
P69M,-5.380568257
P69N,-5.48097888
P69Q,-4.82581582
P69R,-4.788130599
P69S,-4.07252844
P69T,-4.602735335
P69V,-4.604615345
P69W,-3.940841644
P69Y,2.090925242
A70C,-3.028278474
A70D,-3.642990216
A70E,0.126712851
A70F,-2.983208135
A70G,-3.296772357
A70H,-3.990602608
A70I,-4.535960042
A70K,-4.352808511
A70L,-3.209384373
A70M,-4.867554472
A70N,-4.696547425
A70P,-4.75313084
A70Q,-3.38784338
A70R,-3.327900138
A70S,-4.138160347
A70T,-4.59595993
A70V,-3.697401716
A70W,-2.876212065
G71A,-3.921308696
G71C,-3.368476099
G71D,-3.999262075
G71E,-2.449618459
G71F,-5.203107222
G71H,-5.715898397999999
G71I,-3.958964734
G71K,-4.092868622
G71L,-4.897651362
G71M,-4.615556869
G71N,-5.117381432
G71P,-4.474728791
G71Q,-3.651920315
G71R,-3.711359744
G71S,-4.056664165
G71T,-4.579523644
G71V,-3.456259075
G71W,-4.1991232730000005
G71Y,-5.171332346
A72C,-4.53435791
A72D,-4.584095065
A72E,-3.68758408
A72F,-3.272974573
A72G,-5.275570043
A72H,-1.618013112
A72I,-3.270096487
A72K,-5.223653726
A72L,-5.533351592000001
A72M,-4.679655353999999
A72N,-3.853434104
A72P,-2.411802057
A72Q,-5.211253011
A72R,-5.110132178
A72S,-3.544752122
A72T,-5.192895206
A72V,-5.331472156
A72W,-4.282817124
A72Y,-5.557491596
K73A,-3.632954382
K73D,-4.330345063999999
K73E,-4.98516165
K73F,-5.765687807000001
K73G,-4.610659228
K73H,-3.460936717
K73I,-3.799715977
K73L,-5.222321281
K73M,-5.117394097
K73N,-5.615230658
K73P,-4.252918978
K73Q,-4.627494818
K73R,-4.622055154
K73S,-5.028230691
K73T,-4.643568886000001
K73V,-3.962071416
K73W,-2.887222857
K73Y,-5.270385462
N74A,-3.861323533
N74C,-4.970690775
N74D,-4.7199678480000005
N74E,-5.640194092000001
N74F,-5.57828152
N74G,-3.4017439310000004
N74H,-5.456311457999999
N74I,-4.928047146
N74K,-4.60035178
N74L,-4.751405418
N74M,-4.364395402
N74P,-4.261207996
N74Q,-2.495236782
N74R,-4.6765643830000005
N74S,-5.274879408
N74T,-3.787959666
N74V,-5.029758697
N74W,-5.102621726000001
N74Y,-5.099246626
L75A,-4.56748078
L75C,-5.110934243
L75D,-2.975986952
L75E,-3.0448885210000003
L75F,-5.321157168
L75G,-3.989627982
L75H,-3.829170371
L75I,-2.689601402
L75N,-4.135338496
L75P,-1.898415043
L75Q,-2.940243999
L75R,-3.2759820210000004
L75S,-3.41752963
L75T,-4.357089686
L75V,-4.464348614
L75W,-5.346774666
L75Y,-4.854138288
Q76A,-4.607517882
Q76C,-4.011251958
Q76D,-4.289261909
Q76F,-5.327482945
Q76G,-5.229729176
Q76H,-5.048538277
Q76I,-3.2505321730000003
Q76K,-4.813541722
Q76L,-4.560113555
Q76M,-5.14621043
Q76N,-4.393389477
Q76P,-4.40711612
Q76R,-4.484371912
Q76S,-3.642337842
Q76T,-4.473659348
Q76V,-5.325082216
Q76W,-4.706198664
Q76Y,-5.43007353
S77A,-5.277989893
S77C,-3.686309897
S77E,-3.422637892
S77F,-5.8826947060000006
S77G,-4.761183016
S77H,-4.183762136
S77I,-5.1628393180000005
S77K,-5.427151096
S77L,-4.555344066
S77M,-5.655137992
S77N,-2.443462189
S77P,0.301856288
S77Q,-2.066023016
S77R,-4.374162799
S77T,-4.434267717
S77V,-3.847797327
S77W,-3.912605307
S77Y,-6.1364459060000005
V78A,-5.197990068
V78C,-5.042799831
V78D,0.008199324
V78E,-2.535239729
V78G,-2.499772599
V78H,-3.1923035110000004
V78I,-3.359427017
V78K,-4.225428775
V78L,-3.732201473
V78M,-5.077584432
V78N,-3.5162073080000003
V78P,1.0689703190000002
V78Q,-4.963679851
V78R,-3.36111914
V78S,-2.584065265
V78T,-3.249175599
V78W,-4.292622122
V78Y,-0.949002922
V79A,-4.7898720930000005
V79E,-1.462176216
V79F,-2.688031445
V79G,-4.170404109
V79I,-2.882979592
V79K,-3.606220536
V79L,-4.7988043
V79M,-3.115000112
V79N,-3.010992024
V79P,-3.230992573
V79Q,-3.369682666
V79R,-4.199405485
V79S,-4.684873776
V79T,-1.705157567
V79W,-4.366078664
V79Y,-2.275432644
L80A,-3.822658488
L80C,-4.082200538
L80E,-0.453659932
L80F,-3.87507781
L80G,-2.208343585
L80I,-3.199585333
L80K,-3.576461122
L80M,-3.793177021
L80N,3.32869673
L80P,2.036274971
L80Q,-2.339675153
L80R,-0.8427078020000001
L80S,-1.809126872
L80T,-3.186147567
L80V,-3.556141133
L80W,-2.728959599
S81A,-4.56930473
S81C,-4.8452157080000005
S81F,-2.88072622
S81G,-4.410989216
S81H,-4.550614675
S81I,-3.312757178
S81K,-2.928333088
S81L,-4.292983016
S81M,-4.647364622
S81N,-3.973769232
S81P,-4.262944815
S81Q,-4.556711332
S81R,-4.687157142
S81T,-4.073297343999998
S81V,-4.190444135
S81W,-4.12233202
K82A,-4.815637903
K82C,-3.746290848
K82D,-3.717876118
K82E,-4.913610777
K82F,-3.45252527
K82G,-4.027970798
K82H,-2.493739342
K82I,-2.012831073
K82L,-3.760526856
K82M,1.546199962
K82N,-3.770635888
K82P,-2.539200729
K82Q,-4.514401288
K82R,-4.170957776
K82S,-3.643909157
K82T,-2.373714821
K82V,-3.268729067
K82W,-3.649519506
M83A,-4.269845135
M83C,-2.629164643
M83D,-2.167671005
M83F,-3.297260438
M83G,-4.317702617
M83H,-3.032070592
M83K,-4.614489926
M83L,-3.590656446
M83N,-2.90937923
M83P,-3.162520412
M83Q,-3.949048063
M83R,-4.375788794
M83S,-4.6212007580000005
M83T,-3.158402513
M83V,-3.463943352
M83W,-3.932969526
M83Y,-3.136344713
N84A,-4.118973147
N84C,-3.786803335
N84E,-0.333818945
N84F,-4.137772155
N84G,-2.455786191
N84H,-2.916678312
N84I,-2.464559564
N84K,-4.46365749
N84L,-3.129413263
N84M,-3.348965062
N84P,-3.634664226
N84Q,-2.050548354
N84R,-3.74008736
N84S,-3.808885516
N84T,-4.004098362
N84V,-3.0650712060000003
N84W,-2.900997254
N84Y,-4.648623589
F85A,-5.490696391
F85C,-4.796831688
F85E,-2.526579914
F85G,-2.483321817
F85H,-4.899248907
F85I,-2.260500562
F85K,-4.317479428
F85L,-4.053472569
F85M,-1.91691075
F85N,-4.635733421
F85P,-2.349325229
F85Q,-3.067604572
F85R,-4.116454585
F85S,-3.818513517
F85T,-4.528757375
F85V,-5.187992801
F85W,-5.1991232730000005
F85Y,-2.65598419
E86A,-2.7680830710000004
E86C,-3.300696067
E86D,-4.355350992
E86F,-2.203213417
E86G,-3.771427875
E86H,-3.823653356
E86I,-3.921683718
E86L,-4.653569519
E86M,-4.343651262
E86N,-3.826853926
E86P,-3.760528777
E86Q,-3.654613726000001
E86R,-1.834444941
E86S,-3.883977743
E86T,-3.310175941
E86V,-3.822916218
E86W,-2.452779347
E86Y,-4.460686192
S87A,-3.371993647
S87C,-2.7823488760000004
S87D,-3.824233223
S87E,-4.132623036
S87F,-3.874401418
S87G,-3.073554319
S87H,-4.773967883
S87I,-4.97361151
S87K,-2.487642052
S87L,-3.501665978
S87M,-4.159347677
S87N,-3.285398404
S87P,-2.733024345
S87Q,-2.22294678
S87R,-3.62800326
S87T,-3.669346024
S87V,-3.198510854
S87W,1.5088467
S87Y,-3.780693631
F88A,-4.121627004
F88C,-2.46130359
F88D,-0.241174925
F88G,-3.686327846
F88H,-3.380088174
F88I,-5.369062733
F88K,-4.025699623
F88L,-3.643146285
F88M,-3.138670757
F88P,-1.593329391
F88Q,-3.481807054
F88R,-2.638172015
F88S,-4.009566876
F88T,-4.669730653
F88V,-3.465176258
F88W,-3.67456528
F88Y,-5.1976597060000005
V89A,-3.690630741
V89C,-3.733102636
V89E,-2.951290105
V89F,-2.984451105
V89G,-3.379390416
V89H,-4.627731009
V89I,-5.253024067
V89K,-4.877777716000001
V89L,-4.872201919
V89M,-4.765327959
V89P,-0.030678897
V89Q,-3.931764298
V89R,-2.788281845
V89S,-3.1672564760000004
V89T,-5.34425489
V89W,-0.521589774
V89Y,-5.143266597
K90A,-4.523231513
K90C,-3.94709466
K90D,-3.1937648660000004
K90F,-3.226868197
K90G,-3.511576699
K90H,-2.546268848
K90I,-4.776796791000001
K90L,-3.104894944
K90M,-4.4685165410000005
K90N,-2.382306787
K90P,-4.699921783
K90Q,-4.458824407
K90R,-3.82503626
K90S,-3.99636814
K90T,-5.254970641
K90V,-2.107669381
K90W,-2.347638442
K90Y,-5.328151942
D91A,-3.788368802
D91C,-3.771490348
D91G,-4.584574328
D91H,-5.959855062000001
D91I,-3.767947064
D91K,-3.021477772
D91L,-3.3530114660000003
D91M,-4.397617049
D91N,-3.714186183
D91P,-4.303847967
D91Q,-5.436686177
D91R,-2.7217225110000003
D91S,-3.879537181
D91T,-3.101720994
D91V,-2.969296487
D91W,-4.435336715
D91Y,-1.786229651
L92A,-3.858574093
L92C,-4.433379799
L92D,-2.2166762490000003
L92E,-3.538500229
L92F,-2.534522178
L92G,-2.762364495
L92H,-2.928148785
L92I,-4.020594714
L92K,-3.637155763
L92M,-5.37353143
L92N,-3.795304051000001
L92P,-1.6585247669999998
L92Q,-3.76540656
L92R,-4.634945741
L92S,-4.255094983
L92T,-4.10344721
L92V,-4.072381848
L92W,-3.509065242
L93A,-2.02423616
L93C,-3.2457945510000004
L93E,-3.342784135
L93F,-0.264067586
L93G,-2.0479790330000003
L93H,-1.313782914
L93I,-5.516764314
L93K,-0.026496231
L93M,-4.000559207
L93N,1.920551204
L93P,-2.9560408430000003
L93R,-0.479318536
L93S,-1.073986584
L93T,-4.794203308999999
L93V,-3.133697111
L93W,-2.80189286
L94A,-4.23365223
L94C,-4.086685533
L94E,-5.012136481000001
L94F,-3.714453077
L94G,-4.3099310210000015
L94I,-3.3157636
L94K,-2.85183371
L94M,-5.74417481
L94N,-2.597026119
L94P,-3.915766332
L94Q,-3.4325667280000003
L94R,-5.2131648230000005
L94S,-4.440427279
L94T,-2.986859564
L94V,-5.116090006
L94W,-4.682774266
V95A,-4.0127486160000005
V95C,-3.836227362
V95D,-6.145054247000001
V95E,-4.931629527
V95F,-2.923801802
V95G,-4.55756376
V95H,-3.949058735
V95I,-2.003099152
V95K,-2.395260711
V95L,-2.937319875
V95M,-1.7105407190000002
V95N,-3.261153727
V95P,-1.379166556
V95Q,-4.14630628
V95R,-4.308552989
V95S,-4.224738329
V95T,-5.062473791
V95W,-2.420060236
V95Y,-4.673386699
R96A,-3.457933562
R96C,-1.86218128
R96D,-2.844010983
R96E,-3.4669654000000003
R96F,-4.729813312
R96G,-4.004227425
R96H,-3.152853157
R96I,-4.2530408
R96K,-3.654192285
R96L,-5.089616212
R96M,-5.655067336
R96N,-3.583430905
R96P,-2.178343595
R96Q,-3.709058714
R96S,-3.737974482
R96T,-5.376372052000001
R96V,-2.800349747
R96W,-3.1631320210000005
R96Y,-3.750638407
Q97A,-3.50143975
Q97C,-3.5342930160000003
Q97D,-2.896075242
Q97E,-4.952133904
Q97F,-3.780617432
Q97G,-3.481558277
Q97I,-3.439690794
Q97K,-2.240358744
Q97L,-4.683937568999999
Q97M,-3.271705714
Q97N,-1.58798583
Q97P,-3.524094153
Q97R,-4.170942019
Q97S,-3.0349143310000004
Q97T,-5.040312862
Q97V,-3.401721246
Q97W,-2.304145237
Q97Y,-3.089246377
Y98A,-4.5643357710000005
Y98C,-3.799372068
Y98D,-2.624540291
Y98E,-2.214290549
Y98G,-2.450883464
Y98H,-3.600729434
Y98I,-4.867231359
Y98K,-4.003525725
Y98L,-4.695750901
Y98M,-4.068172925
Y98N,-1.238884369
Y98P,0.878878213
Y98Q,-2.869511153
Y98R,-3.740894837
Y98S,-4.568603246
Y98T,-4.029076264
Y98V,-3.711599938
Y98W,-5.285926451
R99A,-3.536786898
R99C,-3.989162322
R99F,0.555287145
R99G,-2.409646302
R99I,-2.634568659
R99K,-2.44120438
R99L,-1.776173646
R99M,-5.38685536
R99P,-2.74474842
R99Q,-3.631686948
R99S,-1.613022397
R99T,-0.240895554
R99V,-0.740381854
R99W,-1.6377843769999998
R99Y,-2.8062726560000004
V100A,-2.682774266
V100C,-3.992324311
V100D,1.6932521580000002
V100E,5.326872152
V100F,-4.57500594
V100G,-2.567599799
V100I,-3.877841713
V100K,3.597325414
V100L,-3.578617302
V100M,-3.32520105
V100N,-0.212025559
V100P,-1.036252282
V100R,2.204043008
V100S,-3.066524105
V100T,-0.604447458
V100W,-2.066102905
V100Y,-2.769963108
E101A,-1.502269406
E101C,-3.487702778
E101D,-4.704971325
E101F,-3.505955788
E101G,-2.407139823
E101H,-4.489117183
E101I,-2.532781294
E101L,-4.110462356
E101M,-4.306685012
E101N,-4.748965388
E101P,2.86503619
E101Q,-4.933840534
E101R,-4.677358745
E101S,-4.042856827
E101T,-4.612769383
E101V,-4.593840537
E101W,-2.80189286
E101Y,-4.999774378
V102A,-4.2520947589999984
V102C,-3.655953015
V102D,-0.775472306
V102E,-2.610365199
V102F,-4.089085615
V102G,-3.156254868
V102H,-3.171058055
V102I,-3.193289374
V102K,-3.219419667
V102L,-3.790590897
V102M,-4.339121400000002
V102N,-3.970464515
V102P,2.639125396
V102Q,-3.401412993
V102R,-3.716841023
V102S,-3.621061751
V102T,-4.762032581000001
V102W,-2.8444599580000003
V102Y,-3.914975036
Y103A,-2.806599725
Y103C,-3.29425547
Y103E,-1.3897286830000002
Y103F,-3.6024297030000003
Y103G,1.60353431
Y103H,-4.451349686
Y103I,-3.8925347
Y103K,1.238923815
Y103L,-4.479009097
Y103M,-4.306685012
Y103N,-3.809100687
Y103P,1.024234006
Y103R,-3.422134845
Y103S,-1.79888037
Y103T,1.308212189
Y103V,-2.899794416
Y103W,-4.446055445
K104A,-3.018704249
K104C,-3.104069191
K104D,-2.74417481
K104E,-2.544674973
K104G,-2.958099009
K104H,-1.729276651
K104I,-2.064965277
K104L,-2.6368336130000003
K104N,-3.693982958
K104P,-1.6155700080000002
K104Q,-2.776817493
K104R,-2.051871113
K104S,-1.895990259
K104T,-1.88643174
K104V,-1.259549791
K104Y,-2.660385079
N105A,-4.298988986
N105C,-3.775661476
N105D,-5.803607448999999
N105E,-3.728486263
N105F,-2.819370585
N105G,-3.482604155
N105H,-5.084024813
N105I,-4.170081983
N105K,-4.219655231
N105L,-3.614270374
N105M,-5.490129187999999
N105P,-3.138729016
N105Q,-4.820176357
N105R,-3.682929024
N105S,-4.914099812
N105T,-4.385878471
N105V,-2.270921823
N105W,-3.064965277
N105Y,-4.523758173
R106A,-3.651448991
R106C,-2.5471840180000003
R106E,-4.211044474
R106F,-4.058082713
R106G,-4.35139719
R106H,-4.976315924
R106I,-5.62681786
R106L,-4.525707916
R106M,-5.192635311
R106N,-2.466864847
R106P,-5.205118713
R106Q,-5.941707549
R106S,-3.649110664
R106T,-2.574248963
R106V,-3.2243924230000003
R106W,-4.811608014
R106Y,-4.992903122
A107C,-2.238568294
A107D,-0.551342125
A107E,-2.551529732
A107G,-3.146495163
A107H,-3.271068423
A107I,-1.70017612
A107K,-2.437492144
A107L,-2.294290853
A107M,-1.4726927669999998
A107N,-3.49933009
A107P,-3.827305788
A107Q,-1.92267856
A107R,-2.992502407
A107S,-2.051871113
A107T,-2.182984563
A107V,0.072463585
A107Y,-2.556927413
G108A,-3.86231295
G108C,-3.837253299
G108D,-1.292879212
G108F,-4.818094793
G108I,-1.638208844
G108K,-4.526850771
G108L,-4.3163677730000005
G108M,-2.956165087
G108P,-4.36600726
G108Q,-1.493242429
G108R,-3.1313546710000004
G108S,-4.099003934
G108T,-4.01774459
G108V,-3.958145326
G108W,-4.147896996
N109A,-2.99959219
N109C,-2.253403541
N109D,-2.098132141
N109E,-1.07626562
N109F,-4.227293484
N109G,-3.523176832
N109H,-4.464856413
N109I,-3.42599885
N109K,-3.900848941000001
N109L,-4.052142862
N109M,-4.849827337
N109P,-2.232004407
N109Q,-2.21738429
N109R,-2.405365389
N109S,-2.443747416
N109T,-2.3925978430000003
N109V,-4.23115756
N109W,-0.251893223
N109Y,-4.308190553
K110A,-2.464320579
K110D,1.4456903680000002
K110E,1.444510374
K110F,-4.0472100410000005
K110G,-2.932653544
K110H,-2.6493134940000003
K110I,-1.610458392
K110L,-1.5826908569999998
K110M,-3.462993058
K110N,-2.373605077
K110P,-2.005059855
K110Q,-2.97617745
K110R,-3.089949647
K110S,-3.202402617
K110T,-0.334030582
K110V,-2.518434193
K110W,-4.192352336
K110Y,-4.327983427
A111C,-3.324066961
A111D,-2.999788529
A111E,-2.724987315
A111F,-2.505208183
A111G,-2.927178855
A111H,-5.161558838
A111I,-3.640890288
A111K,-3.314946917
A111L,-2.3314811580000003
A111M,-4.147028346
A111N,-3.069892438
A111P,-3.882969781
A111Q,-5.225249707
A111R,-3.840115676
A111S,-4.297300824
A111T,-3.44859684
A111V,-2.19292949
A111W,-3.177401995
A111Y,-3.360297804
S112A,-3.48055757
S112C,-4.292738711
S112D,-1.362561967
S112E,-3.044691094
S112F,-3.070375445
S112G,-3.669554875
S112H,-5.673979948
S112I,-3.212277931
S112K,-4.925716215
S112L,-5.356698394
S112M,-4.331057329
S112N,-5.311827751
S112P,-2.013266805
S112R,-4.14617198
S112T,-5.311249301
S112V,-3.83778251
S112W,1.565676364
S112Y,-5.5111174410000014
K113A,-4.048291112
K113C,-3.922113485
K113D,-2.622190116
K113F,-2.444076075
K113G,-4.346847292
K113H,-3.772075555
K113I,-1.721182354
K113L,-3.915248929
K113M,-1.545088333
K113N,-3.438929544
K113P,-3.043674585
K113Q,-3.336063965
K113R,-4.586704812
K113S,-4.245256638
K113T,-1.5197930309999998
K113V,-4.579030373
K113W,-4.708727537
K113Y,-3.549427207
E114A,-3.124463318
E114C,-4.837181783
E114D,-5.507940464
E114F,-4.482748604
E114G,-3.438034095
E114H,-5.317594067
E114I,-5.3473269960000005
E114K,-2.789785193
E114L,-4.135456482
E114M,-2.212940503
E114N,-4.745991184
E114P,-3.530131862
E114Q,-5.26411984
E114R,-3.876986979
E114S,-4.112226188999999
E114T,-3.703002221
E114V,-5.104056772
E114W,-4.177859334
N115A,-3.71849282
N115C,-2.778872024
N115D,-1.206311338
N115E,-3.42404959
N115F,-2.994861489
N115G,-3.292879212
N115H,-3.087174379
N115I,-1.592439494
N115K,-4.200120449
N115L,-2.592439494
N115M,-3.71551612
N115P,-3.713415318
N115Q,-2.0897557630000003
N115R,-1.986390774
N115S,-2.74417481
N115T,-3.4261714960000003
N115V,-2.017193305
N115W,-3.762364495
N115Y,-2.781401632
D116A,-3.047192334
D116C,-3.836337001
D116E,-1.596141529
D116F,-4.069287461
D116G,-2.990101358
D116H,-4.034978631
D116I,-3.665734359
D116K,-5.022982947
D116L,-4.159036178
D116M,-4.880311498
D116N,-3.18650517
D116P,-4.342599948
D116Q,-2.808938869
D116R,-3.677108321
D116S,-3.73860031
D116T,-4.469662932
D116V,-2.989340616
D116W,3.0373325610000004
D116Y,-5.923356372000001
W117A,-1.62731543
W117F,-4.246422635
W117G,-2.31556438
W117H,-2.969883245
W117I,-4.629218918
W117K,-1.16512288
W117L,-4.610423421
W117M,-4.739805314
W117P,-3.380167509
W117Q,-3.3676190530000003
W117R,-1.661168454
W117S,-2.437601974
W117T,-2.322730663
W117V,-3.713801161
W117Y,-4.573304648
Y118A,-4.302723645
Y118C,-4.333230004
Y118D,-4.074481968
Y118E,-4.452204683
Y118F,-4.310795265
Y118G,-3.203606429
Y118H,-5.660595503
Y118I,-4.32520105
Y118K,-5.023303062
Y118L,-4.604534458
Y118M,-3.447785895
Y118N,-4.84150832
Y118P,-3.05572685
Y118Q,-4.080805397
Y118R,-3.533976591
Y118S,-4.770136725
Y118T,-3.430304801
Y118V,-3.872587773
Y118W,-5.162295102
L119A,-3.223470834
L119C,-4.605923543
L119D,-3.859861337
L119E,-3.911324587
L119F,-4.927396634
L119G,-4.164301512
L119H,-4.443258157
L119I,-5.081644018
L119K,-5.057558228
L119M,-4.772348584
L119P,-3.194590437
L119Q,-4.887103283
L119R,-3.278723133
L119S,-4.3745049510000005
L119T,-4.176208297
L119V,-2.696045307
L119W,-2.126090089
L119Y,-4.764863532
A120C,-2.932938566
A120D,-4.333703004
A120E,-4.987206316
A120F,-4.866018412
A120G,-4.0065077360000005
A120H,-3.497747683
A120I,-3.660196501
A120K,-5.48052748
A120L,-4.141559896
A120M,-5.346059655
A120N,-3.605884886
A120P,-3.000545176
A120Q,-3.416150299
A120R,-4.477399205
A120S,-4.820755147
A120T,-3.201229517
A120V,-2.48369189
A120W,-3.759125152
A120Y,-4.149400493
Y121A,-4.672585751000001
Y121C,-4.110552516
Y121E,-3.295689452
Y121F,-4.095021409
Y121G,-4.615980446
Y121H,-1.868117739
Y121I,-5.098132141000001
Y121K,-4.399175511
Y121L,-3.909145599
Y121M,-1.104138282
Y121N,-5.047216551
Y121P,-2.097481513
Y121Q,-4.329545855
Y121R,-4.692419036
Y121S,-4.982683747
Y121T,-4.125004852
Y121V,-3.394136567
Y121W,-2.810076393
K122A,-3.262938469
K122C,-3.842025554
K122E,-5.400251755
K122F,-3.725935863
K122G,-2.832469176
K122H,-3.614158851
K122I,-4.30403644
K122L,-2.845153973
K122M,-1.707755593
K122N,-5.334284413
K122P,-3.695485469
K122Q,-2.60014702
K122R,-2.887132764
K122S,-3.5112534610000004
K122T,-3.251567573
K122V,-2.509550777
K122W,-4.320359949
K122Y,-3.26481832
A123C,-3.933569674
A123E,-1.588804094
A123F,-3.757436532
A123G,-2.7577084810000003
A123I,0.517376131
A123K,-4.182549485
A123L,-2.9279475980000003
A123P,-2.4205834580000003
A123Q,-2.048957622
A123R,-1.831193774
A123S,-3.568225226
A123T,-1.482417245
A123V,-3.3308125960000003
A123W,-3.329137311
A123Y,-3.650750913
S124C,-2.420060236
S124D,1.386062365
S124F,5.389165174
S124G,-1.865293461
S124H,-2.849237564
S124K,-0.618643928
S124L,-0.8421766629999999
S124M,2.161253693
S124N,-0.859652028
S124P,-2.190630341
S124Q,-0.085293715
S124R,-1.784861339
S124T,-1.884848668
S124V,-0.32326811
P125A,-2.901151647
P125C,-3.614807307
P125E,2.1935327680000003
P125G,-1.674355841
P125H,1.0969462490000002
P125I,-3.147908632
P125L,-0.471896586
P125M,-1.39718736
P125R,-0.528241854
P125S,-3.054966439
P125T,-3.439476123
P125V,-1.293479049
P125W,-2.356407661
G126A,-1.847142815
G126C,1.7805978669999998
G126D,1.268395171
G126E,2.990504506
G126H,0.11438816
G126I,1.103140741
G126K,1.6127150630000002
G126L,0.333487853
G126M,1.047298768
G126N,2.263398987
G126P,1.184308317
G126R,-1.6217223530000002
G126S,-2.835725447
G126T,1.48015685
G126V,0.186672584
G126W,-2.2236630230000003
G126Y,2.087491259
N127A,-2.674892957
N127C,-3.3252867310000003
N127D,-3.794211833
N127E,-3.717817878
N127F,-3.461532065
N127G,-4.290162755
N127H,-3.323223403
N127I,-2.594477737
N127K,-4.580785989
N127L,-3.266751933
N127M,-1.960628617
N127P,1.32715229
N127Q,-3.827010996
N127R,-4.016335068
N127S,-3.11600145
N127T,-2.658404269
N127V,-2.075331636
N127W,-2.877841713
N127Y,-4.766307298
L128A,-3.5681632389999995
L128C,-2.9395858360000005
L128E,-4.112639996
L128F,-3.91439389
L128G,-2.50655813
L128H,-4.477213041000001
L128I,-3.7692026
L128K,-1.443946907
L128M,-5.150453176
L128N,-3.4348602610000003
L128P,-4.665748283
L128Q,-4.226405304
L128R,-3.190170601
L128S,-4.602155805
L128T,-4.454862819
L128V,-5.091073347
L128W,-3.791030637
L128Y,-3.604391689
S129A,-3.336108302
S129C,0.574349629
S129D,-4.803607448999999
S129F,-2.703721673
S129G,-2.210392129
S129H,-3.444212921
S129I,-3.984756917
S129K,-3.291009397
S129L,-3.433116389
S129N,-3.244900329
S129P,-3.030246592
S129Q,-3.157978483
S129R,-2.521343572
S129T,-3.658528684
S129V,-2.771213147
S129W,-2.49933009
S129Y,-4.490129188
Q130A,-3.906436719
Q130C,-4.729521281
Q130D,-2.426281019
Q130E,-3.689113808
Q130F,-4.909838617
Q130G,-2.49933009
Q130H,-4.029484556
Q130I,-3.859226035
Q130K,-2.896147343
Q130L,-3.800177323
Q130M,-5.402386292999999
Q130N,-4.896104651
Q130P,-4.755360564
Q130R,-3.618643928
Q130S,-2.635619831
Q130T,-2.9588229910000003
Q130V,-3.860563102
Q130W,-3.694867909
Q130Y,-4.323562811
F131A,-3.887587565
F131C,-2.431096667
F131E,-1.74417481
F131G,-2.399794416
F131H,-2.932659539
F131I,-3.55756376
F131K,-3.454245046
F131L,-3.477560343
F131M,-3.615980446000001
F131N,-3.075331636
F131P,-3.013739954
F131R,-3.498528147
F131S,-3.407139823
F131T,-2.882097463
F131V,-2.650709097
F131W,-3.05126641
F131Y,-2.488920382
E132A,-3.813595125
E132C,-4.037856961
E132D,-2.683417178
E132F,-3.581193302
E132G,-3.359569879
E132H,-2.02944656
E132I,-3.681047414
E132K,-2.469666016
E132L,-3.267739107
E132M,-1.615140716
E132N,-4.678760297
E132P,-5.527979561
E132Q,-4.4153973660000005
E132R,-4.211343231
E132S,-3.5796646
E132T,-3.511265919
E132V,-4.634945741
E132W,-2.7217225110000003
D133A,-1.924102741
D133C,-2.9860971000000003
D133F,-2.49933009
D133G,-2.2837006680000003
D133H,-2.340184196
D133I,-3.900679296
D133K,-3.407139823
D133L,-2.439585917
D133M,-2.0045198230000003
D133N,-2.099310058
D133P,-3.399794416
D133R,-2.078026276
D133S,-2.238536695
D133T,-2.615980446
D133V,-1.240290099
D133Y,-1.19649937
I134A,-2.286233511
I134C,-3.199156686
I134D,-5.20856385
I134F,-5.545334343
I134G,-3.838675244
I134H,-4.978005322
I134K,-5.404723247000001
I134L,-5.729305775
I134N,-2.671505306
I134P,-3.949634042
I134Q,-4.26022957
I134R,-4.302642952
I134S,-4.294168475
I134T,-4.841738382
I134V,-4.430085841
I134W,0.590777156
I134Y,-2.882592969
L135A,-3.980792968
L135C,-3.422650057
L135D,-3.116714279
L135E,-1.726163364
L135F,-3.648470836
L135G,-1.6254949719999998
L135H,-4.151045687
L135I,-2.0347934480000003
L135K,-4.091625927
L135M,-4.914099812
L135N,-4.880233596
L135P,-3.462855683
L135Q,-3.523109348
L135R,-4.829651931
L135S,-4.118843093
L135T,-4.327673282
L135V,-2.961928551
L135W,-1.176078818
L135Y,-4.136118328999999
F136A,-3.694920276
F136C,0.060021729
F136D,-3.273379461
F136E,-2.348202637
F136G,-2.966567232
F136H,-4.901546201
F136I,-4.311125864
F136K,-2.916118839
F136L,-3.672123524
F136M,-4.37838083
F136N,-2.875265591
F136P,-3.361820673
F136Q,-2.295423059
F136R,-3.130553619
F136S,-3.436371468
F136T,-3.833714669
F136V,-3.3282771010000003
F136W,-3.35294604
F136Y,-4.107428167
G137A,-5.060741907
G137C,-5.775691635
G137D,-2.780287575
G137E,-4.666309171
G137H,-4.662067157
G137I,-4.3684020210000005
G137K,-4.64892559
G137L,-4.19086331
G137M,-5.444614528
G137N,-4.258270091
G137P,-2.783542588
G137Q,-3.562472704
G137R,-4.831393442
G137S,-3.24269443
G137T,-3.265962812
G137V,-4.150846362
G137W,-4.857869043
N138A,-5.169396667
N138C,-3.685152181
N138D,-4.777219405
N138E,-4.334347383
N138F,-1.885360223
N138G,-3.130848165
N138H,-4.128742227
N138I,-4.8675192130000005
N138K,-1.925953974
N138L,-3.532380159
N138M,-1.625623862
N138P,-3.722082533
N138Q,-2.261153696
N138R,-4.9140138
N138S,-2.981337047
N138T,-4.717818506
N138V,-4.678141494
N138W,-4.976143786000001
N138Y,-4.565334161
N139A,-3.472134276
N139C,-5.403482932
N139D,-4.762737682
N139E,-4.129743647
N139F,-4.346642916
N139G,-4.402439026000001
N139H,-3.999172917
N139I,-5.716560806
N139K,-4.621061751
N139L,-3.769950699
N139M,-5.324767815
N139P,-4.180532252
N139Q,-3.476367662
N139R,-4.961720217
N139S,-4.992180375
N139T,-3.683619494
N139V,-3.053593135
N139W,-3.550191978
N139Y,-3.068160953
D140A,-4.537394869
D140C,-4.151847608
D140E,-4.066102905
D140F,-3.782174894
D140G,-4.031017945
D140H,-4.264516519
D140I,-1.229069737
D140K,-3.388711134
D140L,-3.708724475
D140M,-2.063364147
D140N,-2.5991841890000003
D140P,-5.023303687
D140Q,-4.0979283330000005
D140R,-4.349099133999999
D140S,-4.925146697
D140T,-4.713113411
D140V,-4.699396454
D140W,-3.1144339530000003
D140Y,-5.4021880410000005
M141A,-3.966992685
M141C,-2.7213819260000003
M141D,-3.488931612
M141E,-4.05577688
M141F,-2.720483154
M141G,-4.640503398
M141I,-4.191708876
M141K,-4.686471765
M141L,-4.219517224
M141N,-4.653538351
M141P,-3.0067606810000003
M141Q,-4.119524069
M141R,-4.119425316
M141S,-1.577599175
M141T,-3.771450867
M141V,-2.773805814
M141W,-3.640890288
M141Y,-3.025957804
S142A,-4.923356372
S142C,-3.611585996
S142D,-4.499467113
S142E,-3.157677521
S142F,-4.198792021
S142G,-4.721454734
S142H,-4.847840688
S142I,-4.699396454
S142K,-2.644918198
S142L,-4.858085715
S142M,-4.987428677
S142N,-5.20978449
S142P,-4.947986558999999
S142Q,-2.811688905
S142R,-4.004647814
S142T,-3.901385125
S142V,-3.746032025
S142W,-3.724878342
A143C,-4.230782312
A143D,-4.579257264
A143E,-4.920273593
A143F,-3.738470939
A143G,-4.527520822
A143H,-3.067991404
A143I,-4.637989127
A143L,-2.558006726
A143M,-2.211766126
A143N,-2.536939491
A143P,-5.122207008
A143Q,-4.640913991000001
A143R,-5.6828539660000015
A143S,-3.877841713
A143T,-3.4294430360000003
A143V,-3.896473429
A143W,-5.056553037
A143Y,-3.717465893
S144A,-3.2336293260000004
S144C,-4.472423895
S144D,-4.853485037
S144E,-3.520871005
S144F,-3.637693133
S144G,-4.235584472
S144H,-3.213640461
S144I,-3.11340862
S144K,-3.833457311
S144L,-3.380684057
S144M,-2.8866280360000003
S144N,-4.306632785
S144P,-3.140371362
S144Q,-4.490731581
S144R,-3.783573706
S144T,-2.279957462
S144V,-5.00875363
S144W,-5.189447308
S144Y,-2.647365163
I145A,-2.727736124
I145C,-4.45003672
I145D,-3.644299727
I145E,-3.512850492
I145F,-4.462291691
I145G,-3.937545108
I145H,-3.104511673
I145K,-2.056032881
I145L,-3.531865912
I145N,-3.286648994
I145P,-2.9157286630000003
I145Q,-2.260105643
I145R,-4.49679683
I145S,-3.501435987
I145T,-1.1679326559999998
I145V,-4.656604197
I145W,-4.603666748999999
I145Y,-3.751549909
G146A,-4.068183327
G146C,-4.214170984
G146D,-1.314839471
G146E,-2.49425929
G146F,-4.230318318
G146H,-1.683361312
G146I,-3.561664519
G146K,-3.049666986
G146L,-4.646821098999999
G146M,-5.883051203
G146N,-2.76859092
G146P,-2.929936362
G146Q,-1.950376346
G146R,-5.489880048
G146S,-3.858090314
G146T,-2.130825506
G146V,-4.2236308660000015
G146W,-4.838692409
G146Y,-3.296783635
V147A,-2.773621655
V147C,-4.7318350360000005
V147D,-0.587520494
V147E,3.3238403410000004
V147F,-1.7027535319999998
V147G,-1.49933009
V147H,1.571952182
V147I,-5.207149338
V147K,4.716315226
V147L,-4.464148563
V147M,0.188414775
V147N,-1.810256492
V147P,-4.631979391000001
V147R,1.256691353
V147S,-3.924572993
V147T,-3.834694106
V147W,1.698618863
V148A,-2.6300865630000003
V148C,0.0069786769999999
V148D,3.299128477
V148E,3.238583822
V148F,-4.437961766
V148G,-3.428652859
V148H,1.352045091
V148I,-4.786229651
V148K,0.726733909
V148L,-2.692013277
V148M,-2.9308202430000003
V148P,3.26752936
V148R,0.131544078
V148S,-3.523138282
V148T,-4.70947406
V148W,-2.593584573
V148Y,0.35141939
G149A,-2.830102055
G149C,-0.80548013
G149D,3.451852123
G149E,3.0296648910000004
G149H,0.896854391
G149I,-0.451370834
G149K,3.341458917
G149L,0.7175898909999999
G149M,0.260410007
G149N,1.819431533
G149P,0.937300092
G149Q,2.510413019
G149R,3.256224927
G149S,-4.2253015
G149T,-2.912084242
G149V,-2.166588773
G149W,2.64399982
G149Y,0.940265994
V150A,-4.305676761
V150C,-4.103110505
V150D,2.539272145
V150E,3.070532537
V150F,-3.779756999
V150G,1.914882854
V150H,1.297988163
V150I,-3.715418013
V150K,2.041633476
V150L,-3.998500131
V150M,-3.859226035
V150N,2.547094656
V150P,1.6693710869999998
V150Q,1.459579186
V150R,1.362541419
V150S,0.181321638
V150T,-1.771436855
V150W,2.5782782330000003
V150Y,1.7541150559999998
K151A,-2.513893106
K151C,-2.263914072
K151D,-1.128791465
K151F,-1.196210193
K151G,-4.166527814
K151H,-1.88657259
K151I,-2.665258646
K151L,-1.708410577
K151M,-1.304476092
K151N,-2.547114514
K151P,2.293234864
K151Q,-1.82197589
K151R,-2.418924281
K151S,-3.000724932
K151T,-1.291659546
K151V,-3.547155378
K151W,-4.66203309
K151Y,-2.311210237
M152A,-3.533470915
M152C,-2.8932633130000003
M152D,-1.042532699
M152E,-3.063509391
M152F,-3.740696688
M152G,-3.855367544
M152H,-2.95964761
M152I,-2.271893689
M152K,-3.111774001
M152L,-2.619616707
M152N,-1.091701374
M152P,-2.2570940040000003
M152Q,-2.784739174
M152R,-4.043850195
M152S,-2.644599332
M152T,-2.11318997
M152V,-2.942262324
M152W,-4.723114346
M152Y,-4.132052653
S153A,-3.915672303
S153C,-4.260034144
S153D,-3.84713904
S153E,-4.385227146
S153F,-3.082464019
S153G,-2.651330258
S153H,-2.204640246
S153I,-4.370393113
S153K,-3.789573508
S153L,-3.919999458
S153M,-4.7672667230000005
S153N,-2.475862138
S153P,-1.331243316
S153Q,-2.605047036
S153R,-3.686480325
S153T,-2.253852389
S153V,-3.4663309680000003
S153W,-2.268356667
S153Y,-4.957459232
A154C,-3.0298050510000003
A154D,-2.48358767
A154E,-1.633279994
A154F,-4.787021017
A154G,-4.992408998
A154H,-2.704902863
A154I,-3.109564407
A154K,-4.085563273
A154L,-4.381095178
A154M,-3.969742809
A154N,-2.2770494
A154P,-3.215535914
A154Q,-2.875415103
A154R,-1.695898554
A154S,-3.985953774
A154T,-2.967436432
A154V,-1.780602525
A154W,-2.54263583
A154Y,-3.1712140160000004
V155A,-3.3254248539999995
V155C,-3.249614247
V155D,-1.675480085
V155E,-1.955758103
V155F,-3.012564536
V155G,-2.671658662
V155H,-3.641593025
V155I,-3.778553186
V155K,-2.126657894
V155L,-2.648281777
V155M,-3.390632736
V155N,-3.158396734
V155P,-1.663280958
V155Q,-4.324195812
V155R,-4.676013311
V155S,-3.805768707
V155T,-3.485100741
V155W,-3.271739306
V155Y,-2.962767237
D156A,-4.018319264
D156C,-1.63272236
D156E,-3.776567121
D156F,-2.891190913
D156G,-1.5726608169999998
D156H,-2.410156621
D156I,-3.006295564
D156K,-3.451763602
D156L,-3.326036401
D156M,-2.781016133
D156N,-3.3410374010000004
D156P,-3.321942755
D156Q,-4.714414092
D156R,-3.866491634
D156S,-3.428137333
D156T,-4.725210348
D156V,-3.5461296160000004
D156W,-3.412352169
D156Y,-4.390290106
G157A,-3.107012055
G157C,-2.519987492
G157E,-2.608748334
G157H,-3.5291375960000004
G157I,-1.173000778
G157K,-4.272909866
G157L,-0.639633195
G157M,-2.264766383
G157N,-2.9382504560000005
G157P,-1.340938482
G157Q,-2.549213475
G157R,-2.7391133780000003
G157S,-4.329208818
G157T,-2.527384281
G157V,-2.825712047
G157W,-2.591097319
G157Y,-3.25589216
Q158A,-3.525251481
Q158C,-3.4175316510000004
Q158D,-4.70157303
Q158E,-3.355290778
Q158F,-4.415358677
Q158G,-3.2796827260000003
Q158H,-3.773184163
Q158I,-1.963347469
Q158K,-2.570276357
Q158L,-3.50164586
Q158M,-4.197572931
Q158P,-1.052435699
Q158R,-3.195602357
Q158S,-2.757965285
Q158T,-3.462017369
Q158V,-2.74148472
Q158W,-4.26775151
Q158Y,-3.040687452
R159A,-2.805290692
R159C,-2.283358032
R159D,-3.681908941
R159F,-2.260807212
R159G,-3.483988408
R159H,-3.155439862
R159I,-1.852447365
R159K,-2.574870629
R159L,-2.679284626
R159M,-3.5394834110000004
R159P,-2.618333111
R159Q,-1.035458162
R159S,-2.166090023
R159T,-2.965228315
R159V,-3.157390626
R159W,0.332183333
R159Y,-2.024279975
Q160A,-3.027610232
Q160C,-4.580962788
Q160D,-1.989085084
Q160E,-2.9532881360000003
Q160F,-2.635751916
Q160G,-3.43960084
Q160H,-4.52472199
Q160I,-3.876630427
Q160L,-3.678372507
Q160M,-4.95414681
Q160N,-4.409816132
Q160P,0.011152987
Q160R,-3.950538184
Q160S,-4.8596381630000005
Q160T,-3.666041612
Q160V,-5.183484615
Q160W,-5.328223659
Q160Y,-1.854177722
V161A,-0.740156411
V161C,-2.508419108
V161D,2.398512991
V161E,2.403953709
V161F,-2.583123531
V161G,1.34673547
V161H,1.865033469
V161I,-3.853216873
V161K,2.625951166
V161L,-3.178205082
V161M,-4.33689757
V161N,2.345873687
V161P,1.863024052
V161Q,2.1959056340000003
V161R,3.453012152
V161S,1.372613108
V161T,-2.525211931
V161W,-2.925964469
G162A,-0.928364962
G162C,-3.269526279
G162D,2.140177934
G162E,0.8531702790000001
G162H,-1.002229541
G162I,2.0690959980000003
G162K,3.310107415
G162L,1.889609256
G162M,1.868056729
G162N,-1.648770928
G162P,2.9323897010000004
G162Q,1.16417821
G162R,2.282033392
G162S,-1.082122123
G162T,1.426479548
G162V,1.581928794
G162W,2.31433897
G162Y,-2.05834411
V163A,-2.032189278
V163C,-1.649480158
V163D,3.1070212410000004
V163E,2.821658976
V163F,-3.017641234
V163G,2.534800872
V163H,2.529495116
V163I,-3.545692388
V163K,2.706359497
V163L,-2.779776118
V163M,-5.02674341
V163N,2.661095447
V163P,2.916083827
V163Q,2.708754136
V163R,3.195364586
V163S,1.1563177409999998
V163T,-0.848613761
V163W,-0.101737612
V163Y,1.255639715
G164A,-1.16963996
G164C,-2.883343822
G164D,3.16395655
G164E,3.128632377
G164F,2.429598866
G164H,2.9582018910000003
G164I,2.494205938
G164K,2.546474988
G164L,2.972733729
G164M,2.894593003
G164N,2.465503078
G164P,2.88946321
G164Q,3.1857098410000004
G164R,2.984909274
G164S,-3.362062743
G164T,-0.084461844
G164V,-0.7421976159999999
G164Y,2.806519834
Y165A,-1.77620745
Y165C,-2.786253339
Y165D,2.963580028
Y165E,1.100867168
Y165F,-5.208855968
Y165G,-1.616561491
Y165H,-3.605368638
Y165I,-2.672102021
Y165K,0.939099662
Y165L,-4.087664811000002
Y165M,-3.327166509
Y165P,3.151366799
Y165R,0.425882444
Y165S,-2.343340212
Y165T,-1.856008822
Y165V,-3.182630881
Y165W,-2.497708812
V166A,-5.017340706000001
V166C,-3.839695976
V166D,2.139228517
V166F,-4.109763877
V166G,-2.875332052
V166H,-1.769849872
V166I,-1.3637713130000002
V166K,0.6720776409999999
V166L,-2.556287417
V166M,-5.27966178
V166N,-1.122829464
V166P,2.239749273
V166Q,-1.198302777
V166R,0.117087694
V166S,-1.365981312
V166T,-2.306113518
V166W,-0.662930063
V166Y,-2.361653308
D167A,-2.805795967
D167C,-2.262919656
D167F,-1.920973536
D167G,-2.313503039
D167H,-1.911442727
D167I,-0.55113478
D167K,-2.563521355
D167L,-2.34489751
D167M,-3.128289839
D167N,-2.8402909010000004
D167P,1.203246822
D167Q,-2.28391885
D167R,-0.871253535
D167S,-2.800079329
D167T,-2.2755312290000003
D167V,-2.316304137
D167W,-1.75302031
D167Y,-2.809499793
S168A,-3.1275807710000003
S168C,-2.6776606
S168D,-2.706331189
S168E,-5.529300476
S168F,-3.176698517
S168G,-2.682416072
S168H,-2.32644782
S168I,-4.080296145
S168K,-2.721092531
S168L,-5.096279755
S168M,-4.693306158
S168N,-3.674158303
S168P,-1.897810749
S168Q,-3.264387842
S168R,-2.808145219
S168T,-3.26316556
S168V,-4.804579436
S168W,-3.030301129
S168Y,2.5739222930000003
I169A,-3.447854795
I169C,-3.1462618910000004
I169D,-2.744606237
I169E,-4.142383094
I169G,-2.9663309680000003
I169H,-3.467365944
I169L,-4.993663649
I169M,-4.889239886
I169N,-3.958116712
I169P,-4.072944519
I169Q,-4.08378823
I169R,-3.168927586
I169S,-3.285316525
I169T,-3.339144658
I169V,-2.400569625
I169W,-3.952413912
I169Y,-2.012434337
Q170A,-1.919498682
Q170C,-3.959496388
Q170D,-3.984314777
Q170E,-2.080043792
Q170F,-3.0415266360000004
Q170G,-2.540552709
Q170H,-4.141893836
Q170I,-1.946978394
Q170K,-3.46813196
Q170L,-1.307370176
Q170M,-3.29643717
Q170N,-1.989190575
Q170P,-1.817975828
Q170R,-2.849338141
Q170S,-1.993112126
Q170T,-2.664008974
Q170V,-3.622941313
Q170W,-2.438777184
Q170Y,-2.742544323
R171A,-3.10433316
R171C,-2.8693441560000004
R171E,-2.835708186
R171F,-3.391656853
R171G,-2.6383839
R171H,-4.106809083
R171I,-0.931561368
R171K,-2.868730925
R171L,-3.090359202
R171M,-6.202257276
R171N,-2.348766111
R171P,-1.851923385
R171S,-2.165243452
R171T,-2.269869923
R171V,-1.80841072
R171W,-4.095889471
R171Y,-3.972442584
K172A,-1.674379191
K172C,-2.874793689
K172D,-3.12939591
K172E,-2.851165148
K172F,-4.574932089
K172G,-3.266523279
K172H,-2.086917751
K172I,-4.669143575
K172L,-2.233239501
K172M,-5.136404729
K172N,-2.868628425
K172P,2.514008777
K172R,-3.524481883
K172S,-2.903272571
K172T,-2.402740578
K172V,-1.977608373
K172W,-3.75716676
L173A,-3.330499531
L173D,2.72159177
L173E,3.2982657810000005
L173F,-2.400361679
L173G,0.681762814
L173H,3.675730227
L173I,-1.639958655
L173K,3.670510511
L173M,-3.1738919830000003
L173N,2.553610712
L173P,2.98895287
L173Q,3.06714006
L173R,3.520047025
L173S,0.5003560779999999
L173T,-0.48002634
L173V,-2.682073817
L173W,-1.06460999
G174A,-2.857851553
G174C,-3.270268584
G174D,-1.821964717
G174E,-4.372220555
G174F,-5.340052382
G174H,-2.086407299
G174I,-2.480977075
G174K,-2.846000302
G174L,-2.597851761
G174M,-3.634915687
G174N,-3.979303668
G174P,0.458843908
G174Q,-4.80912957
G174R,-3.641251231
G174S,-2.800851384
G174T,-1.3847427719999998
G174V,-4.870891307
G174W,-2.600858835
G174Y,-2.898393692
L175A,-2.487108141
L175C,-3.993165777
L175D,2.718780692
L175F,-3.506034091
L175G,-1.312604665
L175H,-2.614437203
L175I,-3.944689901
L175K,-1.623949085
L175M,-1.084481917
L175P,2.416401144
L175Q,-2.302756212
L175R,0.005386309
L175S,-2.059357739
L175T,-2.656092695
L175V,-2.569688161
L175W,-4.4615001030000005
L175Y,-2.169415415
C176A,-2.967117679
C176D,-3.732148597
C176E,-2.622010587
C176F,-1.912120213
C176G,-1.656417029
C176H,-2.252063534
C176I,-3.145841293
C176K,-2.39651687
C176L,-2.743155424
C176M,-4.33635154
C176N,-1.919003325
C176P,2.413407982
C176R,-2.255740378
C176S,-3.560261435
C176T,-1.862795523
C176V,-5.063377522
C176W,0.033393546
C176Y,-0.017856923
E177A,-3.271018918
E177C,-2.798357018
E177D,-1.440003938
E177G,-3.806338278
E177H,-3.088096584
E177I,-1.855411885
E177K,-2.411581216
E177L,-2.696641325
E177M,-1.5977317969999998
E177N,-0.901562477
E177P,-1.318557798
E177Q,-4.585739903
E177R,-3.211899965
E177S,-2.412906745
E177T,-4.00089821
E177V,-2.4835030540000003
E177W,-2.005398937
E177Y,-3.691912221
F178A,-0.72865837
F178C,-0.63064828
F178D,3.242234607
F178E,1.549062174
F178G,-0.1550892519999999
F178I,-1.489865354
F178K,1.728809535
F178L,-3.547417747
F178M,-2.280949908
F178N,2.239357971
F178P,3.03532086
F178Q,-0.169464522
F178R,2.004061703
F178S,0.325139607
F178T,-0.864870255
F178V,-2.966101865
F178W,-2.160429723
F178Y,-1.81368434
P179A,-3.5885471730000003
P179D,-2.268830137
P179E,-2.058968188
P179F,-3.414257959
P179G,-3.033857938
P179H,-1.654969586
P179I,-4.236180964
P179K,-2.422503786
P179L,-4.911251142
P179M,-2.138071575
P179N,-3.063723443
P179Q,-4.752928094
P179R,-2.971635643
P179S,-3.3327361410000003
P179T,-3.181291228
P179V,-4.591932861
P179W,-3.44558061
P179Y,-2.909969412
D180A,-3.355445838
D180C,-3.5247124660000004
D180E,-3.201734558
D180F,-4.75848126
D180G,-2.676320333
D180I,-2.175343748
D180K,1.47135291
D180L,-1.970682011
D180M,-4.171024334
D180P,-1.326388948
D180Q,-1.167508762
D180R,1.21542326
D180S,-1.61775194
D180T,-3.011328046
D180V,-3.201208412
D180W,-1.320049727
D180Y,-2.786937805
N181A,-1.604302685
N181C,-1.709604167
N181D,-5.003185026000001
N181E,-3.64914694
N181F,-3.043069408
N181G,-4.109900902
N181H,-3.3452469330000003
N181I,-1.050815956
N181L,-1.271507932
N181M,-3.601976577
N181P,-1.194973706
N181Q,-2.369282354
N181R,-2.73750505
N181S,-5.09735325
N181T,-3.729151221
N181V,-1.249355365
N181W,-5.01034135
N181Y,-2.097237532
D182A,-2.563396402
D182C,-3.852927887
D182E,-1.864243661
D182F,-3.784135702
D182G,-4.886644756
D182I,-2.176507931
D182K,-2.472515034
D182L,-3.790383899
D182M,-4.157655028
D182P,-3.799240291
D182Q,-3.5489755260000004
D182R,-2.809913196
D182S,-3.500346257
D182T,-3.4659564510000003
D182V,-3.903240107
D182W,-1.977845127
D182Y,-3.936486284
Q183A,-3.823808942
Q183C,-3.672155903
Q183D,-4.044807562
Q183E,-3.1987054410000004
Q183F,-4.530473852
Q183G,-2.217982727
Q183H,-2.982882016
Q183I,-2.113959118
Q183K,-4.705425686
Q183L,-2.631997265
Q183M,-3.26775151
Q183N,-3.492350525
Q183P,-4.007617626
Q183R,-2.950538184
Q183S,-2.615505611
Q183T,-4.812439318
Q183V,-4.514457984
Q183W,-3.2111679810000004
Q183Y,-3.957524367
F184A,-1.700207611
F184C,-2.158415548
F184D,1.353763178
F184E,1.915789247
F184G,-1.329049807
F184H,-2.60761412
F184I,-0.723000443
F184K,0.85836329
F184L,-2.70519579
F184M,-2.430006974
F184P,1.832187466
F184R,0.81930585
F184S,-1.171172852
F184T,0.240568265
F184V,-1.695946542
F184W,-3.892159923
F184Y,-2.590318068
S185A,-2.676711217
S185C,-3.683151593
S185D,-4.578317589
S185F,-4.71720305
S185G,-4.437999074
S185H,-2.573864166
S185I,-1.116302972
S185L,-2.942951378
S185M,-3.057015322
S185N,-2.691112547
S185P,-3.0994384160000004
S185Q,-2.060367031
S185R,-2.822180186
S185T,-2.778255207
S185V,-4.068849872
S185W,-4.153924419
S185Y,-3.158342163
N186A,-2.515279605
N186D,-5.6199896570000005
N186E,-3.688722282
N186F,-4.1038867130000005
N186G,-4.519421094
N186H,-2.247105306
N186I,-4.103882261
N186K,-5.86848015
N186L,-4.280956391
N186M,-2.044541188
N186P,0.088523566
N186Q,-3.366131922
N186R,-3.027939476
N186S,-3.589865359
N186T,-2.124908124
N186V,-3.529415462
N186W,-3.686776805
N186Y,-2.858783482
L187A,-2.416896639
L187C,-1.839841107
L187D,3.4944631810000004
L187E,3.350965342
L187F,-3.771744215
L187G,1.550802437
L187H,2.478992867
L187I,-2.873442149
L187K,2.985457186
L187M,-3.275114033
L187N,2.7159497310000003
L187P,2.726015369
L187Q,2.858493472
L187R,3.159820587
L187S,-2.425689865
L187T,-3.232407252
L187V,-1.405583657
L187W,-4.118609547
E188A,-2.96729399
E188D,-2.588097771
E188F,-1.275084247
E188G,-3.310628319
E188H,-3.968331008
E188I,-0.8614646309999999
E188K,-3.217004554
E188L,-1.5401772969999998
E188M,-2.419585401
E188N,-3.539784719
E188P,2.481738822
E188Q,-4.3230622180000005
E188R,-2.8756495330000003
E188S,-3.819986414
E188T,-4.054059143
E188V,-3.448087408
E188W,-1.278266213
E188Y,-0.668650671
A189C,-2.461048246
A189D,-2.364548955
A189E,-2.481769813
A189G,-3.0391193810000003
A189H,-1.687358754
A189I,-2.594963905
A189L,-2.007510256
A189M,-2.370749312
A189P,-1.534245539
A189Q,-1.652600262
A189R,-3.588887217
A189S,-3.946724419
A189T,-0.496829548
A189V,-2.944051275
A189W,-2.893562207
A189Y,-1.7719863569999998
L190A,-4.604492932
L190C,-2.861843412
L190D,2.178525361
L190E,0.286510578
L190F,-2.756779683
L190G,-2.683872689
L190H,-2.8874050060000003
L190I,-3.557543323
L190K,-2.234092363
L190M,-3.59214452
L190P,2.272044553
L190Q,-0.646811657
L190R,-1.491074781
L190S,-2.802949174
L190T,-4.472475652
L190V,-2.100910357
L190W,-0.965779963
L191A,-2.505482435
L191D,2.482093239
L191E,3.251828779
L191F,-3.417070029
L191G,0.8308253109999999
L191H,1.644951517
L191I,-4.502271312
L191K,3.471591357
L191M,1.381224564
L191P,3.232192427
L191Q,-2.394640495
L191R,3.115818851
L191S,-3.097957065
L191T,-3.797964604
L191V,-0.152591921
L191W,0.012329232
L191Y,-0.98047866
I192A,-1.3710024159999998
I192C,-3.203793493
I192D,-2.018797407
I192E,-2.629356137
I192F,-1.893112098
I192G,-4.089351902
I192H,-3.35022232
I192K,-3.313823994
I192L,-1.887611667
I192M,-3.550662038
I192N,-3.481033381
I192P,-2.102788749
I192Q,-2.654121202
I192R,-3.298737918
I192S,-2.886143415
I192T,-3.1275167460000004
I192V,-3.92676914
I192W,-3.813696444
I192Y,-2.933377478
Q193A,-4.985647958
Q193C,-4.407159719
Q193D,-3.62555878
Q193E,-3.752167839
Q193F,-4.142921363
Q193G,-4.768987412
Q193H,-3.827730136
Q193I,-4.523353272
Q193K,-2.309113506
Q193L,-4.562859559
Q193M,-1.646074477
Q193N,-4.892148113999999
Q193P,-2.91021381
Q193R,-3.377471732
Q193S,-4.462830672
Q193T,-3.037561122
Q193V,-5.124976197
Q193W,-3.568319873
Q193Y,-3.427998371
I194A,-0.900599028
I194C,-2.820132465
I194D,3.387258704
I194F,-5.691420158
I194G,-1.291425662
I194H,-5.066418871000001
I194K,-5.111594026000001
I194L,-4.82168765
I194M,-5.434252888
I194N,-3.386712729
I194P,3.615178748
I194Q,-5.854380602000001
I194R,-3.248755427
I194S,-3.181185472
I194T,-5.070293043
I194V,-4.109619447
I194W,-4.9712377210000005
I194Y,-4.604517663
G195A,-4.873306754
G195C,-4.248841416
G195D,-5.315037285
G195E,-5.356900018
G195F,-4.547113044
G195H,-4.472926922
G195I,0.6712449420000001
G195K,-2.193415269
G195L,-4.102450503
G195M,-1.962890523
G195N,-5.411482542999999
G195P,-0.401074606
G195Q,-4.420928194
G195R,-2.705872095
G195S,-5.156565774
G195T,-5.377330151000002
G195V,-2.344525658
G195W,-3.903504064
G195Y,-2.729668453
P196A,-4.418737537
P196C,-4.797421381
P196E,2.654159689
P196F,-4.541368755
P196G,-3.510831644
P196H,-4.668479212
P196I,-2.648360595
P196K,-3.2091767110000005
P196L,-3.284615295
P196M,-5.196821401
P196N,-5.639524937000001
P196Q,-4.051208685
P196R,1.317386208
P196S,-4.73783553
P196T,-1.066861159
P196V,-5.091853577
P196W,-3.808231932
P196Y,-4.15430605
K197A,-4.397440396
K197D,-2.794759514
K197E,-5.143079174
K197F,-4.63481243
K197G,-2.940157827
K197H,-3.922062002
K197I,-2.540854969
K197L,-4.198180006
K197M,-5.670073371
K197N,-5.209196604
K197P,-4.4908718180000005
K197R,-4.712687458
K197S,-4.870613753
K197T,-4.5428422280000005
K197V,-3.674389347
K197W,-4.200719567
K197Y,-2.9507434760000004
E198A,2.673335818
E198C,4.648333499
E198D,-1.230796866
E198F,2.331445307
E198G,3.473844053
E198H,2.056379689
E198I,2.514585139
E198K,3.037062447
E198L,2.551685727
E198M,2.081975717
E198N,1.160496881
E198P,3.637446004
E198R,0.995986982
E198S,1.747655004
E198T,2.036504723
E198V,2.842994737
E198W,2.728421625
E198Y,3.354452747
C199A,-3.20590219
C199D,4.365143101
C199E,3.345145898
C199G,-3.747086281
C199H,4.260662639
C199I,-4.663734735
C199K,2.84271258
C199L,-4.292490257
C199M,-3.77477075
C199N,2.987366226
C199P,4.818250289
C199Q,4.20043225
C199R,3.318033692
C199S,-3.127982144
C199T,-3.866597212
C199V,-3.1564276060000003
C199W,0.713144837
C199Y,1.863763178
V200A,-3.082883077
V200C,-4.264307831
V200D,3.307963845
V200E,2.284972125
V200F,-4.270076169
V200G,-0.243894596
V200H,-1.907385086
V200I,-3.76552307
V200K,3.247238574
V200L,-5.016369758
V200M,-0.495433906
V200N,-2.348996845
V200P,3.026936362
V200Q,2.54826121
V200R,3.362526522
V200S,0.64716754
V200T,-4.849799532
V200W,1.7650442919999998
V200Y,-1.872881259
L201A,-4.873920624
L201C,-4.582934006
L201D,2.439410393
L201E,2.035943434
L201F,-5.629173778999999
L201G,0.7704752429999999
L201H,-3.2409263810000004
L201I,-3.967307603
L201M,-5.196858304
L201N,0.7873504159999999
L201P,3.227329792
L201Q,-4.508860142
L201R,-1.359212561
L201S,-4.275491735
L201T,-3.309013762
L201V,-4.721870282
L201W,-4.470808731
L201Y,-5.353479699
P202A,-3.380482533
P202C,-4.299301358999998
P202D,-4.716060064
P202F,-3.567424147
P202G,-2.842526065
P202H,-3.179814154
P202I,-4.287419046
P202K,-3.436571565
P202L,-4.150473571
P202M,-2.85022232
P202N,-4.2607415710000005
P202R,-4.584735462
P202S,-4.534431898
P202T,-4.165453062
P202V,-4.415103408
P202W,-0.31905297
P202Y,-3.24548717
G203A,-5.734480548
G203C,-4.529469666000001
G203D,-4.545093295
G203F,-3.000814152
G203H,-2.990053904
G203I,-3.980505346
G203K,-5.213775417
G203L,-4.348800313
G203M,-4.220612044
G203N,-5.24483466
G203P,-4.633725019
G203Q,-5.332872043
G203R,-3.185176789
G203S,-4.650942228
G203T,-4.559979905
G203V,-3.58603479
G203W,-4.348473188
G203Y,-5.287748638
G204A,-5.663936164
G204C,-5.543911255
G204D,-3.57327088
G204F,-5.913666093
G204H,-3.687749875
G204I,-5.655223235
G204L,-4.594972168
G204M,-3.168699039
G204N,-5.897525103
G204P,-6.276796973
G204Q,-3.97263646
G204R,-5.239293747
G204S,-5.04126451
G204T,-5.554312684
G204V,-4.954783517
G204W,-4.746196895
G204Y,-5.209789483
E205A,-5.289432403
E205C,-5.277277737
E205D,-3.323330782
E205F,-2.989283097
E205G,-0.044247352
E205I,-3.073382183
E205K,-4.557190527
E205L,-5.527067389
E205M,-6.288604287999999
E205N,-3.974204655
E205P,-5.6986561060000005
E205Q,-5.43317007
E205R,-4.511451266
E205S,-4.277931755
E205T,-5.7255552320000005
E205V,-4.450063936
E205W,-3.903504064
E205Y,-5.13178755
T206A,-5.029880394
T206C,-5.084415936
T206E,-3.216957299
T206F,-5.709517841
T206G,-4.237484085
T206H,-4.414723862
T206I,-5.112324794
T206K,-4.035465011
T206L,-4.898896035
T206M,-0.974827034
T206N,-4.794133221
T206P,-3.341154061
T206Q,-5.502832113999999
T206R,-5.261178335
T206S,-4.609208817
T206V,-4.565827271
T206W,-3.646661221000001
A207C,-5.055421597
A207D,-3.377016294
A207E,-3.361098499
A207F,-3.62773723
A207G,-3.263526729
A207H,-4.163435151
A207I,-3.500523935
A207K,-4.957380328999999
A207L,-4.774143238
A207M,2.679444066
A207N,-4.713853578999999
A207P,-2.314734196
A207Q,-3.213623727
A207R,-4.302705179
A207S,-4.359376942
A207T,-4.127810421
A207V,-3.609316489
A207W,-4.968589316
A207Y,-3.987999467
G208A,-5.11102254
G208C,-4.286715181
G208D,-4.355536677
G208E,-3.300871147
G208H,-4.595543765
G208I,-3.491430742
G208K,-4.211410498999999
G208L,-3.97323631
G208M,-5.161234394
G208P,-4.658738055
G208Q,-3.861503359
G208R,-2.182118828
G208S,-4.9927169000000005
G208T,-4.508023548
G208V,-3.737929214
G208W,-4.34180664
D209A,-4.776540858
D209C,-4.224780878
D209E,-4.02664233
D209F,-3.695505711
D209G,-3.851123441
D209H,-4.928845254
D209I,-4.528294225
D209K,-4.806315513
D209L,-4.333248823
D209M,-4.777905755
D209N,-4.410154172
D209P,-4.503490113
D209Q,-5.299326496
D209R,-4.368753143999999
D209S,-4.488163995
D209T,-4.786144144
D209V,-4.461686416
D209W,-4.035703512
D209Y,-5.464815297
M210A,-3.717267209
M210C,-4.854179971000001
M210D,-4.201993012
M210E,-5.078912538
M210F,-5.060350433
M210G,-3.775932329
M210H,-3.335713049
M210I,-3.662413932
M210K,-3.187382154
M210L,-4.340713807
M210N,-5.380172974
M210P,-4.903176574
M210Q,-4.026826015
M210R,-4.696965799
M210S,-3.611290902
M210T,-3.755405425
M210V,-4.348416693
M210W,-4.386684038
M210Y,-4.359198459
G211A,-4.507110152
G211C,-5.162078834
G211D,-5.562179454
G211E,-4.593674641000001
G211F,-3.576051667
G211H,-6.172871402
G211I,-4.287419046
G211K,-5.855617868
G211L,-3.87349615
G211M,-4.134860457
G211N,-3.63507355
G211P,-4.34683672
G211Q,-3.101002561
G211R,-4.7488075830000005
G211S,-5.206139735
G211T,-5.085322427
G211V,-4.163809607
G211Y,-6.424972556
K212A,-3.396581369
K212C,-5.260600739
K212D,-4.6126327830000005
K212E,-4.45703829
K212F,-5.337739174
K212G,-2.563354697
K212H,-3.063724995
K212I,-3.579097932
K212L,-4.92371199
K212M,-0.079893813
K212P,-4.424125972
K212Q,-5.550841573
K212R,-3.037649253
K212S,-4.599560924
K212T,-4.354900861
K212V,-4.65311162
K212W,-1.752697255
L213A,-4.077693904
L213C,-3.380770239
L213D,0.907465073
L213E,-2.811614125
L213F,-3.865961998
L213G,-3.499609071
L213H,-2.664657025
L213I,-5.031663386
L213K,-1.467284894
L213M,-2.531758323
L213N,2.008412027
L213P,-2.432099057
L213Q,-3.467362327
L213R,1.583408116
L213S,-2.020982935
L213T,-3.5823646910000004
L213V,-4.97276297
L213W,-3.954783517
R214A,-3.66645753
R214C,-3.127705343
R214D,-1.706754455
R214E,-5.002867286
R214F,-4.0324398310000005
R214G,-4.708352429
R214H,-5.918551293999999
R214I,-5.620666012999999
R214K,-1.784608683
R214L,-3.893419452
R214M,-5.531003644
R214N,-4.577840978
R214P,-2.483194524
R214Q,-3.409734242
R214S,-4.215641316
R214T,-4.032016009
R214V,-4.195069377
R214W,-5.103687815
R214Y,-2.163178617
Q215A,-4.253597805
Q215D,-3.490178469
Q215E,-4.254167667
Q215F,-4.857864533
Q215G,-4.38825599
Q215H,-4.3887399380000005
Q215I,-5.680608553
Q215K,-5.632752722
Q215L,-5.455704073
Q215M,-3.630089637
Q215N,-5.050514075
Q215P,-3.857401669
Q215R,-4.989467146
Q215S,-5.382253601
Q215T,-5.015891006
Q215V,-4.783181727
Q215W,-3.335649147
Q215Y,-4.676902084
I216A,-5.081773478
I216C,-5.21899623
I216D,-2.708823895
I216E,-3.696971499
I216F,-2.877657785
I216G,-4.807833953
I216H,-4.1435360910000005
I216K,-6.139016984
I216L,-2.965100419
I216M,-0.490974305
I216N,-4.124856125
I216P,-3.1032438360000003
I216Q,-4.137767636
I216R,-4.925390057
I216S,-5.2931689230000005
I216T,-4.378122913
I216V,-5.095790337
I216W,-3.44751712
I216Y,-3.710382312
I217A,-4.656711823999999
I217C,-5.925729943
I217D,4.36337506
I217E,2.583647677
I217F,-2.591198491
I217G,-3.930089503
I217H,-1.3529558940000002
I217K,2.162222903
I217L,-4.997091276
I217M,-5.070848674
I217N,-1.738497531
I217P,-1.81605649
I217R,2.522641418
I217S,-3.531318296
I217T,-4.099607775
I217V,-4.890950203
I217W,-2.095043721
Q218A,-4.616072821
Q218C,-5.6525132860000005
Q218D,-4.978057255
Q218E,-5.036619694
Q218F,-4.171632279
Q218G,-3.704658366
Q218H,-3.83965053
Q218I,-1.540499563
Q218K,-5.907894252
Q218L,-3.800127567
Q218M,-6.07733352
Q218N,-6.067077628
Q218P,-4.08655311
Q218R,-5.109727302
Q218S,-5.280044145
Q218T,-3.388999714
Q218V,-5.86036507
Q218W,-4.67593744
Q218Y,-3.028027298
R219A,-4.515149256
R219C,-3.556966643
R219D,-6.104595097000001
R219E,-4.9171927
R219F,-5.309506782
R219G,-4.012108412
R219H,-4.1819319560000014
R219I,-2.34429034
R219K,-5.735272106
R219L,-2.843730724
R219M,-5.869053642999999
R219N,-4.216982636
R219P,-0.6149776610000001
R219Q,-4.017009435
R219S,-2.222126614
R219T,-5.463442142999999
R219V,-5.26221313
R219W,-4.0518561810000016
R219Y,-4.581001693
G220A,-2.9198523310000004
G220C,-3.795984878
G220E,-4.040234279
G220F,-3.340909018
G220H,-4.8136294610000006
G220I,-2.923015967
G220K,-3.145898197
G220L,-5.214089045
G220M,-4.427964323
G220N,-5.967471135
G220P,-3.402388016
G220Q,-3.938951082
G220R,-3.263437545
G220S,-3.081388343
G220T,-3.784226359
G220V,0.025605364
G220W,-4.558124547
G220Y,-3.003328073
G221A,-3.086995486
G221C,-4.230931459
G221D,-5.540242902999999
G221E,-1.262085545
G221F,-3.231948348
G221H,-3.691166107
G221I,-2.148362761
G221K,-2.257109106
G221L,-3.347900745
G221M,-2.607188885
G221N,-5.210476173
G221P,-1.129173968
G221Q,-6.017502962999999
G221R,-3.348273587
G221S,-5.624629471
G221T,-3.0747537310000004
G221V,-3.269153162
G221W,-4.214794752
G221Y,-2.53161294
I222A,-4.497774734
I222C,-5.557568604
I222E,-2.22541334
I222F,-5.079714623
I222G,-4.533338593
I222H,-4.670342573
I222K,-5.287294262
I222L,-3.841459699
I222M,-6.005383677999999
I222N,-3.12863092
I222P,-4.508778478
I222Q,-5.454404309
I222R,-4.442433841000001
I222S,-5.100822453999999
I222T,-5.407582411
I222V,-3.729267287
I222W,-4.410937275
I222Y,-2.722306118
L223A,-2.69076005
L223D,1.323923333
L223E,-4.48502025
L223F,-3.827825183
L223G,-3.654476516
L223H,-2.131006788
L223I,-3.869053643
L223K,-2.184014336
L223N,-2.822857815
L223P,-3.36033805
L223R,-4.087233813
L223S,-4.392695538
L223T,-4.275719284
L223V,-3.262053537
L223W,-2.972216814
L223Y,-1.819952309
I224A,-5.447409767000001
I224C,-5.075107761
I224D,-4.8208237480000005
I224E,-5.048626489
I224F,-4.073788884
I224G,-4.885474577
I224H,-4.555825475
I224K,-2.862278689
I224L,-4.585662097
I224M,-2.8224978480000003
I224N,-3.656242612
I224P,-3.963051665
I224Q,-5.2914860710000005
I224R,-4.003028326
I224S,-6.164337562
I224T,-5.397818659
I224V,-4.445924684
I224W,3.512554653
I224Y,-4.076529573
T225A,-2.99117998
T225C,-2.565462169
T225D,-4.449949778
T225E,-4.1261905410000015
T225F,2.007208345
T225G,-4.43239722
T225H,-2.56242896
T225I,-0.297567686
T225L,-1.4555070419999998
T225M,-1.172825493
T225N,-3.815980354
T225P,1.405855153
T225Q,-2.934843922
T225R,-0.260628785
T225S,-3.526453909
T225V,-2.03919063
T225W,-0.609363557
T225Y,1.451989721
E226A,-4.612672703
E226C,-3.649640252
E226D,-5.209659978
E226F,-0.787420178
E226G,-4.106556918
E226H,-4.08534805
E226I,-4.758784585
E226K,-4.322546115
E226L,-3.740136935
E226M,-2.037057702
E226N,-5.689357554
E226P,-4.93563317
E226Q,-4.794623232
E226R,-5.127295234
E226S,-5.564192986
E226T,-4.06409905
E226V,-4.46228967
E226W,-2.11699544
E226Y,-3.930187276
R227A,-2.439147798
R227C,-5.914502886
R227E,-3.554752619
R227F,-5.626673612
R227G,-2.409877112
R227H,-4.865058203999999
R227I,-5.344831411
R227K,-4.29628452
R227L,-5.184420595
R227M,-4.817475609
R227N,-2.9729958130000003
R227P,-3.098388847
R227Q,-4.085870217
R227S,-4.520149599
R227T,-5.431103192
R227V,-4.999772961000001
R227W,-5.846800836
R227Y,-3.909867872
K228A,-2.604426648
K228C,-3.5656751410000003
K228D,-2.623583153
K228E,-4.632336279
K228F,-5.283063473
K228G,-4.963797164
K228H,-3.56819657
K228I,-1.848166396
K228L,-4.713002103
K228M,-2.986590502
K228N,-3.929100269
K228P,-3.980748423
K228Q,-1.6572241559999998
K228R,-5.77038057
K228S,-4.777843958
K228T,-3.288721682
K228V,-1.879026171
K228W,-2.860411072
K228Y,-3.167282899
K229A,-1.85022232
K229C,-4.143004069
K229D,-2.38627522
K229H,-0.698219227
K229L,-4.322710092
K229N,-1.732394187
K229P,-3.484364653
K229Q,-2.048307049
K229T,-2.023923204
K229V,-2.54595206
A230C,-1.3950143
A230D,-0.664496499
A230E,-3.696378848
A230F,-4.41501619
A230G,-4.110747689
A230H,-5.116796089
A230I,-4.343542244
A230K,-3.4868308710000004
A230L,-4.777117372
A230M,-3.528294225
A230N,-3.743503279
A230P,-4.539139825
A230Q,-3.287334512
A230R,-4.120718283
A230S,-4.542332735
A230T,-3.638515875
A230V,-4.912555281
A230W,-4.476689397
A230Y,-3.4941686510000003
D231A,-4.60570328
D231C,-3.270254882
D231E,-4.381714935
D231F,-4.49990404
D231G,-4.27841737
D231H,-4.855099471
D231I,-5.108194484
D231K,-1.53514579
D231L,-4.439708976
D231M,-3.776221739
D231N,-2.626993394
D231P,-1.296189304
D231Q,-4.532716561
D231R,-3.4793983230000003
D231S,-4.242539743
D231T,-5.374792639
D231V,-2.412354902
D231W,-2.379577151
D231Y,-4.849732808
F232A,-0.191540485
F232E,-1.925408661
F232G,-2.627441461
F232I,-1.242998442
F232K,1.7758868419999998
F232L,-0.6956233709999999
F232M,-0.663891099
F232P,-1.310697926
F232R,-0.437103364
F232S,-0.742298047
F232T,-0.917607705
F232V,-3.923301049
F232W,-0.640045327
F232Y,-5.135858264
S233A,-4.646102526
S233C,-5.794042547999999
S233D,-4.037102479
S233E,-4.438494047
S233F,-4.877116429
S233G,-4.73868106
S233H,-4.818690253
S233I,-5.6466612210000005
S233K,-5.645740547999999
S233L,-4.888575748
S233M,-2.339378323
S233N,-2.667800225
S233P,-2.85818699
S233Q,-5.254324032
S233R,-4.195283152
S233T,-3.524137997
S233V,-4.510903215
S233W,-3.971237721
S233Y,-5.333835449
T234A,-4.503092724
T234C,-3.951278945
T234D,-5.063564361
T234E,-4.636136397
T234F,-3.5401245510000003
T234G,-3.952017732
T234I,-4.868144228
T234K,-5.54295941
T234L,-5.632006503
T234M,-6.454016143
T234N,-5.728401935
T234P,-3.428796604
T234Q,-4.18892966
T234R,-5.00339442
T234S,-4.70929034
T234V,-3.875690803
T234W,-5.809064995
T234Y,-5.678015782999999
K235A,-3.996713655
K235C,-4.606738583
K235D,-4.343956501
K235E,-4.648399432
K235F,-6.1920556410000005
K235G,-4.190132394
K235H,-5.966718892
K235I,-4.069005497
K235L,-4.933953142
K235M,-0.327259496
K235N,-4.3074606410000005
K235P,-3.705496406
K235Q,-4.988960794
K235R,-4.625188957
K235S,-5.701100802000001
K235T,-4.592599745
K235V,-4.205778813999999
K235W,-2.829062631
K235Y,-5.436157829
D236A,-5.09556326
D236C,-2.9849112680000003
D236E,-4.5501603280000005
D236F,-4.537689557
D236G,-3.142306099
D236H,-5.541351684
D236I,-4.861250495
D236K,-5.001715223
D236L,-4.730600465
D236M,-2.688860801
D236N,-4.305263794
D236P,-5.717861204
D236Q,-5.174951792
D236R,-4.418874209
D236S,-4.470338095
D236T,-4.291502455
D236V,-3.232592222
D236W,-3.740498336
D236Y,-3.489830969
I237A,-4.832051664
I237C,-6.081178223999999
I237D,-3.124746715
I237E,-3.4537250760000004
I237F,-4.849824849
I237G,-4.55564748
I237H,-5.897127631
I237K,-2.576553246
I237L,-5.097352613
I237N,-5.615899949
I237P,-5.611574005
I237Q,-4.806378189
I237R,-3.18738135
I237S,-4.939968915
I237T,-5.06131329
I237V,-5.331012941
I237W,-5.389300519
I237Y,-4.100153136
Y238A,-4.880103138
Y238C,-4.332834571
Y238D,-2.3594348
Y238E,-4.29498408
Y238F,-4.784485881
Y238G,-4.514758588
Y238H,-2.519847119
Y238I,-3.837222282
Y238K,-5.280832753
Y238L,-5.257057505
Y238M,-2.332952151
Y238P,-4.961884574
Y238Q,-3.496653884
Y238R,-5.332428394
Y238S,-5.070991534
Y238T,-5.824581865
Y238V,-4.742132193
Y238W,-4.219746968
Q239A,-5.435643754
Q239C,-3.803270146
Q239D,-2.953128224
Q239E,-3.968581726
Q239F,-4.703966605
Q239G,-4.574491104
Q239H,-3.018976179
Q239I,-5.763351997999999
Q239K,-4.4437483030000005
Q239L,-5.333074021
Q239M,-4.546841796
Q239N,-5.665393039
Q239P,-4.422287807
Q239R,-3.997908872
Q239S,-5.180799517
Q239T,-2.267428578
Q239V,-3.436574349
Q239W,-5.502663538999999
Q239Y,-0.715945397
D240A,-5.302367898
D240C,-5.010337913
D240F,-4.865662004
D240G,-3.289502438
D240H,-6.964029012999999
D240I,-5.230990215
D240K,-4.638820309
D240L,-3.385059357
D240M,-0.944386863
D240N,-4.915813861
D240P,-5.13288027
D240Q,-5.41610941
D240R,-3.4362011210000003
D240S,-5.03560428
D240T,-5.422391029
D240V,-4.503108544
D240W,-5.138257844
D240Y,-5.030004953
L241A,-3.169217849
L241C,-5.553883553
L241D,2.98782579
L241F,-4.2511289880000005
L241G,-3.135214843
L241I,-5.2867803680000005
L241M,-4.255071509
L241P,2.057227937
L241Q,-1.814457833
L241R,2.0061257180000003
L241S,-4.0780710110000005
L241T,-4.638253656
L241V,-4.136908728
L241W,-3.491138867
L241Y,-5.618439867
N242A,-5.337378012
N242C,-5.210142115
N242D,-3.871810097
N242F,-1.972239514
N242G,-5.081219143999999
N242H,-3.645875315
N242I,-4.858785803
N242K,-4.932278312
N242L,-5.333487468
N242M,-3.891919443
N242P,-5.49529505
N242Q,-5.502623365
N242R,-3.92701899
N242S,-5.476449077000001
N242T,-4.91009332
N242V,-5.086068734
N242W,-4.97573316
N242Y,-5.564625829
R243A,-3.649788016
R243C,-4.815610605
R243D,-2.827254206
R243E,-5.046569915
R243F,-4.768176448
R243G,-4.788696974
R243H,-4.121187138
R243I,-4.480968468
R243K,-5.219826749
R243L,-5.006429957
R243M,-5.319217398
R243N,-4.161437124
R243P,-4.001892252
R243Q,-5.076452177
R243S,-4.177474065
R243T,-4.134478398
R243V,-3.859497965
R243Y,-4.1468004910000005
L244A,-1.309069788
L244C,-2.595280656
L244D,2.719812894
L244E,-0.91463952
L244F,-3.765643492
L244G,1.545689792
L244H,1.09189449
L244I,-4.595751397
L244K,2.160161302
L244M,-3.255071509
L244N,3.5465418210000004
L244P,3.350294784
L244Q,4.512887221000001
L244R,1.289189465
L244S,1.365417459
L244T,-0.775625265
L244V,-2.621199407
L244W,-0.8919194429999999
L244Y,-1.861681247
L245A,-5.054520317
L245C,-4.2497731530000005
L245D,1.10871957
L245E,-2.570656703
L245F,-1.623310167
L245G,-2.814308399
L245H,-5.453201411
L245I,-5.178041335
L245K,-4.025566044
L245M,-4.645861462
L245N,-4.6594526730000005
L245P,1.6976131209999998
L245Q,-5.115181045
L245R,-6.412354154
L245S,-5.399770168
L245T,-4.703906939
L245V,-4.8758221310000005
L245W,-4.758502443999999
L245Y,-2.73640203
K246A,-5.355191148
K246C,-4.885251643999999
K246D,-5.580250179
K246E,-5.592271972000001
K246F,-5.508983269
K246G,-4.2219765680000005
K246H,-4.223228153
K246I,-5.014776191
K246L,-5.414466357
K246M,-4.871742869
K246N,-6.513132628999999
K246P,-5.733302282
K246Q,-4.944417245
K246R,-3.434429919
K246S,-4.767143465
K246T,-5.869299162000001
K246V,-4.289113569
K246W,-4.389300519
K246Y,-5.876380517
G247A,-5.516178815
G247C,-4.389300519
G247D,-4.654768689
G247E,-4.972342306
G247F,-5.356062657
G247H,-6.019908964
G247I,-5.731195098
G247K,-3.785586225
G247L,-4.571492834
G247M,-3.776323642
G247N,-6.216332509
G247P,-4.806086188
G247Q,-5.985329542000001
G247R,-3.513983403
G247S,-5.205685236
G247T,-4.993909269
G247V,-4.101858008
G247W,-4.367311686
G247Y,-5.20706595
K248A,-5.466304302999999
K248C,-5.258580642
K248D,-4.475103926
K248E,-4.433143414
K248F,-5.131351400000002
K248G,-5.433751067
K248H,-4.139821191
K248I,-5.439793292999999
K248L,-5.722621685
K248M,-4.810861695
K248N,-6.106913089
K248P,-5.9284051810000005
K248Q,-4.699556203999999
K248R,-5.6187292210000015
K248S,-4.739974665
K248T,-2.29134778
K248V,-5.202874068
K248W,-6.036487191
K248Y,-6.092998105
K249A,-5.280535542
K249C,-5.989855819
K249E,-4.511770091
K249F,-4.131021189
K249G,-5.203504415
K249H,-4.288443262
K249I,-6.287491574
K249L,-5.557416993
K249M,-6.076101368
K249N,-5.928125339
K249P,-6.057722093
K249Q,-5.712593188
K249R,-4.595751397
K249S,-5.2429477360000005
K249T,-5.285295721000001
K249V,-5.554289402999999
K249W,-5.9679558089999984
K249Y,-5.511919601000002
G250A,-4.4349876130000006
G250C,-3.912822422
G250D,-3.594715115
G250E,-4.23024811
G250F,-5.8093416520000005
G250I,-4.944368989
G250K,-4.795589795
G250L,-5.654197018
G250M,-5.470220515
G250N,-4.150989261
G250P,-5.54076861
G250Q,-4.362117668
G250R,-5.299543997
G250S,-4.718144748
G250T,-4.125701094
G250V,-4.737036881
G250W,-4.2226500310000015
G250Y,-4.974055932
E251A,-4.676126123
E251C,-4.504550784
E251D,-5.677500762999999
E251F,-2.674207697
E251G,-4.544339624
E251H,-6.674727845
E251I,-6.332716991
E251L,-5.844265997000001
E251M,-5.491856783999999
E251N,-5.539623656
E251P,-5.281793728
E251Q,-4.419398288
E251R,-5.145984602
E251S,-4.337816809
E251T,-6.095751397000001
E251V,-4.346927485
E251W,-5.484317601
E251Y,-4.316100343
Q252A,-4.434770738
Q252C,-5.967980178
Q252D,-4.227624681
Q252E,-3.730931667
Q252F,-5.226232318
Q252G,-3.147606732
Q252H,-5.782009854
Q252I,-5.243929271
Q252K,-3.674608336
Q252L,-4.694067583
Q252M,-0.651305146
Q252N,-2.122323935
Q252P,-5.278961329
Q252R,-4.324349126
Q252S,-5.055368462
Q252T,-1.43938756
Q252V,-4.129831173
Q252W,-1.445856279
Q252Y,-4.441444397
M253A,-5.965323522
M253C,-5.623821422000001
M253D,-3.855166323
M253E,-2.7245659680000003
M253F,-6.094042957999999
M253G,-4.429376577
M253H,-6.169113057000001
M253K,-5.885772795
M253L,-5.013438688
M253N,-3.944714745
M253P,-6.163756205
M253Q,-2.775803944
M253R,-5.170056826000001
M253S,-5.30477139
M253T,-5.817790248
M253V,-5.28259219
M253W,1.917484802
M253Y,-4.138210986
N254A,-5.066304552
N254C,-5.079540658
N254D,-4.47247311
N254E,-5.680357588
N254F,-4.837706514
N254G,-5.055368462
N254H,-5.698050962999999
N254I,-5.484317601
N254K,-6.041301032000001
N254L,-5.050394043
N254M,-5.882159485
N254P,-5.430916692
N254Q,-4.648186094
N254R,-5.130946061
N254S,-4.91230778
N254T,-5.845966355
N254V,-5.156455335
N254W,-5.343464945
N254Y,-4.40297737
S255A,-4.563678766000001
S255D,-3.366509737
S255E,-2.761439164
S255F,-3.16542725
S255G,-4.679069962
S255H,-4.922684374
S255I,-5.735244649
S255K,-4.628770548
S255L,-3.603099723
S255M,-3.936788315
S255N,-5.293724253
S255P,-4.399085825
S255Q,-4.5902471810000005
S255R,-5.081178223999999
S255T,-5.430714889
S255V,-4.011395657
S255W,-3.972671778
S255Y,-5.6901168470000005
A256D,-4.765117788
A256E,-4.2189144060000014
A256F,-6.226683938
A256G,-3.85005698
A256H,-6.415850707000001
A256I,-6.094785832
A256K,-5.825167219
A256L,-5.624705559
A256M,-5.9118190010000005
A256N,-4.464133986
A256P,-5.929361064
A256Q,-5.428750933
A256R,-5.284197683
A256S,-4.608389105
A256T,-5.7253262010000014
A256V,-4.553084562
A256W,-5.09413529
A256Y,-5.080633797
V257A,-5.374238491
V257C,-5.402517222999999
V257D,-6.179441842999999
V257E,-5.109105082
V257F,-3.343993255
V257G,-4.940928375
V257H,-5.933659362
V257I,-3.911624672
V257K,-3.308305803
V257L,-4.368587553
V257M,-6.273823302
V257N,-5.708491698
V257P,-4.674947451
V257Q,-5.029912513999999
V257R,-5.190480567
V257S,-5.21097903
V257T,-4.869183989
V257W,-4.991163201
V257Y,-5.933618455
L258A,-4.964385318
L258C,-3.915818565
L258D,-4.357600959
L258E,-4.599825315
L258F,-5.063734453
L258G,-3.840251793
L258H,-4.424990673
L258I,-4.306956942
L258K,-4.850987991
L258M,-4.367311686
L258N,-5.6796112370000005
L258P,-4.914109393
L258Q,-4.565559624
L258R,-5.337428528
L258S,-5.043733909
L258T,-3.914559272
L258V,-3.582888767
L258W,-5.214429524
L258Y,-5.912413642000001
P259A,-5.2110578610000005
P259C,-4.715818938
P259D,-5.499428858
P259E,-1.852800565
P259F,-3.857922734
P259G,-3.937278446
P259H,-4.861869099
P259I,-5.006429957
P259K,-4.541644234
P259L,-4.222182236
P259M,-3.751741785
P259N,-2.673523055
P259Q,-6.607724038
P259R,-4.669387884
P259S,-4.854204808
P259T,-4.8214248930000005
P259V,-4.221502153
P259W,-4.583397375
P259Y,-4.336289218
E260A,-4.696783175
E260C,-3.026789732
E260D,-4.006571669
E260F,-5.740239506
E260G,-3.970291529
E260H,-5.056286458
E260I,-5.407074602000001
E260K,-3.404881362
E260L,-5.291923764
E260M,-4.480968468
E260N,-3.841261655
E260P,-5.262463264
E260Q,-4.537707071
E260R,-4.962044678
E260S,-4.562907065
E260T,-4.629417781
E260V,-5.195532045
E260W,-5.129540627
E260Y,-5.621872628999999
M261A,-5.086068734
M261C,-5.279387387
M261D,-3.746892792
M261E,-3.742991245
M261F,-4.802773
M261G,-3.987001057
M261H,-3.466977361
M261I,-4.84792484
M261K,-4.575599083999999
M261L,-4.858228992
M261N,-4.218302407
M261P,-6.418542552999999
M261Q,-6.082959428
M261R,-4.303270146
M261S,-4.971834427
M261T,-4.103634663
M261V,-4.457765173
M261W,-0.8663843509999999
M261Y,-5.536257378999999
E262A,-5.56127772
E262C,-5.073786469
E262D,-3.196744249
E262F,-5.890233612
E262G,-4.480968468
E262H,-4.0031322660000015
E262I,-4.104464079
E262K,-4.610427942
E262L,-5.730927567
E262M,-5.484317601
E262N,-5.118587971
E262P,-4.951670431
E262Q,-4.0358307510000015
E262R,-4.880676245
E262S,-5.823873868
E262T,-4.57935254
E262V,-3.65358479
E262W,-5.435643754
E262Y,-4.731303991
N263A,-4.117112621
N263C,-4.47068498
N263D,-4.490368059
N263E,-5.06046395
N263F,-5.747701973
N263G,-2.977940799
N263H,-5.7319890110000005
N263I,-4.828891772
N263K,-6.188114525
N263L,-6.092944936
N263M,-6.288773643
N263P,-5.958197778
N263Q,-6.269366998
N263R,-4.915661899
N263S,-4.981795986
N263T,-5.773510149
N263V,-3.756440556
N263W,-4.010788896
N263Y,-6.261508469
Q264A,-4.817031292
Q264C,-5.797617131
Q264D,-6.270375788
Q264E,-4.508205094
Q264F,-3.932376497
Q264G,-4.820666511000001
Q264H,-4.791116255
Q264I,-5.454766997
Q264K,-6.4321033970000006
Q264L,-3.041244036
Q264M,-2.146794367
Q264N,-5.631825815
Q264P,-4.819836967
Q264R,-5.238459268
Q264S,-5.750918507000001
Q264T,-5.932717145
Q264V,-5.060394263
Q264W,-5.138257844
Q264Y,-4.910994764
V265A,-5.256866287
V265C,-2.859778155
V265D,-3.115593409
V265E,-4.97851877
V265F,-4.085565519
V265G,-5.176343684
V265H,-5.815353977000001
V265I,-6.24703419
V265K,-3.521637342
V265L,-5.126806386
V265M,-5.0203064610000006
V265N,-3.906824287
V265P,-4.778846102
V265Q,-4.523131928
V265R,-5.657832391
V265S,-5.68591283
V265T,-4.697264945
V265W,-5.564118312000001
V265Y,-6.077896722
A266C,-5.402398949
A266E,0.845786281
A266F,2.587834198
A266G,-5.326126219
A266H,-3.802256849
A266I,0.789500323
A266K,1.082066702
A266L,2.323215359
A266M,-4.333074021
A266P,-5.011718697
A266R,1.656211768
A266S,-5.572743441
A266T,-0.8489960409999999
A266V,-0.13354538
A266W,0.63370439
A266Y,2.8980080480000003
V267A,-4.883182161000001
V267C,-5.079540658
V267D,1.968060807
V267E,-4.934787349
V267F,-3.314985504
V267G,-5.1425382310000005
V267H,-5.325630544
V267I,-2.73991635
V267K,-5.634752653
V267L,-4.266835014
V267M,-5.272191524
V267N,-5.2836464880000005
V267P,-5.366801853
V267Q,-5.263729563
V267R,-5.630946061
V267S,-2.51614443
V267T,-4.740309593
V267W,-4.862839104
S268A,-5.481713277000001
S268C,-2.190100026
S268D,-4.6828497780000005
S268E,-5.099928164
S268F,-4.559835512
S268G,-4.275675716
S268H,-4.176194681
S268I,-6.025313258
S268K,-6.243368011
S268L,-5.177732895
S268M,-4.729002697
S268P,-3.0722143010000003
S268Q,-4.690268309
S268R,-4.461498624
S268T,-4.133427107
S268V,-4.983218119
S268W,-1.273823302
S268Y,-5.6089638489999984
S269A,-3.344984063
S269C,-5.716944404
S269D,1.9179035
S269F,2.776867485
S269G,-4.914466357
S269H,2.614385435
S269I,-0.499230009
S269K,1.678312525
S269L,2.402941214
S269M,0.0960375
S269N,1.297906341
S269P,-5.57088191
S269Q,2.102837477
S269R,2.481469806
S269T,-2.868062825
S269V,-4.758580642
S269W,2.9784452760000004
S269Y,2.688626811
L270A,-5.264208353
L270C,-4.444997418
L270D,2.95267719
L270E,2.806605053
L270F,2.089859084
L270G,-0.197353697
L270H,2.1857588
L270I,-4.030269168999999
L270K,3.114726934
L270M,-1.86260347
L270N,2.878920495
L270P,3.16994637
L270Q,2.058987281
L270R,1.995115839
L270S,0.664581667
L270T,-2.132906391
L270V,-3.643379073
L270W,1.45860758
L270Y,2.695408185
S271A,-5.221232184
S271C,-5.748091538
S271D,-2.756639195
S271E,-4.139502328
S271F,-3.812207314
S271G,-4.291838007
S271H,-6.515755887
S271I,-6.057839161
S271K,-2.832343379
S271L,-4.971725079
S271M,-4.776323642
S271N,-4.897514568
S271P,-0.78908772
S271Q,-5.185175938
S271R,-4.552119756000001
S271T,-5.99970928
S271V,-4.927240288
S271W,-4.367311686
S271Y,-3.5898909060000004
A272C,-5.4590793060000005
A272D,-2.848579066
A272G,-4.609035654
A272H,-5.152455686000001
A272I,-0.8374716590000001
A272K,2.476685962
A272L,-3.809772719
A272M,-4.97426302
A272P,-2.51458857
A272Q,-2.53119061
A272R,1.326306203
A272S,-5.789136694
A272T,-4.455432476
A272V,-4.273823302
A272W,1.75307955
V273A,-5.066593059
V273C,-4.903803878
V273D,-2.974804952
V273F,3.878429587
V273G,-4.361276899
V273H,2.147215648
V273I,-4.858785803
V273K,2.6819521280000003
V273L,-5.257071526
V273M,-4.367311686
V273P,0.185604742
V273Q,-2.591219587
V273R,2.890162273
V273S,-5.24731852
V273T,-5.527771526
V273W,2.66799983
V273Y,2.698177116
I274A,-3.169886072
I274C,-5.898980601
I274F,-5.092235875
I274G,-3.77006913
I274H,-1.6447290980000002
I274K,0.955252203
I274L,-5.296953243
I274M,-6.5761257010000005
I274P,2.115875325
I274R,1.94942167
I274S,-4.33621516
I274T,-5.122669572
I274V,-4.939779393999999
I274W,-2.628885037
I274Y,-4.338164729
K275A,-5.77888594
K275C,-3.64829242
K275D,-5.722669909
K275F,-3.3794225360000003
K275G,-4.399639635
K275H,-5.857410705
K275I,-4.546841796
K275L,-5.303570645
K275M,-4.255071509
K275N,-4.510438457
K275P,0.729340744
K275Q,-3.905098382
K275R,-4.828503694
K275S,-3.11887173
K275T,-3.203639894
K275V,-3.72808978
K275W,-3.14829242
K275Y,-2.8291468930000003
F276A,-4.807239839
F276C,1.5559808780000002
F276D,-2.598097964
F276E,-3.013983403
F276G,-3.785586225
F276H,-4.601132088
F276I,-2.67894142
F276K,-3.45415721
F276L,-4.262513627
F276M,-4.902769765
F276N,-4.269122221
F276P,1.708686136
F276Q,-2.7717090210000004
F276R,-1.076071722
F276S,-4.073786469
F276T,-5.144182166
F276V,-3.182500897
F276Y,-2.420389751
L277A,-4.598945904
L277C,-5.395109752000001
L277E,-4.952319084
L277F,-5.582747423
L277G,-4.243929271
L277H,-4.180763362
L277I,-6.518105915
L277K,-5.3739714670000005
L277M,-5.52403719
L277N,-5.8216949520000005
L277P,0.360361919
L277Q,-5.455576728
L277R,-4.706947607
L277S,-4.361008755
L277T,-5.046461124
L277V,-5.1088563360000006
L277W,-5.273823302
L277Y,-4.024142582
E278A,-4.996215723
E278C,-5.829747218
E278D,-5.021319175
E278F,-5.170186064
E278G,-5.115125556000001
E278H,-4.379283682
E278I,-6.157673537999999
E278K,-3.581614371
E278L,-5.695522137999999
E278M,-5.435643754
E278N,-4.146782236
E278P,-5.222241767
E278Q,-4.800911821000001
E278R,-5.657832391
E278S,-5.036786178
E278T,-5.1973367260000005
E278V,-4.743699213
E278W,-4.992037103
E278Y,-4.253062176
L279A,-2.42856525
L279C,-4.91895067
L279D,-4.379632277
L279E,-4.973987866
L279F,-4.067968874
L279G,-3.000137859
L279H,-2.632909777
L279I,-5.033245517
L279M,-3.317807264
L279N,-4.219305853
L279P,-3.693057453
L279Q,-2.602196295
L279R,-1.682890091
L279S,-3.6010884260000005
L279T,-6.1574304610000015
L279V,-4.014137005
L279W,-2.3144874580000003
L279Y,-3.341120769
L280A,-5.152770282
L280C,-6.828987607999999
L280D,-3.412096682
L280E,-4.935869564
L280G,-4.129302125
L280H,-5.81305669
L280I,-5.674979088
L280K,-4.680364505
L280M,-6.243929271
L280N,-5.6090540120000005
L280P,-5.213778406
L280Q,-5.926149858
L280R,-3.831168827
L280S,-4.527355716000001
L280T,-4.764737813
L280V,-4.955793245
L280W,0.479639419
L280Y,-5.894559484
S281A,-5.200517935
S281C,-3.474170684
S281D,1.15113697
S281F,-3.122566333
S281G,-3.422882528
S281H,-4.176383018
S281I,-3.82321005
S281L,-3.741644701
S281M,-4.363713166
S281N,-5.239639148
S281P,-3.593204444
S281Q,-3.813527522
S281R,-3.921328724
S281T,-4.559599029
S281V,-4.723034878
S281W,-3.024911252
S281Y,-3.510531769
D282A,-3.692335913
D282C,-5.515465068999998
D282E,-4.916951287
D282F,-4.841179793
D282G,-4.397246698
D282H,-4.38945833
D282I,-4.915433712
D282K,-4.871401863
D282L,-3.078503287
D282M,-4.637058734
D282N,-5.073347148
D282P,-4.994629852
D282Q,-5.250101433
D282R,-3.970493006
D282S,-4.754002788999999
D282T,-5.239773158999999
D282V,-5.057471383999999
D282W,-0.523116289
D282Y,-4.469202378
D283A,-3.756197015
D283C,-3.423469626
D283E,-3.813156497
D283F,-4.535884665
D283G,-4.946896222
D283H,-4.73805023
D283I,-5.291665824
D283L,-4.4534533860000005
D283M,-5.647774304
D283N,-6.0558547670000005
D283P,-3.762659687
D283Q,-4.434976315
D283R,-5.084747696
D283S,-4.315857018
D283T,-2.2963376980000003
D283V,-5.461290326
D283W,-4.782938462
D283Y,-5.4318434820000006
S284A,-4.124909564
S284C,-4.030405046
S284E,-3.843901113
S284F,-2.788777704
S284G,-4.303532124
S284H,-5.880239047999999
S284I,-1.298528318
S284K,-4.203759863999999
S284L,-4.883814677
S284M,-3.609873753
S284N,-4.263685853999998
S284P,-2.703276707
S284Q,-3.700848922
S284R,-4.514128757
S284T,-3.561817848
S284V,-4.209371665
S284W,-5.021669299
S284Y,-4.9382444
N285A,-1.196368048
N285D,-4.594302797
N285E,-3.0341342
N285F,-5.500727454
N285G,-4.281658768
N285H,-4.661663795
N285I,-2.75704374
N285K,-5.17417273
N285L,-3.3705785360000005
N285M,-2.218935962
N285P,-2.813511093
N285Q,-5.004950078999999
N285R,-3.5923469060000004
N285S,-4.638556793999999
N285T,-4.209757485
N285V,-5.568089219
N285W,-5.083199181
N285Y,-4.628283067
F286A,-5.051052404
F286D,-4.140400957
F286E,-3.072580295
F286G,-4.808163331
F286H,-5.861430707
F286I,-5.398501799
F286K,-3.081592324
F286L,-4.49380447
F286M,-1.4277684119999998
F286N,-5.502126859
F286P,-4.135633679
F286Q,-3.409446535
F286R,-3.937410827
F286S,-5.247966754
F286T,-4.109343703
F286V,-3.009586724
F286W,-1.986986973
G287A,-4.360321497
G287C,-3.778394239
G287D,-2.106992216
G287E,-6.1542983620000005
G287F,-3.112212017
G287H,-5.681838891
G287I,-2.9225935030000003
G287K,-3.425054438
G287L,-2.9102619510000003
G287M,-5.725630122999999
G287N,-5.93617227
G287P,-0.160420975
G287Q,-5.896293263
G287R,-3.231088954
G287S,-4.437439461
G287T,-2.792970314
G287V,-5.82127983
G287W,-5.522410912000001
G287Y,-3.821925129
Q288A,-4.450466855
Q288C,-4.142577738
Q288D,-4.979445801000001
Q288E,-3.129567846
Q288F,-4.346095415
Q288G,-4.30148695
Q288H,-4.78083576
Q288I,-4.914728335
Q288K,-5.538833665
Q288L,-5.040268682
Q288M,-4.259850538999999
Q288N,-2.957851494
Q288P,1.6726992230000002
Q288R,-4.025929034
Q288S,-3.98876654
Q288T,-4.42333591
Q288V,-5.045262645
Q288W,-5.17585315
F289A,0.803756252
F289C,-3.427252182
F289D,3.34859278
F289E,2.526224386
F289G,1.036445992
F289H,-4.843674382
F289I,1.745674133
F289K,2.669378504
F289L,-3.831389509
F289M,-1.236901062
F289N,1.48889016
F289P,4.257221755
F289R,2.4940154480000003
F289S,0.622690338
F289T,3.191859245
F289V,1.33753734
F289W,0.8973347070000001
E290A,-4.692140303
E290C,-4.159239503999999
E290D,-4.129230612
E290F,-4.864785735
E290G,-3.5752825360000005
E290H,-5.148692992
E290I,-6.066731428
E290K,-4.910596838
E290L,-4.764538348
E290M,-5.391201497000001
E290N,-5.8052415910000015
E290P,-1.234768846
E290Q,-4.554761858
E290R,-4.939716384
E290S,-4.6750618
E290T,-4.003316339
E290V,-4.454490175
E290W,-3.086244456
E290Y,-4.688821388
L291A,-5.556240129
L291C,-5.273718527
L291D,-1.931457788
L291E,-3.97585621
L291F,-5.461889058
L291G,-1.771616605
L291H,-4.293221721
L291I,-5.066731428
L291K,-2.356556946
L291M,-4.87148099
L291N,-2.4454151530000003
L291P,-1.967207068
L291Q,-2.586587099
L291R,-4.122306372
L291S,-4.185375925
L291T,-2.871399464
L291V,-4.539212906
L291W,-4.962358198
L291Y,-4.2927319860000015
T292A,-4.909572957
T292C,-2.6902124780000003
T292E,-4.084970266
T292F,-5.1718941030000005
T292G,-3.601459499
T292H,-4.618754418
T292I,-3.540849517
T292K,-3.697444735
T292L,-3.434957822
T292M,-5.744803332999999
T292N,-4.959902515
T292P,-0.514939092
T292Q,-5.632316886
T292R,-5.089502699
T292S,-5.212413367
T292V,-5.244494744
T292W,-4.501281955
T292Y,-3.914369502
T293A,-2.774524924
T293C,-3.683059432
T293D,-3.727513015
T293E,-3.4436208460000004
T293F,-3.746194779
T293G,-3.793191448
T293H,-6.0806980610000005
T293I,-2.418803348
T293K,-4.910257562
T293L,-3.756214071
T293M,-4.175961262
T293N,-3.601433974
T293P,-5.961290326
T293Q,-3.625098861
T293R,-4.784190582
T293S,-5.047247083
T293V,-3.592565314
T293W,-3.3493302380000003
T293Y,-4.361152979
F294A,-4.969451712
F294C,-3.805296103
F294D,-3.51213416
F294E,0.114369298
F294G,-4.471313297
F294H,-3.06413032
F294I,-3.4768497010000003
F294K,-3.85840013
F294L,-3.80942851
F294M,-2.122041657
F294N,-6.251166305
F294P,-2.910741134
F294Q,-4.866692887
F294R,-4.278605065
F294S,-3.180824191
F294T,-2.602047449
F294V,-3.493409782
F294W,-4.381938054
F294Y,-5.050869852
D295A,-2.285529442
D295C,-3.37378885
D295E,-5.066706002
D295F,-2.080855489
D295G,-4.420701137
D295H,-4.677373869
D295I,-2.144319895
D295K,-3.134412322
D295L,-4.399675685
D295M,-4.103709834
D295N,-5.613358369
D295P,-2.882559255
D295Q,-3.760580732
D295R,-3.1107005310000004
D295S,-3.568540379
D295T,-3.495063562
D295V,-3.4447529930000003
D295W,-3.904462594
D295Y,-3.493618622
F296A,-5.040809868
F296C,-4.726786624
F296D,-3.955314386
F296E,-5.488639122
F296G,-3.660567389
F296H,-4.649800142
F296I,-4.163361225
F296K,-5.658558395
F296L,-5.4295881160000015
F296M,-4.507304018999999
F296N,-4.859629467
F296P,-5.542636156
F296Q,-5.623391064
F296R,-5.50988704
F296S,-5.183854859
F296T,-3.065889402
F296V,-4.358041579
F296W,-5.117067573
F296Y,-5.11979255
S297A,-4.403186528
S297C,-3.278184992
S297D,-2.96943723
S297E,-3.4436208460000004
S297F,-3.352116381
S297G,-2.020781225
S297H,-3.867361829
S297I,-4.137826133
S297K,-4.066731428
S297L,-3.78441061
S297M,-2.550048271
S297N,-4.315189909
S297P,-4.38392443
S297Q,-3.768513447
S297R,-4.103220734
S297T,-3.5752825360000005
S297V,-3.817392503
S297W,-0.53973982
S297Y,-4.520749047
Q298A,-4.273661082
Q298C,-4.615069793
Q298D,-5.3208843
Q298E,-4.848073698
Q298F,-5.710116137000001
Q298G,-3.930853299
Q298I,-4.200517935
Q298K,-5.920441986
Q298L,-3.914050394
Q298M,-4.352839024
Q298N,-4.331628011
Q298P,-4.833131618
Q298R,-4.536975649
Q298S,-4.385942187
Q298T,-4.17002691
Q298V,-3.992830481
Q298W,-4.559599029
Q298Y,-4.3485889360000005
Y299A,-4.4516172
Y299C,-1.848266721
Y299F,-4.32480602
Y299G,-5.159019986000001
Y299H,-5.426272689
Y299I,-5.23206916
Y299K,-4.635136946
Y299L,-4.82520113
Y299M,-5.497134942000001
Y299N,-4.484905531
Y299P,-1.298640208
Y299Q,-4.232580089
Y299R,-4.51072383
Y299S,-3.668701638
Y299T,-3.228115664
Y299V,-3.691606923
Y299W,-4.676955979
M300A,-3.71497765
M300C,-1.904768572
M300D,2.33537653
M300E,2.800743572
M300G,-2.133681072
M300H,2.489607001
M300I,-4.087195531
M300K,3.198335096
M300L,-5.0459557230000005
M300N,1.558791874
M300P,1.626675116
M300Q,-3.237714059
M300R,3.9212642
M300S,-3.553404656
M300T,-4.064794788
M300V,-4.348590375
M300W,1.660778891
M300Y,3.417477059
K301A,-5.185963334
K301C,-4.876327825
K301F,-4.500961637
K301G,-3.326612209
K301I,-3.002238539
K301L,-4.874965484
K301M,-5.8078131310000005
K301N,-4.695262356000001
K301P,-0.120674079
K301Q,-3.867199983
K301R,-5.443620846
K301S,-3.1956487260000004
K301T,-3.815019305
K301V,-2.202672719
K301W,-3.552158255
K301Y,-2.580683236
L302A,-3.396729642
L302C,-2.671962934
L302D,3.690900953
L302E,1.782177973
L302F,-6.326936018
L302G,0.7864273820000001
L302H,-2.322253752
L302I,-1.533183823
L302M,-3.4269174810000003
L302P,1.249079569
L302Q,-3.236504796
L302R,0.423369745
L302S,-2.256676259
L302T,-1.920270395
L302V,-3.593711802
L302W,-3.187340326
L302Y,-2.860255797
D303A,-4.366633211
D303C,-4.151512069
D303E,-2.741350214
D303G,-1.98560928
D303H,-3.654907576
D303I,1.928639891
D303L,1.232596902
D303M,-1.018382227
D303N,-3.552313672
D303P,-3.4640442260000004
D303R,-4.189783366
D303S,-2.897008646
D303T,-5.102614222
D303V,0.286579469
D303W,0.7245701529999999
I304A,-2.97546953
I304C,-4.544662802
I304D,-3.810975298
I304E,-5.559599029
I304F,-4.100328571
I304G,-4.332622659
I304H,-4.07080766
I304K,-3.4281949160000003
I304L,-4.186874702
I304M,-5.286176565
I304N,-3.481626518
I304P,-2.076123853
I304Q,-4.296133252
I304R,-4.81278334
I304S,-3.809791696
I304T,-2.67057358
I304V,-4.93767232
I304W,-5.105103483
I304Y,-2.983445203
A305C,-3.641552604
A305D,-3.1717251560000004
A305E,-3.573179925
A305F,-2.892720062
A305G,-3.593204444
A305H,-4.329268445
A305I,-3.605978328
A305K,-3.536725616
A305L,-4.088053597
A305M,-3.200517935
A305N,-5.429613657000001
A305P,-5.155804182
A305Q,-4.179973316
A305R,-3.452726288
A305S,-4.610705278
A305T,-5.010541958999999
A305V,-3.846880981
A305W,-4.107373412
A305Y,-4.338860788
A306C,-5.329923434
A306D,1.597097636
A306E,2.3278531030000003
A306F,-2.486479068
A306G,-3.563212753
A306H,1.967567295
A306I,-2.481109211
A306K,3.2859049760000003
A306L,-4.0110166430000005
A306M,-5.096005957
A306N,-0.0797953999999999
A306P,0.589851915
A306Q,2.162965822
A306R,3.428676595
A306S,-5.485976633
A306T,-4.246860381
A306V,-4.7492685880000005
A306W,-1.105910953
A306Y,1.952050287
V307A,-3.661025503
V307C,-4.504877635
V307E,-5.8242757570000006
V307F,-3.565083915
V307G,-2.10908497
V307H,-4.119673257
V307I,-5.161412953
V307K,-5.678686344
V307L,-2.9528505660000004
V307M,-3.94864885
V307N,-3.527807722
V307P,-2.599048069
V307Q,-3.699973391
V307R,-4.609915414
V307S,-2.426607427
V307T,-3.316194999
V307W,-1.965557934
V307Y,-3.796466496
R308A,-5.217042534
R308C,-2.844023719
R308D,-2.323239642
R308E,-3.959649683
R308G,-4.618557319
R308H,-4.084054283
R308I,-2.809715826
R308K,-4.774262171
R308L,-3.752793777
R308M,-4.328582549
R308P,-1.7396012580000002
R308Q,-5.287910921
R308S,-4.689074739
R308T,-3.703118188
R308V,-3.921157323
R308W,-3.003129474
R308Y,-4.58606614
A309C,-5.71384299
A309D,-4.014229157
A309E,-4.1561981160000006
A309F,-1.682395383
A309G,-3.716845972
A309H,-3.217255183
A309I,-3.867364881
A309K,-4.913526262
A309L,-4.597360691
A309M,-4.645671864
A309N,-5.079307913
A309P,0.527743214
A309Q,-4.037296308999999
A309R,-4.826206342
A309S,-5.247211116
A309T,-4.980582769
A309V,-4.637692137
A309W,-4.060709364
A309Y,-5.149273044
L310A,-3.419816113
L310C,-3.912924037
L310D,3.193142678
L310E,3.943154827
L310G,0.938075211
L310H,-3.952669846
L310I,-3.772693539
L310K,4.142580733
L310M,-4.986009378
L310N,0.626182401
L310P,3.675536644
L310R,3.773665411
L310S,-0.435894446
L310T,-2.67275686
L310V,-1.968531245
L310W,-1.120752619
L310Y,-1.737169339
N311A,-2.253354442
N311C,-3.732469646
N311D,-2.665595941
N311E,-3.1655959410000003
N311F,-3.3688149860000003
N311G,-2.630401277
N311H,-2.275551501
N311I,-3.602411661
N311K,-0.351003468
N311L,-3.727361363
N311M,-3.776916398
N311P,-2.808471192
N311Q,-2.337920027
N311R,-2.929588116
N311S,-3.844339007
N311T,-3.741113568
N311V,-3.391271197
N311W,-2.414361756
N311Y,-2.390983763
L312A,-2.998884074
L312C,-1.884857293
L312D,-2.6352307980000003
L312F,-3.295000416
L312G,-1.998884074
L312H,-3.08705242
L312I,-4.160245037
L312K,-2.249926674
L312M,-1.744803333
L312N,-3.160245037
L312P,-2.381820036
L312R,-2.581048198
L312S,-3.2568916480000003
L312T,-2.699153039
L312V,-1.39688003
L312W,-1.259376506
L312Y,-2.57399672
F313A,-3.345656627
F313C,-4.167746794
F313D,-4.236066224
F313E,-4.296072414
F313G,-2.749640143
F313H,-2.813667886
F313I,-1.872792173
F313K,-3.138695794
F313L,-2.991727088
F313M,-4.509845994
F313N,-4.06365608
F313P,-3.286609458
F313Q,-1.702269087
F313R,-3.325046049
F313S,-3.992233575
F313T,-4.032709456
F313V,-3.352309779
F313W,-3.146901777
F313Y,-4.141919573
Q314A,-2.017384079
Q314C,-3.837089222
Q314D,-2.891696693
Q314E,-2.563016242
Q314F,-3.0361493910000004
Q314G,-1.637888129
Q314H,-2.583846575
Q314I,-3.844339007
Q314K,-1.855835067
Q314L,-2.849500849
Q314N,-2.844339007
Q314P,-2.363919565
Q314R,-2.9248834930000003
Q314S,-2.360117087
Q314T,-3.593400986
Q314V,-2.610906446
Q314W,-3.462807807
Q314Y,-4.207550752
G315A,-2.6028305
G315D,-3.583846575
G315E,-3.30046405
G315F,-3.754761949
G315H,-3.111335437
G315I,-4.308636877
G315K,-4.127427068
G315L,-2.764418821
G315M,-2.998884074
G315N,-3.088372387
G315P,-2.842686867
G315Q,-2.826559989
G315R,-3.184091779
G315S,-3.763006421
G315T,-2.637888129
G315V,-2.547242745
G315W,-3.676955979
G315Y,-4.053359
S316A,-4.860193437
S316C,-4.303795363
S316D,-4.224585718999999
S316F,-2.607637621
S316G,-3.255682094
S316H,-4.109231438
S316I,-2.937404158
S316K,-4.368739593
S316L,-4.089108832
S316M,-5.552158255
S316N,-3.692582263
S316P,-4.254925418
S316Q,-4.845344882
S316R,-5.301835527
S316T,-3.853557142
S316V,-3.092891965
S316W,-5.699323792
S316Y,-4.904462594
V317A,-4.320816381
V317C,-5.1479382760000005
V317D,-2.546504131
V317E,-4.418343866
V317F,-4.038786452
V317G,-3.866645163
V317H,-5.191469578
V317I,-4.045972868
V317K,-4.893705983
V317L,-4.434066434
V317M,-4.74304517
V317N,-2.190587654
V317P,-3.837089222
V317R,-4.316182252
V317S,-3.507845028
V317T,-3.532105072
V317W,-3.637888129
V317Y,-2.35650431
E318A,-5.580014467000001
E318C,-5.4895839760000005
E318F,-4.191731417
E318G,-4.728519402
E318H,-4.785202583999999
E318I,-5.753771576
E318K,-2.8244036510000003
E318L,-4.153024905
E318M,-4.866780538
E318N,-2.99701032
E318P,-5.982989953
E318Q,-4.03066173
E318R,-4.816686515
E318S,-5.565923463
E318T,-2.451568318
E318V,-4.418574963
E318W,-5.308636877
E318Y,-5.218009559
D319A,-3.628363988
D319C,-4.0112152760000015
D319E,-2.820751561
D319F,-4.993486971
D319G,-3.438855919
D319H,-5.474481964
D319I,-3.594640785
D319K,-4.3309743360000015
D319L,-5.116499265
D319M,-5.35664225
D319N,-3.5578170910000004
D319P,-3.924217586
D319Q,-3.993785143
D319R,-4.097657965
D319S,-4.641056246000001
D319T,-4.1402137360000015
D319V,-3.753767218
D319W,-5.166023197
D319Y,-3.987209404
T320A,-5.10704749
T320C,-4.484170239
T320D,-4.865561245
T320E,-3.977857175
T320F,-5.147053267
T320G,-4.306904243
T320H,-4.244929076
T320I,-2.572832048
T320K,-2.925559999
T320L,-4.281251724
T320M,-5.561693472000001
T320N,-4.164413188999999
T320P,-4.9728163080000005
T320Q,-3.957078688
T320R,-3.674132698
T320S,-3.865236718
T320V,-4.521081134
T320W,-4.918690359
T320Y,-4.895240116
T321A,-2.998884074
T321D,-1.536988297
T321E,-3.315415097
T321F,-4.030635545
T321G,-2.26191848
T321H,-3.750558442
T321I,-3.512740394
T321K,-3.493244574
T321L,-3.770338425
T321M,-4.398332492
T321N,-4.429301507
T321P,-2.838316942
T321Q,-3.522410912
T321R,-2.903463173
T321S,-3.844339007
T321V,-3.329765834
T321W,-2.382637459
T321Y,-4.03316044
G322A,-1.71278606
G322C,-5.22285063
G322D,-3.5589845510000004
G322E,-3.998884074
G322F,-2.880078832
G322H,-4.294840515
G322I,-3.792383684
G322K,-4.451142258
G322L,-3.782332271
G322M,-0.511043456
G322N,-4.87150488
G322P,-2.459639365
G322Q,-3.462651984
G322R,-3.3925791710000004
G322S,-4.06151399
G322T,-3.2842087939999995
G322V,-3.5813046010000003
G322W,-2.98184253
S323A,-4.404876434
S323C,-2.65859574
S323D,-5.614101794
S323E,-4.553733824
S323G,-3.555357499
S323H,-2.458538686
S323I,-3.886409345
S323K,-4.587939049
S323L,-4.864125984
S323M,-3.323044365
S323N,-4.856152806
S323P,-3.557386252
S323Q,-5.285748967
S323R,-3.507224087
S323T,-3.736270984
S323V,-5.3222123880000005
S323W,-2.161329907
S323Y,-4.17039314
Q324A,-4.994482235
Q324C,-4.061054468
Q324D,-5.691323163
Q324E,-4.202468641
Q324F,-5.047987554
Q324G,-4.598060152
Q324H,-4.551857756
Q324I,-5.10525827
Q324K,-4.755216183
Q324L,-4.362337598
Q324M,-2.9076563610000004
Q324N,-4.159716979
Q324P,-4.69085013
Q324R,-3.806881226
Q324S,-4.526313895
Q324T,-4.365102071
Q324V,-4.194805438
Q324W,-5.35664225
Q324Y,-1.6353606880000002
S325A,-3.68069107
S325C,-3.384220643
S325D,-3.087668577
S325E,1.017240772
S325F,-3.531627544
S325G,-3.136730322
S325H,-5.770915072999999
S325I,-2.19703648
S325K,-3.073527346
S325L,-1.859798183
S325M,-3.603231491
S325N,-2.786840093
S325P,-3.4749708480000003
S325Q,-3.239016635
S325R,-1.204271416
S325T,-3.931890695
S325V,-3.393399175
S325W,-5.231544831
S325Y,-1.6447198790000002
L326A,-2.28373203
L326C,-4.336144775
L326D,2.137971004
L326E,2.161934986
L326F,-2.36321629
L326G,1.325877964
L326I,-2.948612718
L326K,1.920631887
L326M,-5.504377455
L326N,1.669333654
L326P,1.36082067
L326Q,1.213762236
L326R,2.75534822
L326S,0.72336543
L326T,-1.09308972
L326V,-2.803517169
L326W,-0.334599499
A327D,-3.598178925
A327E,-4.281030637
A327F,-3.440247878
A327G,-3.131449307
A327H,-4.791338903
A327I,-3.11709166
A327K,-3.1380955489999995
A327L,-4.346305021
A327M,-4.226525682
A327N,-4.183809673
A327P,-2.238382606
A327Q,-3.5166748830000003
A327R,-2.911007263
A327S,-3.810490831
A327T,-4.471842753
A327V,-3.69009634
A327W,-3.349013114
A327Y,-4.565469932
A328C,-4.665466093
A328D,-2.744845382
A328E,-4.866948426
A328F,-4.03752091
A328G,-4.7104246
A328H,-3.32507161
A328I,-3.85156498
A328K,-4.132439551
A328L,-4.727750327
A328M,-5.028671001
A328N,-3.500521338
A328P,-3.698383342
A328Q,-5.374826467999999
A328R,-2.975851571
A328S,-5.244990413
A328T,-3.341511514
A328V,-4.423618462
A328W,-4.10166033
A328Y,-4.613331866
L329A,-3.096461182
L329C,-4.418157652
L329E,-3.492969776
L329F,-5.259729225
L329G,-2.569640669
L329H,-4.148903734
L329I,-5.1425053830000005
L329K,-4.827381186
L329M,-5.950668489
L329N,-4.421067476
L329P,2.251609187
L329Q,-3.666668188
L329R,-4.549820853
L329S,-4.148575598
L329T,-3.653480601
L329V,-4.076159397
L329W,-3.667853027
L329Y,-2.613878052
L330A,-2.674806232
L330C,-2.234562612
L330D,2.672993125
L330E,2.306666586
L330F,-2.531327681
L330G,-0.001179228
L330I,-5.257181432
L330K,1.8650228
L330M,-5.446078815
L330N,1.421998514
L330P,2.167351365
L330Q,0.907325303
L330R,1.971577481
L330S,-1.56521897
L330T,-2.2764215130000003
L330V,-2.552146891
L330W,-0.312003345
L330Y,-2.181388009
N331A,-3.741419923
N331C,-4.2732808360000005
N331D,-4.386960905
N331E,-2.325090409
N331F,-3.172530656
N331G,-4.0165083
N331H,-4.29277649
N331I,-2.180058518
N331K,-2.355650852
N331L,-2.951887542
N331M,-3.266087139
N331P,1.287762263
N331R,-4.065625474
N331S,-4.456350206000001
N331T,-3.42336541
N331V,-2.676285107
N331W,-1.794410482
N331Y,-3.341399918
K332A,-4.977680175
K332C,-5.5368758520000005
K332D,-2.75344505
K332E,-4.856872128
K332G,-3.582256068
K332H,-4.468907547
K332I,-3.3938402410000004
K332L,-2.834147072
K332M,-3.4858496110000003
K332N,-4.226459389
K332P,-1.30665482
K332Q,-3.681727319
K332R,-4.024491097
K332S,-2.069888466
K332T,-2.013160221
K332V,-3.425935338
K332W,-2.666994024
K332Y,-3.04181658
C333A,-5.166089712
C333D,2.239374121
C333E,2.657361122
C333F,2.669082673
C333G,-2.214926867
C333H,1.864836484
C333I,2.31462846
C333K,2.337216144
C333L,2.5015003630000003
C333M,1.04030888
C333N,1.460820072
C333P,-0.093109308
C333Q,-3.130802764
C333R,2.796466107
C333S,-3.24151984
C333T,-3.503439208
C333V,-1.239735518
C333W,1.941470271
C333Y,2.773782974
K334A,-3.884507293
K334C,-1.981046631
K334D,-1.826749082
K334E,-3.007555008
K334F,-4.127961873
K334G,-3.856584498
K334H,-2.693845608
K334I,-2.89083819
K334L,-2.892956078
K334M,-0.286985625
K334N,-3.293882631
K334P,-1.692480779
K334R,-4.553340058
K334S,-3.043608462
K334T,-2.124549451
K334V,-3.564093113
K334W,-2.2417804830000003
K334Y,-2.220330245
T335A,2.133237149
T335D,2.099258437
T335E,2.945733285
T335F,1.455426201
T335G,0.366490921
T335H,1.905044515
T335I,-1.89707272
T335K,2.511256635
T335L,-4.244234663
T335M,-4.07610884
T335P,2.71087697
T335Q,0.7050323209999999
T335R,2.037567451
T335S,-4.1381335130000005
T335V,0.8999740190000001
T335W,2.747728843
T335Y,-0.93798417
P336A,-3.574104637
P336C,-3.371707207
P336D,-3.299762634
P336E,-1.321234263
P336F,-2.457655936
P336G,-2.711424887
P336H,-3.574086427
P336I,-3.681975258
P336K,-3.438471742
P336L,-4.896513587
P336M,-2.12246468
P336N,-3.882542175
P336Q,-2.74079139
P336R,-3.027373125
P336S,-3.04967315
P336T,-4.4437085
P336V,-4.244996735
P336W,-3.468640321
P336Y,-3.286208065
Q337A,-4.720775034
Q337C,-4.521322249
Q337D,0.67159318
Q337E,-3.620890693
Q337F,-3.280667864
Q337G,-4.052612873999999
Q337H,-4.829779102
Q337I,-1.856794526
Q337K,-0.359812515
Q337L,-1.359942082
Q337M,-2.404913376
Q337P,-3.777629335
Q337R,-3.260750238
Q337S,-3.813466322
Q337T,-2.928157393
Q337V,-2.89543511
Q337W,-4.012802457
Q337Y,-1.585357765
G338A,0.369298748
G338C,2.41389036
G338D,2.95410359
G338E,2.43374625
G338F,2.361389948
G338H,2.217071627
G338I,2.610704803
G338K,2.258259997
G338L,2.573846676
G338M,2.715475613
G338N,2.571322722
G338P,2.47098916
G338Q,2.761448321
G338R,2.61363666
G338S,2.437033024
G338T,2.500176508
G338V,2.609385449
G338W,2.979105788
G338Y,2.802101827
Q339A,-2.837810927
Q339C,-5.167643084
Q339D,-2.780273712
Q339E,-4.513074702
Q339F,-3.472260599
Q339G,-3.672128359
Q339H,-5.126030277
Q339I,-3.517821323
Q339K,-6.3534611
Q339L,-4.027413033999999
Q339M,-6.375690077000001
Q339N,-3.063465796
Q339P,-0.003521141
Q339R,-4.511005868
Q339S,-4.84208951
Q339T,-3.929391771
Q339V,-2.9263882060000004
Q339W,-1.407628532
Q339Y,-3.503082904
R340A,-2.274771762
R340C,-1.7906952130000002
R340D,-1.820022851
R340F,-2.631292005
R340G,-3.106406411
R340H,-2.709204695
R340I,-2.446970439
R340K,-3.23257449
R340L,-1.655480784
R340M,-1.338515926
R340N,-1.7925892680000002
R340P,2.448463334
R340S,-1.838080519
R340T,-1.270991202
R340V,-0.913188031
R340W,-1.054348208
R340Y,-3.654044345
L341A,-2.330493511
L341C,-3.544834201
L341D,2.322462719
L341E,-3.2840912760000003
L341F,-1.60008075
L341G,2.273334136
L341H,-1.766836939
L341I,-3.12582647
L341K,-5.146231693
L341M,-3.343152117
L341N,-0.854703448
L341P,2.512548143
L341R,-4.216298398
L341S,0.084671513
L341T,-4.28809492
L341V,-3.3138947999999995
L341W,-1.7402038709999998
L341Y,-0.759736262
V342A,-4.666396512
V342C,-4.853176208
V342D,1.863940929
V342E,1.136977769
V342F,-4.57444086
V342G,0.381367447
V342H,0.582366547
V342I,-2.454126647
V342L,-3.5379201410000003
V342M,-3.342239885
V342N,1.640349006
V342P,2.552469319
V342Q,-1.607986586
V342R,2.011891509
V342S,-1.257531793
V342T,-3.308477476
V342W,1.779841153
V342Y,1.5387309669999998
N343A,-3.213760624
N343C,-4.490624265
N343D,-4.028157529
N343E,-3.728925045
N343F,-3.362085205
N343G,-3.666309425
N343H,-4.044912619
N343I,-3.2306862360000004
N343K,-4.457532803
N343L,-4.490873468999999
N343M,-4.697597216
N343P,-1.3746733999999998
N343R,-3.478347706
N343S,-4.130924028
N343T,-4.0816120730000005
N343V,-4.485658804
N343W,-3.512793375
N343Y,-2.150249147
Q344A,-3.609800172
Q344C,-3.55848327
Q344D,-3.921628173
Q344E,-3.822354406
Q344F,-1.598350717
Q344G,-3.108036122
Q344H,-4.560003179
Q344I,-4.152734515
Q344K,-6.229870265
Q344L,-4.245595923
Q344M,-4.831703545
Q344N,-3.144740465
Q344P,2.590132231
Q344R,-3.961404309
Q344S,-4.278291393
Q344T,-2.427234026
Q344V,-2.516664897
Q344W,-2.699253249
Q344Y,-4.596040595
W345A,0.795407372
W345C,0.209658296
W345D,2.304698752
W345E,2.223126967
W345F,-3.070874889
W345G,2.746709569
W345H,0.365422677
W345I,-2.7146541980000003
W345K,2.423475019
W345L,-1.5756785640000002
W345M,-2.380493446
W345N,2.221043525
W345P,2.586242525
W345Q,-0.571055615
W345R,0.017736282
W345S,1.539430288
W345T,1.136608657
W345V,0.6946232529999999
W345Y,-4.1246283880000005
I346A,-1.906855965
I346C,-3.405248595
I346D,2.371999697
I346E,2.348985153
I346F,-3.32725632
I346G,1.313255375
I346H,1.528852406
I346K,1.969382677
I346L,-2.994483169
I346M,-4.073377555
I346N,2.282822027
I346P,2.661524453
I346Q,0.212867425
I346R,2.269743328
I346S,-1.014999431
I346T,-2.831126679
I346V,-4.369895539
I346W,2.182326258
I346Y,2.046564053
K347A,-4.56242172
K347C,-4.161676106
K347D,-0.765359378
K347E,-2.582115535
K347F,-3.075106041
K347G,-3.37168788
K347H,-4.32282918
K347I,-3.53260338
K347L,-4.135436785
K347M,-3.014197489
K347N,-2.423494078
K347P,-1.074501343
K347Q,-4.444693836
K347R,-3.4618961930000003
K347S,-5.024592154
K347T,-2.7606400630000003
K347V,-4.326266476
K347W,-1.904179606
K347Y,-2.000435405
Q348A,-3.995910695
Q348C,-3.93736553
Q348E,-1.749886126
Q348F,-1.636932664
Q348G,-4.013792986
Q348I,-2.95470289
Q348K,-3.891032756
Q348L,-3.058940063
Q348M,-4.249450331999999
Q348N,-2.148815911
Q348P,2.722503425
Q348R,-4.485486727
Q348S,-3.4495241610000003
Q348T,-3.589952182
Q348V,-3.61624109
Q348W,-1.005101021
Q348Y,-1.746950412
P349A,-2.769452341
P349C,1.203719645
P349D,2.940198873
P349E,2.54004373
P349F,2.502049799
P349G,-0.708097668
P349H,2.863225363
P349I,-1.182409998
P349K,2.649077684
P349L,2.5846128040000003
P349M,2.831411068
P349N,2.8062512460000004
P349Q,2.314901163
P349R,2.597865517
P349S,1.71578278
P349T,2.105589929
P349V,-2.450287264
P349W,2.628527572
P349Y,2.619858665
L350A,-2.2421507590000003
L350C,-3.529286361
L350E,-1.197681196
L350G,-0.53367031
L350H,-2.156535511
L350I,-2.344374578
L350M,-2.68174061
L350N,-1.3484574269999998
L350P,-1.715771979
L350Q,-3.381046872
L350R,-1.197389152
L350S,-1.752079439
L350T,-0.146592819
L350V,-2.691252146
L350W,-3.412074437
L350Y,-2.565662508
M351A,-4.226886906
M351C,-4.560599236
M351D,-1.076280214
M351E,-2.084938841
M351F,-4.175778763
M351G,-2.795360937
M351H,-2.130366396
M351I,-6.071553016
M351K,-5.454318735
M351L,-4.226956213
M351N,-3.796608949
M351P,0.878929857
M351Q,-4.097460535
M351R,-3.34140681
M351S,-2.779812148
M351T,-3.562081314
M351V,-4.352511645
M351W,-0.641358097
M351Y,-2.416609058
D352A,-5.209215588999999
D352C,-4.115832972
D352E,-4.791642272
D352F,-4.344521308
D352G,-3.801116659
D352H,-4.768173232
D352I,-3.490025287
D352K,-4.315211395
D352L,-3.709107241
D352M,-2.515238162
D352N,-3.3184727410000003
D352P,-0.960781663
D352Q,-4.305497759
D352R,-4.302717301
D352S,-4.476282306
D352T,-2.8070555130000003
D352V,-2.486180262
D352W,-3.170191712
D352Y,-4.663941003
K353A,-2.542059446
K353C,-3.571510589
K353D,-1.238427077
K353E,-4.5412012960000006
K353F,-4.3185118330000005
K353G,-3.063035376
K353H,-2.036381604
K353I,-4.827620196
K353L,-2.94744862
K353M,-4.209619578
K353N,-3.152800311
K353P,-3.919242877
K353Q,-3.8103733
K353R,-3.167812754
K353S,-3.533415283
K353T,-2.668935218
K353V,-3.744958916
K353W,-1.4526230569999998
K353Y,-4.203880524
N354A,-4.434927387
N354C,-2.76761591
N354D,-4.517384143999999
N354E,-4.30309931
N354F,-3.328061197
N354G,-4.468263203
N354H,-4.21839983
N354I,-4.008300053
N354K,-4.343177502
N354L,-2.954143663
N354M,-5.097982837
N354P,-4.252578358
N354Q,-4.7582290160000005
N354R,-4.15505556
N354S,-4.265429486
N354T,-3.194370888
N354V,-3.18705899
N354W,-5.355652323999999
N354Y,-3.780499039
R355A,-3.887457977
R355C,-4.494876688
R355D,-3.819239499
R355E,-4.760077519
R355F,-3.426227795
R355G,-4.2352450930000005
R355H,-3.249595723
R355I,-4.275432816
R355K,-5.213684076
R355L,-3.31446423
R355M,-4.2462359030000005
R355N,-2.320546785
R355P,-2.390428743
R355Q,-3.940780232
R355S,-3.983145716
R355T,-2.8258537610000003
R355V,-2.894092292
R355W,-3.396999117
R355Y,-3.787211932
I356A,-1.468446713
I356C,-1.507103928
I356D,2.929125203
I356E,2.976075241
I356F,2.742005002
I356G,2.78288445
I356H,2.848897764
I356K,2.518259827
I356L,-2.123346955
I356M,-5.5626676360000005
I356N,2.650345555
I356P,2.7101235960000003
I356Q,2.141922144
I356R,2.342016537
I356S,2.203992735
I356T,-0.124968508
I356V,-3.416896762
I356W,2.285977292
I356Y,2.454316805
E357A,-4.508075723
E357C,-4.945897246
E357D,-5.0412710380000005
E357F,-3.480308947
E357G,-3.987498218
E357H,-3.603334713
E357I,-3.077238859
E357K,-1.423480302
E357L,-5.004457703
E357M,-3.831337178
E357N,-5.531676868
E357P,2.744454127
E357Q,-3.730295703
E357R,-2.807578147
E357S,-4.795508142
E357T,-3.582990368
E357V,-3.082512279
E357W,-4.719342943
E357Y,-1.628390779
E358A,-4.28421575
E358C,-3.650216751
E358D,-5.145743028
E358F,-3.605570283
E358G,-3.9771407
E358H,-4.186897352
E358I,-4.309750842
E358K,-2.375611582
E358L,-2.01833775
E358M,-4.481183206
E358N,-3.3010595260000004
E358P,-1.92049443
E358Q,-3.236074675
E358R,-4.431205675
E358S,-4.278499347
E358T,-2.7398920710000003
E358V,-4.312059131
E358W,-3.753056568
E358Y,-2.66180941
R359A,2.726485603
R359C,3.0337562260000004
R359D,2.490023442
R359E,2.542202132
R359F,2.858898905
R359G,2.798537248
R359H,2.381710484
R359I,2.653250136
R359K,-4.352433241
R359L,2.546321832
R359M,2.420997437
R359N,2.011995794
R359P,2.699563994
R359Q,1.7444231980000002
R359S,2.490303157
R359T,2.303293722
R359V,2.43520456
R359W,2.610293376
R359Y,2.49833952
L360A,-4.164689181
L360C,-2.072387269
L360D,2.261201286
L360F,-0.372330244
L360G,-1.913291842
L360H,-3.805625637
L360I,-3.637816653
L360K,2.528708612
L360M,-2.633365313
L360P,2.802486016
L360Q,-2.34919781
L360R,1.901843723
L360S,-1.406415882
L360T,-0.626367795
L360V,-2.528620221
L360W,-1.233910668
N361A,-2.951877072
N361C,-3.836193844
N361D,-4.956890477
N361E,-3.837291896
N361F,-1.916068307
N361G,-2.743937271
N361H,-3.12147093
N361I,-1.182462251
N361K,-1.005593067
N361L,-1.179415726
N361M,-2.727145142
N361P,2.679845784
N361Q,-1.942239789
N361R,-2.584983294
N361S,-4.846518576999999
N361T,-2.957696865
N361V,-2.076705139
N361W,-4.475522592
N361Y,-2.835328207
L362A,-2.0373803390000003
L362C,-3.22087615
L362D,-0.82552117
L362E,-4.099195161
L362F,-4.750978245
L362G,-3.739058502
L362H,-4.305859814
L362I,-3.50212078
L362K,-1.914953137
L362M,-3.763383586
L362N,-4.927691633999999
L362P,1.722840706
L362Q,-4.457307392
L362R,-3.749515981
L362S,-3.486946957
L362T,-3.254422553
L362V,-3.843180617
L362W,-3.925321328
L362Y,-3.921155135
V363A,-3.1003357780000003
V363C,-3.654823749
V363F,1.510540653
V363G,-2.0552509530000003
V363H,1.055704743
V363I,-2.0933829
V363K,2.303044829
V363L,-2.514303923
V363M,-5.438678919
V363P,2.735426877
V363Q,-1.993939336
V363R,2.7553021760000003
V363S,-1.309729299
V363T,-3.3140744410000003
V363W,2.864619052
V363Y,2.410992246
E364A,-3.452317026
E364C,-3.972202944
E364D,-2.5224988130000003
E364F,-1.53012372
E364G,-3.627468515
E364H,-2.803314653
E364I,1.631972414
E364L,-0.213218675
E364M,-1.843411461
E364N,-1.954606917
E364P,2.700316472
E364Q,-2.788990187
E364R,0.401212538
E364S,-3.2934550280000003
E364T,-3.808168718
E364V,-1.009342806
E364W,-2.362218262
E364Y,-1.002782967
A365C,-2.682807256
A365E,-4.801877173
A365F,-3.90133802
A365G,-3.267745925
A365H,-4.309953858
A365I,-4.242704212
A365K,-3.020743173
A365L,-3.049152353
A365M,0.061363613
A365N,-2.781917851
A365P,-3.517334575
A365Q,-3.957056955
A365R,-4.017626365
A365S,-4.067731542
A365T,-4.121349501
A365V,-4.231434396
A365W,-4.3697279280000005
A365Y,-4.420970255
F366A,-3.275561009
F366C,-3.478483686
F366D,3.285176828
F366E,1.020107426
F366G,-4.594598225
F366H,-2.507061906
F366I,-3.170058542
F366K,-2.101106618
F366L,-2.868168245
F366M,-4.659512643
F366N,-3.617670369
F366P,-0.283265801
F366Q,-4.369779475
F366R,2.5155659
F366S,-2.617215286
F366T,-3.447122292
F366V,-2.346702077
F366W,-1.648627176
F366Y,-3.990276686
V367A,-4.363962125
V367C,-3.050707794
V367D,-2.696239732
V367E,-3.683231686
V367F,-4.879917618
V367G,-3.800417924
V367H,-5.001888237
V367I,-3.853712071
V367K,-4.436790315
V367L,-3.950051561
V367M,-4.969193636
V367N,-3.669960484
V367P,2.501618937
V367Q,-3.964963669
V367R,-4.163678559
V367S,-4.510718423999999
V367T,-5.144970981
V367W,-2.518510261
V367Y,-3.601632597
E368A,-4.517465842
E368C,-3.47219389
E368D,-3.2338604930000003
E368F,-3.882453243
E368G,-4.468199205
E368H,-2.475390017
E368I,-3.717175157
E368K,-4.097652569
E368L,-4.846516455
E368M,-4.892206965
E368N,-3.532960695
E368P,-4.35674065
E368Q,-4.262467587
E368R,-4.148109389
E368S,-4.772792098
E368T,-3.5399119760000004
E368V,-4.567000441
E368W,-3.693487372
E368Y,-4.485767743
D369A,-3.516962529
D369C,-3.728654827
D369E,-3.4531307460000003
D369F,-2.9781261710000004
D369G,-4.0918761560000005
D369H,-4.651438447
D369I,-4.236161366
D369K,-4.653905258
D369L,-3.264363748
D369M,-3.3452451830000003
D369N,-4.523422073
D369P,-3.428764101
D369R,-3.902845612
D369S,-4.401332649
D369T,-3.133532038
D369V,-1.877475364
D369W,-4.1229030510000015
D369Y,-5.434185726
A370C,-4.894096791
A370D,-3.854555667
A370E,-4.528892988
A370F,-4.027234189
A370G,-4.457044606
A370H,-4.599606201
A370I,-2.975377654
A370K,-4.20326168
A370L,-3.666873137
A370M,-3.798788923
A370N,-4.087460947
A370P,-5.056611619
A370Q,-3.975334132
A370R,-4.6058612430000005
A370S,-5.11173576
A370T,-2.950109332
A370V,-3.612708319
A370W,-3.866343628
A370Y,-3.354817647
E371A,-2.784942968
E371C,-2.085739822
E371D,-5.288060566
E371F,-3.364754376
E371G,-2.982741679
E371H,-2.7524231130000003
E371I,-2.864663568
E371K,-3.209658807
E371L,-3.743952459
E371M,-1.978597357
E371N,-3.4712346339999995
E371P,-2.482503924
E371Q,-2.727142119
E371R,-3.949714944
E371S,-3.93160595
E371T,-3.821410567
E371V,-4.654060062
E371W,-4.3687101130000014
E371Y,-3.76177255
L372A,-2.746470733
L372C,-4.225857269
L372D,-3.682906923
L372F,-1.709972465
L372G,-2.817576012
L372H,-2.570049226
L372I,-2.469013613
L372K,-2.390272754
L372M,-3.035681587
L372N,-3.889632855
L372P,-1.3827325819999998
L372Q,-2.506870749
L372R,-3.145747654
L372S,-3.0094962830000003
L372T,-3.214519707
L372V,-3.612389846
L372W,-3.920827982
L372Y,-3.92617509
R373A,-3.504846316
R373C,-1.558691319
R373D,-1.5919555280000002
R373E,-3.593997024
R373F,-3.54376412
R373G,-3.174025354
R373H,-4.7420976260000005
R373I,-3.572932565
R373K,-2.442248238
R373L,-3.796458661
R373N,-3.642754507
R373P,-3.46090332
R373Q,-3.481884184
R373S,-4.51999772
R373T,-3.131893139
R373V,-2.879334072
R373W,-3.74347635
R373Y,-4.535308427
Q374A,-3.579095957
Q374C,-3.356035977
Q374D,-1.942981214
Q374F,-3.52479107
Q374G,-2.853338864
Q374H,-1.496599306
Q374I,-2.959504421
Q374K,-5.01736669
Q374L,-2.498331951
Q374M,-3.564598114
Q374P,-2.378326071
Q374R,-2.928700482
Q374S,-3.704848028
Q374T,-2.78054731
Q374V,-3.773408251
Q374W,-2.347769308
Q374Y,-4.03934428
T375A,-1.977617805
T375C,-4.51831843
T375D,-3.103442894
T375E,-3.183047818
T375F,-3.560699559
T375G,-2.7337317860000003
T375H,-3.584986557
T375I,-2.561440986
T375K,-3.678694027
T375L,-3.573941033
T375M,-4.688947525
T375N,-2.926402329
T375P,-4.638454462
T375Q,-4.136976347
T375R,-2.402648714
T375S,-3.722499102
T375V,-3.639996286
T375W,-3.146693549
T375Y,-3.778462427
L376A,-3.778808973
L376C,-3.590643654
L376D,-2.964074001
L376E,-1.985432427
L376F,-3.065619594
L376G,-2.547546722
L376H,-2.9285149230000003
L376I,-3.052856532
L376K,-3.17713654
L376M,-3.0372884410000003
L376N,-4.024485765
L376P,-0.92413069
L376Q,-3.554522359
L376R,-1.946465361
L376S,-2.750255374
L376T,-1.589224255
L376V,-2.855371975
L376W,-0.981147452
L376Y,-3.487636503
Q377A,-2.916757473
Q377C,-4.301106832
Q377D,-3.361622159
Q377E,-3.691440947
Q377F,-4.190088568
Q377G,-3.046386392
Q377H,-2.666217318
Q377I,-3.0253872530000003
Q377K,-3.990038969
Q377L,-3.1558292860000003
Q377M,-5.119648401
Q377N,-4.470818789
Q377P,-1.323210956
Q377R,-3.887475133
Q377S,-4.519613991
Q377T,-4.119209103999999
Q377V,-3.244481315
Q377W,-4.499920483
Q377Y,-4.26970673
E378A,-2.705530858
E378C,-3.528285069
E378D,-3.95160469
E378F,-3.441987159
E378G,-2.175578911
E378H,-4.036557548
E378I,-4.007335389
E378K,-3.887244561
E378L,-4.301724084
E378M,-4.957637507
E378N,-3.857021728
E378P,-4.137871877
E378Q,-5.177449103
E378R,-3.092617621
E378S,-4.027014089
E378T,-3.5644216760000003
E378V,-3.754906585
E378W,-3.427044689
E378Y,-3.73734095
D379A,-3.80445587
D379C,-4.778981506
D379E,-1.894905828
D379F,-4.554108333
D379G,-4.021507178
D379H,-2.100843834
D379I,-2.645432217
D379K,-2.158250692
D379L,-3.194872625
D379M,0.491741121
D379P,-3.520457037
D379Q,-2.666683481
D379R,-2.588939886
D379S,-3.386310757
D379T,-2.707413135
D379V,-3.4498403310000003
D379Y,-2.842444689
L380A,-3.15661536
L380C,-4.303096994
L380D,-4.493429124
L380E,-4.413906314
L380F,-1.081327964
L380G,-3.317319784
L380H,-4.58014665
L380I,-4.289192516
L380K,-3.467485417
L380M,-1.71583534
L380N,-2.453738831
L380P,-3.070126185
L380Q,-3.04784601
L380R,-2.8373740560000003
L380S,-2.993346405
L380T,-2.772962912
L380V,-4.034808397
L380W,-4.62758664
L380Y,-2.329821003
L381A,-2.679911902
L381C,-2.719519216
L381D,-3.1240348410000003
L381E,-2.708128957
L381F,-2.827303637
L381G,-2.076846499
L381H,-2.835037858
L381I,-1.246864204
L381K,-4.526674451
L381P,-2.336299982
L381Q,-3.1183515560000004
L381R,-2.001591231
L381S,-2.841526496
L381T,-2.351985147
L381V,-3.2739672539999995
R382A,-2.204151767
R382C,-1.861665808
R382D,-3.637265714
R382E,-2.630331445
R382G,-2.095884025
R382I,-2.438315877
R382K,-3.209530661
R382L,-2.418620974
R382M,-3.714771421
R382N,-4.07099838
R382P,-2.497809147
R382Q,-3.310638094
R382S,-1.746838956
R382T,-2.30175714
R382V,-2.738735742
R382W,-0.671938193
R382Y,-1.57694365
R383A,-2.445918074
R383C,-3.256068253
R383D,-2.421849093
R383E,-2.894980865
R383F,-2.623668303
R383G,-4.004310095
R383H,-4.145642051
R383I,-2.988640994
R383K,-5.108010844
R383L,-1.288826753
R383M,-4.767022646
R383N,-4.014099635
R383P,-1.448190045
R383Q,-2.378751726
R383S,-3.419123319
R383T,-1.5458381840000002
R383V,-3.001213395
R383W,-2.537657806
R383Y,-2.408612332
F384A,-3.230955643
F384C,-2.8913507810000003
F384D,-1.770883498
F384E,-4.447018581
F384I,-3.461195474
F384K,1.484262944
F384M,-1.168765964
F384R,-4.1095070730000005
F384S,-3.621664757
F384T,-2.480054823
F384V,-3.217656605
F384W,-2.601800097
F384Y,-3.053065666
P385A,-1.957328632
P385C,-3.5147542260000004
P385D,-0.913264363
P385E,-2.046511738
P385F,-4.5527995830000005
P385G,-2.984179017
P385H,-2.706524206
P385I,-2.589172626
P385K,-2.605614788
P385L,-2.326639596
P385M,-3.191821005
P385N,-4.000023328
P385Q,-4.189255647
P385R,-3.702541728
P385S,-2.778931399
P385T,-3.4033924
P385V,-3.032533289
P385W,-0.0871007459999999
P385Y,-2.690295634
D386A,-4.318042031
D386C,-2.680094542
D386E,-1.334097323
D386F,-2.638398482
D386G,-3.932167519
D386H,-3.693312511
D386I,-2.727658284
D386K,-2.380147349
D386L,-1.829126417
D386M,1.718129379
D386N,-3.809302244
D386P,-2.992046485
D386Q,-2.391873549
D386R,-3.597783429
D386S,-3.350214643
D386T,-2.458118682
D386V,-3.120104582
D386W,-2.225784486
D386Y,-3.845334477
L387A,-3.973731357
L387C,-3.26356945
L387E,-3.413617089
L387F,-3.993542096
L387G,-2.664563504
L387H,-3.198205144
L387I,-3.083168389
L387K,-2.217634562
L387M,-3.912045606
L387N,-1.852973843
L387P,-2.25541479
L387Q,-2.710674359
L387R,0.034165402
L387S,-4.032372942
L387T,-3.20314221
L387V,-3.440215682
L387W,-2.378052341
L387Y,-3.255199703
N388A,-3.790553757
N388C,-3.0058095060000003
N388D,-2.051754399
N388E,-2.597151727
N388F,-3.268621237
N388G,-2.954622199
N388H,-3.019659247
N388I,-2.952663994
N388K,-4.4202471160000005
N388L,-3.506924885
N388M,-3.637440611
N388P,-2.436822278
N388Q,-4.014348312
N388R,-4.745074685
N388S,-2.330390508
N388T,-2.881543979
N388V,-3.057001449
N388W,-2.1543222330000003
N388Y,-2.561716817
R389A,-2.707873915
R389C,-2.49626022
R389D,0.935219652
R389E,2.521188895
R389F,-2.591210095
R389G,-2.205187194
R389I,-2.4734353280000003
R389K,-3.381986494
R389L,-2.584030274
R389M,-2.402006096
R389N,-3.634027584
R389P,-1.54322745
R389Q,-1.551404131
R389S,-2.474002176
R389T,-2.384502186
R389V,-3.237375509
R389W,1.006798624
R389Y,-1.978896357
L390A,-3.249671252
L390C,-4.228406148
L390D,-2.648581839
L390E,-2.535172395
L390F,-2.88036179
L390G,-1.987283856
L390H,-3.484198417
L390I,-2.282590929
L390K,-3.888217387
L390M,-5.247945969
L390N,-1.482781004
L390P,-2.08246526
L390Q,-3.5384618060000004
L390R,-3.175074684
L390S,-2.494695605
L390T,-3.305371945
L390V,-1.726495746
L390W,4.648056973
A391D,-2.826809964
A391E,-1.641298603
A391F,-1.039271449
A391G,-4.489096837
A391H,-2.538116254
A391I,-2.021381598
A391K,-4.886220039
A391L,-3.258323137
A391M,-2.428653402
A391N,-3.3673342460000004
A391P,-3.533445738
A391Q,-3.606940882
A391R,-3.345406446
A391S,-3.62176825
A391T,-4.189183273
A391V,-2.215333616
A391W,-5.042959299
A391Y,-2.5274568530000003
K392A,-3.22455733
K392C,-2.626469681
K392D,-0.93954978
K392F,-3.121785573
K392G,-2.090145419
K392H,-3.588570799
K392I,-2.645367283
K392L,-1.997882376
K392M,-2.119775254
K392N,-3.4670328
K392P,-1.853676596
K392Q,-1.620917028
K392R,-3.536618636
K392S,-2.318670519
K392T,-2.365789886
K392V,-3.319206247
K392W,-2.301810982
K392Y,-2.3821809330000003
K393A,-3.04116189
K393C,-2.743995909
K393D,-2.075837046
K393F,-2.739676563
K393G,-2.68614073
K393H,-2.849891635
K393I,-1.3444239409999998
K393L,-2.042928412
K393M,-3.539372508
K393N,-2.399536192
K393P,1.0836574209999998
K393Q,-1.462793885
K393R,-3.106188118
K393S,-2.201560871
K393T,-1.433760704
K393V,-2.8893578
K393W,-3.0330005730000003
K393Y,-2.537589472
F394A,-3.120144249
F394C,-3.462578489
F394D,2.720375605
F394G,-2.502248919
F394H,-2.589406026
F394I,-4.065027853
F394K,-2.10362067
F394L,-3.489519302
F394M,-5.027791195
F394N,-2.194181268
F394P,2.099420718
F394Q,-2.719304925
F394R,0.5003001979999999
F394S,-3.546100833
F394T,-0.929435748
F394V,-2.446348737
F394W,-4.733530012
F394Y,-4.467006133
Q395C,-5.212863919
Q395D,-4.653786348
Q395E,-3.98635839
Q395F,-4.030828714
Q395G,-3.671163813
Q395H,-2.797987809
Q395I,-2.0025888
Q395K,-4.451919891
Q395L,-3.261730115
Q395M,-4.547563737
Q395N,-2.377545626
Q395P,-2.6740498
Q395R,-2.871826502
Q395S,-4.097418159
Q395T,-4.348938468
Q395V,-3.732004831
Q395W,-1.7998408819999998
Q395Y,-4.57863839
R396A,-1.647029003
R396C,-3.803724095
R396E,-1.247976481
R396F,-1.720630588
R396G,-2.45837194
R396H,-1.747040268
R396K,-3.271041728
R396L,-2.051804115
R396M,-0.797019189
R396P,-1.7403664369999998
R396Q,-2.858245347
R396S,-1.691816189
R396T,-3.785484396
R396V,-2.753406177
R396W,-1.192994551
R396Y,-2.19115468
Q397A,-4.027743663
Q397C,-3.700526433
Q397D,-4.125815582
Q397E,-4.426373713
Q397F,-4.734300183999999
Q397G,-3.435678261
Q397H,-2.569129553
Q397I,-2.474600156
Q397K,-4.385418691
Q397L,-3.761412059
Q397M,-4.550950955
Q397N,-4.438134117
Q397P,-4.340789779
Q397R,-3.405904881
Q397S,-3.356028252
Q397T,-3.004256259
Q397V,-3.477587052
Q397W,-2.752523077
Q397Y,-2.493602257
A398C,-3.860835612
A398D,-3.547076472
A398E,-2.9087895880000003
A398F,-4.085985485
A398G,-2.182150354
A398H,-2.996403912
A398I,-3.359187772
A398K,-5.078205719
A398L,-2.801408615
A398M,-3.47797151
A398N,-4.524585612
A398P,-3.554159031
A398Q,-3.85169655
A398R,-4.152828535
A398S,-3.70254379
A398T,-4.532785235
A398V,-4.030409438
A398W,-3.295112305
A398Y,-3.783510359
A399C,-3.831190901
A399D,-2.295093853
A399E,-3.793120305
A399F,-2.899176143
A399G,-3.676331239
A399H,-4.153554909
A399I,-3.199827695
A399K,-4.216188028
A399L,-3.296738804
A399M,-3.722188259
A399N,-2.5314779830000003
A399P,-2.668330191
A399Q,-2.769489608
A399R,-4.13869084
A399S,-3.249058523
A399T,-3.035891846
A399V,-2.331618074
A399W,-5.387431521
A399Y,-1.123889761
N400A,-3.182648547
N400C,-3.194175207
N400D,-3.009787011
N400E,-4.76762009
N400F,-2.992495655
N400G,-4.32476192
N400H,-3.291426333
N400I,-3.829748311
N400K,-5.206084583
N400L,-2.984278499
N400M,-5.579048816
N400P,-3.821833402
N400Q,-4.266291355
N400R,-4.394579513
N400S,-4.152233685
N400T,-4.082712073
N400V,-3.664879427
N400W,-3.399290862
N400Y,-4.065947489
L401A,-3.079423143
L401D,-0.175599187
L401F,-3.829433812
L401G,-2.8966046910000003
L401H,-1.538157481
L401I,-2.722928969
L401K,-0.792666035
L401M,-0.158595724
L401P,-1.5907812069999998
L401Q,-1.166549379
L401R,-1.51224647
L401S,-1.0213285559999998
L401T,-1.71001326
L401V,-1.309416937
L401W,-2.6499835
L401Y,-2.8109463710000004
Q402A,-2.352071221
Q402C,-3.321941105
Q402D,-1.580796595
Q402E,-2.50073041
Q402F,-2.419476134
Q402G,-3.017343199
Q402H,-2.712420308
Q402I,-1.741106841
Q402K,-4.45841409
Q402L,-3.277816535
Q402M,-2.792742563
Q402N,-1.291110987
Q402P,-3.043310585
Q402R,-4.224272556
Q402S,-4.2496589810000005
Q402T,-3.53449515
Q402V,-3.745173502
Q402W,-2.466587546
Q402Y,-3.5254232510000003
D403A,-3.507700107
D403C,-4.030331516
D403E,-3.529200405
D403F,-3.275942264
D403G,-3.312645087
D403H,-4.108107683
D403I,-3.941601458
D403K,-2.597684268
D403L,-3.515838613
D403M,-3.533433408
D403N,-2.317746412
D403P,-2.297346957
D403Q,-4.242969447
D403R,-2.658832097
D403S,-4.277757105
D403T,-4.249030084
D403V,-2.263739244
D403W,-2.077774165
D403Y,-4.881640248
C404A,-4.523117663
C404D,-3.010212993
C404E,-2.841702415
C404F,-2.353536196
C404G,-3.510171485
C404H,-2.569540374
C404I,-2.783987453
C404L,-3.987443225
C404M,-4.870365927
C404N,-5.186287021
C404P,-2.490744277
C404Q,-4.0195833410000015
C404R,1.169754217
C404S,-3.412053039
C404T,-3.869540234
C404V,-2.024208402
C404W,-1.283435681
C404Y,-1.04153323
Y405A,-2.346582519
Y405C,-1.84279584
Y405D,-0.966416488
Y405E,-2.8555833460000004
Y405G,-1.852941223
Y405H,-3.073518103
Y405I,-1.652201662
Y405L,-1.4519548080000002
Y405M,-3.351985147
Y405N,-3.121268017
Y405P,2.268966898
Y405Q,-2.644100456
Y405R,-1.629852206
Y405S,-1.927347771
Y405T,-2.69359433
Y405V,-2.65063959
Y405W,-3.652487703
R406A,-1.351692292
R406C,-2.525800851
R406D,-2.721991267
R406E,-1.482462203
R406F,-2.570089871
R406G,-3.510344044
R406H,-3.0257494510000003
R406I,-2.667371143
R406K,-3.238167083
R406L,-3.671767825
R406M,-2.276561091
R406N,-2.598370143
R406P,-1.356333843
R406Q,-0.7436067270000001
R406S,-3.129425077
R406T,-1.863035716
R406V,-2.999000839
R406W,-2.490409442
R406Y,-2.749867464
L407A,-3.11311745
L407C,-3.581578913
L407D,2.500221585
L407E,-1.946161661
L407F,-2.406545316
L407G,-2.6953335160000003
L407H,-3.505990428
L407I,-2.514827142
L407M,-3.670451608
L407N,-2.766775625
L407P,0.035913246
L407Q,-2.849005328
L407R,2.2801841830000003
L407S,-2.943602348
L407T,-3.692730142
L407V,-4.363521769
L407W,-3.45737616
L407Y,-2.6034237030000003
Y408A,-2.33929906
Y408C,-1.851077694
Y408D,-3.782260987
Y408E,-2.849389108
Y408F,-4.112202367
Y408G,-3.133755348
Y408H,-3.190522389
Y408I,-1.913315211
Y408K,-2.617951255
Y408L,-3.31376476
Y408M,-2.827628525
Y408N,-2.738716321
Y408P,2.845915901
Y408Q,-3.515154797
Y408R,-3.934371103
Y408S,-2.179240886
Y408T,-3.3944300000000003
Y408V,-3.355469972
Y408W,-3.780125951
Q409A,-3.672818323
Q409C,-4.327458106
Q409D,-3.893413055
Q409E,-3.083370813
Q409F,-4.076712113
Q409G,-3.295409467
Q409H,-2.484783831
Q409I,-2.8543108530000003
Q409K,-5.567800721
Q409L,-4.277907693
Q409M,-3.21867553
Q409P,-1.366387936
Q409R,-3.410843448
Q409S,-2.316703021
Q409T,-1.873446642
Q409V,-3.3068092460000003
Q409W,-4.406311115
Q409Y,-3.579330203
G410A,-4.46395744
G410C,-5.158707985
G410D,0.177919789
G410F,-4.096766276
G410H,-0.961116162
G410I,-2.47124451
G410K,-2.429334114
G410L,-2.699641147
G410M,-2.583187714
G410N,-1.826163247
G410P,-3.404710076
G410Q,-3.0113035910000003
G410R,-3.037310909
G410S,-2.687365579
G410T,-2.0724343480000003
G410V,-3.0484726060000003
G410W,0.495291772
G410Y,-2.559240411
I411A,-3.247323428
I411C,-4.024618253
I411D,-1.332375385
I411F,-5.114338901
I411G,-3.20773345
I411H,-3.010603502
I411K,0.284233886
I411L,-3.52141087
I411M,-0.869236204
I411N,-4.346053139
I411P,-1.048447658
I411Q,-1.433202379
I411R,0.458234325
I411S,-2.878670131
I411T,-2.570119241
I411V,-2.538110875
I411W,-4.197307919
I411Y,-3.399927068
N412A,-3.598589907
N412C,-3.905154623
N412D,-1.558888792
N412E,-2.371014689
N412F,-4.019227478
N412G,-3.624156397
N412H,-3.533868534
N412I,-3.3246795710000003
N412L,-3.595617714
N412M,-4.429503466
N412P,-2.23023085
N412Q,-3.573079721
N412R,-4.010794731
N412S,-3.422131106
N412T,-2.9164445710000004
N412V,-4.443512426
N412W,-2.45094204
N412Y,-3.295481782
Q413A,-3.870863734
Q413C,-2.575105904
Q413D,-3.17736754
Q413E,-2.755684917
Q413G,-4.007793193
Q413H,-1.317607301
Q413I,-2.489091188
Q413K,-4.818631798999999
Q413L,-3.275401422
Q413M,-1.843466423
Q413N,-3.483198347
Q413P,-4.152853051
Q413R,-3.037042646
Q413S,-3.809104441
Q413T,-3.223304684
Q413V,-2.641309287
Q413W,-3.0523320110000003
Q413Y,-3.730805904
L414A,-3.686900823
L414C,-3.510930081
L414D,2.157214609
L414E,-2.425643805
L414F,-4.560649755
L414G,-2.140302001
L414H,-0.99996961
L414I,-4.340789537
L414K,-1.181131511
L414M,-2.348919914
L414N,-3.156292767
L414P,1.766302329
L414Q,-1.29642824
L414R,0.887569895
L414S,-3.480931018
L414T,-1.714322429
L414V,-4.175408727
L414W,-0.244214984
L414Y,-1.01551989
P415A,-1.763308113
P415C,-3.618157167
P415D,-2.503865007
P415E,-3.072845244
P415F,-2.929315327
P415G,-3.869651228
P415H,-5.328541728
P415I,-3.957696262
P415K,-1.921770574
P415L,-2.549852797
P415M,-1.45232594
P415N,-4.305891842
P415Q,-5.411361452
P415R,-3.807252733
P415S,-4.0686442760000014
P415T,-2.522896607
P415V,-1.960375658
P415W,-2.843008439
P415Y,-2.6250226430000003
N416A,-2.758389194
N416C,-2.69879109
N416D,-1.367841473
N416E,-1.819176761
N416F,-1.149057822
N416G,-3.022084791
N416H,-2.941802759
N416I,-2.3894124
N416K,-2.225028042
N416L,-2.810271841
N416M,-0.7921689059999999
N416P,-0.887800755
N416Q,-4.311920847
N416R,-4.142592105
N416S,-1.853155141
N416T,-3.661887147
N416V,-3.325177798
N416W,-0.236705548
N416Y,-3.989849728
V417A,-3.055908212
V417C,-3.023329022
V417E,1.816361477
V417F,-3.281789455
V417G,-2.836880914
V417H,-2.471482824
V417I,-3.356917687
V417K,-2.098773149
V417L,-3.022344398
V417M,-4.479651504
V417P,-2.493559197
V417R,0.901620459
V417S,-3.091876417
V417T,-3.5811278260000003
V417W,-2.293646431
V417Y,-3.47989995
I418A,-3.385891118
I418C,-4.648967826
I418D,-2.911903588
I418E,-2.646625303
I418F,-3.2958934230000003
I418G,-3.381443859
I418H,-3.279547045
I418K,-2.956628657
I418L,-3.471655888
I418N,-3.114943663
I418P,-0.699249252
I418Q,-3.715537386
I418R,-2.723965273
I418S,-2.34662297
I418T,-2.599625709
I418V,-3.218455899
I418Y,-3.993242504
Q419A,-4.484841642
Q419C,-3.808795251
Q419D,-4.27765325
Q419E,-4.152230751
Q419F,-4.669412442
Q419G,-2.630526037
Q419H,-0.924919581
Q419I,-4.119340944
Q419L,-3.028171612
Q419M,-1.939267698
Q419N,-2.759822453
Q419P,-3.2969149310000003
Q419R,-4.145017078
Q419S,-3.428267742
Q419T,-2.580552454
Q419V,-1.898333431
Q419Y,-1.087606751
A420C,-1.827907373
A420D,-3.540267694
A420E,-3.477222412
A420F,-2.196176895
A420G,-4.067147988
A420H,-2.059440303
A420I,-2.304240619
A420K,-2.6848118110000003
A420L,-1.65456807
A420M,-2.046535413
A420N,-1.4482149990000002
A420P,-3.0123826910000004
A420R,-1.650471066
A420S,-1.525735359
A420T,-3.3517316910000003
A420V,-4.17236465
A420W,-2.44895846
A420Y,-2.003186419
L421A,-2.279081991
L421C,-3.78862952
L421D,3.965873456
L421E,3.82154599
L421F,-2.761566492
L421G,-1.984852633
L421H,-3.155735988
L421I,-3.0622980510000004
L421K,4.4425057180000005
L421M,-0.695563595
L421P,4.432352583999999
L421R,4.240591067
L421S,-1.780726731
L421T,-1.053105342
L421V,-3.970869211
L421W,-3.2563144260000003
E422A,-2.580345745
E422D,-0.903209408
E422F,-2.433335372
E422G,-3.633306527
E422H,-3.298905413
E422I,-2.472927108
E422K,-3.0061347730000003
E422L,-2.210815589
E422M,-5.256314426
E422P,-1.337436503
E422Q,-4.649913693999999
E422R,-2.204437472
E422S,-3.11086058
E422T,-3.021398425
E422V,-3.74379557
E422W,-4.363266527
E422Y,-3.480900687
K423A,-3.5249981260000003
K423D,-5.598453206
K423E,-3.583590859
K423F,-1.870095073
K423G,-2.650158801
K423I,-6.282984482000001
K423L,-1.047057435
K423M,-5.143626197
K423P,-1.125681361
K423Q,-2.480217132
K423R,-4.572824882
K423S,-2.063157351
K423T,-2.636974474
K423V,-3.277633505
K423W,-3.931917193
K423Y,-1.630065338
H424A,-2.856444505
H424C,-3.838758968
H424D,-3.0072658480000003
H424E,-2.154965746
H424F,-2.379837517
H424G,-2.199013236
H424I,-2.1180740730000003
H424L,-2.32780954
H424M,-3.967250266
H424P,-3.538753452
H424R,-0.8624810820000001
H424S,-2.164676106
H424T,-2.191356694
H424V,-2.802912381
H424W,-2.377930865
H424Y,-1.5945964330000002
E425A,-3.779396902
E425C,-2.563289847
E425D,-5.341830766
E425F,-2.576864566
E425G,-1.925861215
E425H,-2.804719674
E425I,-2.136677274
E425K,-1.489413696
E425L,-2.368425682
E425M,-1.708183082
E425N,-3.129933803
E425P,-1.446781259
E425Q,-2.047836077
E425R,-2.539825909
E425S,-2.374596785
E425T,-3.981194092
E425V,-2.164281618
E425W,-1.597497242
E425Y,-1.779235586
G426A,-3.434133279
G426C,-2.984452045
G426E,-1.876511689
G426H,-2.370920593
G426I,-3.49352893
G426K,-2.8000583910000003
G426L,-3.748201493
G426M,-2.559229506
G426N,-2.773383295
G426P,-2.407085848
G426Q,-3.262195625
G426R,-4.240414471
G426S,-2.748087969
G426T,-2.313634865
G426V,-4.792428051
G426W,-1.096895694
G426Y,-1.593448314
K427A,-2.363553627
K427C,-3.19883922
K427D,-2.8226357760000003
K427E,-4.230612376
K427F,-2.636049087
K427G,-4.037638558
K427H,-3.111062419
K427I,-2.537080315
K427L,-1.818173731
K427M,-2.65561923
K427N,-2.270468249
K427P,-2.787081432
K427R,-3.014284148
K427S,-3.403520856
K427T,-2.215447605
K427V,-2.496106662
K427W,-4.649678577
K427Y,-2.99098128
H428A,-2.63932365
H428C,-2.853433101
H428D,-3.514238135
H428F,-6.235043182999999
H428G,-3.993114797
H428I,-0.33776845
H428L,-2.254962034
H428M,-1.40866983
H428N,-3.32752466
H428P,-1.923201546
H428Q,-2.250997698
H428R,-2.902080429
H428S,-2.564137372
H428T,-2.841127756
H428V,-2.7876970130000003
H428W,1.78078206
H428Y,-2.325225881
Q429A,-3.4809238060000003
Q429C,-4.171855627
Q429D,-3.733484202
Q429E,-3.652424061
Q429F,-3.430774754
Q429G,-3.210432948
Q429H,-3.530382732
Q429I,-5.008916954
Q429K,-0.218926684
Q429L,-2.696874818
Q429M,-3.44272755
Q429N,-3.009049768
Q429P,-2.089907135
Q429R,-2.881592007
Q429S,-4.19539958
Q429T,-2.674738278
Q429V,-1.122438052
Q429W,-1.4588372859999998
Q429Y,-1.768902643
K430A,-4.581675883
K430C,-3.928013445
K430D,-1.6162457280000002
K430E,-3.713652409
K430F,-1.320355919
K430G,-3.265807788
K430H,-4.21917017
K430I,-1.494327926
K430L,-2.924200051
K430M,-2.184450491
K430N,-2.347728748
K430P,-2.860685327
K430Q,-2.991579457
K430R,-2.983057544
K430S,-1.852731635
K430T,-3.323507846
K430V,-3.67833654
K430W,-0.577749594
K430Y,-3.009010436
L431A,-2.598706529
L431E,-1.699369064
L431G,-2.939269972
L431H,-4.133613157
L431I,-2.097205221
L431K,-2.744384352
L431M,-0.283441991
L431N,-2.142664279
L431P,-1.900705207
L431Q,-1.279727184
L431R,-4.584765961
L431S,-3.611548384
L431T,-2.429095297
L431V,-2.052412087
L431W,0.467350392
L431Y,-2.08880534
L432A,-1.270689335
L432C,-2.696077084
L432D,-3.004821246
L432E,-4.372087274
L432F,-3.38932244
L432G,0.225648828
L432H,-2.407775336
L432I,-5.275148801
L432K,-1.384317897
L432M,-2.338276689
L432N,-4.326402819
L432P,-1.174218106
L432Q,-3.2020071160000003
L432R,-2.465207334
L432S,-1.977109616
L432T,-3.914100352
L432V,-1.367971416
L432W,-1.956799608
L432Y,-2.266462121
L433A,-2.402295707
L433C,-3.74523008
L433F,-1.845018649
L433G,-3.743830861
L433H,-2.48859609
L433I,-2.366152232
L433K,-2.740412112
L433M,-1.354293576
L433N,-4.228508338
L433P,-2.026343835
L433Q,-2.485999436
L433R,-1.275898952
L433S,-1.7491940540000002
L433T,-2.419495682
L433V,-3.611176544
L433W,-0.007940167
L433Y,-3.5653662930000003
A434C,-4.651983316
A434D,-2.725713102
A434E,-3.893829572
A434F,-2.2810662880000003
A434G,-2.646260944
A434I,-2.087091704
A434K,-4.114680524
A434L,-3.138746336
A434M,-1.205790547
A434N,-3.748718395
A434P,-3.600720894
A434R,-3.188147784
A434S,-4.392080322
A434T,-3.670850774
A434V,-2.29169258
A434W,-0.303457221
V435A,-3.583106239
V435C,-1.978698827
V435D,-4.504354815
V435E,-3.130534436
V435G,-2.66163229
V435H,-3.895392842
V435I,-4.240049793
V435K,-1.868576233
V435L,-3.3260356110000004
V435M,-2.180507517
V435N,-4.112207385
V435P,-3.026347197
V435Q,-2.922408049
V435R,-3.878625388
V435S,-2.180856043
V435T,-3.006987734
V435W,-0.883904375
V435Y,-2.544360277
F436A,-0.605901714
F436C,-2.582187746
F436D,1.887781015
F436E,-1.555201646
F436G,-1.7798124730000002
F436I,-1.611761695
F436K,0.6881726229999999
F436L,-1.218625837
F436M,-0.996767426
F436N,-3.2888127660000004
F436P,4.097194964
F436Q,-2.128022736
F436R,4.498849817
F436S,-1.796495802
F436T,-2.357728919
F436V,-2.269277113
F436W,-4.210121608
V437A,-1.551826021
V437C,-3.598111863
V437D,-1.6288304619999998
V437E,-3.047224308
V437F,-2.47443969
V437G,-1.624884435
V437H,-3.315618514
V437I,-3.672104622
V437K,-2.12531023
V437L,-3.167041308
V437M,-2.362903982
V437P,-0.606427273
V437Q,-3.330425834
V437R,-2.345572043
V437S,-3.434899859
V437T,-2.653960426
V437W,-3.4393187110000003
V437Y,-2.428194555
T438A,-2.127915981
T438C,-2.399489848
T438D,-2.463166546
T438E,-4.118440478999998
T438F,-3.5015623380000003
T438G,-2.516844761
T438I,-2.810404869
T438K,-2.536535888
T438L,-2.891097629
T438M,-5.927005757000001
T438N,-4.093492816
T438P,-1.944336755
T438Q,-2.454633368
T438R,-2.7035841030000003
T438S,-0.537738762
T438V,-2.903122404
T438W,-2.481717909
T438Y,-2.217406019
P439A,-1.141955573
P439C,-3.335829372
P439D,-3.5692999210000003
P439F,-2.351768013
P439G,-2.269792383
P439H,-4.336763684
P439I,-1.555684239
P439K,-3.767214717
P439L,-2.7461824
P439M,-1.3354608959999998
P439N,-2.823241445
P439Q,-3.601642706
P439R,-3.687084906
P439S,-1.923206157
P439T,-3.371830507
P439V,-3.672549057
P439W,-0.814829902
L440A,-3.3268350680000003
L440C,-4.043568256
L440D,4.476830912
L440E,3.738946186
L440G,-1.870217308
L440H,0.7101180509999999
L440I,-2.781002842
L440K,1.22984294
L440M,-3.565819954
L440N,2.322132161
L440P,3.30747659
L440Q,-1.3968192430000002
L440R,4.607762703
L440S,-3.162258753
L440T,-2.7195043830000003
L440V,-2.250545377
L440W,-1.490454032
L440Y,-1.585356688
T441A,-2.372174729
T441C,-2.971935894
T441D,0.70497849
T441E,-1.12804924
T441F,-3.68373565
T441G,-1.529181867
T441H,-1.877586844
T441I,-3.201998588
T441L,-2.222507322
T441N,-1.851913777
T441P,-0.971574148
T441Q,-2.544988759
T441R,-1.919944552
T441S,-2.290640456
T441V,-3.404962336
T441W,-3.153220933
D442A,-2.752220543
D442C,-2.73582821
D442E,-2.998169603
D442H,-2.646260944
D442I,-1.503168583
D442K,-3.790745173
D442L,-1.91711325
D442N,-2.454861497
D442P,-1.841580263
D442Q,-1.11614546
D442R,-2.468380911
D442S,-3.415705742
D442T,-2.219370899
D442V,-2.45552078
D442W,-2.013406099
D442Y,-4.152605308
L443C,-1.820408878
L443E,-2.111864453
L443H,-2.057448075
L443K,-3.160114409
L443P,0.991505281
L443Q,-0.820408878
L443R,-1.907202529
L443S,-2.773293534
L443T,-1.5944921419999998
L443V,-1.841869648
L443Y,-3.182978957
R444A,-1.808430848
R444C,-3.83817433
R444D,-3.838127641
R444E,-3.869703187
R444F,-3.145912566
R444G,-2.551318438
R444H,-3.1828115510000003
R444I,-1.664311797
R444K,-3.880293421
R444L,-2.668082617
R444M,-5.398333431
R444N,-2.918670602
R444P,-2.711386155
R444S,-3.821631483
R444T,-3.4937650810000003
R444V,-0.979650574
R444W,-4.6191395360000005
R444Y,-2.141609383
S445A,-1.943640576
S445E,-3.190392765
S445G,-2.864150955
S445H,-2.503949127
S445I,-3.402220161
S445K,-1.513124225
S445L,-2.122600797
S445M,-0.201011905
S445N,-3.071688707
S445P,-3.470979476
S445Q,-4.112298943
S445R,-1.3312025159999998
S445T,-1.816418543
S445V,-2.734229065
S445W,-1.0829240690000002
S445Y,-2.779352878
D446A,-2.018931659
D446C,-2.081208349
D446E,-1.813198285
D446G,-4.388569455
D446H,-2.031154478
D446I,-3.476139249
D446K,-3.277441962
D446L,-2.432099167
D446M,-2.581906814
D446N,-3.977361668
D446P,-3.154031479
D446Q,-2.653056673
D446R,-4.232722427
D446S,-2.660025192
D446T,-1.4897526230000002
D446V,-2.229624568
D446W,-4.802176865
D446Y,-2.678768353
F447A,-1.750848001
F447C,-5.107705642
F447D,4.075587315
F447E,4.34502449
F447G,-2.294747931
F447H,-3.260163071
F447I,-4.397482242
F447K,2.687558564
F447L,-4.068610999
F447M,-3.751619035
F447P,4.055838572
F447Q,1.047877033
F447R,2.90404672
F447S,-2.212496313
F447T,-2.572102483
F447V,-3.933040715
F447W,0.427891539
F447Y,-4.440272611
S448A,-3.17099726
S448C,-3.786261253
S448D,-3.031507384
S448E,-2.66621973
S448F,-3.779936314
S448G,-3.526757989
S448H,-3.251394553
S448I,-2.424835613
S448L,-3.097288968
S448M,-1.540993584
S448N,-1.746422877
S448P,-4.75305246
S448Q,-2.934685587
S448R,-3.310500814
S448T,-2.473297467
S448V,-2.810508845
S448W,0.344986223
K449A,-2.878042471
K449C,-3.110724559
K449D,-1.432706924
K449E,-2.202215777
K449F,-2.145725667
K449G,-1.87195556
K449H,-2.0702671880000003
K449I,-2.863357692
K449L,-2.310981501
K449M,-3.584175864
K449N,-2.538667394
K449P,-2.345163586
K449Q,-1.683154971
K449R,-0.707838748
K449S,-2.073656797
K449T,-3.529727116
K449V,-1.378545974
K449W,-3.360785103
F450A,-2.458552716
F450C,-3.074757507
F450D,2.681667491
F450G,-0.001317593
F450I,-0.336361629
F450K,2.654896347
F450L,-1.823677621
F450M,-3.844084168
F450N,-2.200385969
F450P,-1.904654243
F450R,3.942407449
F450S,-2.268792877
F450T,-2.119048085
F450V,-0.642196868
F450W,-2.025076158
F450Y,-2.9070446210000003
Q451A,-1.571442056
Q451C,-2.144430602
Q451D,-2.378743131
Q451E,-3.903121452
Q451G,-3.4822641310000004
Q451H,-4.22978571
Q451I,-0.573259754
Q451K,-4.219283948999999
Q451L,-2.9631000710000004
Q451M,1.31978755
Q451N,-1.825702053
Q451P,-1.30716778
Q451R,-2.306214185
Q451S,-3.299350806
Q451T,-2.145267375
Q451V,-0.278357954
Q451W,-2.709142002
Q451Y,-2.02378576
E452A,-3.915885945
E452C,-4.420707503
E452D,-3.151627053
E452G,-3.046541154
E452H,-1.169164396
E452I,-1.427743328
E452K,-2.7187797
E452L,-3.612476163
E452M,-1.138888427
E452P,-1.90861133
E452Q,-2.221791646
E452R,-2.855797121
E452S,-2.487436135
E452T,-3.644041907
E452V,-3.461954194
E452W,-1.749998939
E452Y,-1.777585247
M453A,-1.85462573
M453C,-2.267227019
M453D,-2.9111481880000003
M453E,-2.398333431
M453F,-4.26222115
M453G,-2.405371379
M453H,-4.415909888
M453I,-1.762764177
M453K,-2.083821763
M453L,-3.592279155
M453N,-4.360368524
M453P,-0.6115963529999999
M453Q,-2.434050961
M453R,-1.604456132
M453S,-2.6993689460000003
M453T,-3.597497242
M453V,-3.59109616
M453W,-0.7676655059999999
M453Y,-2.5177249880000003
I454A,-3.342573949
I454C,-3.4938073339999995
I454D,3.83702912
I454E,2.389363989
I454F,-0.193092344
I454G,-0.618373786
I454K,3.612917329
I454L,-1.289871528
I454P,4.638259131
I454R,4.298974692
I454S,-2.037720184
I454T,-3.208160253
I454V,-2.992428832
I454W,0.535769289
E455A,-3.103020899
E455C,-3.609365814
E455F,-4.603293352
E455G,-2.644638336
E455H,-2.041235607
E455I,-2.646346875
E455L,-3.47072683
E455M,0.111655059
E455N,-3.79210241
E455P,-3.54560099
E455Q,-4.311479182
E455R,-3.56488025
E455S,-2.801287748
E455T,-3.088036601
E455V,-3.536615912
E455W,-0.347773119
E455Y,-2.314895039
T456A,-2.605708308
T456C,-1.226527427
T456D,-3.058028404
T456E,-2.874925462
T456G,-4.568675758
T456H,-2.639049518
T456I,-2.72760749
T456L,-1.942666199
T456M,-1.695900946
T456N,-2.490565107
T456P,1.047664156
T456Q,-2.836643042
T456R,-2.28910052
T456S,-1.544731996
T456V,-1.564921514
T456W,-2.757543869
T456Y,-2.572698291
T457A,0.760277834
T457C,-3.98624837
T457D,-1.680231492
T457G,0.297674053
T457H,-1.288541237
T457I,-2.686352049
T457K,-1.032731811
T457L,-1.73551765
T457M,-5.294669246000001
T457N,-1.02917503
T457P,2.156441151
T457Q,-1.313595907
T457R,-0.947155311
T457S,-1.442197062
T457V,-2.980556159
T457W,-2.541052049
L458A,-1.291870072
L458C,-3.729184608
L458D,4.3582476560000005
L458E,2.2667429930000003
L458F,-3.16200606
L458G,1.134269229
L458H,1.140831711
L458I,-2.911614919
L458K,3.868418413
L458M,-0.854339917
L458N,2.5461308330000003
L458P,4.564303817
L458R,3.29184256
L458S,0.7851285920000001
L458T,-2.845174837
L458V,-2.878374123
L458W,1.986895811
L458Y,-1.794371701
D459A,-3.143408791
D459E,-2.495784316
D459F,-1.665132911
D459G,0.444088395
D459I,-0.6213425579999999
D459K,-1.11115636
D459L,-2.408570753
D459M,-3.560563306
D459P,2.126020664
D459Q,-0.217070896
D459R,0.651132192
D459S,-2.198012962
D459T,-0.076442186
D459V,-0.7973439999999999
D459W,-5.316834704
M460A,-2.44386639
M460C,-0.311024379
M460D,-1.248908807
M460E,-1.461556151
M460F,-3.765157022
M460G,-1.741909245
M460H,-3.062955512
M460I,-5.9765536510000015
M460K,-3.392466492
M460L,-2.834087556
M460N,-2.085142486
M460P,-1.819247611
M460R,-2.355699206
M460S,-2.0352410030000003
M460T,-1.456375931
M460V,-3.894168558
M460W,-0.333191179
M460Y,-3.785434292
D461A,-2.282289986
D461C,-2.383494835
D461F,-3.976201107
D461G,-1.325756226
D461H,-3.761102726
D461I,-3.424263138
D461K,-3.418689499
D461L,-3.525950129
D461M,-2.341594826
D461N,-3.179826957
D461P,-3.469550406
D461Q,-2.031823424
D461R,-2.682331291
D461S,-2.8999521460000004
D461T,-3.5727506460000003
D461V,-3.055473613
D461W,-3.081764294
D461Y,-3.486720274
Q462A,-3.241783719
Q462C,-3.392958441
Q462D,-2.120988108
Q462E,-3.555472035
Q462F,-2.879296244
Q462G,-3.480210861
Q462I,-3.202747244
Q462K,-3.270847348
Q462L,-4.032652486
Q462M,-3.497486312
Q462N,-2.689608901
Q462P,-1.898008611
Q462R,-3.57057363
Q462S,-3.174270275
Q462T,-2.951610069
Q462V,-4.408810945
Q462W,-4.380105569
Q462Y,-2.459825212
V463A,-4.864965077
V463C,-4.101702406999999
V463D,0.930863593
V463E,-1.155598945
V463F,-2.942727794
V463G,-2.320474374
V463H,-2.04979224
V463I,-3.367005083
V463K,-2.720749758
V463L,-2.660219696
V463M,-5.208305682
V463N,-1.912575059
V463P,-0.462388584
V463Q,-1.448511984
V463R,-1.837625603
V463S,-2.490999547
V463T,-1.927273411
V463W,0.4508939870000001
V463Y,-2.474052328
E464A,-3.14851815
E464C,-3.56646614
E464D,-3.401901697
E464F,-4.0174831730000005
E464G,-4.357273969
E464H,-3.775861411
E464I,-3.99345458
E464K,-2.665330388
E464L,-2.321544343
E464M,-3.211410575
E464N,-3.238461428
E464P,-2.641142323
E464R,-3.191793686
E464S,-2.491271781
E464T,-3.532459552
E464V,-3.424798619
E464W,-4.957421849
E464Y,-3.573235844
N465A,-3.701184956
N465C,-3.2159490280000003
N465D,-3.67671686
N465E,-2.992429155
N465G,-2.8996396360000003
N465H,-4.661588311
N465I,-3.077125209
N465K,-3.556066794
N465L,-2.943632693
N465M,-1.7245349980000002
N465P,-0.63963244
N465Q,-4.489972586
N465R,-3.912996668
N465S,-4.508553123
N465T,-1.6251621719999998
N465V,-3.846547356
N465W,-3.588227475
N465Y,-3.523556296
H466A,-4.009889468
H466C,-3.815689027
H466D,-2.953020802
H466E,-3.06959609
H466G,-4.2890181080000005
H466I,-1.329037068
H466K,-2.391375317
H466L,-1.246578461
H466M,-2.3056045380000003
H466N,-3.717153051
H466P,-0.485785959
H466Q,-3.595498222
H466R,-3.904972837
H466S,-2.281413646
H466T,-2.08001275
H466V,-1.850851871
H466W,-0.295115476
H466Y,-3.53017919
E467A,-3.78358855
E467C,-2.075194195
E467D,-5.051294872
E467F,-2.605444415
E467G,-2.7999104860000004
E467H,-2.752996538
E467I,-3.091876495
E467L,-2.792082671
E467M,-0.053205388
E467P,-1.144416223
E467Q,-1.619383417
E467R,-1.709147631
E467S,-2.444231019
E467T,-3.20471032
E467V,-3.125289015
E467W,-5.101129619
E467Y,-3.386657414
F468A,-1.635145268
F468C,-2.135494977
F468D,2.894648113
F468E,2.314427669
F468G,0.461420096
F468H,-3.528997522
F468I,-1.260800807
F468K,-2.006936894
F468L,-4.010784322
F468M,-1.711099411
F468N,1.032428359
F468P,-2.100698373
F468R,-1.5796562230000002
F468S,0.596138261
F468T,-0.573248202
F468V,-1.249733304
F468W,-4.049522893
F468Y,-3.19375967
L469A,-1.452987012
L469C,-3.425071924
L469D,0.5137716
L469F,-4.106605589
L469G,-1.248922369
L469H,-3.748265627
L469I,-2.752527927
L469K,-2.5464424
L469M,-2.442707795
L469N,-1.5557133
L469P,-0.134458678
L469R,-3.20257955
L469S,-2.793409764
L469T,-3.329428657
L469V,-2.305666237
L469W,-4.76393269
L469Y,-1.993743356
V470A,-1.909452951
V470C,-4.093875369
V470D,3.562312714
V470E,4.33620327
V470F,2.057850924
V470G,3.142340752
V470H,3.628549507
V470I,-1.569253372
V470K,3.736395374
V470L,-2.0423540630000003
V470M,-0.605518695
V470N,3.843263099
V470P,2.568141495
V470Q,3.978360732
V470R,3.885234214
V470S,2.446681428
V470T,-1.062889487
V470W,3.001016129
V470Y,3.283839625
K471A,-2.392864768
K471C,-3.445138704
K471E,-4.40208818
K471G,-2.620316421
K471H,-2.44123238
K471I,-2.432296543
K471L,-2.286290527
K471M,-1.971813582
K471N,-2.296322101
K471P,-1.637859732
K471Q,-1.37432349
K471R,-3.153959385
K471S,-2.748229402
K471T,-2.744885262
K471V,-3.107566813
K471W,-4.5732783580000005
K471Y,-2.693874653
P472A,-1.619001555
P472C,-5.030221502
P472D,-2.33664548
P472E,-2.817246215
P472F,-1.921146499
P472G,-4.078874714
P472H,-2.893674149
P472I,-1.52642009
P472K,-3.442987102
P472L,0.508616004
P472M,-3.0004905710000003
P472N,-1.751576772
P472Q,-2.75901769
P472R,-1.6070423109999998
P472S,-2.406259699
P472T,-2.314296699
P472V,-3.604076346
P472W,-2.66226855
S473A,-2.917900758
S473C,-3.523740299
S473D,-3.038956552
S473E,-2.243722094
S473F,-3.14502044
S473G,-3.000280564
S473H,-2.618841256
S473I,-2.67410128
S473K,-1.181943836
S473L,-1.185720959
S473M,-5.5305224110000015
S473N,-4.548647869
S473P,-2.9249131
S473Q,-4.378465348
S473R,-3.2055890860000003
S473T,-2.645277618
S473V,-3.879706901
S473W,-2.410349458
S473Y,-3.11429498
F474A,-0.7831430009999999
F474C,-2.726274015
F474D,-1.556654968
F474E,-2.116572919
F474G,-3.042394864
F474H,-2.660756255
F474I,-2.771542305
F474K,-2.924638248
F474L,-2.906645232
F474M,-1.526248491
F474N,-1.7296872819999998
F474P,-0.8572520859999999
F474Q,-2.144659716
F474R,-1.923135805
F474S,-1.260498835
F474T,-2.619180909
F474V,-3.736281751
F474Y,-3.274828945
D475A,-3.897331742
D475C,-4.024495557
D475E,-3.37609389
D475F,-1.619360671
D475G,-2.746185297
D475H,-3.663148203
D475I,-2.5556299730000003
D475K,-1.446507797
D475L,-3.688010465
D475M,-5.552270751
D475N,-2.7844165380000003
D475P,1.746574954
D475Q,-3.618127656
D475R,-2.852940173
D475S,-2.978388083
D475T,-2.619729908
D475V,-3.490556518
D475W,-2.810056958
D475Y,-3.148789052
P476A,-1.963776634
P476C,-3.773010636
P476D,-4.101348843999999
P476E,-2.890694224
P476F,-5.305302708999999
P476G,-2.443838808
P476H,-1.323764723
P476I,-4.821007665
P476K,-2.2792961330000003
P476L,-2.33836325
P476M,-5.032182265
P476Q,-3.541440612
P476R,-2.9764072880000003
P476S,-3.100496524
P476T,-3.857586673
P476V,-3.806610023
P476W,-3.928197763
P476Y,-4.32262064
N477A,-3.781576546
N477C,-3.04071691
N477D,0.253550777
N477E,-4.364134354
N477F,-2.9059978930000003
N477G,-3.148148088
N477H,-2.379479707
N477I,-2.872310928
N477K,-3.1295254160000003
N477L,-4.148165059
N477M,-0.497990231
N477P,-3.434198395
N477Q,-3.911527173
N477R,-2.648291099
N477S,-3.749844726
N477T,-2.916652945
N477V,-2.995224678
N477W,-1.4824823
N477Y,-3.1920753860000004
L478A,-2.073048514
L478C,-2.349048726
L478D,4.061499685
L478E,3.722196986
L478F,-2.644740543
L478G,0.775948937
L478H,1.691530041
L478I,-4.835467583
L478K,2.501275058
L478M,-4.846718108999999
L478N,2.389165946
L478P,3.19097387
L478Q,0.283300146
L478R,2.240400872
L478S,1.849413179
L478T,-0.5075845179999999
L478V,0.054264439
L478W,-4.242202811
L478Y,-2.8494059860000003
S479A,-2.6275684740000003
S479C,-3.78075509
S479D,-4.40419005
S479F,-2.628479579
S479G,-3.952325347
S479H,-4.763643552
S479I,-1.773648141
S479K,-3.50154555
S479L,-4.869339192
S479M,-4.316203393
S479N,-3.612688244
S479P,-2.794394345
S479Q,-5.021462328999999
S479R,-3.538684394
S479T,-1.782013254
S479V,-3.673726587
S479W,-2.68813734
S479Y,-4.508672914
E480A,-3.086062487
E480C,-2.69922776
E480D,-2.243839081
E480F,-4.676106944
E480G,-2.65724031
E480H,-2.501708949
E480I,-1.672487962
E480L,-1.805082377
E480M,-2.90453102
E480N,-3.082326031
E480P,-1.421357434
E480Q,-5.321084924
E480R,-2.7310532160000003
E480S,-2.698786215
E480T,-3.5985937760000004
E480V,-4.035876453
E480W,-3.157713147
E480Y,-1.986241385
L481A,-3.328717942
L481C,-4.438464294
L481D,0.786830163
L481F,-3.5486942710000005
L481G,-1.599723689
L481H,-4.21945716
L481I,-1.683403566
L481K,-3.34167362
L481M,-3.698615731
L481N,-1.885024786
L481P,-2.450613981
L481Q,-1.456327116
L481R,-3.371427663
L481S,-1.830651594
L481T,-2.7392546330000003
L481V,-4.5857186180000005
L481W,-3.594774029
L481Y,-0.50949054
R482A,-3.126851701
R482D,-2.032728638
R482E,-0.989545272
R482F,-2.485773407
R482G,-2.779201524
R482H,-3.404801658
R482K,-1.695263358
R482L,-0.8411098840000001
R482M,-5.539632475
R482N,-3.094579407
R482P,3.314065329
R482Q,-2.271629024
R482S,-3.00609628
R482T,-1.044465763
R482V,-2.150027032
R482W,-3.458234754
R482Y,-1.194228243
E483A,-1.328245895
E483C,-4.21447079
E483D,-2.269053581
E483F,-4.145814176
E483G,-3.245275157
E483H,-0.8367056540000001
E483I,-2.457072043
E483K,-2.081400191
E483L,-1.965603684
E483M,-3.677907674
E483P,-2.190689242
E483Q,-3.713241588
E483R,-2.72223838
E483S,-2.196358572
E483T,-3.792431666
E483V,-4.182137023
E483W,-3.298575683
E483Y,-3.833321576
I484A,-4.081280888
I484C,-3.143962067
I484D,-2.081438692
I484E,-3.215389047
I484F,0.472665946
I484G,-3.012212842
I484H,-2.899228059
I484K,-3.874771023
I484L,-1.961834092
I484M,-3.120238442
I484N,-3.373475914
I484P,-1.334792216
I484Q,-2.938369481
I484R,-2.083186366
I484S,-3.4388224380000003
I484T,-2.20917211
I484V,-1.646550149
I484W,1.175236543
I484Y,-2.480252476
M485A,-2.003341389
M485C,-2.546039071
M485F,0.335193111
M485G,-0.86095089
M485H,-2.499035932
M485K,-3.869381901
M485L,-3.3324959030000003
M485N,-3.608092849
M485P,3.60726224
M485R,-2.430122333
M485S,-1.977053267
M485T,-2.619966474
M485V,-1.409461492
M485W,0.829892379
M485Y,-2.641006705
N486A,-4.486344474
N486C,-3.187230152
N486D,-4.28080274
N486E,-1.328689207
N486F,-3.234366729
N486G,-1.474479796
N486H,-2.8146227930000003
N486I,-2.51045314
N486K,-3.327712126
N486L,-2.241356759
N486M,-4.678838294
N486P,1.27478115
N486Q,-3.2285521530000003
N486R,-3.384145107
N486S,-4.554882562
N486T,-3.136805887
N486V,-3.973285652
N486W,-4.692489891
N486Y,-2.522555487
D487A,-1.581409561
D487E,-4.532509395
D487G,-3.567372845
D487H,-3.923091097
D487I,-3.3618008180000003
D487K,-3.250815772
D487L,-2.057582584
D487M,-1.635493754
D487N,-1.6966984369999998
D487P,-1.925260218
D487Q,-4.158385432
D487R,-3.69559096
D487S,-2.999309717
D487T,-4.31875027
D487V,-4.075546313
D487W,-4.299645994
D487Y,-3.933742942
L488A,-2.4056375290000003
L488C,-3.978575295
L488D,-1.654395501
L488E,-2.513451969
L488F,-5.559059916
L488G,-1.923934402
L488H,-3.41971243
L488I,-2.747349699
L488K,-1.327369457
L488M,-3.485622008
L488N,-1.323662252
L488P,3.715314689
L488Q,-1.914431702
L488R,-2.578822298
L488S,-2.935403553
L488T,-1.987186753
L488V,-2.871851979
L488W,-3.062868485
L488Y,-3.823768306
E489A,-4.090650857
E489C,-3.717615061
E489D,-1.511150776
E489F,-2.5363397880000003
E489G,-3.384550244
E489H,-3.056520294
E489I,-3.199056105
E489K,-0.331923496
E489L,-3.459148667
E489M,-2.273603664
E489N,-4.124401302
E489P,-2.513126736
E489Q,-1.735974081
E489R,-3.543254096
E489S,-1.339858445
E489T,-2.627627241
E489V,-3.838331465
E489W,-3.471995022
E489Y,-3.05891205
K490A,-4.013855105
K490C,-3.364685896
K490D,-2.862716242
K490E,-3.751564334
K490F,-5.1650032910000006
K490G,-2.7235583780000003
K490H,-3.328821038
K490I,-1.658067446
K490L,-3.678904735
K490M,0.5175177
K490N,-4.872103301
K490P,-1.815682984
K490Q,-3.056827673
K490R,-4.356951418
K490S,-2.488098247
K490T,-2.214535669
K490V,-3.359257575
K490W,-3.17973653
K490Y,-3.179495175
K491A,-2.421523544
K491C,-4.218200634
K491D,-2.621890114
K491E,-4.505839708
K491F,-3.144869068
K491G,-3.682633921
K491H,-2.354796964
K491I,-1.801780139
K491L,-2.87538347
K491M,-5.331742547
K491N,-4.223248816
K491P,-0.717716087
K491Q,-2.436320295
K491R,-2.917480015
K491S,-2.424709726
K491T,-4.029337965
K491V,-3.420909797
K491W,-2.063189476
K491Y,-2.656749957
M492A,-2.793523509
M492C,-3.941677428
M492D,3.661698357
M492E,3.207825605
M492F,-3.768735861
M492G,-2.325204539
M492I,-4.006200275
M492K,-3.413589423
M492L,-4.166745821
M492N,-0.904035866
M492P,3.753413477
M492Q,-2.121647733
M492R,-3.021914938
M492S,-3.531601795
M492T,-3.322297555
M492V,-1.564788457
M492W,0.036793072
M492Y,-4.559267167
Q493A,-3.975984017
Q493C,-3.280318985
Q493D,-1.925328643
Q493E,-4.197158388
Q493F,-3.813143764
Q493G,-3.495429897
Q493I,-3.4856411960000004
Q493K,-3.34513754
Q493L,-3.144885159
Q493M,-3.342712005
Q493N,-3.014192975
Q493P,-2.864062578
Q493R,-2.916490274
Q493S,-3.33426063
Q493T,-3.840620882
Q493V,-3.674045732
Q493W,-1.030061902
Q493Y,-2.465038721
S494A,-3.684796356
S494C,-4.433933953
S494D,-4.073633758
S494E,-2.377707599
S494F,-3.242817896
S494G,-2.619262512
S494H,-2.038694678
S494I,-1.94184213
S494L,-3.44214729
S494M,-2.955979875
S494P,-3.050802199
S494Q,-3.793081734
S494R,-2.576557947
S494T,-2.810581383
S494V,-4.051916833
S494W,-3.43199253
S494Y,-3.757563182
T495A,-4.079509538
T495C,-3.881137521
T495D,-4.266037832
T495E,-3.44399889
T495F,-3.1277661080000003
T495G,-2.079938142
T495H,-3.896938481
T495I,-2.407356397
T495K,-2.7987364660000003
T495L,-1.83905904
T495M,-3.625095008
T495N,-1.528156911
T495P,-0.267942829
T495Q,-2.779132564
T495R,-2.020301787
T495S,-1.967599602
T495V,-3.713065762
T495W,-4.680895858
T495Y,-1.4588446659999998
L496A,-3.503917815
L496C,-3.3531888110000003
L496D,4.034669605
L496E,-1.4365033269999998
L496F,-2.925962331
L496G,-2.587183205
L496H,-2.917638948
L496I,-1.255028267
L496K,-3.300628175
L496M,-4.275597809
L496N,-1.551362339
L496P,2.036325809
L496Q,-2.26407827
L496R,-4.5340811
L496S,-3.157875305
L496T,-3.416621648
L496V,-2.966028134
L496W,-1.959447548
L496Y,-2.832330821
I497A,-3.362295131
I497C,-3.049929054
I497D,-3.513047982
I497E,-2.767212817
I497F,-2.8950158260000003
I497G,-4.386340993999998
I497H,-2.608653839
I497K,-3.2363522710000003
I497L,-2.946478696
I497M,-5.980835385
I497N,-3.2387022080000003
I497P,-2.440795436
I497Q,-3.170374694
I497R,-3.566327632
I497S,-3.061267867
I497T,-3.62714663
I497V,-4.7869052430000005
I497W,-1.869438461
I497Y,-1.7805912819999998
S498A,-3.5832147460000003
S498C,-3.506183862
S498D,-2.586967555
S498G,-4.670746382
S498H,-2.917737479
S498I,-2.919006582
S498K,-2.78619064
S498L,-2.296642726
S498M,-2.404639754
S498N,-3.458790802
S498P,-2.610607074
S498Q,-2.872683791
S498R,-1.806535699
S498T,-3.473521346
S498V,-2.718818787
S498W,-4.932874753
S498Y,-2.1488977190000003
A499C,-2.193555396
A499E,-2.710899323
A499F,-0.8858115990000001
A499G,-4.407509318
A499H,-0.080334719
A499I,-1.001513434
A499K,1.016048197
A499L,-0.679883702
A499M,-2.435761537
A499N,-0.462340928
A499P,2.773395137
A499Q,-2.180670777
A499R,2.692173045
A499S,-1.474674668
A499T,-1.951523681
A499V,-2.826016358
A499W,1.308433511
A499Y,-1.870384212
A500C,-2.554311161
A500D,2.018911941
A500E,-1.076668265
A500G,-2.361459892
A500H,-3.281325397
A500I,-1.286108198
A500L,0.293957852
A500M,-1.759413586
A500N,-1.46688295
A500P,3.2417461610000005
A500Q,-3.038326494
A500R,-2.41060231
A500S,-2.95911433
A500T,-1.32172092
A500V,-1.624788714
A500W,0.048834005
A500Y,-2.133466448
R501A,-3.636985734
R501D,-1.173171093
R501E,-2.489157818
R501F,-2.014910414
R501G,-4.041406855
R501H,-3.640023563
R501I,-1.0154174
R501K,-5.467904197999999
R501L,-2.605786237
R501M,-3.042570132
R501P,-1.043671102
R501Q,-2.131701315
R501S,-1.222948317
R501T,-1.809154907
R501V,-3.575572868
R501W,0.52035235
R501Y,-3.660214232
D502A,-3.226459115
D502C,-4.1151270260000015
D502E,-6.306268936
D502G,-3.673304642
D502H,-3.711564033
D502I,-3.232310045
D502K,-2.6758001
D502L,-3.317246215
D502M,-4.789760833
D502N,-3.07191448
D502P,-2.136335124
D502Q,-3.512323529
D502R,-3.310454423
D502S,-3.5021203030000003
D502T,-4.052078782
D502V,-2.968565862
D502W,-2.036320893
D502Y,-4.3187577280000005
L503A,-0.319472896
L503C,-1.131541532
L503D,3.519184607
L503E,2.360132127
L503G,0.6852120140000001
L503H,-0.159800546
L503I,-3.155663337
L503K,3.2531762110000004
L503M,-5.474386629
L503N,0.601934413
L503P,3.722494227
L503Q,1.7811085830000002
L503R,2.469773200000001
L503S,-0.258571375
L503T,-0.890064972
L503V,-2.137815035
L503W,0.533819512
G504A,-3.689357576
G504C,-5.32352204
G504D,-3.340676764
G504E,-4.375181018999999
G504F,-2.789339415
G504H,-2.253525296
G504I,-2.10035926
G504K,-2.692302207
G504L,-1.972918813
G504M,-0.8478186409999999
G504N,-1.713080334
G504P,-0.743514595
G504Q,-2.357440719
G504R,-2.960559658
G504S,-2.397107146
G504T,-3.630911704
G504V,-3.084845789
G504W,-2.663631739
G504Y,-2.7396646710000003
L505A,-2.623898423
L505C,-4.502277589
L505D,1.583171934
L505E,1.164441332
L505F,-4.808564897
L505G,-1.629184721
L505H,-2.458431178
L505I,-3.647947653
L505K,-3.326195316
L505M,-1.525434402
L505P,0.873650503
L505Q,-2.437851588
L505R,-3.3263363060000004
L505S,-2.470241936
L505T,-1.26812037
L505V,-3.5011198410000004
L505Y,-2.902116107
D506A,-2.152635989
D506C,-4.27290012
D506E,-3.4063973030000003
D506F,-4.438162321
D506G,-3.431856348
D506H,-3.501790345
D506I,-2.874526735
D506K,-0.982267972
D506L,-3.0425031330000003
D506M,-4.955763168
D506N,-2.862813185
D506P,-3.686742441
D506Q,-3.940149002
D506R,-4.061022938
D506S,-3.181402094
D506T,-4.042676504
D506V,-4.606104644
D506W,-3.337633803
D506Y,-5.533420867999999
P507A,-4.492760781
P507C,-4.032540482
P507D,-4.203870598
P507E,-3.291045497
P507F,-1.416282331
P507G,-4.31555993
P507H,-4.233297144
P507I,-3.605357139
P507K,-4.284670045
P507L,-4.575512257
P507M,-4.613018933999999
P507N,-4.965508755
P507Q,-3.003726997
P507R,-3.907762200000001
P507S,-3.428831727
P507T,-3.474330113
P507V,-3.977717579
P507W,-4.6392895030000005
P507Y,-5.070809355
G508A,-3.559618367
G508C,-5.061116168
G508D,-1.17412771
G508E,-1.985069219
G508F,-3.627981959
G508H,-3.038495625
G508I,-2.99200352
G508K,-3.4471371310000003
G508L,-3.242181239
G508N,-4.984726151
G508P,-3.000563823
G508Q,-3.776098071
G508R,-3.222099445
G508S,-3.606977235
G508T,-3.070479254
G508V,-3.554125245
G508W,2.393566351
G508Y,-3.62315447
K509A,-1.908944186
K509C,-2.486819033
K509D,-1.511954885
K509E,-3.102556015
K509G,-1.940116778
K509H,-2.394460989
K509I,-3.911369049
K509L,-1.869143609
K509M,-3.313931615
K509N,-3.856922162
K509P,-3.331730143
K509Q,-2.46172157
K509R,-3.742258098
K509S,-3.188427832
K509T,-3.613386434
K509V,-3.52091873
K509W,-3.5898073310000003
K509Y,-2.375872215
Q510A,-3.234497147
Q510C,-2.691349235
Q510D,-4.341912502
Q510E,-3.829451142
Q510F,-4.186252794
Q510G,-4.099024548
Q510H,-3.865565359
Q510I,-4.112120698
Q510K,-3.976476638
Q510L,-3.962848992
Q510M,-4.111760034
Q510N,-5.55150521
Q510P,-3.731491517
Q510R,-3.184696183
Q510S,-4.419163689
Q510T,-3.853835873
Q510V,-3.404290017
Q510W,-4.315099327
Q510Y,-3.747253298
I511A,-3.151090135
I511C,-3.2990616110000004
I511D,3.285041699
I511E,2.895185687
I511F,-1.567582939
I511G,2.92485074
I511H,1.7947349190000002
I511K,4.287749468
I511L,-3.59421015
I511M,-4.748995853
I511N,3.695372399
I511P,-2.314422381
I511Q,1.316639545
I511R,3.0167904180000003
I511S,2.663796059
I511T,-3.084887654
I511V,-3.663181199
I511W,1.628480692
I511Y,1.811055976
K512A,-2.823407334
K512E,0.813128455
K512F,-3.132753961
K512G,-0.284980429
K512H,-4.1703135
K512I,-2.280439887
K512L,-2.4687784180000003
K512M,-3.569672154
K512P,2.665561394
K512Q,-2.795365655
K512R,-3.87605334
K512S,-2.755548398
K512T,-2.367114826
K512V,-1.855351731
K512W,-2.579656629
K512Y,-3.362653544
L513A,-1.599950716
L513C,-3.50348273
L513D,2.714851922
L513E,2.958283455
L513F,-4.025609155
L513G,-0.7404777690000001
L513I,-4.843631862
L513K,-3.132385139
L513M,-3.938789095
L513N,2.581196443
L513P,2.8850542060000004
L513Q,-2.149551474
L513R,-2.834763778
L513S,-0.842193422
L513T,-3.3525192130000003
L513V,-4.178368024
L513W,-1.678060333
L513Y,-2.227471758
D514A,-3.542910789
D514C,-3.446838517
D514F,-2.678368024
D514G,-3.4659579
D514H,-2.4080896000000003
D514I,-2.675924589
D514K,-2.4824245940000003
D514L,-4.898441885
D514M,-4.679444543
D514N,-3.142044889
D514P,-4.709874871
D514Q,-3.949451352
D514R,-4.248331095
D514S,-2.8502880810000004
D514T,-4.52727163
D514V,-4.52825752
D514W,-1.446764814
D514Y,-4.218411947
S515A,-3.249890798
S515C,-4.364561702
S515D,-3.113213664
S515E,-4.645884017
S515F,-2.041766522
S515G,-3.830774042
S515H,-4.7973721760000005
S515I,-2.509519542
S515K,-3.69785406
S515L,-4.880331791000001
S515M,-5.503826086
S515N,-4.671505881
S515P,-2.959516964
S515Q,-2.800170047
S515R,-3.941268238
S515T,-2.553734249
S515V,-4.367092386
S515W,-4.019893506
S515Y,-4.002910678
S516A,-2.661995091
S516C,-3.312604388
S516D,-1.054436212
S516E,-2.525011493
S516F,-3.492891487
S516G,-3.159296562
S516H,-3.429265178
S516I,-2.447363065
S516K,-2.9454816860000004
S516L,-2.650915368
S516M,-5.112120698
S516N,-3.919017473
S516P,-3.20072531
S516Q,-2.213181595
S516R,-3.754451765
S516T,-4.122066959
S516V,-4.007515456
S516W,-3.632127757
S516Y,-2.47729253
A517C,-3.984107968
A517D,-2.9101556310000003
A517E,-4.014842768
A517F,-3.18412337
A517G,-3.302127475
A517H,-4.77539466
A517I,-0.7973560890000001
A517K,-3.116650544
A517L,-4.692728762
A517M,-2.982477017
A517N,-3.774690563
A517P,-3.970454276
A517Q,-5.101870104
A517R,-3.342500767
A517S,-4.340190308
A517T,-2.565395674
A517V,-1.698601654
A517W,-2.274457729
A517Y,-1.112329128
Q518A,-4.013391231
Q518C,-3.492095048
Q518E,-2.569795629
Q518G,-5.028587883
Q518H,-4.361391465
Q518I,-5.254564963
Q518K,-4.436861128
Q518L,-4.595617253
Q518M,-4.613018933999999
Q518N,-5.042611818
Q518P,-4.901694401
Q518R,-2.119180411
Q518S,-4.405029819
Q518T,-3.539842845
Q518V,-4.973143918
Q518W,-4.666256551
Q518Y,-2.87078411
F519A,-4.219913834
F519C,-4.010756095
F519D,-2.890376303
F519E,-2.955341785
F519G,-2.985863293
F519H,-5.152323851
F519I,-1.352898134
F519K,-3.212211052
F519L,-3.939415187
F519M,-4.572665883
F519N,-2.149473771
F519P,-2.278917727
F519Q,-2.137670214
F519R,-4.420965271
F519S,-3.627987551
F519T,-4.482744412
F519V,-4.55633745
F519W,-1.678800626
F519Y,-3.748357296
G520A,-3.1601943560000003
G520C,-3.85624768
G520D,-3.01471787
G520F,-3.852107352
G520H,-3.497629204
G520I,-3.281751209
G520K,-3.795151283
G520L,-3.56525603
G520M,-3.650179948
G520N,-3.566127635
G520P,-1.841876494
G520Q,-4.886790369
G520R,-2.95674088
G520S,-4.17191261
G520T,-3.650736926
G520V,-3.711523979
G520W,-4.590733769
G520Y,-4.253135938
Y521A,-4.513188773
Y521C,-4.170814578
Y521D,1.4587930530000002
Y521F,-4.3383074110000015
Y521G,-2.252994008
Y521H,-2.287408222
Y521I,-5.254564963
Y521K,-3.627895224
Y521L,-2.032244854
Y521M,-4.5837943910000005
Y521N,-3.343645807
Y521P,-1.278664909
Y521Q,-3.070339499
Y521R,-4.469775041
Y521S,-4.237799541
Y521T,-4.594296785
Y521V,-3.79954871
Y521W,-4.631956432
Y522A,-4.136113113
Y522C,-4.432966476
Y522D,1.4900781
Y522F,-4.419372417
Y522G,-2.623513034
Y522H,-4.857013605
Y522I,-4.382411352
Y522K,-2.662670753
Y522L,-4.618130364
Y522M,-3.908474067
Y522N,-2.742071692
Y522P,3.388545587
Y522R,-4.611345101
Y522S,-3.233127905
Y522T,-4.343942829
Y522V,-4.02825752
Y522W,-4.019893506
F523A,1.262532062
F523C,-1.508057632
F523D,2.759662573
F523E,2.935145065
F523G,2.174774694
F523H,3.394288413
F523I,0.218371937
F523K,3.36189699
F523L,-4.843613962
F523M,-1.142447749
F523N,3.114257663
F523P,3.169061137
F523Q,3.200756394
F523R,3.243382638
F523S,3.547403928
F523T,2.899845359
F523V,2.034074031
F523W,-3.428594363
F523Y,-5.325615144
R524A,0.8115852509999999
R524D,3.021895898
R524E,2.035256341
R524F,1.289166812
R524G,0.956449335
R524H,-0.720116896
R524I,-0.153466942
R524K,-2.27948176
R524L,0.449257238
R524M,-0.157563723
R524P,3.334012003
R524Q,0.7787158559999999
R524S,0.399329719
R524T,-0.770330176
R524V,0.454775361
R524W,-0.191194501
R524Y,1.077426874
V525A,-4.220005944
V525C,-1.537533945
V525D,3.15578214
V525E,2.77602293
V525F,-2.775825129
V525G,-4.53204759
V525H,0.781062102
V525I,-2.551087477
V525K,0.592197105
V525L,-2.501693742
V525M,-3.808562357
V525N,1.756198647
V525P,2.882002447
V525R,0.562058281
V525S,-2.7599762510000003
V525T,-4.376972758
V525W,-1.619557897
V525Y,0.512981152
T526A,-4.369430032
T526C,-4.159899475
T526D,-1.288341321
T526E,-1.461903086
T526F,-3.0770099710000003
T526G,-3.761538363
T526H,-4.278516487
T526I,-2.33751656
T526K,-2.453438437
T526L,-3.787157438
T526M,-6.235949285
T526N,-1.519114159
T526P,-3.42932346
T526Q,-3.2585595410000003
T526R,-5.559151836
T526S,-3.464446879
T526V,-2.288646525
T526W,-0.047485422
C527A,-3.389184956
C527D,1.728664893
C527E,1.74020114
C527F,-3.120668747
C527G,-2.611392645
C527H,-4.048076222
C527I,-2.287398686
C527K,-3.304029312
C527L,-4.977444483
C527M,-4.2759486660000015
C527N,-2.84266574
C527P,-4.438266637
C527Q,-2.698147335
C527R,-2.4984541730000003
C527S,-3.667600016
C527T,-5.61130658
C527V,-4.691918051
C527W,-4.370762837
C527Y,-4.069908234
K528A,-2.419765046
K528C,-1.955994317
K528F,0.676029014
K528G,-2.065280001
K528H,-0.805215205
K528I,-1.677022796
K528L,-1.562004531
K528M,-2.048740606
K528N,-0.8666475359999999
K528P,-0.450975301
K528Q,-3.3167319010000003
K528R,-4.084821573999999
K528S,-3.4411803560000003
K528T,-2.470460895
K528V,-2.160781722
K528W,1.2046085359999998
K528Y,-0.356877311
E529A,-4.48562752
E529C,-5.842233268999999
E529D,-5.19751107
E529F,-4.369851247
E529G,-5.048137793
E529H,-4.391340669
E529I,-2.800713721
E529K,-4.2570986139999984
E529L,-4.175185269
E529M,-4.730136826
E529N,-4.381987308
E529P,-1.117864441
E529Q,-2.771840071
E529R,-4.783031006
E529S,-4.165779789
E529T,-4.884404582
E529V,-4.781259354
E529W,-4.8104649980000005
E529Y,-1.242640038
E530A,-4.237968732
E530C,-2.967836145
E530D,-2.328525311
E530F,-2.621839039
E530G,-1.827814056
E530H,-3.4148318860000004
E530I,-4.338396554
E530K,-1.941560142
E530L,-0.669996732
E530M,-2.568037546
E530N,-3.150451299
E530P,-0.590325901
E530Q,-4.278355495
E530R,-1.554866118
E530S,-4.354312545
E530T,-3.119164791
E530V,-3.638261577
E530W,-1.904410768
E530Y,-3.968687593
K531A,-3.687614352
K531C,-3.90051071
K531D,0.964845053
K531E,0.987233459
K531F,-3.481205009
K531G,-1.762937837
K531H,-1.666621434
K531I,-3.4905203460000003
K531L,-1.370266064
K531M,-4.650179948
K531N,-1.785118206
K531P,-1.839421941
K531R,-4.695865735
K531S,-1.747095783
K531T,-2.248257584
K531V,-2.614715835
K531W,-4.62681457
K531Y,-2.497930374
V532A,-4.084571529
V532C,-5.45052786
V532D,-2.92499036
V532E,-3.66400782
V532F,-3.226544381
V532G,-3.683226494
V532I,-3.3857934380000003
V532K,-1.558580198
V532L,-3.904217133
V532M,-2.032749862
V532N,-3.70140316
V532P,-2.872271337
V532Q,-3.323605886
V532R,-4.96876061
V532S,-4.404191715
V532T,-3.886132789
V532W,-4.705784915
V532Y,-3.721653664
L533A,0.025984876
L533D,2.144410602
L533E,2.246816538
L533F,-2.815587397
L533G,0.8501686559999999
L533H,-0.836894129
L533I,-3.990710614
L533K,1.734124307
L533M,-5.028056433
L533N,1.123214464
L533P,0.100148618
L533R,0.475237665
L533S,0.286485677
L533T,-2.732258862
L533V,-2.127710255
L533W,-1.304405112
L533Y,-3.757005909
R534A,0.340424222
R534D,0.7141919859999999
R534E,1.251588116
R534G,-0.306655808
R534H,-1.057736417
R534I,0.024557872
R534L,-0.110911507
R534M,0.418265784
R534N,-1.50116921
R534P,1.383484319
R534Q,0.8530281670000001
R534S,-0.914884859
R534T,-0.220019784
R534V,-0.164220075
R534W,-1.751088238
R534Y,-0.615503104
N535A,-2.799802485
N535C,-3.978579507
N535E,-2.209182075
N535F,-3.965267591
N535G,-4.019280043999999
N535I,-2.959278979
N535K,-5.923686405
N535L,-5.006098202
N535M,-4.569672154
N535P,-2.6208681940000003
N535Q,-3.453791626
N535R,-3.103534773
N535S,-4.333185849
N535T,-3.8396385
N535V,-2.968475489
N535W,-3.911369049
N535Y,-3.1119273030000003
N536A,-3.425917852
N536D,-3.619807421
N536E,-4.708589672
N536G,-3.817024596
N536H,-5.161508191999999
N536I,-2.897360403
N536K,-4.39287981
N536L,-1.408459209
N536M,-4.87605334
N536P,-0.343622244
N536Q,-4.897278563
N536R,-3.569908234
N536S,-4.635238434
N536T,-3.205036807
N536V,-4.513100282
N536W,-2.9205891860000004
N536Y,-4.255441901
K537A,-4.78906108
K537C,-5.045595557
K537D,-2.725580283
K537E,-3.808373871
K537F,-2.293004597
K537G,-3.94793774
K537H,-4.161666373
K537I,-3.535436974
K537L,-3.985653851
K537M,-3.955763168
K537N,-2.631670786
K537P,-5.248078801
K537Q,-2.673018909
K537R,-2.931123987
K537S,-4.611529976
K537T,-3.2602360860000004
K537V,-4.786960208
K537W,-4.084639962
K537Y,-4.334787513
N538A,-4.237912829
N538C,-3.1000124810000003
N538D,-3.481504527
N538E,-3.526790712
N538F,-5.2164743410000005
N538G,-3.147667752
N538H,-3.414028946
N538I,-5.547993668999999
N538K,-1.494371961
N538L,-2.632657142
N538M,-4.084639962
N538P,-2.79502614
N538Q,-4.909861747
N538R,-3.69234875
N538S,-3.475936266
N538T,-1.143009733
N538V,-3.511997855
N538W,-3.718723971
N538Y,-4.899780436
F539A,0.069139794
F539C,-1.500971129
F539D,2.342660438
F539E,2.428217076
F539G,0.727701484
F539H,-0.598192184
F539I,-3.220012924
F539K,3.3321163680000003
F539L,-2.713279957
F539M,-5.061116168
F539P,1.916529995
F539Q,0.666504585
F539R,2.365057117
F539S,1.1350592659999998
F539T,-1.304618109
F539V,-3.633034849
F539W,-5.015755744
F539Y,-4.362649296
S540A,-3.490715184
S540C,-3.635859709
S540D,-3.420816859
S540E,-3.165097323
S540F,-4.053900919
S540G,-3.375998253
S540H,-3.594555886
S540I,-4.718723971
S540K,-4.602816194
S540L,-4.687518515
S540M,-0.035630452
S540N,-4.5546314930000005
S540P,-3.638626026
S540Q,-2.8096713460000005
S540R,-3.751788718
S540T,-4.489916839
S540V,-2.9077622000000005
S540Y,-4.388023724
T541A,-4.870007359
T541C,-3.552998659
T541D,-2.683194578
T541E,-3.302468956
T541F,-2.528547226
T541G,-2.659159429
T541H,-5.002824551000001
T541I,-3.09257524
T541K,-1.36629597
T541L,-3.356292606
T541M,-5.223676299
T541N,-2.787297254
T541P,-2.56873833
T541Q,-3.45348226
T541R,-1.236987522
T541S,-2.657667352
T541V,-5.064186193
T541W,-4.842106386
T541Y,-4.36104106
V542A,-3.06562582
V542C,-3.1932416960000003
V542E,-4.947229802
V542F,-3.686328169
V542G,-3.351663911
V542H,-1.853956578
V542I,-4.111760034
V542K,-3.076931595
V542L,-3.86555384
V542M,-2.6571007140000003
V542N,-1.845961891
V542P,-0.7371083429999999
V542Q,-4.960720557
V542R,-3.598692517
V542S,-1.842849806
V542T,-4.38805573
V542W,-1.937164132
V542Y,-2.700264062
D543A,-3.791051644
D543C,-4.934155638
D543E,-3.62903785
D543F,-5.682150312999999
D543G,-1.550747231
D543H,-4.3756970310000005
D543I,-5.056625586
D543K,-3.394743262
D543L,-5.028601378
D543M,-5.3473546160000005
D543P,-2.79958676
D543Q,-2.939010267
D543R,-2.653291457
D543S,-3.181273468
D543T,-3.871513606
D543V,-4.211001479
D543W,-5.112120698
D543Y,-4.150006217
I544A,-3.358442399
I544C,-2.613769278
I544D,2.774169953
I544E,1.553589239
I544F,-4.269469775
I544G,-0.266934898
I544K,-2.735828886
I544L,-2.469434368
I544M,-4.87426072
I544N,2.679055155
I544P,1.717963559
I544R,-1.97100312
I544S,-1.616334491
I544T,-2.69437517
I544V,-5.073249596
I544W,-3.072138214
I544Y,-3.366740392
Q545A,-3.4145667910000004
Q545C,-3.465133137
Q545D,-2.324379227
Q545F,-0.891731244
Q545G,-2.841475843
Q545H,-4.319990573
Q545I,-2.258906725
Q545K,0.54257163
Q545L,-2.611097525
Q545M,-5.482209312
Q545N,-3.806738526
Q545P,-0.77251108
Q545R,-3.719984752
Q545S,-3.109064435
Q545T,-5.400551519
Q545V,-4.556958544
Q545W,-2.916596117
Q545Y,-4.115962915
K546A,-1.109339228
K546C,-2.749031765
K546D,3.806771871
K546E,2.18017626
K546G,-2.389837087
K546H,-1.881603916
K546I,-0.944396102
K546L,-2.411994466
K546M,-4.16304671
K546N,-2.760187844
K546P,0.34503919
K546Q,-3.11123275
K546R,-3.864645108
K546S,-2.406430882
K546T,-2.188304993
K546V,-2.260524335
K546W,0.989326091
K546Y,-1.6529384480000002
N547A,-4.945422287
N547C,-3.4328355160000004
N547E,1.909646966
N547F,-1.38790042
N547G,-3.388297965
N547H,-1.740385502
N547I,-2.563967326
N547K,-4.702209995
N547L,-1.776353354
N547M,-4.564932662
N547P,-0.704815868
N547Q,-3.032297032
N547R,-3.306730561
N547S,-4.382528295
N547T,-4.106118314
N547V,-1.4120330630000002
N547W,-2.919114956
N547Y,-2.345466441
G548A,-4.953144009
G548C,-4.0484869460000015
G548D,1.97227657
G548F,-2.307005284
G548H,-2.486969817
G548I,-2.180992783
G548K,-3.90196676
G548L,-3.894460989
G548M,-3.979668443
G548N,-2.047415221
G548P,2.286689955
G548Q,-3.254003214
G548R,-3.583998045
G548S,-2.393057598
G548T,-2.989334554
G548V,-4.375535866
G548W,-3.904317954
G548Y,-4.282194195
V549A,-0.79264581
V549D,2.5985221000000003
V549E,2.074120931
V549F,-1.415948824
V549G,1.641815165
V549H,-1.128034049
V549I,-2.654213591
V549L,-4.18614963
V549M,-0.189005003
V549N,2.6630125
V549P,0.761963304
V549R,0.665094516
V549S,1.435295353
V549T,-0.83196684
V549W,-2.419882329
V549Y,-3.781769519
K550A,-1.228960678
K550C,-2.040173928
K550D,1.895124543
K550E,2.29802511
K550F,-2.598707144
K550G,-0.80737159
K550H,-2.576473355
K550I,-1.150432882
K550L,-2.244586974
K550M,-1.246306688
K550N,-4.039694772
K550P,0.761524375
K550Q,-2.088778142
K550R,-4.022067541
K550S,-0.185165186
K550T,-2.1086305380000003
K550V,-1.129191825
K550W,-2.115836757
K550Y,-3.486027447
F551A,-2.821458445
F551C,-3.934230404
F551D,2.453665635
F551E,1.820493668
F551G,-1.699799315
F551H,0.750888047
F551I,-2.499213491
F551L,-1.750527804
F551M,-1.982571283
F551N,0.990533678
F551P,1.4094858380000002
F551Q,0.650792561
F551R,0.979341918
F551S,-3.023589845
F551T,-3.31605418
F551V,-3.5155508060000003
F551W,0.53075956
F551Y,1.357247446
T552A,-2.1390651430000003
T552C,-2.75775182
T552E,-1.045154014
T552F,-2.446643527
T552G,-2.252786038
T552H,-2.644190159
T552I,-3.2089310230000003
T552K,-3.1295753860000004
T552L,-2.494438832
T552M,-1.097244968
T552N,-1.516846704
T552P,1.6096700919999998
T552Q,-2.116119424
T552R,-2.452820286
T552S,-3.070108101
T552V,-3.311988399
T552W,-0.145921225
T552Y,-2.732384483
N553A,-0.663369676
N553C,-2.885473187
N553D,-2.516066886
N553E,-1.165224562
N553F,-1.576577415
N553G,-2.846866777
N553H,-2.594238407
N553I,0.023031937
N553K,1.946025717
N553L,0.739852125
N553M,-0.6840299120000001
N553P,0.8849062679999999
N553R,0.764924321
N553S,-3.238535485
N553T,-2.152146321
N553V,-0.152019125
N553W,0.252793969
N553Y,-1.483553279
S554A,-3.019675211
S554C,-3.226388436
S554D,-2.937185243
S554E,-2.580041156
S554F,-2.319406246
S554G,-4.214139622
S554H,-4.291907406
S554I,-4.176193465
S554K,-3.682043231
S554L,-3.247680005
S554M,-1.687155385
S554N,-2.539126558
S554P,-1.519659784
S554Q,-2.326346605
S554R,-2.367197815
S554T,-2.905784829
S554V,-1.886281941
S554W,-3.789122672
S554Y,-3.1305862939999995
K555A,-2.5795458680000003
K555C,-3.0637240410000004
K555D,-3.675622212
K555E,-1.899480002
K555G,-3.134874205
K555H,-1.822133732
K555I,-4.291623013
K555L,-3.112709077
K555M,-1.751937436
K555N,-3.290636156
K555P,-2.374861214
K555Q,-3.294310621
K555R,-3.1795457289999995
K555S,-3.0387511760000003
K555T,-2.231555562
K555V,-2.8848884010000004
K555W,-2.843716222
K555Y,-2.559641881
L556A,0.314770024
L556C,-0.298137816
L556D,1.711399201
L556E,1.4995245069999998
L556F,-1.532486038
L556G,0.7142338709999999
L556H,0.917913335
L556I,-1.591230965
L556K,2.575427112
L556M,-2.432157613
L556N,1.499031732
L556P,0.972967669
L556Q,-3.927492951
L556R,1.632722543
L556S,1.735539318
L556T,1.314329354
L556V,-2.139408178
L556W,0.99747369
L556Y,2.546164615
T557A,-2.047245988
T557C,-3.748674315
T557D,-3.324806597
T557F,-2.89086068
T557G,-2.382636916
T557H,-2.460735012
T557I,-3.000019455
T557K,-2.956922165
T557L,-2.395654365
T557M,-2.221997926
T557N,-3.5126367010000004
T557P,0.905171288
T557Q,-3.486216937
T557R,-2.944791378
T557S,-3.1130610260000005
T557V,-3.69335007
T557W,-1.923528804
T557Y,-2.8424989380000003
S558A,-2.444255261
S558C,-4.602580489
S558D,-2.096158125
S558E,-3.35043109
S558F,-3.365100015
S558G,-3.890644401
S558H,-2.827727999
S558I,-2.652305983
S558K,-2.459667597
S558L,-2.315874245
S558M,-1.6577263759999998
S558N,-2.274952342
S558P,-2.266219853
S558Q,-2.8093856130000003
S558R,-2.985172323
S558T,-1.850358812
S558V,-2.815423755
S558W,-3.935964061
S558Y,-3.92611742
L559A,-1.984023114
L559C,-2.70880456
L559D,-2.268652323
L559E,-2.219487786
L559F,-3.726788721
L559G,-1.104010846
L559H,-3.384498378
L559I,-0.415998815
L559M,-4.962356506
L559N,-1.238202645
L559P,2.243966191
L559Q,-1.973348819
L559R,-1.49187552
L559S,-2.161731066
L559T,-1.6909897130000002
L559V,-3.038689942
L559W,-4.052554315
N560A,-2.395079227
N560C,-1.54081072
N560D,-2.636045882
N560E,-2.390437255
N560F,-1.344521354
N560G,-1.61919675
N560H,-1.754415453
N560I,-0.018323444
N560K,-4.459618471000001
N560L,-0.558601338
N560M,-3.295134538
N560P,1.430801309
N560Q,-2.350539252
N560R,-3.030224135
N560S,-2.057301987
N560T,-2.79226152
N560V,-1.249338186
N560W,-0.410516145
N560Y,-2.029427962
E561A,-3.0575799060000004
E561C,-3.353259695
E561D,-3.510873704
E561F,-2.422189191
E561G,-2.315356382
E561H,-3.469036571
E561I,-3.052321807
E561K,-2.507339335
E561L,-3.252286188
E561M,-3.016252552
E561N,-4.626665579
E561P,-1.338589337
E561Q,-2.9044526910000004
E561R,-4.505244599
E561S,-2.7946888110000003
E561T,-1.946224145
E561V,-3.392673169
E561W,-3.143577285
E561Y,-1.942734846
E562A,-3.058754955
E562C,-2.564652689
E562D,-3.626577507
E562F,-3.080726015
E562G,-2.741806908
E562H,-1.695437604
E562I,-2.230957329
E562L,-1.954979276
E562M,-2.384017729
E562P,-0.274874946
E562Q,-1.889280603
E562R,-2.348941748
E562S,-2.280517371
E562T,-1.769521969
E562V,-1.53421813
E562W,-3.333443188
E562Y,-2.7876984910000004
Y563A,-2.617087183
Y563C,-3.615010279
Y563E,-1.5058386519999998
Y563F,-1.222015274
Y563G,0.302378325
Y563H,-3.125498448
Y563I,-2.532021967
Y563L,-2.70311869
Y563M,-2.603008132
Y563N,-3.149687992
Y563P,1.542453721
Y563Q,-1.600155789
Y563R,-1.357011815
Y563S,-0.6433194760000001
Y563T,-1.552991068
Y563V,-2.34652491
Y563W,-4.002116396
T564A,-2.974118874
T564D,-2.278688676
T564E,-3.161573124
T564F,-3.13447496
T564G,-3.045622128
T564H,-2.966785911
T564I,-2.604527787
T564L,-2.307894405
T564M,-2.767096366
T564N,-2.810923803
T564P,0.57987262
T564Q,-2.95225394
T564R,-3.4377649910000003
T564S,-2.6140298580000003
T564V,-2.773079337
T564W,-3.445918821
T564Y,-2.394631551
K565A,-3.924048068
K565C,-3.601906049
K565D,-2.806366852
K565E,-2.005767274
K565F,-2.762057515
K565G,-3.556218069
K565L,-1.899364119
K565N,-4.4103649030000005
K565P,-1.88467191
K565Q,-3.915316253
K565R,-2.810879486
K565S,-1.89318484
K565T,-3.690658135
K565V,-3.008160195
K565W,-3.513228453
K565Y,-4.492414842
N566A,-4.10322247
N566C,-3.947457083
N566D,-2.191246906
N566E,-1.998230152
N566F,-3.60734301
N566G,-2.716140587
N566H,-4.520476048
N566I,-2.6808430430000003
N566K,-3.230882157
N566L,-2.630562204
N566M,-4.000507672
N566P,-2.302051916
N566Q,-3.591936366
N566R,-2.004381051
N566S,-2.7089503360000005
N566T,-1.6796965380000002
N566V,-2.9063692210000003
N566W,-0.26930287
N566Y,-2.7244141980000003
K567A,-1.454786692
K567C,-3.422199962
K567D,-2.477230762
K567E,-1.838696836
K567G,-1.024021038
K567H,-4.201152892
K567I,-2.339784281
K567L,-3.638255343
K567M,-3.884012714
K567N,-1.573214011
K567P,1.720740921
K567Q,-1.132706962
K567R,-2.3199394680000003
K567S,-2.180426628
K567T,-2.531688911
K567V,-2.719410613
K567W,-1.6717208819999998
T568A,-2.693940965
T568C,-3.337157513
T568D,-3.90385984
T568E,-3.400963663
T568F,-1.6494545630000002
T568G,-2.380478917
T568H,-3.417512308
T568I,0.932084987
T568K,-3.493834192
T568L,-2.583813169
T568M,-3.19720173
T568N,-2.610227427
T568P,-0.572010737
T568Q,-2.612625407
T568R,-2.150625498
T568S,-3.61921646
T568V,-3.56415308
T568W,-4.200040207
T568Y,-2.322978112
E569A,-3.923016976
E569C,-3.74212977
E569D,-3.7650865
E569F,-1.338207163
E569G,-3.126384874
E569H,-3.79635063
E569I,-1.3512801719999998
E569L,-2.61574564
E569M,-1.646460485
E569N,-3.085075075
E569P,-0.492932431
E569Q,-4.525563459
E569R,-3.701463975
E569S,-2.682702318
E569T,-1.740834974
E569V,-1.993797806
E569W,-3.660494398
E569Y,-3.12919176
Y570A,-0.6823572929999999
Y570D,2.050931596
Y570E,-0.062840999
Y570F,-3.304278449
Y570G,-0.232739668
Y570H,-3.188443603
Y570I,-0.733474643
Y570L,-1.02293581
Y570M,-0.850523217
Y570N,-0.540544146
Y570P,1.937146025
Y570R,-1.048107958
Y570S,-0.173142694
Y570T,-1.12871662
Y570V,-1.515395289
Y570W,0.123894026
E571A,-3.219201112
E571C,-1.521041171
E571D,-4.108059881
E571F,-2.25821139
E571G,-3.929052933
E571H,-3.504717164
E571I,-2.110958249
E571K,-3.110927802
E571L,-2.892680357
E571M,-2.351067683
E571N,-3.2901268110000004
E571P,0.37935464
E571Q,-2.653368027
E571R,-2.986177941
E571S,-2.4433294180000003
E571T,-2.283943953
E571V,-2.882122039
E571W,-2.405113565
E571Y,-3.258327605
E572A,-1.733607016
E572C,-4.067285844
E572F,-2.658737777
E572G,-2.146358539
E572H,-2.890195271
E572I,-1.611106371
E572K,-0.721750722
E572L,-3.291252542
E572M,-3.537143455
E572N,-1.874431587
E572P,-0.8182318759999999
E572Q,-4.167534619
E572R,-3.103173115
E572S,-2.405487628
E572T,-2.099013321
E572V,-3.706750078
E572W,-4.200806323
E572Y,-2.949373791
A573C,-4.423337636
A573D,-3.009877528
A573E,-3.657730181
A573G,-3.559979906
A573I,-3.870042668
A573K,-3.398025248
A573L,-2.559987424
A573M,-3.333443188
A573N,-2.4338804990000003
A573P,1.277109113
A573Q,-4.373261503
A573R,-3.829375027
A573S,-3.3253169760000003
A573T,-2.884020112
A573V,-2.838236244
A573W,0.765466179
A573Y,-3.960472867
Q574A,-1.862104863
Q574F,1.369604122
Q574G,-1.524822566
Q574H,0.272277872
Q574I,0.924737562
Q574K,3.397177652
Q574L,1.473687054
Q574M,-0.7373092240000001
Q574N,0.8355166759999999
Q574P,2.246154152
Q574R,1.3662085730000002
Q574S,-2.436208422
Q574T,-1.647948907
Q574V,1.190586708
Q574W,2.10350723
Q574Y,2.106914814
D575A,-3.04261789
D575C,-2.984416694
D575F,-2.856793339
D575G,-3.473283172
D575H,-3.838721261
D575I,-2.696118308
D575K,-2.1864231
D575L,-3.177673927
D575M,-4.1972550810000016
D575N,-2.377958662
D575P,0.7913253809999999
D575Q,-2.636357538
D575R,-3.3521634110000003
D575S,-3.412784236
D575T,-1.982432033
D575V,-3.49334664
D575W,-3.320583375
A576C,-3.151559488
A576D,-2.644462124
A576E,-3.733714539
A576F,-1.356665674
A576G,-2.036479407
A576H,-2.000144755
A576I,-3.191417059
A576K,-3.57917588
A576L,-2.3074751140000003
A576M,-1.6653601530000002
A576N,-2.819723805
A576P,0.233410238
A576Q,-3.850206601000001
A576R,-2.509060793
A576S,-1.504034776
A576T,-2.357112094
A576V,-2.431450521
A576W,2.689094824
A576Y,-1.164140423
I577A,-1.772421234
I577C,-1.314306976
I577E,-1.6849800330000002
I577F,-1.4307317819999998
I577G,-0.408473145
I577H,-1.737978768
I577K,-1.165255489
I577L,-2.17229454
I577M,-2.592725459
I577N,-4.021167328
I577P,0.04336669
I577Q,-2.325796313
I577R,-1.627930902
I577S,-0.6219788270000001
I577T,-1.284542673
I577V,-3.065188226
I577W,-2.393424182
I577Y,-0.838715998
V578A,-3.193352053
V578C,-1.921206383
V578E,-1.759434283
V578F,-0.990045011
V578G,-2.050293065
V578I,-1.3520588669999998
V578L,0.265240381
V578M,-1.274549499
V578P,1.520246886
V578R,-0.444439778
V578S,-2.025563459
V578T,-1.134361718
V578W,-0.975374456
K579A,-4.323754917
K579C,-2.348672997
K579E,-2.161473294
K579F,-3.083939779
K579G,-2.718208413
K579H,-2.1933691680000003
K579I,-2.240295193
K579L,-1.531106922
K579M,-2.870652558
K579N,-3.660201549
K579P,-0.04774675
K579Q,-3.262833342
K579R,-2.670680276
K579S,-2.504072885
K579T,-1.340016781
K579V,-2.4565509430000003
K579W,-2.547287617
E580A,-2.885029964
E580C,-2.982681379
E580D,-2.09531793
E580F,-1.526080114
E580G,-2.876974101
E580H,-3.551343582
E580I,-2.084992226
E580K,-3.101518033
E580L,-2.374447488
E580M,-3.1648384380000003
E580N,-2.376417828
E580P,-1.595503623
E580Q,-2.658302756
E580R,-2.670039084
E580S,-2.281515175
E580T,-3.109357192
E580V,-2.985628269
E580W,-0.7187333440000001
E580Y,-1.64418018
I581A,-1.288817097
I581C,-2.8063883080000003
I581D,1.172983868
I581E,-1.503999199
I581F,-3.5389388
I581G,-0.867314459
I581K,-1.886095221
I581L,-1.280062828
I581M,-1.569204658
I581N,-2.009980445
I581P,1.420724636
I581Q,-2.0900312480000003
I581R,-1.540499965
I581S,-2.356086491
I581T,-1.195519694
I581V,-3.3066245480000003
I581W,0.391218945
I581Y,-1.111627774
V582A,-2.736338464
V582C,-4.3596408580000015
V582E,-1.698803578
V582G,-2.465536396
V582H,-1.693478726
V582I,-0.583246688
V582K,-2.5496544080000003
V582L,-1.901028775
V582M,-2.432533219
V582P,1.4158093390000002
V582Q,-2.9741812760000004
V582R,-3.4906050060000005
V582S,-3.104135537
V582T,-0.958606133
V582W,-3.308496831
V582Y,-2.420562207
N583A,-3.93308885
N583C,-2.780870219
N583D,-1.734674888
N583E,-2.575311604
N583F,-3.331986283
N583G,-2.229944425
N583H,-4.321032078
N583I,-1.714226382
N583K,-3.807403106
N583L,-4.274037932
N583M,-2.795921384
N583P,0.221177771
N583Q,-1.224718581
N583R,-3.3126567989999995
N583S,-1.963178754
N583T,-2.744549905
N583V,-2.282922419
N583W,-3.456301385
N583Y,-3.517753368
I584A,-1.6328098480000002
I584C,-2.7503832960000003
I584D,-3.324446194
I584E,-2.793325047
I584F,-2.7917866960000004
I584G,-2.552551096
I584H,-1.793065127
I584K,-3.280870219
I584L,-2.447915628
I584M,-2.708599913
I584N,-2.115023614
I584P,-1.648118889
I584Q,-2.16769018
I584R,-2.884731282
I584S,-2.047419032
I584T,-2.672672769
I584V,-2.637907615
I584W,-1.008160195
I584Y,-1.958655637
S585A,-3.307721642
S585C,-3.475551604
S585D,0.051883606
S585E,-0.87558067
S585G,-3.851142856
S585H,-1.5666918680000002
S585I,-2.159960368
S585L,-2.54853236
S585M,-2.404857522
S585N,-0.8683091070000001
S585P,-0.482784653
S585R,-1.294611084
S585T,-3.047222522
S585V,-2.744290474
S585W,-1.202188674
S585Y,-1.175447177
S586A,-3.334367939
S586C,-3.107424787
S586D,-2.272501742
S586E,-2.322713393
S586F,-3.119592953
S586G,-3.121038393
S586I,-2.326973418
S586K,-3.03944326
S586L,-3.434255278
S586M,-2.237583173
S586N,-1.5789119459999998
S586P,-0.413885023
S586Q,-3.06241916
S586R,-3.295224735
S586T,-2.770861378
S586V,-2.118795954
S586W,-3.433083902
S586Y,-2.097809672
G587A,-1.887542635
G587C,-3.673689019
G587D,-3.684161059
G587E,-3.38939866
G587F,-2.010920634
G587H,-2.133339199
G587I,-2.207444399
G587K,-1.46342924
G587L,-1.771812971
G587M,-1.532078125
G587N,-2.725036774
G587P,-1.515878496
G587Q,-3.255715407
G587R,-2.223094429
G587S,-3.00207903
G587T,-2.524403155
G587V,-2.071131915
G587W,-2.105979778
G587Y,-0.8319145179999999
Y588A,-1.940696264
Y588C,-1.846182372
Y588D,-2.679908232
Y588E,-2.031733847
Y588F,-3.027282737
Y588G,-2.712311078
Y588I,-0.41895035
Y588K,-1.158728926
Y588L,-1.345549342
Y588M,-2.333443188
Y588N,-1.907075424
Y588P,-0.444939653
Y588Q,-2.328011819
Y588R,-1.946873585
Y588S,-1.589510652
Y588T,-1.355674049
Y588V,-1.529482272
Y588W,-2.33539206
V589A,-3.594408483
V589C,-2.113522729
V589D,-3.21719132
V589E,-2.086771142
V589F,-1.228895118
V589G,-3.839049244
V589H,-3.311421672
V589I,-2.375097534
V589K,-3.704772469
V589L,-2.281973169
V589M,-1.825028149
V589N,-2.177001773
V589P,-1.530419609
V589Q,-2.792148445
V589R,-1.958832358
V589S,-2.090529155
V589T,-2.352765958
V589W,-2.522297104
V589Y,-1.90233487
E590A,-2.657909194
E590C,-4.146918643999999
E590D,-3.406314429
E590F,-2.472383376
E590G,-3.445918821
E590H,-4.011605084
E590I,-2.753157175
E590K,-3.130452802
E590L,-2.557678039
E590M,-2.830419399
E590N,-2.422118544
E590P,-3.333616464
E590Q,-3.743367003
E590R,-2.640866189
E590S,-3.08324759
E590T,-2.804647617
E590V,-2.874458124
E590W,-4.010991645
E590Y,-2.627096962
P591A,-4.187322799
P591C,-3.685453487
P591D,-2.47804109
P591E,-2.797100803
P591F,-3.071231678
P591G,-3.198049419
P591H,-3.906593608
P591I,-2.997856224
P591K,-3.02745834
P591L,-2.04316355
P591M,-2.210958883
P591N,-2.938497529
P591Q,-0.05281105
P591R,-4.107616487
P591S,-2.882772348
P591T,-2.051989585
P591V,-3.449208812
P591W,-2.896085546
P591Y,-2.961104287
M592A,-2.976645488
M592C,-2.033492356
M592D,1.9704911
M592F,-2.780343487
M592G,-1.660779023
M592H,-1.348295564
M592I,-2.88988928
M592K,1.210091575
M592L,-1.635288971
M592N,-1.417483719
M592P,0.277611722
M592Q,-2.813272478
M592R,-0.400794523
M592S,-2.123839542
M592T,-1.584797557
M592V,-2.242028357
M592W,-2.019420292
M592Y,-1.823068074
Q593A,-3.717383791
Q593C,-3.401677167
Q593E,-3.070840465
Q593F,-2.37592046
Q593G,-2.412988797
Q593H,-4.960562434
Q593I,-2.339433047
Q593L,-3.096272297
Q593M,-3.605036764
Q593N,-3.3774074730000003
Q593P,-2.597573594
Q593R,-3.2715352460000005
Q593S,-2.360618036
Q593T,-2.058443971
Q593V,-1.488338244
Q593W,-3.948247736
T594A,-3.35160343
T594C,-1.927800016
T594D,-2.340507879
T594F,0.305875967
T594G,-2.363774666
T594H,-2.205897174
T594I,-3.828270162
T594K,-4.242409789
T594L,-3.47179786
T594M,-4.123334442
T594N,-4.2210992560000005
T594P,-3.445524032
T594Q,-3.668841076
T594R,-3.723767235
T594S,-3.575201838
T594V,-3.436811917
T594W,-4.593964268
T594Y,-3.972283779
L595A,-6.191510142
L595C,-5.73739846
L595D,1.210337927
L595E,-1.967901201
L595F,-6.25748041
L595G,-5.530985744
L595H,-4.975301568
L595I,-5.9175478870000005
L595K,-3.998284179
L595M,-5.063937374
L595N,-2.466268229
L595P,2.192540197
L595Q,-5.51598634
L595R,1.127202117
L595S,-3.648587256
L595T,-4.158213838
L595V,-4.448696713
L595W,-6.535043564
L595Y,-5.228635133
N596A,-5.087418324
N596C,-4.739472945
N596D,-4.693156374
N596E,-3.009957313
N596G,-5.801092522
N596H,-6.045924879
N596I,-1.891679925
N596K,-3.141768138
N596L,-5.398937304
N596M,-5.73745161
N596P,-5.021716211
N596Q,-3.432458646
N596R,-5.192896802
N596S,-5.271842902
N596T,-5.243518199
N596V,-4.150477795
N596W,-2.247299804
N596Y,-2.161376177
D597A,-5.133418216
D597C,-6.01042213
D597E,-5.562943309
D597F,-5.959421124
D597G,-4.545690808
D597H,-5.459267521
D597I,-5.121192979
D597K,-5.916952695
D597L,-5.417503405
D597M,-5.684278857000001
D597N,-5.774989728
D597P,-5.949957363999999
D597Q,-5.305694524
D597R,-5.081093459
D597S,-5.356780843
D597T,-6.435931837999999
D597V,-5.328925695
D597W,-5.603860173999999
D597Y,-3.538761296
V598A,-5.381080615
V598C,-5.919623392999999
V598D,-5.597121888999999
V598E,-5.869803803
V598F,-5.436405961
V598G,-4.772868326
V598H,-5.296743246
V598I,-5.137937956
V598K,-6.065823268
V598L,-6.1014025620000005
V598M,-5.665675587999999
V598N,-4.583197641
V598P,-3.239165955
V598Q,-3.571505763
V598R,-5.057479089
V598S,-5.358307526
V598T,-5.165365043
V598W,3.198018943
V598Y,-4.89145988
L599A,-5.13655744
L599C,-2.88415317
L599D,1.282557164
L599E,-4.905385832
L599F,-3.212197708
L599G,-3.510212487
L599H,-4.505833297
L599I,-3.909390767
L599K,-1.7372569530000002
L599M,-3.731246461000001
L599N,-2.383064138
L599P,2.683069789
L599Q,-3.077208634
L599R,0.061562327
L599S,-4.555970125
L599T,-5.3898927310000015
L599V,-3.70615548
L599W,-4.499063984
A600C,-2.3943880180000003
A600D,2.517549803
A600F,2.460779673
A600G,-4.479581752
A600H,1.927134616
A600I,2.0697981430000003
A600K,1.006364282
A600L,1.6777679280000002
A600M,-1.889683702
A600N,1.725215659
A600P,-0.976312913
A600Q,-2.480242192
A600R,0.435710611
A600S,-5.706447357999999
A600T,0.381374362
A600V,1.161674028
A600W,2.185425778
A600Y,2.376829376
Q601A,-5.334096667
Q601C,-4.337558283
Q601D,-5.478849976
Q601E,-3.774432211
Q601F,-4.335457367
Q601G,-4.515316029
Q601H,-4.025134111
Q601I,-5.715615809
Q601K,-5.773285479
Q601L,-5.049697622
Q601M,-4.987007632
Q601N,-5.389708232
Q601P,-5.956095179
Q601R,-5.472173216
Q601S,-3.758442556
Q601T,-5.273382498
Q601V,-5.406925529
Q601W,-4.917547887
Q601Y,-4.008216636
L602A,-4.38960127
L602C,-3.522511575
L602D,1.3666883019999998
L602E,1.977722862
L602F,-4.300503218999999
L602G,-3.181425014
L602H,1.64062372
L602I,-4.890073753
L602K,2.413803776
L602M,-4.785636212
L602N,0.674650739
L602P,2.044674136
L602Q,-1.570106411
L602R,2.598256322
L602S,-3.1756484
L602T,-4.928649079
L602V,-4.961147308
L602W,-1.09654973
D603A,-2.266016644
D603C,0.264754515
D603E,-0.855441531
D603F,2.935345519
D603G,0.040833097
D603H,2.8477199160000004
D603I,1.7245746730000002
D603K,2.49566166
D603L,2.7910102
D603M,1.220382296
D603N,1.656700214
D603P,2.481794611
D603Q,1.842602391
D603R,2.740182143
D603S,-1.495386851
D603T,-0.353157085
D603V,2.999259799
D603W,1.5753722959999998
D603Y,2.446898814
A604C,-5.87234026
A604D,2.875962109
A604E,1.816186559
A604F,2.007146898
A604G,-3.2226660060000003
A604H,3.517193973
A604I,-5.559451155
A604K,2.067760643
A604L,-5.117651658
A604M,-2.019829389
A604N,2.157188323
A604P,1.419126856
A604Q,0.835821393
A604R,2.188768529
A604S,-5.149939007
A604T,-5.170797333
A604V,-5.9352949310000005
A604W,0.669490265
A604Y,2.464526529
V605A,-5.108849033
V605C,-3.915360143
V605D,-4.691675221000001
V605E,-4.468228336
V605F,-4.122093847
V605G,-4.16722042
V605H,-3.501816857
V605I,-5.29953022
V605K,-3.338586863
V605L,-4.382365555
V605M,-3.5385530710000004
V605N,-4.091087875
V605P,-4.8452072280000005
V605Q,-4.758569424
V605R,-3.024109793
V605S,-3.940897505
V605T,-5.277175606
V605W,3.4461387130000003
V605Y,-4.380297501
V606A,-3.589505414
V606C,-5.072996787
V606D,-5.050095595
V606E,-5.656989518
V606F,-5.139905802
V606G,-4.248210527
V606H,-5.653352452999999
V606I,-4.894201926
V606K,-5.71986076
V606L,-4.644133734
V606M,-2.656467274
V606N,-5.401787057000001
V606P,0.8407458440000001
V606Q,-3.997575207
V606R,-5.147013998
V606S,-5.161590813
V606T,-4.965618603
V606W,-3.815779971
V606Y,-4.918074683
S607A,-3.870146
S607C,-4.5693032
S607D,-3.038402282
S607E,-0.844533364
S607G,-4.4687932130000005
S607H,-4.888153555
S607I,-5.730893247000001
S607L,-4.9617283830000005
S607M,-5.349988433
S607N,-4.577309168999999
S607P,1.7533936280000002
S607Q,-5.25467899
S607R,-4.471947076
S607T,-4.8747524
S607V,-5.387873414
S607W,-0.328580539
S607Y,-2.194181968
F608A,1.48159749
F608C,-2.5009320180000003
F608D,2.615382764
F608E,1.872553253
F608G,1.657761619
F608H,-1.668592309
F608I,-5.012407074
F608K,2.583611777
F608L,-5.643924277000001
F608M,-5.204182344
F608N,0.8112158079999999
F608P,2.60729853
F608Q,1.808737227
F608R,2.408189544
F608S,1.121594205
F608T,0.704244016
F608V,-2.7111789660000003
F608Y,-4.316231718
A609C,-2.8069765010000003
A609D,4.001585931
A609E,2.111066084
A609F,3.057774857
A609G,-3.296010491
A609H,2.998043958
A609I,2.557052943
A609K,2.269618355
A609L,2.022333879
A609M,1.5966874009999998
A609N,1.99231912
A609P,2.657041773
A609Q,2.347637366
A609R,1.778662339
A609S,-5.311920119
A609T,-0.570868413
A609V,0.618325895
A609W,2.9404731460000004
A609Y,2.9909928439999995
H610A,-5.74299946
H610D,-4.980999062
H610E,-4.548452885
H610F,-5.205386133999999
H610G,-4.652927267
H610I,-5.417763882000001
H610K,-5.881152131
H610L,-5.749357773
H610M,-4.672555217
H610N,-3.927595362
H610P,1.775425904
H610Q,-5.932238565
H610R,-5.442921227
H610S,-5.070597291
H610T,-6.743294174
H610V,-5.2229004560000005
H610W,-4.353633545
H610Y,-5.954072064
V611A,-4.126459722
V611C,-5.990005057
V611D,-2.857508715
V611E,-4.50303842
V611G,-3.764913391
V611H,-4.613676847
V611I,-5.499063984
V611K,-4.111822976
V611L,-5.554495445
V611N,-3.125055709
V611P,-1.091421423
V611Q,-3.940438521
V611R,-4.864065577
V611S,-3.5309822060000005
V611T,-5.613455465
V611W,-1.768671044
V611Y,-4.149536858
S612A,-4.101720676
S612C,-3.845456705
S612E,-4.0769437160000015
S612F,-5.547469621
S612G,-4.38079448
S612H,-2.718368732
S612I,-5.154729476
S612K,-4.954824775
S612L,-2.214806084
S612M,-3.532048472
S612N,-3.746062155
S612P,-5.341231849
S612Q,-4.424021724
S612R,-3.707811738
S612T,-5.183296606
S612V,-2.524768007
S612W,-4.701556848
S612Y,-1.6049368
N613A,-4.552975455
N613C,-4.152051845
N613D,-2.23104736
N613E,-2.38099356
N613G,-2.725865655
N613H,-4.930231
N613I,-4.478974874
N613K,-4.677363995
N613L,-5.309239425
N613M,-3.16722042
N613P,-3.956425478
N613Q,-4.3567730760000005
N613R,-3.652222532
N613S,-4.893474546
N613T,-4.632699833999999
N613V,-3.830883533
N613W,-3.594641644
N613Y,-4.83904975
G614A,-3.758688578
G614C,-2.9387260160000004
G614D,-1.931487078
G614E,-3.466376797
G614F,-2.189490717
G614H,-4.654625179
G614I,-4.2161300210000014
G614K,-3.900436602
G614L,-3.845757204
G614N,-3.219818178
G614P,-4.869615977
G614Q,-2.6908446980000003
G614R,-3.101182291
G614S,-3.252452392
G614T,-4.800902968
G614V,-4.3008230360000015
G614W,-4.4598660510000006
G614Y,-4.968061937
A615C,-4.891771428
A615D,-5.135898619
A615E,-3.609142157
A615F,-4.980901248
A615G,-4.2161300210000014
A615H,-6.4467548610000005
A615I,-5.155532747
A615K,-5.160029891000001
A615L,-4.509142869
A615M,-5.377091204
A615N,-6.484436517000001
A615P,-4.9418018
A615Q,-4.326296983
A615R,-5.348147986
A615S,-4.854269219
A615T,-5.643321818
A615V,-4.942632696
A615W,-1.437575424
A615Y,-5.850099407
P616A,-5.995060802999999
P616C,-6.111762122000001
P616D,-5.5238885170000005
P616E,-3.725221543
P616F,-5.725260705
P616G,-4.22930591
P616H,-4.164485473
P616I,-6.105899908
P616K,-4.706780791
P616L,-5.049318747
P616M,-4.693444428
P616N,-5.008075375
P616Q,-6.571326617
P616R,-5.001563856000001
P616S,-6.00804332
P616T,-5.800974853
P616V,-5.901354937000001
P616W,-4.396702267
P616Y,-2.51026161
V617A,-5.903147419
V617C,-4.210512852
V617D,-5.205631913
V617E,-5.896383277000001
V617F,-4.164764333
V617G,-4.554477122
V617H,-6.175802636
V617I,-5.265582889
V617K,-5.011862727
V617L,-5.430082069
V617M,-5.527901494
V617N,-4.343987426
V617P,-4.64580422
V617Q,-6.05340799
V617R,-4.575650957
V617S,-5.033297578
V617T,-5.664233517
V617W,-5.417763882000001
V617Y,-5.399639696
P618A,-5.454175855
P618C,-3.677017437
P618D,-4.715606416
P618E,-4.037481608999999
P618F,-3.060211317
P618G,-4.6481841180000005
P618H,-5.890644808999999
P618I,-5.213115469
P618K,-5.024652505
P618L,-4.103304016
P618M,-5.017923709
P618N,-5.577828321
P618Q,-4.643722994
P618R,-5.195186516000001
P618S,-5.226129205
P618T,-6.6886177920000005
P618V,-4.90236251
P618W,-3.894201926
P618Y,-4.279669845
Y619A,-4.582985648
Y619C,-4.19667553
Y619D,1.711585134
Y619E,1.6867586980000002
Y619F,-4.843972701
Y619G,-3.746158606
Y619H,-5.603043791
Y619I,0.06702746
Y619K,-2.0196263290000003
Y619L,-5.308456415
Y619M,-5.143553325
Y619N,-3.569442634
Y619P,0.994274391
Y619Q,-3.006708428
Y619R,-2.8401786510000004
Y619S,-4.447038511000001
Y619T,-3.2614133460000003
Y619V,-2.539751671
Y619W,-5.489148515
V620A,-4.671986714
V620C,-5.20865582
V620D,-3.179932827
V620E,-3.665246898
V620F,-5.716344382999999
V620G,-4.690478979
V620H,-2.833519427
V620I,-4.728652508
V620L,-3.728641494
V620M,-3.615673627
V620N,-5.244457525
V620P,2.159040983
V620Q,-5.053067288
V620R,-4.743630185
V620S,-5.649089428
V620T,-4.700450212
V620W,-0.5576502329999999
V620Y,-2.392159368
R621A,-0.636797714
R621C,-1.637443283
R621D,1.796739935
R621E,1.156465986
R621F,1.256871579
R621G,2.961659807
R621I,1.814635772
R621K,-4.992233237
R621L,0.416972299
R621M,-1.695492028
R621N,2.345930643
R621P,0.744691077
R621S,0.277180407
R621T,1.976383325
R621V,0.8404235179999999
R621W,2.863347825
P622A,-5.10746537
P622D,1.85418152
P622E,3.193403726
P622F,3.662250751
P622G,2.022960608
P622H,2.497115553
P622I,2.247133933
P622K,2.111215693
P622L,2.288023906
P622M,2.894259937
P622N,2.126155212
P622Q,1.852299902
P622R,1.881895208
P622S,-1.632725542
P622T,2.62273799
P622V,2.208332848
P622W,2.35248673
P622Y,3.045362763
A623C,-5.898920394
A623D,-6.245961482
A623E,-5.269024986
A623F,-5.908513563
A623G,-4.549891018
A623H,-6.418930812999999
A623I,-6.28089591
A623K,-4.23287683
A623L,-5.705615237999999
A623M,-2.733891637
A623N,-6.24161579
A623P,1.679173964
A623Q,-6.378272692
A623R,-6.31075914
A623S,-6.053928227
A623T,-5.752475529
A623V,-4.76456079
A623W,-4.861950153
A623Y,-6.27536695
I624A,1.528912476
I624C,-1.3727487880000002
I624D,2.341923371
I624E,2.226116096
I624F,-6.28011849
I624G,1.009701785
I624K,1.940254104
I624L,-3.5736681010000004
I624M,-2.972115499
I624N,1.7800245630000002
I624P,0.100721804
I624Q,2.109935481
I624R,1.961229756
I624S,1.148083453
I624T,-4.926348764
I624V,-3.999170968
I624W,-0.647591447
I624Y,-2.304525792
L625A,-5.366275352
L625C,-5.144872022
L625D,-2.558754134
L625E,-5.362152468000001
L625F,-5.29222173
L625G,-4.526705727
L625H,-6.661920624
L625I,-5.613020173
L625K,-4.84771191
L625M,-3.863828277
L625N,-3.940522432
L625P,-0.7509074920000001
L625Q,-4.842723027
L625R,-3.910703675
L625S,-5.251042562
L625T,-5.8993494160000015
L625V,-5.479599039
L625W,-4.634816698
L625Y,-5.62121004
E626A,-4.605234309
E626C,-4.598897394
E626D,-5.342662427
E626F,-4.065857946
E626G,-3.531971773
E626H,-2.999527563
E626I,-5.488435203
E626K,-3.470884322
E626L,-5.641909442
E626M,-2.8230064610000003
E626N,-6.6701962120000005
E626P,-5.517214514
E626Q,-4.647406062
E626R,-3.961787084
E626S,-2.68049411
E626T,-4.2534151730000005
E626V,-3.383508195
E626W,-4.995739952
E626Y,-5.135997314
K627A,-5.836268886
K627C,-5.498502744
K627D,-4.33201759
K627E,-5.269368294
K627F,-5.52494626
K627G,-4.252585283999999
K627I,-4.297136551
K627L,-4.292131568
K627M,-5.576025966
K627N,-5.069136099
K627P,-2.646267281
K627Q,-5.42802163
K627R,-4.3972944510000005
K627S,-5.242012153
K627T,-5.336287186
K627V,-4.75384188
K627W,-3.3724910660000003
G628A,-5.095035742
G628C,-2.528718649
G628D,-5.242769763
G628E,-3.969881313
G628F,-3.077452857
G628H,-5.518487677
G628I,-4.686376619
G628K,-2.9070556560000003
G628L,-4.215978977
G628M,-5.390918697
G628N,-4.523218776
G628P,-4.886495149
G628Q,-5.654803208
G628R,-4.471610981
G628S,-4.951859972
G628T,-3.698555465
G628V,-4.863828277
G628W,-2.5424400030000003
G628Y,-6.213649922999999
Q629A,-5.237185033
Q629C,-3.617956345
Q629D,-5.670982551
Q629E,-4.749796406000001
Q629F,-4.419579736
Q629G,-3.532254377
Q629H,-6.028724465
Q629I,-5.185243671
Q629K,-5.340985195
Q629L,-4.059406181
Q629M,-4.479164427
Q629N,-4.0587990430000005
Q629P,-5.194963813
Q629R,-4.293113411
Q629S,-5.131054801
Q629T,-5.49852687
Q629V,-4.763048204
Q629W,-3.216130021
Q629Y,-4.531455222
G630A,-3.244402443
G630C,-5.2339419760000006
G630D,-5.415846032999999
G630E,-3.2113035080000003
G630F,-3.161679209
G630H,-6.061551124
G630I,-5.062158449
G630K,-4.354542698
G630L,-3.498910708
G630M,-2.619473067
G630N,-5.130738769
G630P,-5.479951882000001
G630Q,-6.658452512999999
G630R,-6.0085611760000015
G630S,-4.885223361
G630T,-4.282170368
G630V,-3.247504289
G630W,-0.905001303
G630Y,-4.226425893
R631A,-5.296493495
R631C,-3.129361893
R631D,-2.445998
R631E,-2.514002604
R631F,-5.627834872
R631G,-4.128894713
R631H,-6.451172318999999
R631I,-5.142432347
R631K,-3.929173598
R631L,-4.471701793
R631M,-4.594641644
R631N,-3.883888137
R631P,-4.1220913910000005
R631Q,-5.958339921
R631S,-4.402684132
R631T,-4.602090358
R631V,-5.018832825
R631W,-4.684278857
R631Y,-5.318959557
I632A,-3.083204634
I632C,-3.265241514
I632E,-2.6474729480000003
I632F,-4.628318004
I632G,0.375396873
I632H,-4.565446112
I632K,-2.102688333
I632L,-6.10827128
I632M,-3.895633279
I632N,-2.431600091
I632P,2.158502749
I632Q,-5.511050022
I632R,1.553104918
I632S,-4.029724812
I632T,-6.426686594
I632V,-3.679548978
I632W,-3.588599365
I632Y,-3.5544479910000004
I633A,-4.768083229
I633C,-2.320674347
I633D,-4.74701812
I633E,-3.1778019210000004
I633F,-3.923648771
I633G,-2.952394883
I633H,-5.286519349
I633L,-4.505398137
I633N,-4.6766544130000005
I633P,1.902529247
I633Q,-4.45889506
I633R,-2.800736213
I633S,-3.459516781
I633T,-5.458227966
I633V,-2.832510762
I633W,-2.8328013810000003
I633Y,-3.652222532
L634A,-5.342662427
L634C,-4.212721292
L634D,3.308036763
L634F,-6.208100066
L634G,-4.809063294
L634H,-2.070766219
L634I,-5.0076917860000005
L634K,2.57844515
L634M,-1.434334935
L634N,-0.378901526
L634P,2.556450388
L634Q,-3.489555129
L634R,2.23833389
L634S,-4.2709336910000015
L634T,-4.767838974
L634V,-3.882841888
L634W,-4.281970762
L634Y,-5.323987662
K635A,-4.760043222
K635C,-4.236178131
K635D,-5.038305594
K635E,-4.532264129
K635F,-5.77675287
K635G,-3.754371564
K635H,-6.25307066
K635I,-5.291117981
K635L,-4.92966343
K635M,-5.557166939
K635P,-4.140935343
K635Q,-4.471470353
K635R,-5.191416069
K635S,-5.508277237000001
K635T,-6.0202631910000015
K635V,-4.941753896
K635W,-4.375328616
K635Y,-6.119905885
A636C,-3.950643869
A636D,-5.152635259
A636E,-5.64689891
A636F,-4.94584583
A636G,-3.823141222
A636H,-5.365481087
A636I,-5.1125719080000005
A636L,-5.06858482
A636M,-6.084026485
A636N,-5.611798103
A636P,2.890631024
A636Q,-6.088180661
A636R,-5.351941206
A636S,-5.361592275
A636T,-6.245338427
A636V,-5.055450835
A636W,-4.848398236
A636Y,-5.333555936000001
S637A,-5.7982611870000005
S637C,-2.885866485
S637D,2.3007411280000003
S637E,-2.354568532
S637F,-3.526051252
S637G,-4.673704891
S637H,-0.752162973
S637I,-4.832801381
S637L,-2.811990227
S637M,-4.881140637
S637N,-3.788335709
S637P,-4.9672315110000005
S637Q,-4.069140408
S637R,2.504616731
S637T,-4.372236413
S637V,-5.255846329
S637W,0.453950101
R638A,-0.667325685
R638C,-3.726590981
R638D,1.771008036
R638E,3.270026122
R638F,-1.630629018
R638G,-0.436559083
R638H,-1.824836804
R638I,-5.173561866
R638K,-4.866541778
R638L,-1.027022316
R638P,2.450636519
R638Q,0.808399172
R638S,-2.360084419
R638T,-3.055687323
R638V,-3.90895153
R638W,-3.801092522
R638Y,-2.329513028
H639A,-5.802280253999999
H639C,-5.221688371
H639D,-1.755533477
H639E,-4.047318312
H639F,-3.62700024
H639G,-3.749514108
H639I,-4.352686526
H639K,-3.890280862
H639L,-5.237386924
H639M,-4.821632697
H639N,-4.243650703
H639P,-2.571213229
H639Q,-5.912120786
H639R,-3.066672639
H639S,-4.7339419760000006
H639T,-2.57818441
H639V,-2.901649913
H639W,-1.894201926
H639Y,-5.036714332
A640C,-5.535239252
A640E,-1.473004908
A640F,-2.445197463
A640G,-5.066833824
A640H,-3.1190966980000003
A640I,-2.022518547
A640L,-3.157633154
A640M,-4.923866753
A640N,-1.869197081
A640P,-5.711290808999999
A640Q,-4.536960775
A640R,-1.160036939
A640S,-3.197675772
A640T,-4.55053135
A640V,-5.291083929
A640W,-3.289998858
A640Y,-1.379921731
C641A,-3.0843667480000003
C641D,-3.851755331
C641F,-4.3717760430000006
C641G,-5.0638440430000005
C641H,-3.717657397
C641I,-3.346321724
C641K,-4.2895979460000015
C641L,-4.872321085
C641M,-4.66500212
C641N,-2.2389185030000003
C641P,-4.204750784
C641Q,-4.3800941060000005
C641R,-4.787116006000001
C641S,-3.976305716
C641T,-3.625573496
C641V,-3.886457571
C641Y,-4.717107158999999
V642A,-4.814487823
V642C,-3.017990755
V642D,-2.889692096
V642E,-2.893394009
V642F,-5.747742551
V642G,-4.501214791000001
V642H,-3.883955908
V642I,-5.771201523999999
V642K,-3.2440404330000003
V642L,-4.870966442
V642M,-4.826627299
V642N,-3.125822116
V642P,-2.7956848080000003
V642Q,-5.353237086
V642R,-3.724695612
V642S,-4.250793269
V642T,-4.323798982
V642W,-2.6188494280000003
V642Y,-5.849682193
E643A,-4.363820018
E643C,-3.856269333
E643D,-5.274944903
E643F,-2.035737946
E643G,-4.643108681
E643H,-4.1792984660000005
E643I,-2.918573981
E643K,-2.561593886
E643L,-3.5600926160000004
E643M,-3.712535771
E643P,-1.37986863
E643Q,-6.298135117
E643R,-2.418391052
E643S,-5.133305041
E643T,-2.946470775
E643V,-1.689696338
E643W,-2.339580887
V644A,-5.79850381
V644C,-4.481966178
V644D,-4.54250895
V644E,-4.42988099
V644F,-5.175216131
V644G,-4.906182852
V644H,-5.74589914
V644I,-5.035165736000001
V644K,-4.208013019
V644L,-5.677687402999999
V644M,-4.002871758
V644N,-5.453526782000001
V644P,-4.659313135
V644Q,-3.785937499
V644R,-5.389242117
V644S,-5.185976019
V644T,-3.754650309
V644W,-4.550359554
V644Y,-5.474403635
Q645A,-5.415763192000001
Q645C,-2.717311149
Q645D,-4.8966111230000005
Q645E,-4.82162024
Q645F,-5.258268745
Q645G,-4.705493885
Q645H,-5.593794386
Q645I,-3.835183867
Q645K,-4.907775936
Q645L,-4.758060815
Q645M,-6.874308275
Q645N,-4.078593657
Q645P,-4.008246689
Q645R,-5.897556373
Q645S,-5.022247827
Q645T,-3.832968251
Q645V,-3.575822429
Q645W,-4.945420566
Q645Y,-3.659548558
D646A,-4.8990229
D646C,-4.0512191180000015
D646E,-1.220803053
D646F,-3.40776899
D646G,-4.138663067
D646I,-5.383820367
D646K,-5.2329754930000005
D646L,-2.69231597
D646M,-1.7053125569999998
D646N,-5.16452911
D646P,-3.522180703
D646Q,-4.930141952
D646R,-5.681748507999999
D646S,-5.531227176
D646T,-4.810665646
D646V,-4.767426775
D646W,-5.0586635310000005
D646Y,-4.94817011
E647A,-4.775988948999999
E647C,-5.245136477
E647D,-4.981637768
E647F,-4.307656162
E647G,-4.153288601
E647H,-4.536455308
E647I,-2.581057205
E647K,-3.666168119
E647L,-4.5431585960000005
E647M,-3.750218665
E647N,-4.0625483860000005
E647P,-4.082821023999999
E647Q,-5.177212856000001
E647R,-5.090236319
E647S,-3.765529224
E647T,-5.5352242610000015
E647V,-3.978915572
E647W,-0.246274273
E647Y,-3.434763518
I648A,-4.176314948
I648C,-4.965189763
I648D,-5.19134115
I648E,-4.055714116
I648F,-5.432752067999999
I648G,-5.400413199
I648H,-5.4741062000000005
I648K,-5.657359337000001
I648L,-3.476945396
I648M,-5.874455485
I648P,-2.0206911990000003
I648Q,-4.344834589
I648R,-4.641488519
I648S,-3.788610641
I648T,-4.841397048999999
I648V,-5.0688282010000005
I648W,-4.574328471
I648Y,-5.048724921
A649C,-4.297407048
A649D,-3.4511591110000004
A649E,-4.143228433
A649F,-4.2945260030000005
A649G,-2.8170052130000003
A649H,-5.757064805
A649I,-3.3900431010000003
A649K,-3.347154618
A649L,-5.037881492
A649M,-4.09498996
A649N,-3.280250398
A649P,-3.064335585
A649Q,-3.975708909
A649R,-4.617520358
A649S,-4.892564235
A649T,-5.800620183
A649V,-3.404753799
A649Y,-3.933162664
F650A,-1.203578465
F650C,-2.386301584
F650G,-2.890174684
F650H,-3.558605364
F650I,-4.36834803
F650K,-3.040651852
F650L,-4.240525744
F650M,-0.237018934
F650N,-3.351066546
F650P,-0.599276708
F650Q,-3.296989304
F650R,-1.861455338
F650S,-3.260098099
F650T,-5.578339155
F650V,-4.846271698
F650W,-1.231820028
F650Y,-3.205574219
I651A,-3.668145113
I651C,-4.866753609
I651D,-4.21090861
I651E,-5.303064322
I651F,-3.988949068
I651G,-4.3515951280000005
I651K,-1.423809329
I651L,-4.671839427
I651M,-5.295497465
I651N,-4.42375433
I651P,0.473822468
I651Q,-4.50783191
I651R,-4.3658106110000015
I651S,-4.245323179
I651T,-1.616860538
I651V,-2.963850405
I651W,-3.561166309
I651Y,-2.590409352
P652A,-3.837671078
P652C,-4.150464698
P652E,-4.204715088
P652F,-1.373054101
P652G,-3.259724099
P652H,-4.921304924
P652I,-2.008947412
P652K,-1.56996403
P652L,-2.182199484
P652M,-5.956949108
P652Q,-3.001465289
P652R,-4.701566974
P652S,-4.14194714
P652T,-4.202457522
P652V,-4.733728135
P652W,-0.032797073
N653A,-2.113426501
N653C,-3.444703928
N653E,-2.661512415
N653F,-2.896923697
N653G,-4.1228672139999984
N653H,-3.343399125
N653I,-0.5478141360000001
N653K,-2.687178041
N653L,-2.14384936
N653M,-4.374931329
N653P,2.154634851
N653Q,-4.733236184
N653R,-3.151101353
N653S,-4.550479994
N653T,-3.844048762
N653V,-4.055652812
N653W,-2.704530484
N653Y,-0.380309561
D654A,-3.349583215
D654C,-5.303975071
D654E,-4.8167392
D654F,-4.319480593
D654G,-4.608358477
D654H,-5.922383018
D654I,-4.323953911
D654K,-1.964927171
D654L,-4.222997573
D654M,-2.624360135
D654N,-6.2092638120000005
D654P,-1.841685889
D654Q,-5.035277815
D654R,-4.312858173
D654S,-4.199463026
D654T,-4.136663168
D654V,-4.190094404
D654W,-3.603601575
D654Y,-5.051874365
V655A,-2.79090565
V655C,-3.527423693
V655D,2.7160460310000003
V655E,2.339568168
V655F,-3.35813357
V655G,-2.8570649460000004
V655H,-4.308316249
V655I,-3.138805312
V655K,1.737145116
V655L,-3.331052288
V655M,-4.276436832
V655N,-3.650174645
V655P,2.653966215
V655Q,-2.600032939
V655R,2.524550071
V655S,-5.582510157000001
V655T,-3.785038868
V655W,0.5712513770000001
Y656A,-3.481886045
Y656C,-5.689261506
Y656D,-3.343018127
Y656E,-4.337812853
Y656F,-5.6564989070000005
Y656G,-4.025931471
Y656I,-2.387330927
Y656K,-5.4842130120000006
Y656L,-5.523819177999999
Y656M,-3.973969015
Y656N,-4.04197061
Y656P,-1.1133337
Y656Q,-4.89120032
Y656R,-4.456828678
Y656S,-5.386337679
Y656T,-5.770875349
Y656V,-3.718793879
Y656W,-2.522444944
F657A,-2.987175906
F657C,-3.376862339
F657D,2.607589501
F657E,2.754716249
F657G,0.638838004
F657I,-5.195516836
F657L,-5.2142131460000005
F657M,-3.1955168360000004
F657N,1.491667925
F657P,2.983803416
F657Q,0.273738901
F657R,1.820488967
F657S,-3.153957213
F657T,0.464149743
F657V,-2.339474777
F657W,2.436641863
F657Y,-3.903770962
E658A,-4.321443597
E658C,-3.819577834
E658D,-3.292846762
E658F,-4.475256178
E658G,-2.878542762
E658H,-3.4816091630000003
E658I,-5.2297867380000005
E658L,-3.386042331
E658M,-3.411416752
E658N,-4.116323771
E658P,1.769188755
E658Q,-2.372393455
E658R,-3.751002903
E658S,-4.616863951
E658T,-5.5831958010000005
E658V,-3.759328912
E658W,-2.539471238
K659A,-4.456058942
K659C,-5.219484468
K659D,-3.991035969
K659E,-4.51377847
K659F,-5.654919808
K659G,-2.135582743
K659I,-4.607725155
K659L,-3.057083737
K659M,-4.654948455
K659N,-5.640723242000001
K659P,-5.387007251
K659Q,-4.892594282
K659R,-4.498209496
K659S,-4.717304975
K659T,-0.987141427
K659V,-4.516094793
K659W,-4.218205825
K659Y,-5.353517504
D660A,-5.00430888
D660C,-3.747362071
D660E,-4.940663067
D660F,-4.937074857
D660G,-4.013163925
D660H,-3.256542746
D660I,-2.25634071
D660K,-2.101458178
D660L,-3.939312124
D660M,-3.2841424580000003
D660N,-3.878302286
D660P,-5.135762024
D660Q,-4.398530727
D660R,-5.320799051
D660S,-4.522937557
D660T,-3.946820275
D660V,-3.711970785
D660W,-3.866399345
D660Y,-5.573555271
K661A,-4.414716441
K661C,-4.885842327
K661D,-3.622396218
K661E,-3.199823844
K661F,-3.002731029
K661G,-3.717615411
K661H,-5.661253563
K661I,-4.522836257
K661L,-3.886835807
K661M,-3.586245428
K661N,-5.861417001
K661P,-1.151033779
K661Q,-4.182681629
K661R,-4.702613847
K661S,-5.1781524260000005
K661T,-5.066722672
K661V,-4.521191315
K661W,-4.855335371000001
K661Y,-5.442538425
Q662A,-4.457088581
Q662C,-4.025386964
Q662D,-3.4632240430000003
Q662E,-3.1684169360000003
Q662F,-5.135944669
Q662G,-3.469443238
Q662H,-4.406515325
Q662I,-5.747742551
Q662K,-5.337647758
Q662L,-4.954715584
Q662M,-2.9213418730000003
Q662N,-5.449843217000001
Q662P,-2.991988492
Q662R,-5.010195146
Q662S,-6.153663484
Q662T,-5.777023409
Q662V,-2.321461048
Q662W,-5.516287178
Q662Y,-5.159773536
M663A,-2.9285672160000003
M663C,-4.787287281
M663D,-3.387300555
M663E,-2.907466863
M663F,-3.816381505
M663G,-3.875925626
M663H,-3.972714665
M663I,-5.613972757999999
M663K,-4.440623491
M663L,-5.393564718
M663N,-4.840244019
M663P,-2.96927031
M663R,-3.155960997
M663S,-3.879892123
M663T,-5.848319732999999
M663V,-5.460861402999999
M663W,-4.400769508
M663Y,-5.556281188
F664A,-4.685651064
F664C,-4.629541443
F664E,-3.263679792
F664G,-0.42185861
F664H,-3.705698613
F664I,-5.266468416
F664K,0.65509452
F664L,-4.182286251
F664M,-4.600351443
F664N,-4.208546043
F664P,2.368429252
F664Q,-4.992165431
F664R,0.730997927
F664S,-3.109045755
F664T,-4.476319525
F664V,-3.971858118
F664W,-3.4598697460000003
F664Y,-3.848040056
H665A,-3.418187269
H665C,-4.955983229
H665D,-3.846706648
H665E,-5.044463282
H665F,-5.656626216
H665G,-3.468577395
H665I,-4.996987198
H665K,-2.277433662
H665L,-4.907357847
H665M,-5.791294225
H665N,-4.377720168
H665P,-0.458064983
H665Q,-5.3806137860000005
H665R,-2.99474418
H665S,-4.235911585
H665T,-5.613420585
H665V,-4.243786705
H665W,-4.24782921
H665Y,-4.286413549
I666A,-2.7194738380000003
I666C,-5.429392487
I666D,3.428187475
I666E,1.307353281
I666F,-3.428712463
I666G,1.746486168
I666H,-2.880572159
I666K,1.726268741
I666L,-4.7915525180000005
I666M,-4.137264665
I666P,2.673545761
I666Q,1.2057749
I666R,1.908354574
I666S,-1.350559191
I666T,-4.171621582
I666V,-4.488887846
I666W,-2.160295591
I666Y,-5.41129327
I667A,-2.3916246830000003
I667C,-3.75053487
I667D,2.407138911
I667E,1.901343125
I667F,-4.791907883
I667G,1.650541751
I667K,2.293761993
I667L,-5.148695313999999
I667M,-5.264748411
I667N,2.045922238
I667P,2.7239881089999995
I667R,3.027239873
I667S,0.787824862
I667T,-3.953525154
I667V,-5.436020713
I667W,2.277845387
T668A,-4.788583115
T668C,-3.3437622680000003
T668D,-2.866223174
T668E,-3.823701756
T668F,-5.375492939
T668G,-4.463775773
T668H,-5.10121181
T668I,-5.096458323
T668L,-5.39296979
T668M,1.507976291
T668N,-4.534710877
T668P,1.704043451
T668Q,-2.393764345
T668R,-0.716634075
T668S,-3.4775330980000003
T668V,-4.3973397610000005
T668W,-3.338544099
T668Y,-3.484618162
G669A,-4.561248435
G669C,-2.7756525460000003
G669D,2.875538627
G669E,2.510409526
G669F,2.520963505
G669H,3.356328184
G669I,2.814665992
G669K,2.738245053
G669L,2.849770636
G669M,1.292544857
G669N,2.824788017
G669P,2.300191772
G669Q,2.314109415
G669R,2.677547625
G669S,-3.971117449
G669T,0.033424723
G669V,3.08027464
G669W,2.87925759
G669Y,3.502241278
P670A,-3.288781254
P670C,-3.828847196
P670D,-2.556405251
P670E,-3.3364378880000003
P670F,-1.4149021469999998
P670G,-4.352907226
P670H,-6.451814026
P670I,-5.013613516
P670K,-2.175453329
P670L,-4.999822724
P670M,-3.771008173
P670N,-2.643438522
P670Q,-1.053982497
P670R,-2.347868747
P670S,-5.7795887000000015
P670T,-5.669389415
P670V,-5.401876771
P670W,-5.733344847000001
P670Y,-2.9376930860000003
N671A,0.391156519
N671C,-3.765562517
N671D,-2.176954342
N671E,2.904818229
N671F,3.521562332
N671G,-2.20672407
N671I,2.628298065
N671K,2.168099081
N671L,2.070772431
N671M,2.362439708
N671P,2.531306491
N671Q,-3.749494158
N671R,1.994513434
N671S,-2.788849478
N671T,1.343188501
N671V,0.0076927019999999
N671W,1.509754415
N671Y,3.114278483
M672A,-4.085197384
M672C,-3.588178306
M672D,-4.66889749
M672E,-5.131653783
M672F,-5.6138127760000005
M672G,-4.082293287
M672H,-4.811420485
M672I,-6.016615498999999
M672K,-3.451232409
M672L,-4.110756392
M672N,-5.632723075
M672P,0.572937653
M672Q,-5.298570898
M672R,-4.964413761
M672S,-4.709239467
M672T,-4.214372845
M672V,-3.430259478
M672W,-2.200050787
M672Y,-1.885479945
G673A,-5.087692414
G673C,-3.669958457
G673D,-3.465156664
G673E,2.068247143
G673F,-1.825985807
G673H,-3.1337286410000003
G673I,0.316701045
G673K,1.331488228
G673L,0.263619388
G673M,-1.75990637
G673N,-2.7361304680000003
G673P,1.880412516
G673Q,-1.658732579
G673R,-0.267407524
G673S,-4.985657242
G673T,-4.060607986
G673V,-4.2167691330000014
G673W,0.130682413
G673Y,-1.072160043
G674A,0.449193942
G674C,-0.6920861140000001
G674D,2.546204647
G674E,2.234791292
G674F,2.49792906
G674H,2.087213877
G674I,2.825046366
G674K,2.125942315
G674L,2.670856536
G674M,1.932671137
G674N,2.407701345
G674P,2.080411509
G674Q,2.726714267
G674R,2.395984978
G674S,-1.324744251
G674T,1.769354105
G674V,3.311507327
G674W,1.227214043
G674Y,2.397628817
K675A,0.263261212
K675C,1.567846963
K675D,1.855149713
K675E,3.099383108
K675F,2.817507952
K675G,-0.194757614
K675H,0.699786017
K675I,2.110493849
K675L,2.948868194
K675M,2.633681391
K675N,1.688895971
K675P,3.130299024
K675R,0.929774614
K675S,2.207023077
K675T,1.765714744
K675V,2.422334376
K675W,4.403431136
K675Y,3.2199110560000004
S676A,1.827718842
S676C,1.985432932
S676D,2.456702221
S676E,3.111468228
S676F,1.990529517
S676G,-1.6476406019999998
S676H,3.197318625
S676I,2.752857811
S676K,3.231290194
S676L,2.570328989
S676M,0.606023295
S676P,2.856101877
S676Q,2.10022175
S676R,2.775243805
S676T,-3.2198336430000003
S676V,2.458136124
S676W,3.100447012
S676Y,1.962546133
T677A,-4.176078019
T677C,-4.455813266
T677F,-2.169640504
T677G,-3.144355187
T677I,-5.331862607
T677K,1.298645089
T677L,-4.67707988
T677M,-2.195516836
T677N,-1.320174365
T677P,2.234710706
T677Q,-4.697436517
T677R,2.469069125
T677S,-4.623692179
T677V,-4.5107984960000005
T677W,-0.745128123
T677Y,-1.768362068
Y678A,-3.024571546
Y678C,-3.065583443
Y678D,3.266007764
Y678E,2.658236281
Y678F,-4.344694536
Y678G,2.134578319
Y678H,-3.140700534
Y678I,-5.8349271210000015
Y678K,2.116166849
Y678L,-4.992625484
Y678M,-0.16218873
Y678P,3.03128174
Y678R,0.5960422639999999
Y678S,0.095802281
Y678T,-3.0522399860000005
Y678V,-5.029596627
Y678W,-3.613000097
I679A,-4.571078518999999
I679C,-3.078841413
I679D,2.601209124
I679F,-1.985490221
I679G,-3.907864154
I679H,-2.600808787
I679K,1.377757974
I679L,-4.607650022
I679M,-4.99482762
I679N,-1.736438907
I679P,-1.833442127
I679Q,-4.213232739
I679R,2.9626109510000003
I679S,-4.94600573
I679T,-4.804718117
I679V,-4.772025491
I679W,-1.145170123
I679Y,-1.918744556
R680A,-3.792122763
R680C,-2.562507418
R680E,-2.915999935
R680F,-2.896300952
R680G,-4.219393402
R680H,-3.815204779
R680I,-2.591783611
R680K,-3.487732054
R680L,-5.124853811
R680M,-4.131308833
R680P,2.448658546
R680Q,-5.419290785
R680S,-3.742183956
R680T,-3.507267193
R680V,-4.105909533
R680W,-1.801093974
R680Y,-3.664874001
Q681A,-4.651345534
Q681C,-4.828483075
Q681D,-1.859983611
Q681E,-3.179616841
Q681F,-2.518858566
Q681G,-2.974362724
Q681H,-3.681076725
Q681I,-4.486644222
Q681K,-5.38946177
Q681L,-4.249548068
Q681M,-5.503863001
Q681N,-3.3590637080000003
Q681P,2.783266459
Q681R,2.478158287
Q681S,-4.805297624
Q681T,-4.27087078
Q681V,-1.54370502
Q681W,-1.131821102
Q681Y,-1.953001207
T682A,-2.670697389
T682D,1.78575036
T682E,-1.155899475
T682F,-4.3137309230000005
T682G,-3.83417727
T682H,-4.205978048
T682I,-5.1523460860000005
T682L,-3.880290128
T682M,-4.857324096
T682N,-3.994377515
T682P,-4.3557984030000005
T682Q,-2.757289555
T682R,2.871756736
T682S,-4.223992603
T682V,-4.002523238999999
T682W,-3.222997573
T682Y,-4.641040858999999
G683A,-5.281190375
G683C,-3.752364065
G683D,2.60005333
G683E,-1.356744949
G683F,-0.751440331
G683H,2.7518347060000004
G683I,-6.309795847999999
G683K,2.063629831
G683L,-2.345017737
G683M,-2.646489503
G683P,-4.877034271
G683Q,-4.8326352560000005
G683R,2.3012998
G683S,-3.866990964
G683T,-5.672838700000002
G683V,-5.70046417
G683Y,1.500586499
V684A,-3.3900431010000003
V684C,-3.209615775
V684D,-4.862431928
V684E,0.99267823
V684F,-4.137293402
V684G,-4.389894882
V684H,-3.67085109
V684I,-6.442894983
V684K,-5.030322785
V684L,-5.113420585
V684M,-5.32957846
V684N,-5.002376693
V684P,0.5171889479999999
V684Q,-5.768895996
V684R,-1.300872215
V684S,-4.227359769
V684T,-5.067890506
V684W,-0.838259935
V684Y,-2.480933658
I685A,-2.064865757
I685C,-4.552640563
I685D,-2.332754167
I685F,-1.402394915
I685G,-3.802771925
I685H,-2.4176888080000003
I685L,-2.861125192
I685N,-2.684191224
I685P,1.83849482
I685R,2.3866803830000003
I685S,-3.801377924
I685T,-4.380145229
I685V,-4.353960942
I685W,2.025373657
I685Y,2.508566589
V686A,-3.541551216
V686C,-3.963124301
V686D,1.081317152
V686E,-1.471157139
V686F,-2.874040815
V686G,-2.840209504
V686H,-2.90763929
V686I,-2.774443279
V686K,0.982434882
V686L,-3.581270692
V686M,-3.198363468
V686N,-2.570240508
V686P,-1.202234952
V686R,2.256795367
V686S,-2.8666381010000004
V686T,-2.662535116
V686W,0.872207765
L687A,-2.885985181
L687C,-3.440083045
L687D,1.688190337
L687F,-5.678012016
L687G,0.552341092
L687H,-2.52000125
L687I,-2.907369592
L687K,1.262714774
L687M,-3.184588075
L687N,-1.293256857
L687P,2.054720489
L687Q,-1.457008577
L687R,2.17566167
L687S,-2.623079033
L687T,-0.5536337339999999
L687V,-4.2229118660000005
L687W,-0.11652133
L687Y,-1.829845453
M688A,-1.271099491
M688C,-1.542686755
M688D,2.060129991
M688E,1.505694816
M688F,-1.967874301
M688G,1.360805365
M688H,1.196411135
M688I,-4.691195472
M688K,1.883064525
M688L,-2.869155392
M688N,1.869066578
M688P,1.744643867
M688Q,-3.63204424
M688R,2.312044956
M688S,-0.7022129029999999
M688T,-1.169020004
M688V,-2.605459649
M688W,2.296137728
M688Y,2.09375851
A689C,-3.152596881
A689D,2.561641375
A689E,2.368382485
A689F,1.819483681
A689G,-1.964213592
A689H,1.5907416980000002
A689I,-2.435321258
A689K,2.229180361
A689L,0.7566913890000001
A689M,-4.044052377
A689N,3.558663508
A689P,2.525317446
A689Q,1.885765063
A689R,2.001594921
A689S,-3.935931711
A689T,-3.946473748
A689V,-3.825397124
A689W,0.699336559
A689Y,1.932948657
Q690A,-2.576834405
Q690D,2.676680415
Q690E,1.40247992
Q690F,-2.040400821
Q690G,0.8893492820000001
Q690H,-2.76197984
Q690I,0.23636983
Q690K,2.209472207
Q690L,-4.101826605
Q690M,-2.9571869960000003
Q690N,1.015416444
Q690P,2.073573559
Q690R,1.901356725
Q690S,-1.6721287219999998
Q690T,-1.608125766
Q690V,-1.884030269
Q690W,2.0048574930000003
Q690Y,0.890638378
I691A,-4.599801125
I691C,-3.350296049
I691E,1.12017574
I691F,-4.260317284
I691G,0.962968292
I691H,2.087475089
I691K,1.314848228
I691L,-3.89596917
I691M,-2.98601089
I691N,-1.532108504
I691P,2.558046946
I691R,2.107268808
I691S,-2.742827408
I691T,-2.806304868
I691V,-2.380706495
I691W,-1.1164133040000002
I691Y,-3.04537474
G692A,-0.466514158
G692C,1.4803360980000002
G692D,1.909707832
G692E,1.779645894
G692F,2.531918299
G692H,1.7971950280000002
G692I,1.679535032
G692K,2.9577840710000003
G692L,2.408337962
G692M,2.094748768
G692N,2.918795311
G692P,2.426396588
G692Q,2.007779485
G692R,2.265677674
G692S,1.841040871
G692T,2.561588029
G692V,2.3932617
G692Y,2.431583779
C693A,-2.295448394
C693D,2.471003062
C693E,0.981466957
C693F,1.384679845
C693G,-0.58876299
C693H,-2.752719357
C693I,-2.742033003
C693K,2.342438385
C693L,-2.583197513
C693M,-0.971863573
C693P,2.138755594
C693Q,-2.065969772
C693R,1.84242706
C693S,-3.5825140660000003
C693T,-1.972771944
C693V,-3.245085871
C693W,2.562111322
F694A,2.034866465
F694D,2.175705259
F694E,1.663731786
F694G,1.450982474
F694I,2.4576385590000003
F694K,0.568070745
F694L,-1.609088293
F694M,-3.428292539
F694N,-2.125137704
F694P,-0.234112433
F694Q,1.448096501
F694R,-0.529564578
F694S,2.081722398
F694T,1.7425479380000002
F694V,2.229302966
F694W,-3.762874511
F694Y,-4.727504781
V695A,-2.604122073
V695C,-1.900746
V695D,1.665296139
V695E,1.794336086
V695F,2.215690265
V695G,0.63244065
V695H,2.404998296
V695I,-1.768940444
V695K,1.894862781
V695L,-1.845857531
V695M,4.5108330930000005
V695N,1.582526988
V695P,2.300543115
V695Q,2.40946166
V695R,2.128226437
V695S,0.111207575
V695T,-2.075146942
V695Y,1.702518
P696A,-1.622525356
P696D,2.296814149
P696E,1.863818388
P696F,1.6348570969999998
P696G,-2.201479037
P696H,2.421470106
P696I,1.934692628
P696K,1.823432964
P696L,2.136173592
P696M,1.391421092
P696Q,0.8426634890000001
P696R,2.065105727
P696S,-2.194667722
P696T,0.488967023
P696V,2.108056073
P696W,1.5435410390000002
P696Y,1.876048842
C697A,-3.973001819
C697D,2.904257625
C697E,2.491080327
C697F,2.059432829
C697G,-2.9203008610000003
C697H,1.87730021
C697I,-0.6051178629999999
C697K,2.237779882
C697L,-1.622141192
C697M,0.972116517
C697N,0.989328366
C697P,2.011222507
C697Q,2.185504321
C697R,2.485808591
C697S,-3.114302617
C697T,-2.682959596
C697V,-5.059371594
C697W,2.915732363
C697Y,2.102406396
E698A,-2.545799457
E698C,-2.719948707
E698D,-2.318662814
E698F,-3.4237760180000003
E698G,-4.232770858
E698H,-5.128935975
E698I,-3.165830782
E698K,-2.7741503080000003
E698L,-4.511550739
E698M,-0.721745107
E698N,-4.961016323
E698P,1.301850257
E698Q,-1.675854624
E698R,-3.892475858
E698S,-2.994753678
E698T,-3.983515489
E698V,-4.66997067
E698W,-2.236531736
E698Y,-3.52397125
S699A,-4.142274832
S699C,-2.1077676640000003
S699D,-2.99862089
S699E,-4.09773056
S699F,-1.192245048
S699G,-2.9240494110000004
S699H,-3.211603269
S699I,-4.979003977
S699K,-4.708122136
S699L,-3.76852129
S699M,-2.630590044
S699N,-3.598680484
S699P,1.060631835
S699Q,-3.748459801
S699R,-4.089745831
S699T,-4.706881631
S699V,-2.9519665
S699W,-4.513568373
S699Y,-3.744689519
A700C,-3.713441434
A700D,1.925567365
A700E,1.917234839
A700F,1.050336925
A700G,-3.777804837
A700H,2.071117447
A700I,-2.335793835
A700K,1.815326407
A700L,-1.102086537
A700M,-2.482492628
A700N,1.5416132340000002
A700P,-2.051694912
A700Q,2.814040734
A700R,2.033312738
A700S,-2.96221569
A700T,-1.56693503
A700V,-1.968474295
A700W,1.065943996
A700Y,1.82209078
E701A,-2.924430081
E701C,-1.243406517
E701D,-2.9522544180000003
E701F,-2.965547297
E701G,-4.083481635
E701H,-3.245553242
E701I,-3.938865445
E701K,-4.578760548
E701L,-2.685934473
E701M,-3.39323553
E701N,-2.498679407
E701P,2.354290784
E701Q,-4.270871473
E701R,-3.4941391210000003
E701S,-3.966229917
E701T,-2.993271375
E701V,-4.555340191
E701W,-2.3182208230000003
E701Y,-1.945577028
V702A,-1.641348187
V702C,-2.509998753
V702D,1.554070004
V702E,2.351830082
V702F,-2.09971149
V702G,0.623190704
V702H,-0.802359556
V702I,-2.954517207
V702K,2.673362877
V702L,-4.066843947
V702M,-5.815859721
V702N,-0.682723607
V702P,2.427915174
V702Q,0.806055385
V702R,2.18285435
V702S,-1.898426637
V702T,-2.106308497
V702W,-0.897184613
V702Y,0.902232067
S703A,-4.44050151
S703C,-5.489770054
S703E,-4.030514913
S703F,-0.943879904
S703G,-4.619378783
S703I,0.030653685
S703K,-3.359040097
S703L,-1.340291116
S703M,-4.83905345
S703N,-3.068975454
S703P,-2.22878094
S703Q,-3.062583852
S703R,-1.3935258380000002
S703T,-4.93307136
S703V,-3.458601124
S703W,1.046642486
I704A,-2.460268072
I704C,-3.191857399
I704D,2.778680123
I704E,1.2935454
I704F,-1.77994867
I704G,-0.409664438
I704H,1.236906147
I704K,1.254219988
I704L,-3.015317506
I704M,-1.423182185
I704P,-3.178767522
I704Q,-3.008424483
I704R,-1.22010904
I704S,-2.235696168
I704T,-3.33113807
I704V,-4.5277216430000005
I704W,1.825493445
I704Y,1.127366615
V705A,-3.885081981
V705C,-4.714422924
V705D,1.382485964
V705F,-3.600394662
V705G,-2.73062374
V705H,-3.461164432
V705I,-5.515290464
V705K,-3.030179486
V705L,-4.009303259
V705M,-5.482936619
V705N,-3.4297844310000003
V705P,0.8505141159999999
V705Q,-3.657670028
V705R,-4.176795383
V705S,-4.201793555
V705T,-3.969978111
V705W,1.176764878
D706A,-3.37309451
D706C,-4.358623794
D706F,-0.887904006
D706G,-2.588769869
D706H,-2.602322186
D706I,-1.763887487
D706K,-2.943937151
D706L,0.312927717
D706M,-1.35907912
D706P,-3.396116146
D706Q,-3.03679039
D706R,-3.282520557
D706S,-4.007233213999998
D706T,-3.664047925
D706V,-2.986554711
D706W,-3.939723883
D706Y,-1.6652827630000002
C707A,-2.860443791
C707D,-2.874127376
C707E,-1.6259430869999998
C707F,-3.982254169
C707G,-2.552199281
C707I,-2.8732284710000005
C707K,-3.385198148
C707L,-3.77557847
C707M,-0.848753649
C707N,-2.701745354
C707P,1.394115533
C707Q,-4.168147599
C707R,-3.157088777
C707S,-3.51311975
C707T,-3.359700379
C707V,-3.266448492
C707W,-2.426668399
C707Y,-3.545749619
I708A,-2.397690017
I708C,-4.680516873999999
I708D,2.766643325
I708F,-2.834881155
I708G,0.79039652
I708H,1.035147797
I708K,1.832652998
I708L,-3.2480714610000003
I708M,-2.011602688
I708N,1.944427869
I708P,2.185936395
I708Q,-3.963995951
I708R,2.123104716
I708S,-0.606761908
I708T,-3.2204225330000003
I708V,-3.906489906000001
I708W,2.5988814
L709A,-3.685616231
L709C,-2.476395548
L709D,-2.17011764
L709E,-3.412029685
L709F,-3.934150911
L709G,-2.790945994
L709H,-3.61014017
L709I,-1.550696162
L709K,-2.6556134
L709M,-3.2697014280000003
L709N,-3.61806346
L709P,-1.056486273
L709Q,-1.359281076
L709R,-3.396166451
L709S,-4.982677362
L709T,-2.818569064
L709V,-2.696380892
L709W,-3.878276486
L709Y,-5.14400638
A710C,-4.352083262
A710D,-0.803769176
A710E,-2.4847795
A710F,-4.520843223
A710G,-4.461528657
A710H,-2.172578525
A710I,-3.4559341860000004
A710K,-3.396006062
A710L,-3.722431043
A710M,-1.347892845
A710N,-1.948432263
A710P,-1.568438714
A710Q,-2.8859157110000004
A710R,1.452353828
A710S,-3.127681953
A710T,-4.636076211000001
A710V,-2.535174892
A710W,-2.494114652
A710Y,-2.240932166
R711A,1.788356389
R711C,1.883620529
R711D,-2.393874003
R711E,2.127051262
R711F,-1.307936534
R711G,-0.6808126720000001
R711H,-1.974182352
R711I,1.636076988
R711K,-3.898006742
R711L,0.490909839
R711M,0.8521555120000001
R711P,2.173576862
R711Q,-0.989691953
R711S,1.4314735019999998
R711T,1.839508012
R711V,1.785383757
R711W,-0.022012158
R711Y,-1.333012736
V712A,-5.031563866
V712C,-4.696041824
V712D,-2.917709857
V712E,-3.580683769
V712F,-2.539656807
V712G,-4.151616648
V712H,-5.437710267000001
V712I,-5.89395994
V712K,-4.349672611
V712L,-3.473125038
V712M,-2.877450045
V712N,-5.379154532
V712P,-2.084971653
V712Q,-4.627860424
V712R,-2.344220751
V712S,-4.626005958
V712T,-3.440472892
V712W,-5.50725179
V712Y,-3.055761288
G713A,-3.96919333
G713C,-5.171931937
G713D,-2.75453147
G713E,-3.370866533
G713F,-3.013239035
G713H,-3.4827764410000004
G713I,-2.89660373
G713K,-3.804175776
G713L,-2.373234133
G713M,-3.661338495
G713N,-4.265388547
G713P,-2.594385279
G713Q,-4.1571492260000005
G713R,-3.758726526
G713S,-3.399862217
G713T,-3.356541614
G713V,-2.968447958
G713Y,-4.376364286
A714C,-2.6907269680000003
A714D,-2.887972765
A714E,-2.450508776
A714F,-1.6747499280000002
A714G,-3.616840121
A714H,-3.67759534
A714I,-2.420704835
A714K,-3.142559659
A714L,-3.686071738
A714M,-3.520991754
A714N,-3.344606778
A714P,0.0170284289999999
A714Q,-2.223655926
A714R,-3.457938135
A714S,-2.7395998460000004
A714T,-3.2714848560000003
A714V,-4.063162572
A714W,-4.776656495
A714Y,-2.876204468
G715A,-4.388135942
G715C,-2.322746031
G715D,-3.527531623
G715E,-3.789585061
G715F,-3.974046128
G715H,-3.836749936
G715I,-3.803508717
G715K,-2.667328455
G715L,-2.88471121
G715M,-3.638893348
G715N,-4.676794852
G715P,-1.102236879
G715Q,-5.232351764
G715R,-3.3246940080000003
G715S,-3.135177886
G715T,-3.218611555
G715V,-2.102303704
G715W,-2.540835392
G715Y,-3.374056537
D716A,-3.078493562
D716C,-3.625110202
D716G,-4.158227847
D716H,-3.552542422
D716I,-0.8459030609999999
D716K,-1.242129927
D716L,-1.530502285
D716M,0.43047622
D716N,-3.87693702
D716P,-1.88327324
D716Q,-2.9631331430000003
D716R,-1.26653938
D716S,-4.2637228910000005
D716T,-0.551620773
D716V,-2.637888847
D716W,-3.900195519
D716Y,-1.059563104
S717A,-2.774233124
S717C,-4.1648018910000015
S717D,-3.784191101
S717E,-4.002967293
S717F,-3.899686542
S717G,-3.371504114
S717H,-3.701446312
S717I,-4.579936244
S717K,-3.1899391180000003
S717L,-4.401289362
S717M,0.018330232
S717N,-4.086177853
S717P,-1.702457553
S717Q,-4.986211733
S717R,-2.61684079
S717T,-3.826412149
S717V,-3.050626825
S717W,-2.351600894
S717Y,-3.484478882
Q718A,-4.101738738
Q718C,-3.549147028
Q718D,-2.7306601560000003
Q718E,-2.133680283
Q718F,-2.962413213
Q718G,-3.618054816
Q718H,-2.520144652
Q718I,-4.860480008
Q718K,-2.8732284710000005
Q718L,-3.949814391
Q718M,-3.552199281
Q718N,-3.881765471
Q718P,-5.324245478
Q718R,-2.849544457
Q718S,-3.567149623
Q718T,-4.088860327
Q718V,-2.260130914
Q718W,-4.188918773
Q718Y,-4.469961385
L719A,-4.165818634
L719C,-2.295283774
L719D,-4.13871111
L719E,-4.330178769
L719F,-4.332133234
L719G,-3.3116661360000004
L719H,-2.485207431
L719I,-1.393324617
L719K,-2.487387691
L719M,-4.245185048
L719N,-3.070153362
L719P,-5.236347602
L719Q,-4.588660063
L719R,-3.832833867
L719S,-4.456431501
L719T,-3.776688333
L719V,-3.059662153
L719W,-5.307086783
L719Y,-5.389532054
K720A,-4.375044708
K720C,-2.15329483
K720D,-3.050424088
K720E,-3.49462001
K720F,-1.507717031
K720G,-2.986200998
K720H,-3.14952495
K720I,-4.5063077080000005
K720L,-3.086717669
K720M,-4.224624623
K720N,-3.964271438
K720P,-2.3890793230000003
K720Q,-3.489712833
K720R,-3.479955286
K720S,-4.32291946
K720T,-2.5703442780000003
K720V,-4.558880112
K720W,-4.835451213
K720Y,-3.688130062
G721A,-2.391615139
G721C,-4.694658949
G721D,-4.5101750560000005
G721E,-2.341108301
G721F,-3.805080882
G721H,-0.379120147
G721I,-2.647113855
G721K,-2.692906795
G721L,-2.965827774
G721M,-4.0969657060000015
G721N,-3.672245738
G721P,-3.444771262
G721Q,-1.367996001
G721R,-3.002123267
G721S,-3.382017382
G721T,-2.101257002
G721V,-2.971743072
G721W,0.523852513
V722A,-4.102714659
V722C,-3.799898145
V722D,-3.267389992
V722E,-4.176966402
V722F,-3.957142394
V722G,-4.372615084
V722H,-4.548200156
V722I,-2.4050275880000003
V722K,-4.311602338
V722L,-3.756531307
V722M,-5.173214013
V722N,-2.65325262
V722P,-3.885012703
V722Q,-3.433240712
V722R,-4.498545192
V722S,-3.740489618
V722T,-4.841278054
V722W,-5.835451213
V722Y,-5.573919476
S723A,-1.452974212
S723C,-2.121747885
S723D,-0.564526034
S723E,2.607909288
S723F,2.197638483
S723G,-3.910424704
S723H,2.206784995
S723I,1.700451905
S723K,2.504597941
S723L,1.5560662580000002
S723M,2.529229974
S723N,1.83249884
S723P,-0.118948533
S723Q,1.379535973
S723R,1.704433933
S723T,-0.327549033
S723V,1.78111896
S723W,2.366346444
S723Y,2.061470554
T724A,-1.558064524
T724C,-4.41798786
T724D,-1.865560744
T724E,-2.440779781
T724F,-1.499579274
T724G,-2.649133271
T724H,-3.946956368
T724I,-1.3512170019999998
T724K,-2.2214560480000003
T724L,-0.119390979
T724N,-4.426498083
T724P,1.942772627
T724Q,-2.166537983
T724R,-2.348585748
T724S,-3.1890666210000003
T724V,-3.365642114
T724W,-1.863314412
T724Y,-1.907222341
F725A,-3.63635917
F725C,-4.146237182
F725E,-2.669009119
F725G,-2.70422473
F725H,0.579514509
F725I,-4.406637739
F725K,-2.13985978
F725L,-3.705881883
F725M,-4.420413714
F725N,-4.181206778
F725P,2.132107631
F725Q,-1.851913308
F725R,0.348770042
F725S,-2.879198565
F725T,-2.256559723
F725V,-3.96149037
F725W,-4.134725182
F725Y,-4.998547296
M726A,-2.464372256
M726C,-4.752334741
M726D,-4.318406999
M726E,-4.085145172
M726F,1.507762026
M726G,-3.879871684
M726H,-3.20330525
M726K,-4.1289211460000015
M726L,-4.413633049
M726N,-4.257951795
M726P,0.595986594
M726Q,-4.301576309
M726R,-3.333556982
M726S,-3.979083422
M726T,-4.635195447
M726V,-3.805918317
M726W,-3.412094557
M726Y,1.093678136
A727C,-3.419291294
A727D,-3.996730842
A727E,-2.8360853130000003
A727F,-4.130928012
A727G,-2.257952783
A727H,-3.328704172
A727I,-3.04204318
A727K,-4.764540366
A727L,-3.844287436
A727M,-4.5211420030000005
A727N,-4.722474199
A727P,-1.135901489
A727Q,-4.3233481330000005
A727R,-2.62034651
A727S,-3.026363747
A727T,-2.741409603
A727V,-4.534474987
A727W,-3.432650667
A727Y,-2.58510462
E728A,-2.969313925
E728C,-1.788545464
E728G,-3.635663905
E728H,-4.310996894
E728I,-0.285986339
E728K,0.544014706
E728L,0.921118878
E728M,-4.171006502
E728N,-2.696870395
E728P,-1.113956556
E728Q,-2.793989649
E728R,1.052794948
E728S,-3.69270622
E728T,-3.762742069
E728V,-2.490942555
E728W,-0.263193997
M729A,-2.736217453
M729C,-4.617742461000001
M729E,-0.313828278
M729F,0.81190869
M729G,-1.100903836
M729H,-1.502218639
M729I,-4.781017972
M729K,0.835495388
M729L,-3.5063955910000004
M729N,-1.761274535
M729P,1.833540612
M729Q,-3.065959575
M729R,1.319749223
M729S,-3.0950953180000003
M729T,-2.892303555
M729V,-3.858515387
M729W,1.587411679
M729Y,-1.515047895
L730A,-2.645081243
L730C,-2.952052027
L730D,-2.331898617
L730E,-1.884937831
L730F,-3.453504942
L730G,-1.467708012
L730H,-4.711788929
L730I,-2.941220218
L730K,-3.741405186
L730M,-2.893384517
L730N,-2.980586047
L730P,1.7017522669999998
L730Q,-3.15664091
L730R,-1.805268267
L730S,-2.989245132
L730T,-3.742707443
L730V,-1.81810107
L730Y,-2.052441832
E731A,-2.958358525
E731C,-3.093429403
E731D,-2.58791559
E731F,-2.577132742
E731G,-3.373377458
E731H,-2.834902252
E731I,-2.743317674
E731L,-2.194615219
E731M,-4.787241157
E731N,-4.759435763
E731P,-1.736721539
E731Q,-2.312798483
E731R,-1.570207011
E731S,-3.814666965
E731T,-1.497813724
E731V,-2.856220074
E731W,-4.373377458
E731Y,-3.374671619
T732A,-4.4530209460000005
T732C,-3.398317122
T732E,-2.582298878
T732G,-2.110816278
T732I,-4.564317848
T732K,-1.17677075
T732L,-3.991924985
T732M,-4.178643092
T732P,1.729318871
T732Q,-1.963290862
T732R,2.084458907
T732S,-2.168801196
T732V,-4.448900759
T732W,1.12726215
T732Y,0.343974525
A733C,-2.957918295
A733D,-3.411385015
A733E,-2.824906621
A733F,0.00367424
A733G,-1.307972893
A733H,-1.829941957
A733I,-0.8665058959999999
A733K,-3.862255853
A733L,-2.018351337
A733M,-3.28282159
A733N,-2.254558221
A733P,0.254195741
A733Q,-3.806100226
A733R,-3.17342322
A733S,-3.1903969610000003
A733T,-3.377366284
A733V,-2.861931827
A733W,-1.858758058
A733Y,-1.908983226
S734A,-3.2295031460000003
S734C,-3.250341071
S734D,-3.295347287
S734E,-3.423893457
S734F,-3.222068761
S734G,-4.363637478999999
S734H,-3.361266322
S734I,-1.17376318
S734K,-4.2362878460000015
S734L,-2.210879954
S734M,-4.747131378
S734N,-3.370922624
S734P,-1.238575603
S734R,-4.135460814
S734T,-2.638358142
S734V,-2.499857004
S734W,-1.872827002
S734Y,-4.076892451
I735A,-1.827783926
I735C,-2.953086136
I735D,-0.175984625
I735F,-1.903058676
I735G,-0.439712266
I735K,0.694197671
I735L,-2.208289348
I735M,-2.214652089
I735N,-1.360606159
I735P,0.803818813
I735R,1.107914212
I735S,-0.640338802
I735T,-3.478080888
I735V,-3.305805679
I735W,-0.020300897
I735Y,-2.383087096
L736A,-2.544051394
L736C,-2.285122744
L736E,-1.024327321
L736F,-3.345120103
L736G,-0.532168469
L736H,-0.726687799
L736I,-2.7255972410000004
L736K,1.000404205
L736M,-0.868706805
L736P,0.025932238
L736Q,-0.552437624
L736R,0.508230669
L736S,-1.794536901
L736T,-2.7565929560000004
L736V,-2.710602955
L736W,-0.1493797909999999
L736Y,-1.4117992069999998
R737A,-1.999789412
R737C,-1.767793395
R737E,-3.248446468
R737F,-1.773476597
R737G,-2.879819674
R737H,-3.348054705
R737I,-3.335014299
R737K,-5.085638191
R737L,-3.165148454
R737N,-2.93310616
R737P,-1.46144088
R737Q,-2.80882171
R737S,-1.825115295
R737T,-1.940639077
R737V,-1.249193975
R737W,-3.509136383
R737Y,-1.943422132
S738A,-3.19213509
S738D,-4.584811413
S738E,-2.547160281
S738G,-2.711847774
S738H,-2.590243447
S738I,-3.849446025
S738K,-4.6412476510000005
S738L,-2.278897099
S738M,-1.769965024
S738N,-2.39621044
S738P,-0.8729011959999999
S738Q,-2.359429786
S738R,-3.859992688
S738T,-3.590236448
S738V,-1.836909387
S738W,-1.763174755
S738Y,-2.350740706
A739D,-0.744220533
A739E,1.061780273
A739F,-1.131989846
A739G,-3.436697633
A739H,-0.762639655
A739I,-1.3150839909999998
A739K,-0.625895684
A739L,-1.332146407
A739M,-4.13635137
A739N,-0.920866556
A739P,-2.509441504
A739R,0.128763366
A739S,-2.649631164
A739T,-2.858553327
A739V,-1.709052952
A739W,-0.27808146
A739Y,-0.243324746
T740A,-2.354969185
T740C,-2.729388439
T740D,-2.47865467
T740E,-3.370932323
T740F,-1.020438906
T740G,-2.9792096060000004
T740H,-2.599090097
T740I,-0.392165581
T740K,-3.054672525
T740L,-1.129977141
T740M,-1.319220792
T740N,-2.44131358
T740P,-1.3485762890000002
T740Q,-0.997011247
T740R,-3.178847053
T740S,-3.389570272
T740V,-1.139693732
T740W,-0.230086787
T740Y,-0.940316238
K741A,-4.148387527
K741C,-2.519843712
K741D,-3.165445613
K741E,-4.311341673
K741F,-3.022038991
K741G,-2.552727335
K741H,-1.712711261
K741I,-2.475928552
K741L,-2.635820181
K741M,-3.646231582
K741N,-3.879087261000001
K741P,-2.240182806
K741Q,-3.208716434
K741R,-3.229878379
K741S,-3.510508077
K741T,-3.105154387
K741V,-3.407005502
K741W,-3.62240421
K741Y,-3.882995483
D742A,-3.724787669
D742C,-1.746478582
D742E,-2.64391931
D742F,-2.350806766
D742G,-1.939776456
D742H,-1.873063051
D742I,-2.017323197
D742K,-1.819762525
D742L,-3.2437135360000005
D742M,-3.91079167
D742N,-5.095164554
D742P,-1.232082239
D742Q,-4.226575263
D742R,-2.939125971
D742S,-3.292568387
D742T,-2.7532821060000003
D742V,-2.831094185
D742W,-3.346945684
D742Y,-3.80991766
S743A,-3.136774239
S743C,-1.769547858
S743E,1.236810251
S743F,-0.540816316
S743G,-2.306369759
S743H,-1.327342554
S743I,0.509509714
S743K,1.43732204
S743L,1.752212403
S743M,0.246937469
S743N,-3.614819095
S743P,1.3947402290000002
S743Q,0.5809339370000001
S743R,0.656593676
S743T,-3.73200327
S743V,-0.18942173
S743W,-0.03264929
S743Y,-1.076845964
L744A,-0.584579921
L744C,-2.769994018
L744D,1.974296648
L744E,1.80861869
L744F,-4.485865922
L744G,1.813702324
L744H,-0.357295167
L744I,-2.59891724
L744K,1.940345757
L744M,-4.057357859
L744N,1.4320640880000002
L744P,2.2411434
L744Q,1.282811438
L744R,2.218635175
L744S,1.734048731
L744T,-0.1336315569999999
L744V,-2.8453676110000004
L744W,0.634263794
L744Y,-2.145969188
I745A,-1.4150300080000002
I745C,-2.257114155
I745D,1.804923401
I745E,1.820032181
I745F,-2.074392282
I745G,1.403454653
I745H,2.4063604730000003
I745K,1.967615303
I745L,-4.517350565
I745M,-2.884937831
I745N,1.755612364
I745P,2.142984536
I745Q,2.163086206
I745R,2.013749573
I745S,0.787627086
I745T,-1.6286873569999998
I745V,-2.016182364
I745W,0.7169064409999999
I746A,-1.435312594
I746C,-3.1083284589999995
I746D,1.542695537
I746E,-0.26158717
I746F,-0.923400504
I746G,-1.153026755
I746K,1.610338779
I746L,-2.142095888
I746M,-1.5126107
I746N,0.581328473
I746P,1.909430787
I746Q,-0.717435842
I746R,2.349295902
I746S,-0.955229105
I746T,-1.032540711
I746V,-3.362113603
I746W,-0.424308424
I746Y,-1.171911073
I747A,-1.797544364
I747C,-2.731579297
I747D,0.21823551
I747E,0.5459592870000001
I747F,-2.637203604
I747G,-0.428319541
I747L,-2.96911062
I747M,-5.4965052760000015
I747P,2.2293955430000003
I747Q,-0.702972787
I747R,1.763652595
I747S,-1.207389966
I747T,-1.615730059
I747V,-2.42263029
I747W,-1.531062069
I747Y,-2.577670552
D748A,0.537908055
D748C,-1.5409705580000002
D748E,-3.921458871000001
D748F,1.88167929
D748G,1.293555927
D748H,2.002767045
D748I,0.411431449
D748K,2.187610415
D748L,1.718417879
D748M,0.767415904
D748N,-1.463015881
D748P,2.032020974
D748Q,1.029011131
D748R,1.909946994
D748S,-1.140668597
D748T,1.610276109
D748V,0.902970223
D748W,2.278766177
D748Y,2.57643029
E749A,2.300615171
E749C,1.7274627340000002
E749D,1.570699229
E749F,1.669341938
E749G,2.354896712
E749H,2.080037825
E749I,2.195400407
E749K,2.114056351
E749L,2.273033499
E749M,1.869714594
E749N,2.437148256
E749P,2.246491092
E749Q,1.7049241030000002
E749R,2.2412442
E749S,2.113460606
E749T,2.23987509
E749V,1.990467919
E749W,2.419674565
E749Y,1.7230595000000002
L750A,-0.684054275
L750C,-4.06749547
L750D,0.77816886
L750E,0.350201149
L750F,-2.160968482
L750G,-1.250730122
L750H,-2.283043999
L750I,-3.420918938
L750K,0.257191081
L750M,-2.956455197
L750N,-1.836019894
L750P,-1.887690903
L750Q,-1.030692325
L750R,-0.218542761
L750S,-2.502408494
L750T,-2.040511
L750V,-2.115678365
L750W,0.10351292
L750Y,-1.189287166
G751A,-3.704234026
G751C,-0.6814624709999999
G751D,-1.032658412
G751E,1.738408246
G751F,-0.12221725
G751H,1.979213457
G751I,0.299561706
G751K,2.685735686
G751L,-0.157207258
G751M,-1.399511004
G751P,1.130951269
G751Q,1.118034772
G751R,2.2972573830000003
G751S,-2.358587297
G751T,1.605996913
G751V,-1.295650049
G751W,0.611020573
R752A,0.59706825
R752C,-1.6838754930000002
R752D,1.293238038
R752E,1.450972051
R752F,-1.793108136
R752G,0.1764034619999999
R752H,-2.050411828
R752I,-0.442638408
R752K,-3.2396452360000003
R752L,-2.19992553
R752M,-2.8663975510000004
R752N,-1.000196454
R752P,0.024200764
R752S,0.633584379
R752T,0.347434424
R752V,-1.823703549
R752W,-1.610633041
R752Y,-2.895875674
G753A,-2.802970816
G753C,-2.704377667
G753D,-1.708154488
G753E,0.216394512
G753F,-2.070578685
G753I,0.151658558
G753K,1.285745423
G753L,-0.264152636
G753M,-0.303461356
G753N,-1.923340144
G753P,0.235577586
G753Q,0.143179812
G753R,1.69166592
G753S,-2.024500382
G753T,-1.115064449
G753V,-1.048358135
G753W,1.835366348
G753Y,0.7996597390000001
T754A,-2.564421434
T754C,-3.021409724
T754D,1.4777428999999995
T754E,1.3485729169999998
T754F,1.909604738
T754G,-2.220440769
T754H,2.044418676
T754I,1.7304539369999998
T754K,1.463363928
T754L,-0.932078769
T754M,-1.05947911
T754N,1.192565466
T754P,1.615120384
T754R,1.77682381
T754S,-2.705545137
T754V,-0.111421653
T754W,1.7596746230000002
T754Y,2.137961886
S755A,-2.487846375
S755C,-2.29997533
S755D,-2.991335099
S755F,-1.278375401
S755G,-1.882547291
S755H,-2.153608572
S755I,-1.327407745
S755K,-0.486072528
S755L,0.488442556
S755M,1.743719859
S755N,-2.157529684
S755P,-1.616519739
S755Q,-1.522191025
S755R,-1.7222711119999998
S755T,-1.441387654
S755V,-2.083751837
S755W,-3.2423897530000003
S755Y,0.49395305
T756A,-0.330925065
T756C,-1.345072921
T756D,-2.040333813
T756E,-1.6880368609999998
T756F,-1.193459903
T756G,-0.23000825
T756H,1.25935383
T756I,-1.815689336
T756K,1.707826024
T756L,-1.6593437009999998
T756M,-1.678705266
T756N,-2.889029018
T756P,2.0320010930000003
T756Q,-1.300756132
T756R,1.819716841
T756S,-3.109943662
T756V,-1.478113327
T756W,0.03602511
T756Y,-0.060633907
Y757A,-3.392412217
Y757C,-2.491797348
Y757D,-4.171262114
Y757E,-3.727965072
Y757F,-2.275074151
Y757G,-2.491571582
Y757H,-3.855705956
Y757I,-1.777106834
Y757K,-1.795214906
Y757L,-1.6827326930000002
Y757M,-1.822738578
Y757N,-1.905681232
Y757P,-2.0216440380000003
Y757Q,-1.37008441
Y757R,-0.971782163
Y757S,-2.913661054
Y757T,-2.008760292
Y757V,-1.248690421
Y757W,-2.846359797
D758A,-0.340121459
D758C,-1.176103493
D758E,-4.207066087
D758F,0.669592713
D758G,0.340668835
D758H,0.700793573
D758I,-1.371984325
D758K,1.113217546
D758L,-0.057220616
D758M,0.48881161
D758N,-3.625800643
D758P,-0.122226871
D758Q,-1.461381614
D758R,1.206358985
D758S,0.243684276
D758T,-2.090845318
D758V,-2.555546024
D758W,1.967418303
D758Y,1.954981251
G759A,-1.579247893
G759C,-1.3047624
G759D,1.084437271
G759E,0.97469902
G759F,1.278060428
G759H,2.036858426
G759I,1.925517521
G759K,1.977286908
G759L,1.326217659
G759M,1.043874985
G759N,-0.30206204
G759P,2.120815746
G759Q,0.675276435
G759R,1.783402241
G759S,-0.540201519
G759T,1.062208747
G759V,2.214609261
G759W,0.935838401
G759Y,1.285811809
F760A,-2.4991077880000003
F760C,-3.035496616
F760E,-3.336842322
F760G,-0.132302924
F760H,-1.142541485
F760I,-3.977771343
F760K,-1.030597493
F760L,-3.274658455
F760M,-3.387614314
F760N,-2.636319895
F760P,-0.314480319
F760Q,-3.989026741
F760R,-2.720831893
F760S,-2.69218345
F760T,-3.680363033
F760V,-2.953695694
F760W,-2.3481699590000003
F760Y,-2.777486547
G761A,0.229357749
G761C,-0.634048494
G761D,1.809137614
G761E,2.031634598
G761F,0.980983453
G761H,1.012503087
G761I,2.091804597
G761K,2.039400254
G761L,1.846821504
G761M,1.985250746
G761N,0.7581107659999999
G761P,1.869595182
G761Q,1.615453386
G761R,2.193455261
G761S,-0.364728097
G761T,0.08734428
G761V,1.785253002
G761Y,1.070727678
L762A,-0.83130413
L762C,-2.43887764
L762D,2.015177501
L762F,-1.456416866
L762G,0.219376207
L762H,-1.5108580530000002
L762I,-2.725855558
L762K,1.248784232
L762M,-0.916385686
L762N,-1.274067621
L762P,1.995734312
L762Q,-1.01940154
L762R,1.822248328
L762S,-1.494119538
L762T,-2.878600747
L762V,-2.217380047
L762W,-0.827718994
L762Y,-1.976025073
A763C,-2.948656535
A763D,-2.324568005
A763E,1.700325811
A763F,-2.004369698
A763G,-2.96917633
A763H,1.863905778
A763I,-3.277908172
A763K,0.507547741
A763L,-1.380206291
A763M,-3.270058801
A763N,-2.368463448
A763P,1.877845204
A763Q,-1.666011984
A763R,2.075917044
A763S,-2.999490508
A763T,-3.36292911
A763V,-2.7634480910000003
A763W,0.102377206
A763Y,-1.872504693
W764A,-1.5603462
W764C,-3.464782174
W764D,-0.413269262
W764E,-1.258290629
W764F,-2.45373819
W764G,-1.878752228
W764H,-1.95368799
W764I,-1.5205730430000002
W764K,0.261026072
W764L,-0.8448801229999999
W764M,-3.3856103980000003
W764N,-0.956426512
W764P,2.212879601
W764Q,-1.638511741
W764R,-0.494738321
W764S,-2.558328583
W764T,-2.065149677
W764V,-1.928251418
W764Y,-1.79070568
A765C,-1.135343265
A765D,1.926368007
A765E,-1.535498479
A765F,0.673000652
A765G,-2.597190399
A765H,-2.222295692
A765I,0.120130346
A765K,0.311821563
A765L,1.138676012
A765M,-0.32116845
A765P,1.389500868
A765Q,-2.203607099
A765R,1.36543059
A765S,-3.169819132
A765T,-2.634025839
A765V,-2.3675037530000003
A765W,1.161100582
A765Y,-0.303453689
I766A,-2.490630607
I766C,-2.275478436
I766D,2.175214732
I766E,-0.7620411490000001
I766F,-2.012210638
I766G,-0.657485526
I766H,-2.778097273
I766L,-1.866041213
I766M,-4.092533251
I766P,1.838138931
I766R,2.006554669
I766S,-1.931096899
I766T,-3.640986306
I766V,-2.675452852
I766W,-1.507265506
I766Y,-0.491470638
S767A,-2.95979013
S767C,-4.0633822980000005
S767D,-0.299692547
S767E,-1.26370971
S767F,-4.299729503
S767G,-1.937047349
S767I,-3.19298482
S767K,-1.725517864
S767L,-3.149601279
S767M,-1.868592418
S767N,-2.8661761880000003
S767P,-0.591696521
S767Q,-2.321543529
S767R,2.1998760930000003
S767T,-3.004616052
S767V,-3.997590219
S767W,0.529044058
S767Y,-1.888284433
E768A,-3.162242452
E768C,-1.635003024
E768D,-3.416802583
E768F,-1.733015866
E768G,-3.370292865
E768H,-1.970967308
E768I,-2.681972979
E768K,-2.090471085
E768L,-2.208110244
E768M,-1.591291674
E768N,-2.377376583
E768P,2.102068511
E768Q,-2.6881762460000003
E768R,-0.932546575
E768S,-1.887848403
E768T,-2.812660812
E768V,-1.316088383
E768W,-1.917954803
E768Y,-2.801099747
Y769A,-3.885409229
Y769C,-5.2926178
Y769D,-2.169533876
Y769E,-3.576863938
Y769F,-2.9956329910000004
Y769G,-2.030403979
Y769H,-1.896962373
Y769I,-2.726672787
Y769K,-2.073632828
Y769L,-2.601866059
Y769M,-4.052670512
Y769N,-3.109541609
Y769P,1.337025603
Y769R,-3.433756494
Y769S,-3.3984587210000003
Y769T,-2.328208154
Y769V,-2.306121716
Y769W,-3.914566909
I770A,-2.477117168
I770C,-2.007406955
I770D,2.095999606
I770E,-1.990003189
I770F,-2.4465257680000003
I770G,0.6109251720000001
I770K,1.767353804
I770L,-2.698534634
I770M,-1.674162514
I770P,2.345784531
I770Q,-1.30189642
I770R,2.200757502
I770S,-1.074980578
I770T,-2.707441662
I770V,-1.993424393
I770W,0.375121328
I770Y,-1.118518684
A771C,-4.071000372
A771D,-1.524809342
A771E,-3.654447949
A771F,-2.172144576
A771G,-2.482998752
A771H,-2.668416328
A771I,-2.370924324
A771L,-2.041033472
A771M,-4.939776456000001
A771N,-1.613422602
A771P,-2.602510773
A771Q,-2.12533829
A771R,-2.516130521
A771S,-3.592016682
A771T,-2.945908864
A771V,-2.236182533
A771W,-2.212099614
A771Y,-1.839685144
T772A,-4.006387132
T772C,-2.988986852
T772D,-3.45750257
T772E,-3.808208936
T772F,-2.339246816
T772G,-4.0177593960000015
T772H,-1.969739711
T772I,-2.470414791
T772K,-3.722806107
T772L,-2.880899934
T772M,-3.042752003
T772N,-4.50058784
T772P,1.114639561
T772Q,-3.254880802
T772R,-3.574370339
T772S,-2.8112911310000004
T772V,-3.366355524
T772W,-0.52073858
T772Y,-2.45325227
K773A,-3.211334452
K773C,-2.608297953
K773D,-4.325661043
K773E,-3.1614423510000003
K773F,-2.20178469
K773G,-3.460581036
K773H,-2.751910661
K773I,-3.567568797
K773L,-1.506773986
K773M,-3.5149882210000003
K773P,-1.498797142
K773Q,-2.433691327
K773R,-2.390097706
K773S,-3.38029111
K773T,-2.579736335
K773V,-2.520905
K773W,-3.916629376
K773Y,-1.391814562
I774A,-2.38101214
I774C,-2.2070362880000003
I774D,-0.6190055529999999
I774F,-2.551296408
I774G,-1.20445135
I774H,-2.274563038
I774K,-2.2276875030000003
I774L,-3.788844056
I774N,-3.222711075
I774P,-0.913054889
I774Q,-2.139104244
I774R,-1.766057956
I774S,-2.112916795
I774T,-3.858073904
I774V,-3.969718564
I774W,-0.33957165
I774Y,-1.7152140319999998
G775A,-2.741468182
G775C,-4.249912444
G775D,-4.801471871
G775E,-2.865752081
G775F,-2.153047935
G775H,-1.995247062
G775I,-2.167209687
G775K,-2.462893661
G775L,-1.937115006
G775M,-3.62127685
G775N,-2.945746977
G775P,-1.58275259
G775Q,-2.001852324
G775R,-1.7661676569999998
G775S,-2.232907405
G775T,-0.474942051
G775V,-3.909617344
G775W,-3.4732027910000003
G775Y,-4.001798874
A776C,-1.066612244
A776E,2.239351801
A776F,1.128967254
A776G,-3.086393687
A776H,0.76778728
A776I,0.957209894
A776K,2.36077534
A776L,-0.183661196
A776M,-0.220307349
A776N,-1.803614639
A776P,-1.921756195
A776Q,1.154700185
A776R,2.883700457
A776S,-3.169702557
A776T,-2.260082935
A776V,-0.6094994810000001
A776W,1.69643027
A776Y,1.862915573
F777A,-1.548677794
F777C,-2.255608613
F777D,1.322063439
F777E,-1.36288203
F777G,-2.412863355
F777I,-3.249241968
F777K,-2.9581894189999995
F777L,-2.409339856
F777M,-3.874332191
F777N,-2.56125934
F777P,-2.156770272
F777Q,-2.47958534
F777R,-2.456981085
F777S,-2.628147515
F777T,-1.835169426
F777V,-1.921755588
F777W,-2.723664068
F777Y,-1.7443351319999998
C778A,-2.560564561
C778D,2.529324769
C778E,2.64921882
C778F,-0.581013063
C778G,-3.455564851
C778H,2.163542516
C778I,-1.5822301069999998
C778K,3.052868832
C778L,-1.419908554
C778M,-2.092310581
C778P,2.412019007
C778Q,1.152809772
C778R,2.681962147
C778S,-3.295157068
C778T,-3.242521487
C778V,-1.168065736
C778W,0.501740981
M779A,-1.465438803
M779C,-2.759847265
M779D,-0.59444656
M779E,-0.8434224029999999
M779F,-4.005950109
M779G,-0.240305843
M779H,-3.051197409
M779I,-1.836556094
M779K,-2.170098157
M779L,-1.664740881
M779N,-2.494216073
M779P,1.749767471
M779Q,-1.970912161
M779R,2.207768794
M779S,-2.292994993
M779T,-2.762983804
M779V,-3.784408906
M779W,-1.451601645
M779Y,-3.018550154
F780A,-1.646634029
F780C,-2.55671719
F780E,-2.445242763
F780G,-2.053041651
F780H,-2.604547639
F780I,-1.005073033
F780K,-4.1888233580000005
F780L,-3.439043418
F780M,-1.241852105
F780N,-2.757629949
F780P,2.4224385
F780Q,-2.125229281
F780R,2.342508891
F780S,-1.175448875
F780T,-2.693568833
F780V,-2.842568777
F780W,-1.965878588
F780Y,-2.287778291
A781C,-2.599660935
A781E,-3.514731818
A781F,1.886364767
A781G,-1.619340442
A781H,2.632022011
A781I,-0.980066246
A781K,1.999902578
A781L,-2.242177433
A781M,0.654691594
A781N,-2.124430073
A781P,-1.123845161
A781Q,1.485526101
A781R,2.135427852
A781S,-2.902327816
A781T,-0.913079945
A781V,-0.472378959
A781W,2.7086222760000003
A781Y,2.335901002
T782A,-2.132040262
T782D,1.6707326340000002
T782E,1.5521309769999998
T782F,2.665916689
T782G,-1.005236681
T782I,0.059801138
T782K,2.287949952
T782L,0.954158191
T782M,-0.323840211
T782N,-2.19229066
T782P,0.054079393
T782R,2.398349393
T782S,-1.945350772
T782V,-0.966716447
T782W,2.233978698
T782Y,2.373206747
H783A,-1.651156544
H783C,-3.993029366
H783D,-1.5774364769999998
H783E,-1.811476727
H783F,-1.986604029
H783G,-2.191770371
H783I,-1.059991129
H783K,1.672788061
H783L,-0.904362864
H783M,0.229918026
H783N,-3.473187551
H783P,-2.915247757
H783Q,-2.167291774
H783R,0.126939881
H783S,-2.153897413
H783T,-2.416977375
H783V,-2.153685034
H783W,-0.419275288
H783Y,-1.730875327
F784A,-0.173883161
F784C,0.986914986
F784D,1.156396444
F784E,1.3581942059999998
F784G,1.5663740119999998
F784H,-0.875283701
F784I,-1.5863401730000002
F784K,2.496932643
F784L,-3.2264291710000004
F784M,-2.684709748
F784P,2.113152387
F784R,0.573762299
F784S,-0.386123953
F784T,1.053262382
F784V,-0.3853078720000001
F784W,-1.250414732
F784Y,-2.452549772
H785A,-2.020935935
H785C,-0.6296454579999999
H785D,-2.449281615
H785E,-1.898262742
H785F,-1.875763527
H785G,-2.844503897
H785I,-1.096673693
H785K,-3.826761927
H785L,-1.0962068740000002
H785M,-1.3605096630000002
H785N,-2.0682602830000003
H785P,-1.298821834
H785Q,-2.228932095
H785R,-3.3429037260000003
H785S,-0.219781875
H785T,-1.009417486
H785V,-2.999652016
H785W,-1.7724216659999998
H785Y,-2.294043158
E786A,-2.019374307
E786C,-2.558389398
E786D,-1.787787175
E786F,-1.847576514
E786G,-2.030698778
E786H,-2.13872607
E786I,-1.600650906
E786L,-1.506645965
E786M,-1.830097968
E786N,-2.304266309
E786P,-1.69677239
E786Q,-2.587256019
E786R,-1.989187954
E786S,-2.172615493
E786T,-3.100159052
E786V,-1.759683559
E786W,-0.866911251
E786Y,-0.819573296
L787A,-2.787820192
L787C,-2.393365489
L787D,2.636983481
L787E,-0.222877232
L787F,-1.613211246
L787G,-0.8982715640000001
L787H,-1.828084789
L787I,-3.223918103
L787K,1.772155141
L787M,-1.7503385880000002
L787P,1.533845221
L787R,2.367317764
L787S,-1.78945983
L787T,-0.967557872
L787V,-3.982295735
L787W,-0.180477231
L787Y,1.573344269
T788A,-2.650875086
T788C,-3.046125522
T788E,-3.494468435
T788F,-2.614283443
T788G,-3.377834535
T788H,-1.007392908
T788I,-0.629668023
T788K,-3.477827047
T788L,-1.329657702
T788M,-0.195037906
T788N,-3.631174115
T788P,-1.837748306
T788Q,-2.71193031
T788R,-4.373385272
T788S,-1.703590566
T788V,-2.027759725
T788W,-0.307683864
T788Y,-1.272714465
A789C,-2.062777711
A789D,-3.376793245
A789E,-1.495693956
A789F,-1.141776997
A789G,-3.39900648
A789H,-2.256454337
A789I,-2.335467191
A789K,-3.673590623
A789L,-3.176987451
A789M,-3.942076798
A789N,-3.576560847
A789P,-2.342164909
A789Q,-2.376106503
A789R,-3.045330828
A789S,-2.3320938
A789T,-2.953244567
A789V,-1.894714196
A789W,-0.538242359
A789Y,-2.03182433
L790A,-1.717105059
L790C,-1.878019394
L790D,1.206448741
L790F,-2.725666915
L790G,0.704657825
L790H,-0.74991369
L790I,-2.064773747
L790K,0.909971322
L790M,-2.942954528
L790N,1.097499007
L790P,0.454594052
L790Q,-1.50769952
L790R,0.197245738
L790S,-0.714459912
L790T,-1.121464945
L790V,-1.617797361
L790W,-0.209413071
A791C,-2.903242367
A791D,-1.966053863
A791E,-3.20823512
A791F,-1.91330515
A791G,-1.716780583
A791H,-2.300259765
A791I,-2.8087427430000003
A791K,-2.664711022
A791L,-1.451972778
A791M,0.211869666
A791N,-3.768596531
A791P,-2.7362446780000003
A791Q,-2.219324125
A791R,-2.740663754
A791S,-3.268503224
A791V,-2.852297999
A791W,-2.057451468
A791Y,-2.577125227
N792A,-1.908774536
N792C,-4.078313622
N792D,-4.390324442
N792E,-2.400438852
N792F,-2.4807898280000003
N792G,-3.969875633
N792H,-1.864226234
N792I,-2.467036281
N792K,-3.684915903
N792L,-1.6462168780000002
N792M,-3.210184766
N792P,-1.467724782
N792Q,-0.4763078770000001
N792R,-2.643539134
N792S,-2.1237506230000003
N792T,-2.450483428
N792V,-3.132571332
N792W,-1.342450207
N792Y,-2.826316176
Q793A,-3.000316215
Q793C,-2.623920832
Q793D,-4.096406438
Q793E,-2.535532962
Q793F,-1.721525591
Q793G,-2.744579911
Q793H,-2.98993042
Q793I,-2.062939521
Q793K,-4.934486864
Q793L,-1.292691934
Q793M,-1.7605614509999998
Q793N,-2.475290265
Q793P,-1.1921398440000002
Q793R,-2.097929657
Q793S,-2.090303669
Q793T,-1.629868128
Q793V,-2.926734204
Q793W,-0.39224448
Q793Y,-2.508546555
I794A,-2.939991576
I794C,-1.158038261
I794D,-1.902541055
I794E,-3.758821688
I794F,-2.5149471340000003
I794G,-1.148524085
I794H,-2.11394821
I794L,-3.21669976
I794M,0.790326857
I794N,-3.4780180030000003
I794P,0.523208448
I794Q,-2.720396119
I794R,-1.99650134
I794S,-1.766552429
I794T,-2.73700373
I794V,-3.318975206
I794W,-2.661696019
I794Y,-2.881199575
P795A,-4.425138421000001
P795C,-3.647271328
P795D,-4.239158034
P795E,-3.351847556
P795F,-3.741998595
P795G,-3.360894745
P795H,-2.6932757
P795I,-2.389810526
P795K,-2.200865348
P795L,-2.583173
P795M,-0.498863665
P795Q,-5.34742895
P795R,-2.450001061
P795S,-2.30448154
P795T,-2.910073715
P795V,-3.262968318
P795W,-2.152710282
P795Y,-1.909957079
T796A,-3.902185185
T796C,-3.876069291
T796D,-1.948895359
T796E,-3.157260645
T796F,-2.422214916
T796G,-3.49907532
T796H,-0.966330114
T796I,-2.321653664
T796K,-3.3452513610000003
T796L,-2.561778469
T796M,-4.263035987
T796N,-0.968051979
T796P,-2.068162629
T796Q,-2.530682142
T796R,-1.30202376
T796S,-1.24282819
T796V,-3.304619962
T796W,-2.081034728
T796Y,-4.2178961610000005
V797A,-1.974846615
V797C,-1.785899129
V797D,2.616724468
V797E,2.317000161
V797F,-1.076652936
V797G,-1.993663491
V797H,2.075359601
V797I,-3.481491545
V797K,1.981708071
V797L,-1.799509468
V797M,0.947617917
V797P,1.829977913
V797R,1.905071006
V797S,-1.484489809
V797T,-2.453757695
V797W,0.660868125
V797Y,-2.117282339
N798A,-2.257295809
N798C,-2.6268479630000003
N798D,-3.5779152730000003
N798E,-2.985864424
N798F,-1.698959083
N798G,-1.716266649
N798H,-0.989620117
N798I,-1.3501899
N798K,-4.18726231
N798L,-2.96533114
N798M,-4.767985935
N798P,2.17632592
N798Q,-3.3287234530000003
N798R,-2.661596266
N798S,-2.529345136
N798T,-1.937498134
N798V,-4.40186625
N798W,-2.7013561010000005
N798Y,-2.7548433080000003
N799A,-2.958059642
N799C,-2.833233768
N799D,-2.2843870980000003
N799E,-2.999067998
N799F,-2.594302424
N799G,-2.907147708
N799H,-2.716078137
N799I,-1.307155376
N799K,-3.910449148
N799L,-3.33699249
N799M,-0.792930838
N799P,-1.178260886
N799Q,-2.804644077
N799R,-2.9562848980000003
N799S,-2.743861579
N799T,-1.837037604
N799V,-3.251271137
N799W,-2.4375460490000003
N799Y,-2.482812998
L800A,-2.59091815
L800C,-3.452456353
L800D,-1.532946316
L800E,-3.0293767560000004
L800F,-2.45701391
L800G,-1.7714827130000002
L800H,-1.463507285
L800I,-1.836876922
L800K,-2.773813937
L800M,-3.675575102
L800N,-2.375038959
L800P,2.724113179
L800Q,-3.789972291
L800R,-2.273789098
L800S,-1.130966406
L800T,-2.216085077
L800V,-3.149791843
L800W,0.305195711
L800Y,-3.106501643
H801A,-2.105639145
H801C,-3.253653865
H801E,-1.682121652
H801F,-2.516418081
H801G,-2.425084144
H801I,-0.043454057
H801K,-4.436798304
H801L,-2.488453606
H801M,-3.884188416
H801N,-1.988668697
H801P,2.541447907
H801Q,-4.000611321
H801R,-3.377130267
H801S,-2.562269395
H801T,-2.619901589
H801V,-1.929745801
H801W,-2.455329029
H801Y,-2.401928271
V802A,-1.6582689940000002
V802E,-1.791345491
V802F,-2.763498476
V802G,-1.3969491509999998
V802H,-2.7744907000000003
V802I,-1.6445767880000002
V802K,-0.664970574
V802L,-2.851977795
V802M,-3.760786742
V802N,-1.5807155430000002
V802P,-1.757708054
V802Q,-2.131957888
V802R,1.663843406
V802S,-2.803886948
V802T,-3.085595137
V802W,-1.25878293
V802Y,-1.390301127
T803A,-2.536639354
T803C,-1.81990678
T803D,1.025717135
T803E,-2.289808145
T803G,-2.797657835
T803H,-2.188608368
T803I,-1.971586838
T803K,-2.785236179
T803L,-2.066291713
T803M,-5.549120151
T803N,-2.977461225
T803P,-1.813879834
T803Q,-2.487991027
T803R,-2.619369102
T803S,-2.962739641
T803V,-2.540038261
T803W,-2.655142538
T803Y,-0.906211397
A804C,-2.279720706
A804D,-1.063827035
A804E,-2.118767242
A804F,-0.934480455
A804G,-2.310826984
A804I,-1.451650113
A804K,-1.54835184
A804L,-2.54348352
A804M,-2.71750749
A804P,-1.369973502
A804R,-2.671870681
A804S,-1.179061653
A804T,-0.736907585
A804V,-2.358909522
A804W,-2.166576752
A804Y,0.327895023
L805A,-2.366681667
L805C,-2.706056948
L805D,-2.476320414
L805E,-3.3990307060000005
L805F,-2.366377181
L805G,-2.4766838630000003
L805H,-1.6388872209999998
L805I,-1.5028281819999998
L805M,-1.651545381
L805N,-2.796974146
L805P,-1.187957068
L805Q,-2.8010246110000003
L805R,-3.928026056
L805S,-1.892075326
L805T,-2.858095433
L805V,-3.357741868
L805W,-0.646390358
L805Y,-2.020275529
T806A,-3.497731193
T806C,-2.555866451
T806D,-4.251763606
T806E,-4.528353694
T806F,-0.913066237
T806G,-2.566668456
T806H,-2.859258081
T806I,-1.507935377
T806K,-3.398713889
T806L,-2.223664611
T806M,-2.5347032080000003
T806N,-1.420322933
T806P,-3.025427148
T806R,-2.982815346
T806S,-3.540020647
T806V,-1.218620269
T806W,-2.894396679
T806Y,-2.185736122
T807A,-1.549584866
T807C,-2.89924055
T807E,-3.5770877060000004
T807F,-2.637415372
T807G,-3.384242273
T807H,-2.4560404680000003
T807I,-0.081060732
T807K,-3.764045399
T807L,-2.929251087
T807M,-2.721299435
T807N,-2.7982263
T807P,-2.934499348
T807Q,-4.643488758999999
T807R,-2.719669454
T807S,-2.7756026410000003
T807V,-1.37304681
T807W,-1.57221095
T807Y,-4.01101247
E808A,-2.227148407
E808C,-2.340433692
E808D,-2.445457739
E808F,-1.6624956169999998
E808G,-2.248534804
E808H,-2.400946759
E808I,-1.927309855
E808L,-2.06308363
E808M,-4.538501608
E808N,-1.79797033
E808P,-2.937216509
E808Q,-3.443612459
E808R,-3.676090859
E808S,-2.6111397380000003
E808T,-2.075069871
E808V,-1.65348415
E808W,-2.9486604410000004
E808Y,-1.899087005
E809A,-3.31555827
E809D,-3.473777864
E809F,-2.267253528
E809G,-2.949883582
E809H,-3.851534424
E809I,-2.873143804
E809K,-3.686364025
E809L,-2.299925942
E809M,-1.414461054
E809N,-4.046877197
E809P,-1.5624104840000002
E809Q,-2.3208399
E809R,-4.102856264
E809S,-4.150878895
E809T,-2.405246168
E809V,-1.096388618
E809W,-2.743748081
E809Y,-3.411181307
T810A,-2.633837003
T810C,-2.687773493
T810D,-4.394659436
T810E,-1.7298468930000002
T810G,-2.743483346
T810H,-3.764435675
T810I,-2.235275305
T810K,-3.2707970680000003
T810L,-1.379061716
T810M,-1.282968807
T810N,-1.175586143
T810P,-1.855599601
T810R,-2.39931271
T810S,-2.748782748
T810V,-2.812959536
T810W,-4.674568432
T810Y,-2.025639658
L811A,-0.6894967
L811C,-2.323034795
L811D,-2.616580453
L811E,-1.554688607
L811F,-1.233738008
L811G,-0.514185231
L811H,-1.2318405890000002
L811I,-3.39386361
L811M,-4.2929811660000015
L811N,-2.2010285830000003
L811P,-0.770067924
L811Q,-1.085437035
L811R,-3.4190671260000003
L811S,-0.777842402
L811T,-1.909051339
L811V,-1.4743550909999998
L811W,-1.106350568
L811Y,-1.844251935
T812A,-2.893661937
T812C,-3.898885541
T812E,-3.849368886
T812F,-1.902545754
T812G,-0.546096433
T812H,-2.827390102
T812I,-2.472448768
T812K,-2.7421122660000004
T812L,-2.184151049
T812M,-2.14891993
T812N,-3.684893779
T812P,-1.835726103
T812Q,-3.948602996
T812R,-2.333056233
T812S,-2.479146171
T812V,-2.929192373
T812W,-4.064054103
T812Y,-1.252057431
M813A,-2.603422082
M813C,-3.155844922
M813E,-1.77284287
M813F,-2.554784715
M813G,-2.518283177
M813H,-2.145504449
M813I,-2.137332245
M813L,-3.105556224
M813N,-1.918594167
M813P,-3.202951487
M813Q,-0.984579857
M813R,-1.342040005
M813S,-2.820602183
M813T,-2.6125517030000003
M813V,-2.187261678
M813W,-1.714420136
L814A,-1.810667877
L814C,-3.3205990030000003
L814D,-1.790184966
L814E,-2.362615852
L814F,-1.7331042840000002
L814G,-2.691884367
L814H,-3.183496705
L814I,-2.6641463080000003
L814K,-2.494188274
L814M,-1.1207555340000002
L814N,-3.231212424
L814P,-2.993696279
L814Q,-2.817935224
L814R,-2.264022498
L814S,-3.695705764
L814T,-3.350356021
L814V,-3.028104092
L814W,-2.581341319
L814Y,-2.6732809680000003
Y815A,-0.973069141
Y815C,-2.539582297
Y815D,0.7824371640000001
Y815E,1.117513412
Y815F,-3.653164533
Y815G,-0.64819879
Y815H,-4.417715895
Y815I,0.472041704
Y815K,-2.115997112
Y815L,-3.2460919510000004
Y815M,0.014071213
Y815N,-2.966562192
Y815P,-1.780169167
Y815Q,-2.329556785
Y815R,-2.242368176
Y815S,-0.496280316
Y815T,-1.442273731
Y815V,-0.512908394
Y815W,-2.8428699889999995
Q816A,-2.601290075
Q816C,-2.559920701
Q816D,-2.949502713
Q816E,-3.38525243
Q816F,-2.529391953
Q816G,-3.455619835
Q816H,-0.278632883
Q816I,-1.98714517
Q816K,-1.291185441
Q816L,-2.001896427
Q816M,-3.678036019
Q816N,-1.71129381
Q816P,-1.162904479
Q816R,-3.077770783
Q816S,-2.795895057
Q816T,-2.792962089
Q816V,-3.804495675
Q816W,-2.375443327
Q816Y,-1.201870109
V817A,-2.586212058
V817C,-4.366992416
V817D,1.893686286
V817F,-3.725398902
V817G,0.4728565420000001
V817I,-2.804503095
V817K,0.985079066
V817L,-1.184860106
V817M,0.180596963
V817N,-1.205679487
V817P,-0.7159162929999999
V817Q,-1.0726991609999998
V817R,0.590505166
V817S,-1.206106921
V817T,-3.268916985
V817W,-0.114681295
K818A,-1.970854795
K818C,-1.975156424
K818D,-2.722288602
K818E,-4.70135092
K818F,-1.076051076
K818G,-3.305978507
K818H,-2.827903699
K818I,-1.533295094
K818L,-3.319910953
K818M,-2.876469674
K818N,-3.813980966
K818P,0.172615254
K818Q,-1.909900551
K818R,-2.714493164
K818S,-2.359319785
K818T,-2.739344951
K818V,-2.894203962
K818W,-4.124139379
K818Y,-2.462036905
K819A,-3.10374653
K819C,-1.90523775
K819E,0.120851095
K819F,-2.7205507630000003
K819G,-1.662076
K819I,-2.295743951
K819L,-2.6994511080000003
K819M,-0.816588339
K819P,-1.605618613
K819Q,-4.428309761
K819R,-2.238478555
K819S,-3.764235174
K819T,-2.040149995
K819V,-3.604825468
K819W,-2.027395302
K819Y,-2.865333232
G820A,-3.895969375
G820C,-5.19044797
G820D,-3.173744081
G820E,-3.560900357
G820F,-5.247248165
G820H,-4.438807678
G820I,-0.302459951
G820L,-3.4685626710000004
G820M,-4.002093222
G820N,-3.07379323
G820P,-2.1626448430000003
G820Q,-4.250561617
G820R,-4.244678625
G820S,-3.509894932
G820T,-4.549936427
G820V,-3.230654632
G820W,-3.977390392
G820Y,-3.597103505
V821A,-5.209435252
V821C,-5.285068358
V821D,-4.537503292
V821E,-4.263977358
V821F,-2.920246952
V821G,-2.726647797
V821H,-5.14509147
V821I,-4.552549718
V821K,-4.527239219
V821L,-5.034780325
V821M,-5.1462294360000005
V821N,-4.501516987
V821P,-5.445255296
V821Q,-3.061778499
V821R,-4.703649986
V821S,-4.845505528
V821T,-5.480936956
V821W,-1.912718518
V821Y,-4.745870564
C822A,-5.389834411
C822D,-4.1169648410000015
C822E,-4.873087986
C822F,-3.150796202
C822G,-3.551381579
C822H,0.999193545
C822I,0.346133642
C822K,-4.552093632
C822L,-5.0375784910000005
C822M,-3.167811724
C822N,-4.404016929
C822P,-5.5949635220000005
C822Q,-4.254573825
C822R,-4.840179209
C822S,-4.717356348
C822T,-4.715777499
C822V,-4.404670406
C822W,-0.7203903909999999
C822Y,-1.292253508
D823A,-5.053181051
D823C,-3.347861438
D823E,-3.818571602
D823F,-5.224701625
D823G,-3.455230512
D823H,-4.934982413
D823I,-4.835483681
D823K,-2.275322421
D823L,-4.818026506
D823M,-3.426854949
D823P,-4.764834692
D823Q,-3.978236702
D823R,-3.920586964
D823S,-4.940277694
D823T,-4.927857576
D823V,-3.813400417
D823W,-3.818130388
D823Y,-5.418117566
Q824A,-3.759422343
Q824C,-4.302643877
Q824D,-4.350243808
Q824E,-3.069634288
Q824F,-1.920710725
Q824G,-2.586800649
Q824H,-4.769476229
Q824I,-4.396166378
Q824K,-2.7481308510000004
Q824L,-4.03714699
Q824M,-3.774800009
Q824N,-3.922361549
Q824P,0.42506095
Q824R,-3.743998713
Q824S,-2.201767462
Q824T,-3.411849161
Q824V,-4.383383483
Q824W,-0.354755719
Q824Y,-4.674717832
S825A,-5.370790489
S825C,-4.121863774
S825D,-4.569905963
S825E,-4.757865336
S825G,-3.830083693
S825H,-5.973040219
S825I,-1.640432354
S825K,-2.847679143
S825L,0.864771587
S825M,-0.8456429190000001
S825N,0.220583802
S825P,-3.472778089
S825R,-2.035431067
S825T,-4.676622116
S825V,-4.542813366
S825W,5.312260643
F826A,-5.19721021
F826C,-4.37487392
F826D,-4.636053477
F826E,-3.815038017
F826G,-4.085877802
F826H,-3.926166489
F826I,-4.753212911
F826K,-4.292264351
F826L,-4.28537358
F826M,-3.685251216
F826N,-3.058382903
F826P,-3.748019482
F826Q,-4.754024209
F826R,-3.730791896
F826S,-4.679357513999999
F826T,-4.668021219
F826V,-2.295673645
F826W,-3.787805851
F826Y,-3.773420327
G827A,-5.001937589
G827C,-5.698546918
G827D,1.449234936
G827F,-4.241995093
G827H,-4.44242711
G827I,-3.941115006
G827K,-2.314728607
G827L,-3.464661271
G827M,-4.930778903999999
G827N,0.664578886
G827P,-2.84451032
G827Q,-4.597583535
G827R,-2.544644699
G827S,-4.209468862
G827T,-2.250241679
G827V,-4.830770568
G827Y,-5.696297184
I828A,-5.054630644
I828C,-4.9295511030000005
I828D,-4.292529902
I828E,-3.6002994260000003
I828F,-4.440006625
I828G,-4.08370727
I828H,-5.941283203999999
I828K,-4.709705481
I828L,-5.435221611
I828M,-4.6124922580000005
I828N,-4.564448656000001
I828P,-5.554456997000001
I828Q,-4.558684462
I828R,-4.928103343
I828S,-5.250742277
I828T,-4.763930996
I828V,-4.692612055
I828W,-4.236050395
I828Y,-3.043425
H829A,-4.725267284
H829C,-4.072988239
H829D,-3.784462933
H829E,-4.927475907
H829F,-3.950698711
H829G,-2.500876565
H829I,-4.711748313
H829K,-5.522614546000002
H829L,-4.609896331
H829M,-3.603235642
H829N,-5.557302312000001
H829P,-3.5515587610000003
H829Q,-4.076003421
H829R,-4.410001258
H829S,-4.915687855
H829T,-4.93067349
H829V,-4.388399149
H829W,-3.074970752
H829Y,-3.670707116
V830A,-4.996674789
V830C,-5.165961072
V830D,-3.1555101000000003
V830E,-4.111779128
V830F,-3.912386877
V830G,-3.630117451
V830H,-4.797873677
V830I,-4.856152377
V830K,-3.576254992
V830L,-5.345713891
V830M,-5.059671616
V830P,-0.712880455
V830Q,-4.31129262
V830R,-2.419495598
V830S,-5.550154917
V830T,-5.713661962000001
V830W,-4.870976123999999
V830Y,-3.965717616
A831C,-5.674930157
A831D,2.357436609
A831F,-2.8124166460000004
A831G,-3.583997315
A831H,0.955926529
A831I,-5.05473561
A831K,3.129387822
A831L,-4.488260668
A831M,-4.933430032
A831N,2.042996599
A831P,-0.091695942
A831Q,-2.954554177
A831R,2.081380581
A831S,-4.699328842
A831T,-5.025901222
A831V,-4.2909289410000016
A831W,-4.114005466
A831Y,-2.904506302
E832A,-5.223298137
E832C,-3.847505104
E832D,-2.8756615780000003
E832F,-5.844214298
E832G,-4.339397282
E832I,-5.292136012
E832K,-3.998673028
E832L,-2.051004622
E832M,-4.0964720460000015
E832N,-5.662069069
E832P,-5.54448821
E832Q,-5.431194692999999
E832R,-4.821670945
E832S,-5.273358767
E832T,-5.26694166
E832V,-4.313590093
E832W,-5.429019395
E832Y,-6.442763098
L833A,-4.0039435710000015
L833C,-7.0411663970000005
L833D,-4.187397107
L833E,-5.27388927
L833F,-5.631090498
L833G,-5.778634265
L833H,-3.5546363210000003
L833I,-6.464676962
L833K,-5.529371922
L833M,-7.1261739560000015
L833N,-4.763382332
L833P,-1.363007215
L833Q,-5.841108295
L833R,-4.854696532
L833S,-4.890716267
L833T,-6.240052652
L833V,-5.707126045
L833W,-4.707209607
L833Y,-2.582939429
A834C,-2.449843334
A834D,3.822737844
A834E,-4.768710044
A834F,-2.81779721
A834G,-4.816530043999999
A834H,-5.773111738
A834I,-3.011078158
A834K,-4.607785234
A834L,-5.081370708
A834M,-2.219161113
A834N,-6.396328716
A834P,2.092700809
A834Q,-6.536447096
A834R,-5.007624634
A834S,-4.88260131
A834T,-5.697547506
A834V,-5.063877405
A834W,-6.527244536
A834Y,-2.509075966
N835A,-5.946119045
N835C,-3.160272822
N835D,-6.191701867999999
N835E,-5.026090746
N835F,-1.972383086
N835G,-5.603800896
N835H,-6.120443432
N835I,-2.331317908
N835K,-3.560853034
N835L,-4.659817662
N835M,-5.226516179
N835P,-5.435212854
N835Q,-5.547426993999999
N835R,-5.170869361
N835S,-4.436122603
N835T,-5.144297067
N835V,-5.303112428
N835W,-4.896740222
N835Y,-5.427129253
F836A,-3.014610784
F836C,-3.897369844
F836D,0.275730959
F836E,1.7335200430000002
F836G,0.447535671
F836H,0.040102664
F836I,-4.258338463
F836K,-0.287064014
F836L,-4.385286391
F836M,-4.249806829
F836N,-0.360776576
F836P,2.5549464530000003
F836Q,-3.567976344
F836R,0.230808353
F836S,0.920606492
F836T,-3.805714378
F836V,-2.6194994080000003
F836W,-2.536042557
F836Y,-4.918712073
P837A,-5.624798786
P837C,-1.529039923
P837D,-4.91795776
P837E,-4.133889239
P837F,1.183410361
P837G,-4.472862181
P837H,-6.16708111
P837I,2.459118546
P837K,-2.275506206
P837L,-0.876321798
P837M,-3.69103096
P837N,-5.956739829
P837Q,-4.2998886160000005
P837R,-4.875823255
P837S,-4.171591313
P837T,-2.3374597880000003
P837V,1.32559142
P837W,0.710317691
P837Y,-1.879938339
K838A,-4.087004207
K838C,-4.593430546
K838D,-3.4884276730000003
K838E,-2.902721094
K838F,-6.142120152
K838G,-4.398578506000001
K838I,-4.05127348
K838L,-4.2343215810000014
K838M,-4.726405306
K838N,-4.625365267
K838P,-4.826380031
K838Q,-5.324848974
K838R,-4.157442131
K838S,-4.445448112
K838T,-5.005146652
K838V,-3.844935285
K838W,-4.247252569
H839A,-4.935106116
H839C,-6.267266424
H839D,-5.817404559
H839E,-5.149930545
H839F,-4.450454559
H839G,-5.34930751
H839I,-3.353152794
H839K,-5.043881897
H839L,-5.62098828
H839M,-5.281624526
H839N,-5.469738549
H839P,-5.297546221
H839Q,-6.534359492999999
H839R,-6.037230966
H839S,-5.290652537
H839T,-3.837891355
H839V,-4.217830235
H839W,-3.781596405
H839Y,-2.1365028130000003
V840A,-4.074961964
V840C,-5.8036919110000005
V840E,3.327281259
V840F,-5.491204142999999
V840G,-1.665726777
V840I,-4.936623013
V840L,-2.8613348860000003
V840N,-3.681482769
V840P,0.182987297
V840R,-0.683226815
V840S,-5.134594735
V840T,-5.7412965310000015
V840W,0.563188939
V840Y,1.505118152
I841A,-2.903472789
I841C,-4.88237504
I841D,1.263514624
I841E,-4.0464701660000015
I841F,-4.319580296
I841G,-2.542052307
I841H,-7.305138792999999
I841K,-4.911039952
I841L,-6.226922921
I841M,-3.322407204
I841N,-4.236845585
I841P,2.293232179
I841Q,-3.564177434
I841R,-5.101415638
I841S,-6.088786227000001
I841T,-5.493741114
I841V,-6.364892354
I841W,-5.052386328
I841Y,-5.7179654410000005
E842A,-5.1962199380000005
E842C,-4.689670383999999
E842D,-5.838757038
E842F,-6.425982584
E842G,-4.30599437
E842H,-2.513870152
E842I,-3.984285975
E842K,-3.2208655110000004
E842L,-3.023692754
E842N,-6.374816349
E842P,-1.051110753
E842Q,-4.199302992
E842R,-4.081045267
E842S,-4.865707603
E842T,-3.52575345
E842V,-6.311777722
E842W,-5.1040651960000005
E842Y,-3.84024261
C843A,-7.038833456
C843D,-6.7695609810000015
C843E,-6.324507276
C843F,-5.187728661
C843G,-5.792959257000001
C843H,-4.740918872
C843I,-3.09736289
C843K,-4.506978556
C843L,-2.153846552
C843M,-6.60787777
C843N,-6.409552635
C843P,-3.161873504
C843Q,-5.16762032
C843R,-4.941865045
C843S,-6.651947766
C843T,-7.318018599
C843V,-5.935162672000001
C843W,-4.606187681000001
C843Y,-5.465193426
A844C,-4.358288752
A844D,-0.140997955
A844E,-2.863639832
A844F,-5.569600906
A844G,-3.503412893
A844H,-0.076399089
A844I,-4.3633231210000005
A844L,-4.072380384
A844M,-4.022286203999999
A844P,2.926019821
A844Q,-4.679762339
A844R,1.171345066
A844S,-4.957830283
A844T,-4.106797721
A844V,-4.078925001
A844W,-4.366136593
A844Y,-2.880946412
K845A,-5.293342795
K845C,-3.445606223
K845D,-4.874443313
K845E,-3.098383714
K845F,-4.447618417
K845G,-3.920042218
K845H,-5.016894053
K845I,-4.132203896
K845L,-3.193741734
K845M,-3.604559471
K845N,-5.158772218
K845P,2.963663126
K845Q,-4.038486048999999
K845R,-4.43054517
K845S,-4.489400999
K845T,-4.680714049
K845V,-4.507288888
K845W,-0.395410572
K845Y,-4.18221006
Q846A,-4.836167232
Q846C,-4.73951692
Q846D,-4.966390174
Q846E,-3.811172646
Q846F,-5.261741084
Q846G,-3.489229867
Q846H,-5.677718006
Q846I,-5.729259324
Q846K,-5.737531467999999
Q846L,-5.039961208999999
Q846M,-5.371102846
Q846N,-3.4786442
Q846P,-4.810466985
Q846R,-2.957313515
Q846S,-5.196608956
Q846T,-5.657078013
Q846V,-4.2703860780000005
Q846W,-3.464108663
Q846Y,-4.202163647
K847A,-4.420591677
K847C,-3.448809705
K847D,-3.497460159
K847E,-3.08500686
K847F,-4.807160172
K847G,-3.070708156
K847H,-2.451462972
K847I,-4.52666258
K847L,-5.029165241
K847M,-4.4252357710000005
K847N,-4.498653783
K847P,-1.908031976
K847R,-4.832055684
K847S,-4.506452327
K847T,-4.409970934
K847V,-2.319434279
K847W,-4.5184076310000005
K847Y,-4.443993205
A848C,-2.948514266
A848D,-3.60504147
A848E,-4.094384951
A848F,-4.399975922
A848G,-3.938802037
A848H,-4.635367951
A848I,-4.47624635
A848K,-3.045083193
A848L,-4.606579591
A848M,-3.249821928
A848N,-1.896237776
A848P,-2.806074585
A848Q,-4.840430796000001
A848R,-4.487770424
A848S,-4.867564592
A848T,-3.949100772
A848V,-3.4660788680000003
A848W,-4.681449646
A848Y,-3.682976911
L849A,-5.451723236
L849C,-3.910819833
L849D,-4.903564012
L849E,-5.481016682999999
L849F,-5.19998744
L849G,-3.5030657080000003
L849H,-4.783587297
L849I,-3.305168576
L849K,-5.985977068
L849N,-4.017069098
L849P,-4.54778022
L849Q,-4.463188517
L849R,-5.234442844
L849S,-3.763976234
L849T,-4.469594049
L849V,-4.8019027560000005
L849W,-4.73378111
L849Y,-5.463919005
E850A,-3.560499451
E850C,-5.417936396
E850D,-4.975544682
E850F,-3.778106636
E850G,-4.004138857
E850H,-4.686274631
E850I,-3.919526629
E850K,-0.990800716
E850L,-4.105909373
E850M,-5.251104894
E850P,-4.33005198
E850Q,-2.895706146
E850R,-4.184591968
E850S,-3.453790632
E850T,-3.543108699
E850V,-3.496276729
E850W,-3.236076053
E850Y,-4.842177627
L851A,-3.322118671
L851C,-5.128508647
L851D,-2.673799474
L851E,-1.728731477
L851F,-4.82364219
L851G,-3.87135633
L851H,-3.536248589
L851I,-4.666142393
L851K,-2.46251108
L851M,-3.101679369
L851N,-2.9944031860000004
L851P,-4.611325172
L851Q,-3.1355404680000003
L851R,-4.10118239
L851S,-4.641080309
L851T,-4.392814193
L851V,-4.664552883
L851W,-4.087094311
L851Y,-4.245846899
E852A,-4.443591855
E852C,-2.952200677
E852D,-3.789853848
E852F,-1.230739674
E852G,-2.80727492
E852H,-4.030434518
E852I,-3.627148262
E852K,-3.677213835
E852L,-3.944068791
E852M,-3.397696748
E852N,-3.979860388
E852P,-4.66648587
E852Q,-3.902480266
E852R,-1.7934840230000002
E852S,-2.4990999
E852T,-4.0399609960000005
E852V,-3.18436059
E852Y,-2.699786199
E853A,-2.902088588
E853C,-4.149884183999999
E853D,-4.850611093
E853F,-4.58447698
E853G,-3.684181356
E853H,-5.328352313
E853I,-5.4378645
E853K,-2.976912506
E853L,-6.123211413
E853M,-5.432793123
E853N,-4.796125183
E853P,-4.347666278
E853Q,-6.427092717000001
E853R,-4.421443598
E853S,-4.800641304
E853T,-2.481798313
E853V,-3.981278666
E853W,-4.580266557
E853Y,-3.734709
F854A,-2.529315016
F854C,-3.429927717
F854D,-1.7816412730000002
F854E,-2.2839974830000003
F854G,-2.372783451
F854H,-4.123119469
F854I,-3.037976545
F854K,-2.6922560310000003
F854L,-3.239047598
F854M,-2.437323703
F854N,-4.10784952
F854P,-2.936308594
F854Q,-3.64706663
F854R,-2.171896561
F854S,-2.465600368
F854T,-3.35059697
F854V,-1.866630679
F854W,-2.23777714
F854Y,-3.614403791
Q855A,-4.15650124
Q855C,-3.249347829
Q855D,-3.12424722
Q855E,-3.18957754
Q855F,-2.214371281
Q855G,-3.119132644
Q855H,-5.507151423
Q855I,-3.2529122310000003
Q855L,-3.3257788560000003
Q855N,-2.623190248
Q855P,-5.180132427
Q855R,-3.012719993
Q855S,-3.310733695
Q855T,-4.315772697
Q855V,-2.4424996130000003
Q855W,-2.526077506
Q855Y,-1.945279376
Y856A,-3.977390392
Y856C,-3.90729729
Y856D,-3.780697842
Y856E,-3.675271464
Y856F,-5.164989053999999
Y856G,-2.482274019
Y856H,-4.0503614180000005
Y856I,-3.725386315
Y856K,-4.056319863
Y856L,-5.506870018
Y856M,-1.046132945
Y856N,-4.015172778
Y856P,-4.568266436
Y856Q,-3.510953892
Y856R,-4.135358709
Y856S,-4.26352412
Y856T,-4.654554419
Y856V,-3.768406011
Y856W,-4.96087056
I857A,-5.696476065
I857D,-3.5369699110000004
I857E,-5.8532038160000015
I857F,-4.293102706
I857G,-3.049320163
I857H,-6.032888057
I857K,-4.509366331
I857L,-5.62081299
I857M,-5.524771445
I857N,-4.570929163
I857P,-4.491867702
I857Q,-4.457073606
I857R,-5.6830284220000005
I857S,-4.7300903530000005
I857T,-5.97851886
I857V,-3.925094781
I857W,0.928213719
I857Y,-4.284523137
G858A,-1.326227449
G858C,-2.494700395
G858E,-3.578544926
G858F,-4.309033812
G858H,-3.795140105
G858I,-4.784280592
G858K,-5.120831629
G858L,-4.361146148
G858M,-5.040193012
G858N,-5.328475066
G858P,-4.691936566
G858Q,-4.002908143
G858R,-4.484008788
G858S,-4.987146881
G858T,-5.798831177
G858V,-4.107996572
G858W,-1.53158509
G858Y,-2.868936749
E859A,-5.862962928
E859C,-5.888860386
E859D,-4.751333928999999
E859F,-4.18058094
E859G,-6.058325702
E859H,-6.047442329
E859I,-2.59561844
E859K,-2.229530629
E859L,-3.146624898
E859M,-3.163507427
E859N,-2.717608964
E859P,-4.020121768
E859Q,-7.072798435
E859R,-4.780448859
E859S,-4.235474497
E859T,-5.066945135
E859V,-5.451035857999999
E859W,-5.985231357000001
E859Y,-4.221095001
S860A,-1.642646175
S860C,-3.772933408
S860D,-5.6441381370000006
S860E,-4.249508341
S860F,-6.229235305
S860G,-4.826295707
S860H,-6.759726069
S860I,-5.475861844
S860K,-5.639500947999999
S860L,-3.591580584
S860M,-4.18058094
S860N,-6.102334114
S860P,-5.886114691
S860Q,-6.05691094
S860R,-4.268973994
S860T,-4.599451898
S860V,-3.635347996
S860W,-4.25494696
S860Y,-6.550152221
Q861A,-4.925838828
Q861C,-5.309452646
Q861D,-5.242688708999999
Q861E,-4.1544028530000014
Q861F,-4.961371078
Q861G,-2.7638758780000003
Q861H,-5.64731642
Q861I,-2.295173731
Q861K,-3.803839512
Q861L,-5.027514125
Q861M,-4.470061005
Q861P,-4.436450951
Q861R,-4.842439807
Q861S,-5.827948498
Q861T,-5.465549175
Q861V,-5.292400466
Q861W,-4.007179311
Q861Y,-6.129208847999999
G862A,-5.332455909
G862C,-5.111979938
G862D,-4.56973253
G862F,-3.707837546
G862H,-5.412864247000001
G862I,-4.10042846
G862K,-2.023187325
G862L,-3.732047588
G862N,-1.335974623
G862P,-3.241761717
G862Q,-5.947721428
G862R,-4.95548428
G862S,-3.175569953
G862T,-5.018285592
G862V,-4.850757809
G862W,-3.219650505
G862Y,-5.315876728
Y863A,-4.179559903
Y863C,-5.0912252360000005
Y863D,-4.55006011
Y863E,-3.1461227110000003
Y863F,-6.749509413999999
Y863G,-4.857525292
Y863H,-4.401709486000001
Y863I,-4.150910189
Y863K,-4.285619689
Y863L,-5.379928536
Y863M,-6.174063857999999
Y863N,-6.710037624
Y863P,-5.424205015
Y863Q,-3.0329947460000004
Y863R,-2.938295329
Y863S,-5.7247720860000015
Y863T,-5.386933093
Y863V,-4.45170981
Y863W,-6.558004147999999
D864A,-2.31880438
D864C,-5.903812891
D864F,-2.51059313
D864G,-2.315363371
D864H,-4.928719118
D864I,-2.365651381
D864K,-6.543330759
D864L,-4.551821602
D864M,-6.184845375
D864N,-3.837455242
D864P,-4.717385888
D864Q,-6.464988438
D864R,-5.891790568999999
D864S,-1.981367299
D864T,-2.90081515
D864V,-4.343008657
D864W,-2.9766812430000003
D864Y,-5.281008708
I865A,-4.726782345
I865C,-5.6010589170000005
I865D,-6.292994285
I865E,-5.496639688999998
I865F,-3.728942739
I865G,-4.565923891000001
I865H,-5.63458069
I865K,-4.027339961
I865L,-4.724382207
I865M,-1.353749799
I865N,-1.1512153509999998
I865P,-4.552790421
I865Q,-6.00163069
I865R,-4.921143861
I865S,-4.547798025
I865T,-3.641925438
I865V,-3.799603225
I865W,-5.458268494
I865Y,-4.772767233
M866A,-3.040686214
M866C,-6.341418965
M866E,-2.672682997
M866F,-4.200923977
M866G,-5.26162671
M866H,-5.071131841000001
M866I,-3.577632807
M866K,-4.659109251
M866L,-5.050528558
M866P,-2.92917767
M866Q,-4.916518404
M866R,-5.888493469
M866S,-4.908112309
M866T,-3.109898128
M866V,-5.604168984
M866W,-7.184743639
M866Y,-1.834119365
E867A,-2.5906359
E867C,-3.065923891
E867D,-4.019369189
E867F,-4.301083858999999
E867G,-2.884638851
E867H,-4.407249503
E867I,-3.469601352
E867K,-2.152683002
E867L,-3.919619491
E867M,-3.351200469
E867N,-3.4098076980000003
E867P,-4.99881201
E867Q,-4.098292021000002
E867R,-3.421708932
E867S,-3.479978699
E867T,-3.2956397000000006
E867V,-2.930750567
E867W,2.617002724
E867Y,-4.215607843
P868A,-2.5858215490000003
P868C,-3.889486706000001
P868D,-3.3878519860000003
P868E,-2.663106262
P868F,-5.224630198
P868G,-2.288875646
P868H,-4.928571398
P868I,-4.204511901
P868K,-3.13161287
P868L,-4.1236625
P868M,-4.410962779
P868N,-4.266279722
P868Q,-4.371968647
P868R,-3.065923891
P868S,-3.440157031
P868T,-3.26002715
P868V,-3.288875646
P868W,-4.73673294
P868Y,-3.584172756
A869C,-4.521003909
A869D,-4.093579866000002
A869E,-4.567799958999999
A869F,-5.186422082
A869G,-4.587931782
A869H,-2.978941738
A869I,-4.873278813
A869K,-5.226887939
A869L,-3.523249074
A869M,-5.12481758
A869N,-5.576336715
A869P,-5.630717097000001
A869Q,-5.241770521
A869R,-4.450193276
A869S,-4.891432861
A869T,-4.907156799
A869V,-4.568424232
A869W,-1.693407092
A869Y,-5.040071473999999
A870C,-4.317902543
A870D,-4.0881209510000005
A870E,-4.685217842
A870F,-3.865498161
A870G,-4.011472984
A870H,-5.11080374
A870I,-5.110845525
A870K,-4.438528462
A870L,-3.136340399
A870M,-0.572758177
A870N,-3.341367822
A870P,-4.81716741
A870Q,-4.900248005
A870R,-4.638602107
A870S,-4.52535551
A870T,-4.4298008
A870V,-4.351491674
A870W,-4.685765798
A870Y,-4.139834969
K871A,-4.802370563
K871C,-3.952903294
K871D,-2.344491878
K871E,-4.3059985130000005
K871F,-4.608804838
K871G,-4.433224033
K871H,-5.334034462
K871I,-3.48096139
K871L,-4.386839556
K871M,-2.469447891
K871N,-5.33039366
K871P,-5.165972181
K871Q,-3.909843854
K871R,-3.48096139
K871S,-4.024686159
K871T,-4.354292042
K871V,-5.249998731
K871W,-5.054410392
K871Y,-3.572081143
K872A,-4.400050294
K872C,-3.975351695
K872D,-2.940393009
K872E,-4.749763062
K872F,-5.213247904
K872G,-5.365784955
K872H,-3.990223632
K872I,-4.65928215
K872L,-3.543570066
K872M,-2.966947551
K872N,-4.177120102
K872P,-5.258256972
K872Q,-4.480782006
K872R,-4.163344763
K872S,-3.979978699
K872T,-5.122196743
K872V,-3.288316312
K872W,-2.065923891
K872Y,-3.910037549
C873A,-3.646419829
C873D,-1.88198505
C873E,-3.129814762
C873F,-5.458800647
C873G,-1.90418211
C873H,-5.421894093
C873I,-2.650886392
C873K,-3.432528015
C873L,-3.239966045
C873N,-3.409626268
C873P,-3.718197721
C873Q,-4.261929142
C873R,-3.2956397000000006
C873S,-2.298430057
C873T,-3.368576618
C873V,-2.996822398
C873W,-3.239966045
Y874A,-4.160210435
Y874D,-3.129766104
Y874E,-2.556240513
Y874F,-3.5920438480000003
Y874G,-3.082324808
Y874H,-4.092261584
Y874I,-4.840355571
Y874K,-3.413395225
Y874L,-2.241823077
Y874N,-2.751615924
Y874P,-2.802889485
Y874Q,-5.48096139
Y874R,-4.011633806
Y874S,-2.12955297
Y874T,-2.462542549
Y874V,-5.187151451
L875A,-3.472458178
L875C,-4.2927938580000005
L875D,-1.991425257
L875E,-4.086153888
L875F,-5.074937944
L875G,-3.4439250660000003
L875H,-4.248233279
L875I,-4.312722388
L875K,-4.171477777
L875P,-4.391597453999999
L875Q,-4.617326448
L875R,-4.068567788
L875S,-3.608408843
L875T,-2.798953927
L875V,-3.3931764710000003
L875W,-4.200494702
L875Y,-3.623988311
E876A,-3.762082603
E876C,-2.308476805
E876D,-4.445058015
E876F,-3.079352021
E876G,-5.176400916
E876H,-3.56906437
E876I,-1.966947551
E876L,-1.703913145
E876M,-3.288316312
E876P,-3.265889195
E876Q,-1.809982505
E876R,-4.13683355
E876S,-2.726887939
E876T,-3.1279115980000003
E876V,-2.9055470060000004
E876W,-1.189339972
E876Y,-2.090911307
R877A,-2.264980871
R877C,-5.561212264
R877D,-1.797643518
R877E,-4.947383823
R877F,-4.140366567
R877G,-3.727960309
R877H,-3.517951516
R877I,-4.292461363
R877K,-3.983208799
R877L,-4.410949962
R877M,-5.030238581
R877N,-5.614013179
R877P,-3.472984532
R877Q,-4.998483001
R877S,-4.711928343
R877T,-4.229381627
R877V,-3.807293297
R877W,-3.052102862
R877Y,-4.375680997
E878A,-3.055530063
E878C,-4.443557438
E878D,-3.89580051
E878F,-5.262559527
E878G,-4.183365791
E878H,-4.1217286710000005
E878I,-4.109466557
E878K,-4.473557907
E878L,-4.558370445
E878M,-4.568424232
E878N,-4.329790356
E878P,-4.484652312
E878Q,-3.457868159
E878R,-4.059587839
E878S,-3.505140985
E878T,-4.1802016580000005
E878V,-3.937078607
E878W,-2.35206909
E878Y,-4.685050382
Q879A,-4.400647857
Q879C,-3.1744663
Q879D,-5.336931592
Q879E,-5.370853459
Q879F,-4.327704869
Q879G,-5.078783562
Q879H,-3.853378309
Q879I,-4.136340399
Q879K,-3.773121212
Q879L,-4.342161478
Q879M,-5.956694821
Q879N,-5.237351805
Q879P,-4.536793715
Q879R,-4.453773698
Q879S,-3.802889485
Q879T,-5.60994992
Q879V,-4.477379417
Q879W,-4.181401108999999
Q879Y,-4.912839402
G880A,-2.185324307
G880C,-2.698509576
G880D,-2.500568807
G880E,-3.1842131210000004
G880F,-2.567359056
G880H,-3.532619989
G880I,-2.288316312
G880K,-4.194116848
G880L,-3.290889721
G880M,-4.235848893
G880N,-3.254401969
G880P,-2.774235642
G880Q,-4.281366609
G880R,-3.478131457
G880S,-2.109798868
G880T,-2.8825838060000004
G880V,-2.430071602
G880Y,-3.2782904960000003
E881A,-2.136032578
E881C,-5.309067831
E881D,-3.796853932
E881F,-3.4540492999999994
E881G,-2.384638851
E881H,-4.4351577010000005
E881I,-2.650886392
E881K,-1.408839728
E881L,-2.98949901
E881M,-2.26960693
E881N,-4.522950063
E881P,-3.751875355
E881Q,-3.225875509
E881R,-3.245496325
E881S,-4.0970054560000015
E881T,-2.802889485
E881V,-2.177120102
E881W,-1.18574203
E881Y,-3.308827424
K882A,-4.708407536
K882C,-5.488727043
K882D,-2.802793978
K882E,-3.865031906
K882F,-4.734543013
K882G,-4.149841146
K882H,-5.068675788999999
K882I,-3.246786845
K882L,-5.09003586
K882M,-2.011402271
K882N,-4.835805952
K882P,-4.908938202
K882Q,-5.09223357
K882R,-4.617495139
K882S,-3.983092785
K882T,-4.880486558
K882V,-4.320243523
K882W,-2.277662562
I883A,-4.326720858
I883C,-3.653109344
I883D,-4.241455206
I883E,-3.648620534
I883F,-3.5906359
I883G,-3.285078838
I883H,-3.5502178310000003
I883K,-3.785427953
I883L,-3.331748097
I883M,-1.065923891
I883N,-3.863071566
I883P,-3.905787212
I883Q,-4.294747807
I883R,-3.067888823
I883S,-3.789676698
I883T,-3.710677200000001
I883V,-1.767106589
I883W,-2.762375643
I883Y,-4.507308318
I884A,-3.64925961
I884C,-2.17875706
I884F,-4.373241118
I884G,-1.89966891
I884K,-2.591112189
I884L,-3.995492147
I884M,-2.281693079
I884N,-2.8622850260000003
I884P,-0.576794146
I884Q,-2.992145297
I884R,-2.606271489
I884S,-2.364634798
I884T,-2.1109197230000003
I884V,-3.783802713
I884W,-4.288316312
I884Y,-2.563109899
Q885A,-3.757527555
Q885C,-5.55583495
Q885D,-4.066783723
Q885E,-3.446011539
Q885F,-3.816702711
Q885G,-3.365305195
Q885I,-4.868644615
Q885K,-4.504072183
Q885L,-4.099774548
Q885M,-1.5279911169999998
Q885N,-4.528283234
Q885P,-1.797118491
Q885R,-4.015034102
Q885S,-5.1267836110000005
Q885T,-2.907407884
Q885V,-4.462549323
Q885Y,-4.020499163
E886A,-2.9221513210000003
E886C,-3.80020976
E886D,-3.328304905
E886F,-4.07801464
E886G,-3.91700371
E886H,-3.841087546
E886I,-3.767106589
E886K,-2.667896344
E886L,-3.099831408
E886M,-6.996661229
E886N,-3.459438514
E886P,-0.569474021
E886Q,-4.327704869
E886R,-4.252226408
E886S,-4.890040969
E886T,-5.183998141
E886V,-4.537977575
E886W,-3.673997185
E886Y,-3.604925147
F887A,-1.15171481
F887C,-2.656174186
F887D,-2.673290922
F887E,-2.9316768680000003
F887G,-3.469970567
F887H,-5.342462649
F887I,-1.802889485
F887K,-2.187562426
F887L,-2.452445608
F887M,-4.591438416
F887N,-2.48096139
F887P,-0.573172243
F887Q,-3.182072667
F887R,-0.8208838559999999
F887S,-3.5040721830000003
F887T,-3.4190557810000004
F887V,-2.298430057
F887W,-3.1750474960000004
F887Y,-4.039684463
L888A,-4.17488739
L888C,-4.097995638
L888D,-2.824833237
L888F,-4.127485019
L888G,-3.560897059
L888I,-4.173855323
L888K,-1.7984300569999998
L888N,-4.061631727
L888P,-2.12046923
L888Q,-2.76728995
L888R,-3.496394395
L888S,-5.081146203
L888T,-4.532605295
L888V,-3.186780385
L888W,-3.607264585
L888Y,-4.528744216000001
S889A,-3.487242619
S889D,-3.023133941
S889E,-4.279056268
S889F,-3.000312608
S889G,-3.916261033
S889H,-3.2203885430000003
S889I,-3.467546307
S889K,-2.685650207
S889L,-3.900071856
S889M,-1.551910051
S889N,-4.457798095
S889P,-1.460108809
S889Q,-2.50315845
S889R,-3.873838146
S889T,-4.315403883
S889V,-4.384638851
S889W,-4.767106589
S889Y,-4.838513395
K890A,-2.300772208
K890C,-3.269749796
K890D,-4.685474608
K890E,-4.18824367
K890G,-3.5498101510000004
K890I,-4.85456943
K890L,-4.133023307
K890M,-3.2971327360000005
K890N,-7.566216862
K890P,-2.691110132
K890Q,-3.570426339
K890R,-4.447865106
K890S,-3.537893088
K890T,-3.311515367
K890V,-4.778266017
K890W,-6.406195932999999
K890Y,-3.834736143
V891A,-3.782333633
V891C,-2.960456819
V891D,-0.612142609
V891E,-2.296444058
V891F,-3.316147416
V891G,-0.326724
V891H,-2.654463576
V891I,-3.726563513
V891K,1.170995259
V891L,-3.777545753
V891M,-1.943923012
V891N,-1.611017534
V891P,-0.057781913
V891Q,0.80935235
V891R,0.626873288
V891S,-1.547093134
V891T,-4.5514698
V891W,0.225036231
V891Y,-4.35635757
K892A,-3.045249159
K892C,-5.812627328
K892D,-4.165107754
K892E,-5.974801427
K892F,-3.516967932
K892G,-3.171518503
K892H,-2.7961432580000003
K892I,-4.853929581
K892L,-3.497033875
K892M,-6.69032408
K892N,-4.100072687
K892P,-2.114851521
K892Q,-3.5153849060000004
K892R,-3.803044945
K892S,-3.958023717
K892T,-4.228851592
K892V,-4.83896479
K892W,-3.098365123
K892Y,-4.267155032
Q893A,-3.1821440880000003
Q893C,-4.174970033
Q893D,-3.677120102
Q893E,-3.4046515110000004
Q893F,-3.596646859
Q893G,-5.308387314
Q893H,-2.641925438
Q893I,-3.629912563
Q893K,-2.090911307
Q893L,-3.951481065
Q893M,-2.641961638
Q893N,-2.190548232
Q893P,-5.050926211
Q893R,-5.423184332000001
Q893S,-3.527339961
Q893T,-2.331748097
Q893V,-2.936247278
Q893W,-2.604834366
Q893Y,-3.7956397000000006
M894A,-3.298343245
M894C,-4.68851634
M894E,-4.346706569
M894F,-6.421711349
M894G,-3.4922083410000004
M894H,-3.550113185
M894I,-1.933402473
M894K,-3.09745125
M894L,-4.713504472
M894N,-6.607885133
M894P,-4.285551761000002
M894Q,-5.636315742000001
M894R,-3.688536528
M894S,-3.00944796
M894T,-4.8689469480000005
M894V,-3.836686907
M894W,-6.1234520360000015
M894Y,-4.773925955
P895A,-3.42753469
P895C,-2.325974269
P895D,-3.714567442
P895E,-2.568127838
P895F,-2.933007277
P895G,-4.032142418
P895H,-4.506726442
P895I,-3.026086819
P895K,-2.95628016
P895L,-3.524516921
P895M,-2.42325914
P895N,-4.267950879
P895Q,-2.591491923
P895R,-3.682403316
P895S,-2.161153934
P895T,-3.959946482
P895V,-3.558061884
P895W,-2.109570284
P895Y,-1.815040446
F896A,-3.986484547
F896D,-3.383522239
F896E,-3.684093435
F896G,-2.9764047
F896H,-4.89362718
F896I,-3.839182756
F896K,-2.81475671
F896L,-3.860649362
F896M,-1.265109911
F896N,-4.482909463
F896P,-4.1034475960000005
F896Q,-3.0808763810000004
F896R,-3.370205924
F896S,-3.717914965
F896T,-5.284580072
F896V,-3.143828995
F896W,-2.08257737
F896Y,-3.217055035
T897A,-1.045545956
T897C,-2.764150235
T897D,-3.400374329
T897E,-3.23174642
T897F,-3.681192823
T897G,-3.87583017
T897H,-4.245973217
T897I,-3.205968945
T897K,-4.180031362
T897L,-2.331500949
T897M,-2.7316685510000003
T897N,-4.902146092
T897P,-2.530282193
T897Q,-3.886792854
T897R,-3.07792575
T897S,-2.942061678
T897V,-3.844224213
T897W,-2.675289646
T897Y,-4.33714465
E898A,-2.265883761
E898C,-2.912369588
E898D,-3.921371053
E898G,-2.148994729
E898H,-3.058276886
E898I,-4.303947034
E898L,-2.979727144
E898M,-0.8323339
E898N,-2.821107167
E898P,-1.866274835
E898Q,-5.022302488
E898R,-2.9796072710000003
E898S,-3.95794916
E898T,-3.795767949
E898V,-1.757305319
E898W,-5.0545932460000005
E898Y,-3.684040768
M899A,-2.287544889
M899C,-2.27417088
M899D,-3.1283502480000003
M899E,-4.339890312
M899F,-2.950562132
M899G,-2.554958921
M899H,-2.571631429
M899I,-3.889085889
M899K,-2.9525645560000005
M899L,-3.70114749
M899N,-3.315427703
M899P,-3.014724209
M899Q,-4.088045284
M899R,-3.299436902
M899S,-4.1543250160000005
M899T,-3.597919688
M899V,-2.639412404
M899W,3.83271698
M899Y,-2.215553916
S900A,-3.3714332560000004
S900C,-4.124740807
S900D,-2.362466383
S900E,-2.46427809
S900F,-2.919128927
S900G,-2.467361226
S900H,-4.079149982
S900I,-3.518141188
S900K,-2.719805692
S900L,-3.882977874
S900M,-3.22704187
S900N,-2.034448027
S900P,-2.312793718
S900Q,-3.1701614960000004
S900R,-3.909856508
S900T,-2.877697449
S900V,-3.18913861
S900W,-3.204321793
S900Y,-3.710482344
E901A,-4.125758923999999
E901C,-3.590360247
E901D,-5.12787643
E901F,-2.283632757
E901G,-3.793200912
E901H,-3.963258804
E901I,-2.637806641
E901K,-3.638415103
E901L,-3.856838345
E901M,-2.4858035480000003
E901N,-3.983596459
E901P,-2.309638468
E901Q,-3.32133986
E901R,-3.900527894
E901S,-2.9076387360000004
E901T,-4.036066036
E901V,-2.8890000060000003
E901W,-3.429477916
E902A,-2.980045292
E902C,-1.36512957
E902D,-1.884059286
E902F,-1.379993816
E902G,-4.049629845
E902H,-2.461917704
E902I,-2.222769142
E902K,-2.165236033
E902L,-2.490076276
E902M,-3.123233469
E902N,-4.042059475
E902P,-3.444647671
E902Q,-5.091373078
E902R,-2.740366254
E902S,-4.445675835
E902T,-2.8375906960000004
E902V,-2.071798347
E902W,-2.919340132
E902Y,-3.552154117
N903A,-3.314597594
N903C,-3.172970122
N903D,-4.823673187
N903E,-3.649629671
N903F,-2.010803085
N903G,-2.953445242
N903H,-3.797207369
N903I,-3.5476416580000003
N903K,-2.482863566
N903L,-3.998331152
N903M,-3.91212422
N903P,-2.605553493
N903Q,-2.202481879
N903R,-3.017169882
N903S,-3.577055999
N903T,-2.156923054
N903V,-2.343519764
N903Y,-2.56380606
I904A,-3.930648867
I904C,-4.014440417
I904D,-2.669217148
I904E,-3.696354928
I904F,-4.09552251
I904G,-3.056066595
I904H,-2.277162284
I904K,-2.648660769
I904L,-4.000711055
I904N,-1.784390574
I904P,-3.0020835710000005
I904Q,-3.017401998
I904R,-2.6329853080000003
I904S,-2.42240243
I904T,-3.16644351
I904V,0.49202652
I904Y,-3.749650599
T905A,-3.827599461
T905C,-2.857342045
T905D,-3.898040201
T905E,-3.975482154
T905F,-3.379573947
T905G,-2.885626363
T905H,-4.864851922
T905I,-3.903043497
T905K,-4.173645885
T905L,-4.102913629
T905N,-2.172437797
T905P,-4.159030868
T905Q,-3.90451857
T905R,-3.667614461
T905S,-4.204340544
T905V,-3.511302664
T905W,-2.677995143
T905Y,-4.07845321
I906A,-2.210624421
I906C,-2.899587619
I906D,-2.309094233
I906E,-1.369712401
I906F,-3.130660842
I906G,-3.123233469
I906H,-3.825481395
I906K,-4.8394405030000005
I906L,-2.745445142
I906N,-4.81553291
I906P,-2.724119153
I906Q,-4.109063894
I906R,-3.038550641
I906S,-3.119543703
I906T,-3.5486269860000004
I906V,-2.996518509
I906W,-2.913871882
I906Y,-3.347786542
K907A,-2.232323554
K907C,-2.05819713
K907D,-3.072428115
K907E,-1.960145735
K907F,-3.185768851
K907G,-3.421397789
K907H,-5.096935095
K907I,-3.76765586
K907L,-3.750157121
K907N,-2.38989158
K907P,-3.390697177
K907Q,-2.80568766
K907R,-3.740971965
K907S,-3.1201266660000004
K907T,-3.833427783
K907V,-2.396062162
K907W,-1.39299142
K907Y,-4.453296956
L908A,-1.802875556
L908C,-4.138291473
L908E,-1.654885359
L908F,0.567278123
L908G,0.399773542
L908H,-0.982098468
L908I,-4.210928101
L908K,0.7397015309999999
L908M,-3.525331912
L908P,-0.8703888409999999
L908Q,-0.993098685
L908R,0.328939462
L908S,-1.682890107
L908T,-2.360080403
L908V,-3.087811199
L908W,0.8212704540000001
L908Y,-2.598818618
K909A,-3.323278296
K909C,-2.687393974
K909D,-4.376722636
K909E,-1.6927054419999998
K909F,-3.020025918
K909G,-1.889000006
K909H,-4.078704224
K909I,-2.701009458
K909L,-1.526429926
K909M,-3.705673343
K909N,-3.683771119
K909P,-1.941861938
K909Q,-3.9093843
K909R,-3.748409129
K909S,-3.632978684
K909T,-3.820537907
K909V,-2.611392427
K909W,-2.667080785
K909Y,-2.788999759
Q910A,-3.043986157
Q910C,-3.446995459
Q910E,-3.628366093
Q910F,-2.583928359
Q910G,-3.014209005
Q910H,-2.435191514
Q910I,-3.507480428
Q910K,-1.903750123
Q910L,-3.526429926
Q910M,-2.99875399
Q910N,-3.718500193
Q910P,-3.614620374
Q910R,-3.4900762760000004
Q910S,-4.001424828
Q910T,-3.504503862
Q910V,-0.304037505
Q910W,-2.762053255
Q910Y,-2.756525115
L911A,-3.753694857
L911C,-3.776723594
L911E,-2.945500628
L911F,-4.165106443
L911G,-1.222461366
L911I,-2.910992251
L911K,-2.971054099
L911M,-2.773594415
L911N,-2.619816449
L911P,-0.0799059959999999
L911Q,-4.173859542
L911R,-1.924171927
L911S,-2.6373272130000003
L911T,-2.784585264
L911V,-4.248431378
L911W,-1.790329517
L911Y,-3.475198882
K912A,-3.695750749
K912C,-2.629451844
K912D,-2.279670675
K912E,-1.584987834
K912F,-3.576857615
K912G,-3.304037505
K912H,-3.918577637
K912I,-3.1261590480000003
K912L,-2.719075004
K912M,-3.978371162
K912N,-4.269167763
K912P,-0.979089323
K912Q,-3.587171531
K912R,-3.727428503
K912S,-3.523426664
K912T,-3.736847895
K912V,-2.19815237
K912W,-2.123233469
K912Y,-4.034663532
A913C,-4.253429559
A913D,-4.198521596
A913E,-3.996428942
A913F,-2.799010673
A913G,-2.98573987
A913H,-3.765723837
A913I,-2.4104901030000003
A913K,-3.716330077
A913L,-3.221043039
A913M,-2.053596646
A913N,-2.48408362
A913P,-1.613370576
A913Q,-2.996620204
A913R,-4.4224812060000005
A913S,-3.563295618
A913T,-3.65327855
A913V,-1.076283876
A913W,-2.548188734
A913Y,-3.440155252
E914A,-2.448037644
E914C,-2.476842594
E914D,-3.747613783
E914F,-1.448679778
E914G,-1.444169819
E914H,-3.973581797
E914I,-3.455950127
E914K,-2.310845912
E914L,-3.178506623
E914M,-4.525331912
E914N,-4.120166528
E914P,-2.800845631
E914Q,-4.73665107
E914R,-2.621474748
E914S,-3.019043617
E914T,-3.473291492
E914V,-1.775310165
E914Y,-3.720286053
V915A,-3.347015756
V915C,-3.985861545
V915D,-2.611164501
V915E,-1.902125076
V915F,-2.369622637
V915G,-1.740895479
V915H,-2.793884592
V915I,-1.775310165
V915L,-2.775310165
V915M,-2.762053255
V915N,-3.87342773
V915P,-2.024810273
V915Q,-2.731070197
V915R,-0.889000006
V915S,-2.725824842
V915T,-3.373548361
V915Y,-2.513954411
I916A,-3.228852642
I916C,-3.315307524
I916D,-4.539427637
I916E,-2.944973344
I916F,-3.124118814
I916G,-1.960145735
I916H,-3.488232
I916K,-3.826014525
I916L,-2.238315795
I916N,-4.4416469780000005
I916P,-2.375030132
I916R,-3.852922256
I916S,-3.595765585
I916T,-3.323213774
I916V,-2.304037505
I916W,0.162164053
I916Y,-3.37890773
A917C,-2.642070088
A917D,-3.144003232
A917E,-4.145339759
A917F,-3.544555168
A917G,-3.705089167
A917H,-4.176133433
A917I,-3.918393715
A917K,-2.192427777
A917L,-2.628726346
A917M,-3.605327751
A917N,-3.541292131
A917P,-3.149180664
A917Q,-2.586400527
A917R,-2.596999759
A917S,-3.642755972
A917T,-2.783238098
A917V,-3.041003099
A917W,-2.757366907
K918A,-4.12300341
K918C,-3.847813599
K918D,-3.809806585
K918E,-2.751524179
K918F,-4.2013923360000005
K918G,-2.8890000060000003
K918H,-3.24470693
K918I,-3.375030132
K918L,-3.85628731
K918N,-4.485227601
K918P,-2.830785833
K918Q,-2.564517486
K918R,-4.070766049
K918S,-3.990412814
K918T,-4.58443953
K918V,-2.930287892
K918W,-1.885914337
K918Y,-3.490943647
N919D,-2.827695439
N919E,-2.966154097
N919G,-2.520407795
N919H,-1.399816209
N919K,-1.539673835
N919P,-3.068069506
N919Q,-3.1797187210000004
N919R,-1.922517927
N919S,-2.623233469
N919T,-2.473962506
N920A,-2.475889736
N920C,-2.602394041
N920D,-1.493396634
N920E,-2.495094481
N920F,-2.848358021
N920G,-0.923991277
N920I,-3.378425937
N920K,-2.388780838
N920L,-1.843599288
N920P,-2.35182949
N920Q,-3.394714539
N920R,-1.6378066409999998
N920S,-3.473616664
N920T,-0.862970035
N920V,-2.372569227
N920W,-0.930303579
N920Y,-2.63978411
S921A,-3.463274974
S921C,-3.4739625060000003
S921D,-3.168732357
S921E,-3.491798595
S921F,-1.881870066
S921G,-0.315878547
S921I,-3.41246233
S921K,-4.814953119
S921L,-3.270074857
S921M,-1.948679778
S921N,-3.0791072180000003
S921P,-4.037994313
S921Q,-2.036839505
S921R,-2.654343477
S921T,-3.105259669
S921V,-3.122730384
S921W,-2.850144734
S921Y,-3.31207065
F922A,-3.361250333
F922C,-3.604242561
F922D,-3.158294012
F922E,-2.273586148
F922G,-2.315878547
F922H,-3.177872032
F922I,-1.6969173430000002
F922L,-3.394337913
F922M,-2.109643825
F922N,-3.067436262
F922P,-1.648540491
F922Q,-2.758766615
F922R,-0.734752005
F922S,-2.221459593
F922T,-2.306111141
F922V,-3.797686526
F922W,-4.304037505
F922Y,-3.943248904
V923A,-3.775310165
V923C,-3.426547058
V923D,-1.17017238
V923E,1.6685001730000002
V923F,-1.86452487
V923G,-2.589157821
V923I,-3.389313299
V923K,-1.082971656
V923L,-3.463018494
V923M,-3.679249162
V923P,-1.440792345
V923R,-1.154343477
V923S,-2.994588547
V923T,-3.299445362
N924A,-2.581481009
N924C,-1.775310165
N924D,-3.419514722
N924E,-2.221442699
N924F,-2.236204122
N924G,-1.882083182
N924H,-4.676085905
N924I,-1.6141075930000002
N924K,-2.473962506
N924L,-2.251060906
N924P,-0.555788535
N924Q,-4.6619231910000005
N924R,-3.19398836
N924S,-3.978946933
N924T,-2.887806554
N924W,-1.006116737
N924Y,-2.780162284
E925A,-2.150232771
E925C,-4.258233815
E925D,-2.68996926
E925F,-2.673271315
E925G,-2.673271315
E925H,-3.617240165
E925K,-2.282393809
E925L,-2.505479463
E925N,-4.021394268
E925P,-2.273212082
E925Q,-2.9049633260000003
E925R,-2.92852837
E925S,-2.278517371
E925T,-1.908622561
E925Y,-2.268002662
I926A,-1.923770472
I926C,-2.870749125
I926D,-3.971787141
I926E,-1.597437135
I926F,-2.546543227
I926G,-2.021056432
I926H,-2.896190468
I926K,-3.719075004
I926L,-3.016318265
I926P,-1.994712882
I926Q,-1.940546752
I926R,-3.537053003
I926S,-2.214102814
I926T,-2.578812731
I926V,-2.738623572
I926W,-3.298899637
I927A,-4.182399635
I927C,-2.9764656830000003
I927D,-4.19815237
I927E,-3.978538577
I927F,-2.783882551
I927G,-3.187761914
I927H,-3.704631118
I927K,-2.594423592
I927L,-3.3820932
I927M,-2.678395587
I927N,-0.116294804
I927P,-2.712891315
I927Q,-4.32241077
I927R,-3.1465821110000003
I927S,-3.316631052
I927T,-3.601280765
I927V,-3.4858035480000003
I927W,-2.581481009
I927Y,-2.250810036
S928A,-2.797220779
S928D,-2.897851007
S928E,-1.765453575
S928F,-0.889000006
S928G,-2.111392427
S928H,-4.027173764
S928K,-3.360272666
S928L,-2.315878547
S928N,-1.711605179
S928P,-4.46144148
S928Q,-2.914998766
S928R,-2.746201788
S928T,-3.134022032
S928Y,-2.880602384
R929A,-3.564233547
R929C,-3.411151243
R929D,-3.121801855
R929E,-5.206078454
R929F,-2.652809261
R929G,-2.442137156
R929H,-2.338115312
R929I,-2.972448008
R929K,-4.849018965
R929L,-3.145339759
R929M,-2.259552914
R929N,-4.254482972
R929P,-3.772162752
R929S,-4.027303922
R929T,-2.936080005
R929V,-3.093171429
R929Y,-4.360272666
I930A,-3.272020165
I930C,-3.537994313
I930D,-3.5824821860000005
I930E,-3.3890000060000003
I930F,-3.134022032
I930G,-2.191796922
I930H,-4.076905806
I930K,-3.030532575
I930L,-2.933553833
I930N,-3.480001729
I930P,-4.18589849
I930Q,-4.7069346560000005
I930R,-3.726562129
I930S,-3.3954463980000003
I930T,-3.670402925
I930V,-3.628163975
I930Y,-2.965330155
K931A,-2.568541693
K931D,-4.284875682
K931E,-2.4327243
K931F,-2.37691059
K931G,-3.1295369560000004
K931H,-4.771398786000001
K931I,-3.270074857
K931L,-2.8400488530000003
K931M,-1.6913931919999998
K931N,-3.356603469
K931P,-3.495255497
K931R,-2.93721718
K931S,-2.814697095
K931T,-3.319766193
K931V,-2.883516671
K931W,-2.708195969
K931Y,-2.961698399
V932A,-1.775310165
V932C,-1.910292996
V932D,-4.318479476
V932E,-3.987193696
V932F,-2.698314342
V932G,-2.672520302
V932H,-4.135323552
V932I,-2.220155484
V932K,-4.494218321
V932L,-3.293949356
V932M,-0.490660452
V932N,-2.6520912180000003
V932P,-3.352816399
V932Q,-3.945622685
V932R,-3.453561557
V932S,-4.026758398999998
V932T,-3.412395351
V932W,-2.8065378460000003
V932Y,-3.829415315
T933A,-2.922517927
T933C,-2.763469124
T933D,-3.303183751
T933E,-2.134022032
T933F,-2.99852692
T933G,-2.904093151
T933H,-3.965330155
T933I,-3.599856584
T933L,-2.673001305
T933M,-3.229179265
T933N,-4.371657591
T933P,-3.747414597
T933Q,-2.20422906
T933R,-2.637806641
T933S,-3.557233463
T933V,-1.586072654
T933Y,-3.677176242
T934A,-3.0044772230000003
T934C,-2.48573987
T934D,-4.000196216
T934E,-2.68274652
T934F,-3.2109281010000004
T934G,-2.563200159
T934H,-3.892788891
T934I,-3.297220779
T934K,-4.976462847
T934L,-3.41665987
T934N,-3.457122902
T934P,-4.325295308
T934Q,-3.555768679
T934R,-3.678135473
T934S,-3.541098075
T934V,-1.668179972
T934W,-2.440221801
T934Y,-4.022393276
