variant,score
M1A,0.2347
M1C,0.22
M1D,0.2035
M1E,0.1951
M1F,0.3119
M1G,0.2035
M1H,0.1824
M1I,0.2468
M1K,0.2033
M1L,0.3626
M1N,0.1925
M1P,0.1919
M1Q,0.1949
M1R,0.2033
M1S,0.1846
M1T,0.2911
M1V,0.2566
M1W,0.1907
M1Y,0.1824
V2A,0.9072
V2C,0.7698
V2D,0.3672
V2E,0.6055
V2F,0.7546
V2G,0.7805
V2H,0.858
V2I,0.8649
V2K,0.1953
V2L,0.9259
V2M,0.7829
V2N,0.8936
V2P,0.7599
V2Q,0.6541
V2R,0.6319
V2S,0.6258
V2T,0.7556
V2W,0.8148
V2Y,0.9043
N3A,0.2623
N3C,0.2505
N3D,0.7235
N3E,0.8484
N3F,0.3143
N3G,0.5473
N3H,0.2305
N3I,0.2386
N3K,0.9963
N3L,0.6779999999999999
N3M,0.86
N3P,0.3879
N3Q,0.2243
N3R,0.2562
N3S,0.596
N3T,0.6374
N3V,0.5491
N3W,0.1065
N3Y,0.5102
E4A,0.8945
E4C,0.6914
E4D,0.7968
E4F,0.775
E4G,0.6556
E4H,0.8246
E4I,0.7109
E4K,0.8345
E4L,0.8606
E4M,0.6795
E4N,0.8319
E4P,0.4932
E4Q,0.6506
E4R,0.7774
E4S,0.8476
E4T,0.8724
E4V,0.6462
E4W,0.722
E4Y,0.6659
A5C,0.6709
A5D,0.932
A5E,0.5654
A5F,0.81
A5G,0.8009
A5H,0.794
A5I,0.7095
A5K,0.3414
A5L,0.991
A5M,0.8307
A5N,0.4866
A5P,0.5289
A5Q,0.7102
A5R,0.665
A5S,0.8854
A5T,0.701
A5V,0.8226
A5W,0.8233
A5Y,0.8506
R6A,0.2205
R6C,0.2887
R6D,0.7282
R6E,0.6403
R6F,0.8002
R6G,0.6952
R6H,0.8777
R6I,0.7449
R6K,0.6928
R6L,0.6682
R6M,0.9532
R6N,0.4217
R6P,0.8919
R6Q,0.8062
R6S,0.7768
R6T,0.6652
R6V,0.6048
R6W,0.6336
R6Y,0.8652
G7A,0.897
G7C,0.8022
G7D,0.7159
G7E,0.8341
G7F,0.7478
G7H,0.7314
G7I,0.7935
G7K,0.7524
G7L,0.9837
G7M,0.7547
G7N,0.7509999999999999
G7P,0.8557
G7Q,0.6965
G7R,0.7256
G7S,0.8371
G7T,0.2881
G7V,0.718
G7W,0.4866
G7Y,0.8094
N8A,0.6034
N8C,0.914
N8D,0.7084
N8E,0.5417
N8F,0.8759
N8G,0.607
N8H,0.1957
N8I,0.9607
N8K,0.2557
N8L,0.792
N8M,0.7108
N8P,0.9574
N8Q,0.528
N8R,0.5549
N8S,0.9541
N8T,0.9089
N8V,0.7987
N8W,0.3065
N8Y,0.9446
S9A,0.8507
S9C,0.8205
S9D,0.5902
S9E,0.763
S9F,0.877
S9G,0.6742
S9H,0.9008
S9I,0.4716
S9K,0.901
S9L,0.9864
S9M,0.2869
S9N,0.9452
S9P,0.8039
S9Q,0.7943
S9R,0.8842
S9T,0.9716
S9V,0.7886
S9W,0.9623
S9Y,0.7696
S10A,0.7808
S10C,0.6177
S10D,0.6117
S10E,0.7296
S10F,0.6195
S10G,0.6567
S10H,0.5997
S10I,0.8593
S10K,0.8590000000000001
S10L,0.82
S10M,0.9308
S10N,0.794
S10P,0.5696
S10Q,0.7727
S10R,0.8105
S10T,0.8228
S10V,0.7472
S10W,0.893
S10Y,0.922
L11A,0.2388
L11C,0.6594
L11D,0.9256
L11E,0.5776
L11F,0.7809
L11G,0.1084
L11H,0.8083
L11I,0.8729
L11K,0.8875
L11M,0.9389
L11N,0.3221
L11P,0.9753
L11Q,0.2606
L11R,0.8281
L11S,0.8771
L11T,0.407
L11V,0.9722
L11W,0.5367
L11Y,0.6385
N12A,0.2063
N12C,0.6494
N12D,0.9447
N12E,0.4537
N12F,0.6587
N12G,0.6722
N12H,0.5568
N12I,0.8388
N12K,0.8226
N12L,0.7998
N12M,0.8492
N12P,0.6986
N12Q,0.5119
N12R,0.7603
N12S,0.6769
N12T,0.6619
N12V,0.6937
N12W,0.1462
N12Y,0.9392
P13A,0.7349
P13C,0.7140000000000001
P13D,0.8722
P13E,0.97
P13F,0.6623
P13G,0.565
P13H,0.7892
P13I,0.7181
P13K,0.7054
P13L,0.9669
P13M,0.7574
P13N,0.9093
P13Q,0.7579
P13R,0.7825
P13S,0.7448
P13T,0.7138
P13V,0.7669
P13W,0.6339
P13Y,0.7719
C14A,0.8004
C14D,0.7203
C14E,0.593
C14F,0.805
C14G,0.7193
C14H,0.9495
C14I,0.8176
C14K,0.6839
C14L,0.9822
C14M,0.7552
C14N,0.7132
C14P,0.7179
C14Q,0.7345
C14R,0.9229
C14S,0.8846
C14T,0.7266
C14V,0.7215
C14W,0.9445
C14Y,0.7733
L15A,0.639
L15C,0.7567
L15D,0.9014
L15E,0.471
L15F,0.802
L15G,0.9165
L15H,0.5797
L15I,0.8553
L15K,0.5805
L15M,0.7249
L15N,0.6155
L15P,0.6131
L15Q,0.7546
L15R,0.8413
L15S,0.8111
L15T,0.9757
L15V,0.8522
L15W,0.8538
L15Y,0.7683
E16A,0.6773
E16C,0.2869
E16D,0.69
E16F,0.3326
E16G,0.9827
E16H,0.9544
E16I,0.7406
E16K,0.9902
E16L,0.5309
E16M,0.7233
E16N,0.8678
E16P,0.628
E16Q,0.759
E16R,0.7784
E16S,0.4942
E16T,0.583
E16V,0.7487
E16W,0.5885
E16Y,0.5326
G17A,0.8752
G17C,0.8240000000000001
G17D,0.898
G17E,0.9699
G17F,0.7043
G17H,0.4922
G17I,0.8611
G17K,0.618
G17L,0.835
G17M,0.1966
G17N,0.7512
G17P,0.7323
G17Q,0.6275
G17R,0.6776
G17S,0.6775
G17T,0.8416
G17V,0.9377
G17W,0.9891
G17Y,0.486
S18A,0.6676
S18C,0.7493
S18D,0.8816
S18E,0.758
S18F,0.8185
S18G,0.7364
S18H,0.6505
S18I,0.9578
S18K,0.9712
S18L,0.7645
S18M,0.7921
S18N,0.971
S18P,0.7504
S18Q,0.7682
S18R,0.9783
S18T,0.4486
S18V,0.9915
S18W,0.7246
S18Y,0.8224
A19C,0.7764
A19D,0.7586
A19E,0.9224
A19F,0.6372
A19G,0.4821
A19H,0.1481
A19I,0.5886
A19K,0.6353
A19L,0.6038
A19M,0.9454
A19N,0.745
A19P,0.6688
A19Q,0.1635
A19R,0.53
A19S,0.8875
A19T,0.983
A19V,0.9957
A19W,0.5238
A19Y,0.6593
S20A,0.8002
S20C,0.8645
S20D,0.879
S20E,0.7699
S20F,0.8425
S20G,0.9257
S20H,0.5653
S20I,0.9566
S20K,0.8441
S20L,0.987
S20M,0.8547
S20N,0.8937
S20P,0.6233
S20Q,0.7854
S20R,0.7436
S20T,0.7072
S20V,0.9442
S20W,0.8531
S20Y,0.5932
S21A,0.6427
S21C,0.9033
S21D,0.5461
S21E,0.7712
S21F,0.8228
S21G,0.9889
S21H,0.8072
S21I,0.8765
S21K,0.5439
S21L,0.7509
S21M,0.9265
S21N,0.9353
S21P,0.4823
S21Q,0.7205
S21R,0.7151
S21T,0.6658
S21V,0.9185
S21W,0.754
S21Y,0.8687
G22A,0.807
G22C,0.8883
G22D,0.6848
G22E,0.4557
G22F,0.8283
G22H,0.6637
G22I,0.6411
G22K,0.6427
G22L,0.8487
G22M,0.1331
G22N,0.4519
G22P,0.5896
G22Q,0.5062
G22R,0.5982
G22S,0.9616
G22T,0.3796
G22V,0.8821
G22W,0.7624
G22Y,0.6779
S23A,0.7390000000000001
S23C,0.8745
S23D,0.5963
S23E,0.7005
S23F,0.74
S23G,0.894
S23H,0.1103
S23I,0.8215
S23K,0.6624
S23L,0.7848
S23M,0.351
S23N,0.9812
S23P,0.7556
S23Q,0.635
S23R,0.3285
S23T,0.8338
S23V,0.5897
S23W,0.6905
S23Y,0.6024
E24A,0.7049
E24C,0.8789
E24D,0.9248
E24F,0.7645
E24G,0.7367
E24H,0.7966
E24I,0.9107
E24K,0.7027
E24L,0.8112
E24M,0.2605
E24N,0.9397
E24P,0.2608
E24Q,0.7699
E24R,0.6532
E24S,0.8688
E24T,0.9118
E24V,0.8122
E24W,0.8107
E24Y,0.66
S25A,0.7025
S25C,0.523
S25D,0.0928
S25E,0.6623
S25F,0.5611
S25G,0.942
S25H,0.1669999999999999
S25I,0.9177
S25K,0.2797
S25L,0.6937
S25M,0.4864
S25N,0.8277
S25P,0.3306
S25Q,0.6437
S25R,0.6515
S25T,0.8099
S25V,0.8826
S25W,0.8991
S25Y,0.6811
S26A,0.8689
S26C,0.9599
S26D,0.4053
S26E,0.5222
S26F,0.8889
S26G,0.4871
S26H,0.8048
S26I,0.6075
S26K,0.8646
S26L,0.9229
S26M,0.8056
S26N,0.9044
S26P,0.8645
S26Q,0.6501
S26R,0.8962
S26T,0.6742
S26V,0.831
S26W,0.762
S26Y,0.9066
K27A,0.7539
K27C,0.8589
K27D,0.4878
K27E,0.7042
K27F,0.9866
K27G,0.1144
K27H,0.2326
K27I,0.5725
K27L,0.9118
K27M,0.9237
K27N,0.8759999999999999
K27P,0.5985
K27Q,0.4694
K27R,0.6521
K27S,0.7405
K27T,0.4308
K27V,0.4095
K27W,0.8728
K27Y,0.7905
D28A,0.7814
D28C,0.5975
D28E,0.8885
D28F,0.7496
D28G,0.4177
D28H,0.6905
D28I,0.8656
D28K,0.7015
D28L,0.9088
D28M,0.6418
D28N,0.8912
D28P,0.1713
D28Q,0.9546
D28R,0.4482
D28S,0.5004
D28T,0.9881
D28V,0.8593
D28W,0.6096
D28Y,0.6623
S29A,0.7922
S29C,0.5237
S29D,0.9401
S29E,0.8041
S29F,0.825
S29G,0.863
S29H,0.7091
S29I,0.7816
S29K,0.593
S29L,0.6643
S29M,0.7643
S29N,0.8781
S29P,0.6932
S29Q,0.6036
S29R,0.8203
S29T,0.9555
S29V,0.7151
S29W,0.8395
S29Y,0.9177
S30A,0.8349
S30C,0.6846
S30D,0.8266
S30E,0.1591
S30F,0.7867
S30G,0.7905
S30H,0.9222
S30I,0.5257
S30K,0.7811
S30L,0.942
S30M,0.9138
S30N,0.6727
S30P,0.2171
S30Q,0.7463
S30R,0.5939
S30T,0.6631
S30V,0.5584
S30W,0.6168
S30Y,0.8699
R31A,0.7279
R31C,0.6501
R31D,0.6829
R31E,0.6382
R31F,0.6646
R31G,0.9501
R31H,0.8913
R31I,0.7964
R31K,0.8190000000000001
R31L,0.7788
R31M,0.9109
R31N,0.9552
R31P,0.6888
R31Q,0.8066
R31S,0.7267
R31T,0.4657
R31V,0.8865
R31W,0.8473
R31Y,0.8569
C32A,0.0974
C32D,0.4996
C32E,0.5335
C32F,0.9226
C32G,0.9237
C32H,0.3669
C32I,0.7013
C32K,0.218
C32L,0.8796
C32M,0.6996
C32N,0.5949
C32P,0.7788
C32Q,0.3994
C32R,0.5017
C32S,0.7076
C32T,0.7067
C32V,0.8924
C32W,0.8166
C32Y,0.906
S33A,0.4494
S33C,0.7214
S33D,0.477
S33E,0.4848
S33F,0.8044
S33G,0.6752
S33H,0.7235
S33I,0.863
S33K,0.7607
S33L,0.8403
S33M,0.7786
S33N,0.6951
S33P,0.7196
S33Q,0.7472
S33R,0.458
S33T,0.6951
S33V,0.9667
S33W,0.9659
S33Y,0.9066
T34A,0.9605
T34C,0.662
T34D,0.9348
T34E,0.8932
T34F,0.6953
T34G,0.7631
T34H,0.4189
T34I,0.9179
T34K,0.2867
T34L,0.6057
T34M,0.5506
T34N,0.9885
T34P,0.8834
T34Q,0.1462
T34R,0.9446
T34S,0.8192
T34V,0.5709
T34W,0.5325
T34Y,0.7289
P35A,0.7543
P35C,0.6806
P35D,0.0721
P35E,0.7917
P35F,0.9315
P35G,0.9438
P35H,0.6406
P35I,0.9159
P35K,0.9672
P35L,0.9528
P35M,0.8381
P35N,0.802
P35Q,0.4475
P35R,0.9098
P35S,0.8795
P35T,0.4937
P35V,0.6161
P35W,0.1282
P35Y,0.4248
G36A,0.7576
G36C,0.7593
G36D,0.9014
G36E,0.5095
G36F,0.6854
G36H,0.7026
G36I,0.6676
G36K,0.3067
G36L,0.5064
G36M,0.8271
G36N,0.3594
G36P,0.5167
G36Q,0.6589
G36R,0.8065
G36S,0.7175
G36T,0.6615
G36V,0.7829
G36W,0.6492
G36Y,0.3536
L37A,0.6577
L37C,0.6315
L37D,0.7162
L37E,0.6936
L37F,0.9154
L37G,0.6459
L37H,0.9437
L37I,0.3555
L37K,0.5727
L37M,0.7871
L37N,0.7082
L37P,0.8122
L37Q,0.8157
L37R,0.9039
L37S,0.4398
L37T,0.6459999999999999
L37V,0.8036
L37W,0.7613
L37Y,0.773
D38A,0.9429
D38C,0.977
D38E,0.7918
D38F,0.8509
D38G,0.845
D38H,0.8139
D38I,0.8412
D38K,0.8564
D38L,0.8675
D38M,0.967
D38N,0.9599
D38P,0.7277
D38Q,0.6851
D38R,0.8488
D38S,0.9068
D38T,0.8205
D38V,0.9337
D38W,0.6776
D38Y,0.9662
P39A,0.6951
P39C,0.946
P39D,0.8171
P39E,0.7813
P39F,0.7896
P39G,0.4364
P39H,0.574
P39I,0.9428
P39K,0.7049
P39L,0.8449
P39M,0.9796
P39N,0.8712
P39Q,0.3741
P39R,0.7792
P39S,0.9875
P39T,0.4872
P39V,0.8962
P39W,0.7532
P39Y,0.9366
E40A,0.8356
E40C,0.8416
E40D,0.6833
E40F,0.927
E40G,0.8649
E40H,0.5634
E40I,0.993
E40K,0.8469
E40L,0.937
E40M,0.9949
E40N,0.8828
E40P,0.6556
E40Q,0.7721
E40R,0.9706
E40S,0.848
E40T,0.7182
E40V,0.9049
E40W,0.9827
E40Y,0.7153
R41A,0.5125
R41C,0.9369
R41D,0.6437
R41E,0.4225
R41F,0.8231
R41G,0.8804
R41H,0.4708
R41I,0.283
R41K,0.4647
R41L,0.8367
R41M,0.5344
R41N,0.9032
R41P,0.9258
R41Q,0.7362
R41S,0.8675
R41T,0.8107
R41V,0.5722
R41W,0.7575
R41Y,0.3041
H42A,0.6581
H42C,0.9666
H42D,0.4507
H42E,0.7929
H42F,0.8489
H42G,0.7852
H42I,0.9421
H42K,0.2021
H42L,0.5851
H42M,0.5997
H42N,0.8927
H42P,0.889
H42Q,0.4275
H42R,0.5529999999999999
H42S,0.9431
H42T,0.8037
H42V,0.6093
H42W,0.2233
H42Y,0.9877
E43A,0.8655
E43C,0.9011
E43D,0.8554
E43F,0.7944
E43G,0.9374
E43H,0.5925
E43I,0.8739
E43K,0.936
E43L,0.9942
E43M,0.8888
E43N,0.8031
E43P,0.3583
E43Q,0.6691
E43R,0.7359
E43S,0.6601
E43T,0.7042
E43V,0.9182
E43W,0.7011
E43Y,0.8529
R44A,0.6178
R44C,0.8557
R44D,0.5982
R44E,0.6093
R44F,0.2654
R44G,0.9737
R44H,0.7136
R44I,0.2143
R44K,0.9434
R44L,0.3382
R44M,0.4876
R44N,0.981
R44P,0.7433
R44Q,0.7962
R44S,0.9791
R44T,0.9097
R44V,0.4785
R44W,0.4455
R44Y,0.1606
L45A,0.1633
L45C,0.5575
L45D,0.4533
L45E,0.2789
L45F,0.4752
L45G,0.5821
L45H,0.406
L45I,0.938
L45K,0.3487
L45M,0.5525
L45N,0.2012
L45P,0.5192
L45Q,0.283
L45R,0.4604
L45S,0.711
L45T,0.5586
L45V,0.7951
L45W,0.5503
L45Y,0.4073
R46A,0.8908
R46C,0.9486
R46D,0.6001
R46E,0.5067
R46F,0.8092
R46G,0.9512
R46H,0.458
R46I,0.7485
R46K,0.5796
R46L,0.926
R46M,0.8624
R46N,0.8074
R46P,0.3799
R46Q,0.6529
R46S,0.9089
R46T,0.9101
R46V,0.8838
R46W,0.6024
R46Y,0.8008
E47A,0.6158
E47C,0.7185
E47D,0.8894
E47F,0.5225
E47G,0.5633
E47H,0.8683
E47I,0.156
E47K,0.2559
E47L,0.8824
E47M,0.6365
E47N,0.0685
E47P,0.6288
E47Q,0.9414
E47R,0.4883
E47S,0.6044
E47T,0.2853
E47V,0.5087
E47W,0.3481
E47Y,0.7662
K48A,0.8477
K48C,0.399
K48D,0.6708
K48E,0.288
K48F,0.2664
K48G,0.1553
K48H,0.6169
K48I,0.4987
K48L,0.6327
K48M,0.7455
K48N,0.4393
K48P,0.6743
K48Q,0.504
K48R,0.5233
K48S,0.5843
K48T,0.3038
K48V,0.7844
K48W,0.0241
K48Y,0.3643
M49A,0.3489
M49C,0.2611
M49D,0.1635
M49E,0.2843
M49F,0.4446
M49G,0.2134
M49H,0.2349
M49I,0.619
M49K,0.5474
M49L,0.4301
M49N,0.0216
M49P,0.0829
M49Q,0.3926
M49R,0.177
M49S,0.0417
M49T,0.0945
M49V,0.3812
M49W,0.5375
M49Y,0.2611
R50A,0.9554
R50C,0.4798
R50D,0.7798
R50E,0.643
R50F,0.9768
R50G,0.4652
R50H,0.8882
R50I,0.7249
R50K,0.7859
R50L,0.9724
R50M,0.9806
R50N,0.5781
R50P,0.4102
R50Q,0.7321
R50S,0.8321
R50T,0.9413
R50V,0.795
R50W,0.8188
R50Y,0.513
R51A,0.9968
R51C,0.6508
R51D,0.6884
R51E,0.9904
R51F,0.3711
R51G,0.547
R51H,0.8013
R51I,0.4408
R51K,0.9221
R51L,0.5963
R51M,0.7440000000000001
R51N,0.9327
R51P,0.5025
R51Q,0.9045
R51S,0.6627
R51T,0.5439
R51V,0.4997
R51W,0.4939
R51Y,0.6759999999999999
R52A,0.8685
R52C,0.4071
R52D,0.5947
R52E,0.6536
R52F,0.5046
R52G,0.6847
R52H,0.7783
R52I,0.3849
R52K,0.5662
R52L,0.7172
R52M,0.8552
R52N,0.4789
R52P,0.5433
R52Q,0.6421
R52S,0.3746
R52T,0.7223
R52V,0.5199
R52W,0.4443
R52Y,0.9549
L53A,0.8355
L53C,0.7381
L53D,0.4042
L53E,0.5722
L53F,0.7409
L53G,0.7526
L53H,0.4168
L53I,0.7836
L53K,0.9679
L53M,0.7898
L53N,0.8338
L53P,0.8842
L53Q,0.7852
L53R,0.679
L53S,0.8473
L53T,0.8533
L53V,0.9829
L53W,0.8011
L53Y,0.5717
E54A,0.8994
E54C,0.7596
E54D,0.961
E54F,0.7261
E54G,0.6917
E54H,0.7053
E54I,0.9843
E54K,0.8798
E54L,0.7932
E54M,0.8391
E54N,0.8899
E54P,0.7359
E54Q,0.9725
E54R,0.9487
E54S,0.8151
E54T,0.6416
E54V,0.8818
E54W,0.6279
E54Y,0.7422
S55A,0.9616
S55C,0.8477
S55D,0.6244
S55E,0.5401
S55F,0.593
S55G,0.6795
S55H,0.591
S55I,0.4733
S55K,0.8597
S55L,0.7773
S55M,0.8436
S55N,0.7868
S55P,0.4605
S55Q,0.7477
S55R,0.9185
S55T,0.8542
S55V,0.8019
S55W,0.5811
S55Y,0.3002
G56A,0.6578
G56C,0.5293
G56D,0.3304
G56E,0.2966
G56F,0.4262
G56H,0.8065
G56I,0.3949
G56K,0.8471
G56L,0.3523
G56M,0.086
G56N,0.8734
G56P,0.6394
G56Q,0.6964
G56R,0.3905
G56S,0.5591
G56T,0.2897
G56V,0.4478
G56W,0.4105
G56Y,0.4075
D57A,0.8987
D57C,0.8011
D57E,0.8677
D57F,0.8536
D57G,0.319
D57H,0.8965
D57I,0.4046
D57K,0.9625
D57L,0.7097
D57M,0.5828
D57N,0.9076
D57P,0.6098
D57Q,0.5537
D57R,0.9359
D57S,0.9145
D57T,0.7290000000000001
D57V,0.8465
D57W,0.7858
D57Y,0.813
K58A,0.314
K58C,0.2889
K58D,0.5714
K58E,0.7187
K58F,0.7522
K58G,0.0835
K58H,0.6431
K58I,0.7913
K58L,0.4281
K58M,0.4546
K58N,0.3018
K58P,0.6218
K58Q,0.6997
K58R,0.7073
K58S,0.1275
K58T,0.7307
K58V,0.5663
K58W,0.6922
K58Y,0.1647
W59A,0.1671
W59C,0.3489
W59D,0.1972
W59E,0.2794
W59F,0.802
W59G,0.8268
W59H,0.3434
W59I,0.8806
W59K,0.4723
W59L,0.3856
W59M,0.346
W59N,0.287
W59P,0.1062
W59Q,0.3652
W59R,0.3654
W59S,0.6736
W59T,0.347
W59V,0.146
W59Y,0.4394
F60A,0.7105
F60C,0.3716
F60D,0.316
F60E,0.7884
F60G,0.3964
F60H,0.5113
F60I,0.5819
F60K,0.2838
F60L,0.3675
F60M,0.4712
F60N,0.0849
F60P,0.2657
F60Q,0.906
F60R,0.3143
F60S,0.0654
F60T,0.1484
F60V,0.9259
F60W,0.7216
F60Y,0.5121
S61A,0.6712
S61C,0.7382
S61D,0.8690000000000001
S61E,0.0368
S61F,0.6151
S61G,0.1627
S61H,0.4273
S61I,0.3263
S61K,0.1408
S61L,0.4791
S61M,0.2023
S61N,0.0771
S61P,0.1992
S61Q,0.5438
S61R,0.154
S61T,0.6009
S61V,0.421
S61W,0.6551
S61Y,0.0276
L62A,0.5742
L62C,0.2595
L62D,0.1353
L62E,0.1395
L62F,0.9555
L62G,0.5856
L62H,0.2374
L62I,0.3229999999999999
L62K,0.1164
L62M,0.8575
L62N,0.1281
L62P,0.2496
L62Q,0.3716
L62R,0.1817
L62S,0.2369
L62T,0.4445
L62V,0.792
L62W,0.0753
L62Y,0.0369
E63A,0.2087
E63C,0.1335
E63D,0.4974
E63F,0.5278
E63G,0.3129
E63H,0.2394
E63I,0.0892
E63K,0.3473
E63L,0.1593
E63M,0.0798
E63N,0.9151
E63P,0.8969
E63Q,0.4856
E63R,0.334
E63S,0.3848
E63T,0.7947
E63V,0.7898
E63W,0.5564
E63Y,0.1005
F64A,0.5012
F64C,0.1439
F64D,0.4465
F64E,0.4971
F64G,0.2703
F64H,0.3338
F64I,0.922
F64K,0.4971
F64L,0.7027
F64M,0.4744
F64N,0.4537
F64P,0.4896
F64Q,0.4499
F64R,0.4971
F64S,0.3006
F64T,0.4765
F64V,0.619
F64W,0.5368
F64Y,0.5414
F65A,0.2246
F65C,0.4195
F65D,0.0981
F65E,0.421
F65G,0.84
F65H,0.2997
F65I,0.4498
F65K,0.5313
F65L,0.5213
F65M,0.0673
F65N,0.7778
F65P,0.3366
F65Q,0.257
F65R,0.1266
F65S,0.4174
F65T,0.1287
F65V,0.4093
F65W,0.7773
F65Y,0.5067
P66A,0.7644
P66C,0.3435
P66D,0.3613
P66E,0.3262
P66F,0.258
P66G,0.7398
P66H,0.4553
P66I,0.7165
P66K,0.2198
P66L,0.4492
P66M,0.0304
P66N,0.3887
P66Q,0.2098
P66R,0.4222
P66S,0.4781
P66T,0.5488
P66V,0.0211
P66W,0.2249
P66Y,0.5771
P67A,0.8417
P67C,0.848
P67D,0.4035
P67E,0.1489
P67F,0.162
P67G,0.3149
P67H,0.2548
P67I,0.8017
P67K,0.2295
P67L,0.4778
P67M,0.2848
P67N,0.4029
P67Q,0.4924
P67R,0.9675
P67S,0.9346
P67T,0.3446
P67V,0.3361
P67W,0.1152
P67Y,0.02
R68A,0.1426
R68C,0.4795
R68D,0.3386
R68E,0.4268
R68F,0.7971
R68G,0.8845
R68H,0.3055
R68I,0.3021
R68K,0.5579
R68L,0.6491
R68M,0.5119
R68N,0.4943
R68P,0.5311
R68Q,0.9769
R68S,0.3905
R68T,0.1096
R68V,0.5409
R68W,0.6809999999999999
R68Y,0.1953
T69A,0.9395
T69C,0.9906
T69D,0.414
T69E,0.2747
T69F,0.3951
T69G,0.8924
T69H,0.7442
T69I,0.7618
T69K,0.3574
T69L,0.6707
T69M,0.5359
T69N,0.9672
T69P,0.0908
T69Q,0.5587
T69R,0.7473
T69S,0.8190000000000001
T69V,0.6655
T69W,0.3927
T69Y,0.7809999999999999
A70C,0.9607
A70D,0.7943
A70E,0.3816
A70F,0.6227
A70G,0.4003
A70H,0.4849
A70I,0.482
A70K,0.6267
A70L,0.789
A70M,0.5516
A70N,0.3337
A70P,0.7828
A70Q,0.7271
A70R,0.2465
A70S,0.9093
A70T,0.9346
A70V,0.8888
A70W,0.4458
A70Y,0.0819
E71A,0.9777
E71C,0.5521
E71D,0.9481
E71F,0.4628
E71G,0.5727
E71H,0.7573
E71I,0.7151
E71K,0.7971
E71L,0.479
E71M,0.3595
E71N,0.9571
E71P,0.8147
E71Q,0.9061
E71R,0.49
E71S,0.8737
E71T,0.71
E71V,0.7888
E71W,0.4063
E71Y,0.3966
G72A,0.5012
G72C,0.6039
G72D,0.9078
G72E,0.36
G72F,0.5034
G72H,0.7826
G72I,0.7886
G72K,0.7897
G72L,0.9038
G72M,0.6314
G72N,0.9157
G72P,0.3075
G72Q,0.4268
G72R,0.9007
G72S,0.9917
G72T,0.7163
G72V,0.5838
G72W,0.0639
G72Y,0.45
A73C,0.7331
A73D,0.6856
A73E,0.5267
A73F,0.9208
A73G,0.8893
A73H,0.8614
A73I,0.9052
A73K,0.8429
A73L,0.9232
A73M,0.3634
A73N,0.6975
A73P,0.2927
A73Q,0.5329
A73R,0.6442
A73S,0.6345
A73T,0.8907
A73V,0.8807
A73W,0.8488
A73Y,0.9476
V74A,0.7041
V74C,0.5891
V74D,0.5962
V74E,0.6689
V74F,0.91
V74G,0.6409999999999999
V74H,0.8437
V74I,0.8955
V74K,0.6716
V74L,0.8009
V74M,0.5065
V74N,0.9284
V74P,0.6785
V74Q,0.4613
V74R,0.7445
V74S,0.6687
V74T,0.9528
V74W,0.6596
V74Y,0.3296
N75A,0.6642
N75C,0.7346
N75D,0.9608
N75E,0.8843
N75F,0.4405
N75G,0.2382
N75H,0.7175
N75I,0.3949
N75K,0.8253
N75L,0.6332
N75M,0.3159
N75P,0.3091
N75Q,0.9605
N75R,0.4382
N75S,0.7798
N75T,0.6803
N75V,0.6251
N75W,0.4609
N75Y,0.3629
L76A,0.7312
L76C,0.8573
L76D,0.9451
L76E,0.8959
L76F,0.988
L76G,0.8294
L76H,0.9326
L76I,0.8485
L76K,0.8418
L76M,0.8779
L76N,0.9162
L76P,0.5801
L76Q,0.8402
L76R,0.9645
L76S,0.9647
L76T,0.5718
L76V,0.9592
L76W,0.9424
L76Y,0.979
I77A,0.9364
I77C,0.9817
I77D,0.7775
I77E,0.9004
I77F,0.8642
I77G,0.8297
I77H,0.8445
I77K,0.7855
I77L,0.9749
I77M,0.8821
I77N,0.7041
I77P,0.8653
I77Q,0.8964
I77R,0.67
I77S,0.555
I77T,0.9476
I77V,0.7498
I77W,0.9173
I77Y,0.7931
S78A,0.7888
S78C,0.4364
S78D,0.9386
S78E,0.7567
S78F,0.3817
S78G,0.9013
S78H,0.5734
S78I,0.2406
S78K,0.7801
S78L,0.3793
S78M,0.7748
S78N,0.8278
S78P,0.8735
S78Q,0.6598
S78R,0.9426
S78T,0.9917
S78V,0.4146
S78W,0.4075
S78Y,0.3033
R79A,0.611
R79C,0.6458
R79D,0.2991
R79E,0.4457
R79F,0.5915
R79G,0.9415
R79H,0.6042
R79I,0.7432
R79K,0.9263
R79L,0.754
R79M,0.9442
R79N,0.7284
R79P,0.1404
R79Q,0.6938
R79S,0.8372
R79T,0.4012
R79V,0.94
R79W,0.7017
R79Y,0.3897
F80A,0.557
F80C,0.6276
F80D,0.031
F80E,0.44
F80G,0.1486
F80H,0.2709
F80I,0.8398
F80K,0.1957
F80L,0.9847
F80M,0.9449
F80N,0.0811
F80P,0.6932
F80Q,0.4413
F80R,0.1906
F80S,0.3343
F80T,0.3445
F80V,0.7504
F80W,0.4461
F80Y,0.679
D81A,0.737
D81C,0.3769
D81E,0.7014
D81F,0.4693
D81G,0.9219
D81H,0.3443
D81I,0.5579999999999999
D81K,0.595
D81L,0.5424
D81M,0.4092
D81N,0.8601
D81P,0.4651
D81Q,0.6772
D81R,0.1158
D81S,0.7491
D81T,0.4022
D81V,0.721
D81W,0.0678
D81Y,0.0355
R82A,0.7638
R82C,0.6471
R82D,0.3378
R82E,0.4777
R82F,0.4335
R82G,0.7313
R82H,0.5521
R82I,0.2965
R82K,0.8445
R82L,0.5479999999999999
R82M,0.7837
R82N,0.6969
R82P,0.1213
R82Q,0.7819
R82S,0.6007
R82T,0.753
R82V,0.5637
R82W,0.838
R82Y,0.0437
M83A,0.6455
M83C,0.396
M83D,0.3124
M83E,0.5707
M83F,0.7639
M83G,0.1617
M83H,0.3494
M83I,0.8542
M83K,0.3735
M83L,0.9874
M83N,0.1119
M83P,0.28
M83Q,0.3894
M83R,0.4028
M83S,0.8562
M83T,0.9792
M83V,0.8727
M83W,0.7294
M83Y,0.4022
A84C,0.9482
A84D,0.2033
A84E,0.327
A84F,0.6558
A84G,0.909
A84H,0.6576
A84I,0.5569
A84K,0.5961
A84L,0.8518
A84M,0.1376
A84N,0.7372
A84P,0.1642
A84Q,0.5593
A84R,0.7267
A84S,0.9026
A84T,0.9064
A84V,0.8918
A84W,0.2838
A84Y,0.5915
A85C,0.9543
A85D,0.5742
A85E,0.4199
A85F,0.8926
A85G,0.6196
A85H,0.6417
A85I,0.4455
A85K,0.5958
A85L,0.464
A85M,0.4924
A85N,0.1775
A85P,0.9587
A85Q,0.6324
A85R,0.4023
A85S,0.6515
A85T,0.8291
A85V,0.7032
A85W,0.7643
A85Y,0.5421
G86A,0.9492
G86C,0.7027
G86D,0.4942
G86E,0.4424
G86F,0.515
G86H,0.9638
G86I,0.3729
G86K,0.4682
G86L,0.5968
G86M,0.2249
G86N,0.0697
G86P,0.6706
G86Q,0.6428
G86R,0.3592
G86S,0.9581
G86T,0.4837
G86V,0.6941
G86W,0.5898
G86Y,0.0281
G87A,0.7426
G87C,0.4504
G87D,0.5935
G87E,0.5604
G87F,0.4293
G87H,0.6244
G87I,0.5667
G87K,0.1227
G87L,0.6076
G87M,0.1524
G87N,0.7057
G87P,0.6124
G87Q,0.5506
G87R,0.5820000000000001
G87S,0.6608
G87T,0.0822
G87V,0.5363
G87W,0.5226
G87Y,0.0886
P88A,0.6739
P88C,0.4739
P88D,0.9196
P88E,0.5472
P88F,0.6373
P88G,0.1024
P88H,0.1162
P88I,0.395
P88K,0.3682
P88L,0.377
P88M,0.0756
P88N,0.4462
P88Q,0.1298
P88R,0.5861
P88S,0.5895
P88T,0.1129
P88V,0.4002
P88W,0.6986
P88Y,0.3017
L89A,0.6746
L89C,0.2268
L89D,0.1341
L89E,0.2998
L89F,0.5255
L89G,0.1326
L89H,0.2877
L89I,0.4606
L89K,0.113
L89M,0.1256
L89N,0.431
L89P,0.3952
L89Q,0.5535
L89R,0.2127
L89S,0.0429
L89T,0.4123
L89V,0.4434
L89W,0.7332
L89Y,0.1573
Y90A,0.2673
Y90C,0.3657
Y90D,0.5554
Y90E,0.4208
Y90F,0.9909
Y90G,0.32
Y90H,0.4907
Y90I,0.2467
Y90K,0.4859
Y90L,0.4536
Y90M,0.0482
Y90N,0.2923
Y90P,0.4358
Y90Q,0.5908
Y90R,0.3111
Y90S,0.4044
Y90T,0.4325
Y90V,0.5236
Y90W,0.9097
I91A,0.6648
I91C,0.8992
I91D,0.3591
I91E,0.2273
I91F,0.608
I91G,0.2415
I91H,0.2963
I91K,0.1569
I91L,0.6546
I91M,0.7794
I91N,0.4904
I91P,0.0871
I91Q,0.2825
I91R,0.1925
I91S,0.4789
I91T,0.895
I91V,0.9669
I91W,0.4928
I91Y,0.4052
D92A,0.338
D92C,0.4695
D92E,0.1242
D92F,0.6125
D92G,0.5248
D92H,0.1944
D92I,0.4078
D92K,0.1334
D92L,0.7609999999999999
D92M,0.2163
D92N,0.9738
D92P,0.6121
D92Q,0.7054
D92R,0.2145
D92S,0.5822
D92T,0.4083
D92V,0.4056
D92W,0.4624
D92Y,0.2834
V93A,0.6709999999999999
V93C,0.7249
V93D,0.0258
V93E,0.0522
V93F,0.8814
V93G,0.4426
V93H,0.0246
V93I,0.6456
V93K,0.0342
V93L,0.8609
V93M,0.7997
V93N,0.326
V93P,0.2958
V93Q,0.188
V93R,0.2535
V93S,0.4084
V93T,0.8291
V93W,0.1797
V93Y,0.5678
T94A,0.5971
T94C,0.7162
T94D,0.6912
T94E,0.1863
T94F,0.028
T94G,0.1603
T94H,0.0976
T94I,0.7748
T94K,0.1389
T94L,0.67
T94M,0.1995
T94N,0.2121
T94P,0.4363
T94Q,0.2304
T94R,0.0505
T94S,0.2882
T94V,0.6203
T94W,0.7356
T94Y,0.1394
W95A,0.5447
W95C,0.9517
W95D,0.779
W95E,0.4523
W95F,0.5172
W95G,0.9852
W95H,0.4167
W95I,0.9101
W95K,0.7566
W95L,0.2862
W95M,0.9217
W95N,0.6686
W95P,0.7893
W95Q,0.7139
W95R,0.6278
W95S,0.5155
W95T,0.5996
W95V,0.679
W95Y,0.73
H96A,0.1023
H96C,0.49
H96D,0.7293
H96E,0.1207
H96F,0.6841
H96G,0.1216
H96I,0.0634
H96K,0.4743
H96L,0.3786
H96M,0.5101
H96N,0.8066
H96P,0.2764
H96Q,0.542
H96R,0.5683
H96S,0.6908
H96T,0.4136
H96V,0.4359
H96W,0.0775
H96Y,0.3731
P97A,0.8669
P97C,0.9814
P97D,0.7175
P97E,0.5477
P97F,0.5097
P97G,0.674
P97H,0.6452
P97I,0.6192
P97K,0.6626
P97L,0.8731
P97M,0.4656
P97N,0.6597
P97Q,0.4385
P97R,0.9273
P97S,0.9796
P97T,0.7964
P97V,0.7712
P97W,0.7782
P97Y,0.5328
A98C,0.3622
A98D,0.7501
A98E,0.7123
A98F,0.6827
A98G,0.8365
A98H,0.5238
A98I,0.563
A98K,0.6193
A98L,0.4893
A98M,0.6994
A98N,0.7070000000000001
A98P,0.6162
A98Q,0.507
A98R,0.8024
A98S,0.6637
A98T,0.8875
A98V,0.7886
A98W,0.8712
A98Y,0.3564
G99A,0.2038
G99C,0.4369
G99D,0.2289
G99E,0.735
G99F,0.3869
G99H,0.3422
G99I,0.518
G99K,0.4524
G99L,0.2486
G99M,0.7418
G99N,0.775
G99P,0.8207
G99Q,0.5444
G99R,0.3152
G99S,0.8495
G99T,0.7048
G99V,0.6045
G99W,0.2556
G99Y,0.0664
D100A,0.1211
D100C,0.7984
D100E,0.9729
D100F,0.6082
D100G,0.9812
D100H,0.6321
D100I,0.4281
D100K,0.7066
D100L,0.8149
D100M,0.243
D100N,0.9469
D100P,0.8761
D100Q,0.4364
D100R,0.8272
D100S,0.6047
D100T,0.6789
D100V,0.8495
D100W,0.7816
D100Y,0.6243
P101A,0.9785
P101C,0.7891
P101D,0.6317
P101E,0.8129
P101F,0.8101
P101G,0.8598
P101H,0.7482
P101I,0.9518
P101K,0.9263
P101L,0.847
P101M,0.5702
P101N,0.8219
P101Q,0.4673
P101R,0.8044
P101S,0.9371
P101T,0.6138
P101V,0.8067
P101W,0.3786
P101Y,0.7883
G102A,0.6282
G102C,0.987
G102D,0.8701
G102E,0.4907
G102F,0.8052
G102H,0.6756
G102I,0.7703
G102K,0.7458
G102L,0.6923
G102M,0.9195
G102N,0.9259
G102P,0.679
G102Q,0.6178
G102R,0.9062
G102S,0.9285
G102T,0.7347
G102V,0.675
G102W,0.4935
G102Y,0.7512
S103A,0.7649
S103C,0.746
S103D,0.8555
S103E,0.6555
S103F,0.7193
S103G,0.4251
S103H,0.6559
S103I,0.7756
S103K,0.8605
S103L,0.9709
S103M,0.9528
S103N,0.8764
S103P,0.404
S103Q,0.7439
S103R,0.8083
S103T,0.8918
S103V,0.5536
S103W,0.4647
S103Y,0.9298
D104A,0.7723
D104C,0.8721
D104E,0.6347
D104F,0.5812
D104G,0.8891
D104H,0.8696
D104I,0.7943
D104K,0.2909
D104L,0.8027
D104M,0.7354
D104N,0.9137
D104P,0.8828
D104Q,0.6414
D104R,0.7781
D104S,0.8822
D104T,0.767
D104V,0.9045
D104W,0.5933
D104Y,0.9582
K105A,0.7394
K105C,0.8933
K105D,0.5153
K105E,0.9209
K105F,0.9585
K105G,0.91
K105H,0.8973
K105I,0.4133
K105L,0.9601
K105M,0.7935
K105N,0.9246
K105P,0.6959
K105Q,0.5561
K105R,0.9024
K105S,0.6427
K105T,0.7389
K105V,0.8581
K105W,0.973
K105Y,0.9346
E106A,0.7908
E106C,0.8163
E106D,0.9606
E106F,0.9513
E106G,0.9744
E106H,0.6471
E106I,0.3931
E106K,0.9087
E106L,0.7088
E106M,0.4671
E106N,0.6261
E106P,0.1357
E106Q,0.6205
E106R,0.4263
E106S,0.9117
E106T,0.7726
E106V,0.8675
E106W,0.9308
E106Y,0.6069
T107A,0.6084
T107C,0.8303
T107D,0.8854
T107E,0.7118
T107F,0.6517
T107G,0.8312
T107H,0.3322
T107I,0.8291
T107K,0.6706
T107L,0.6496
T107M,0.7284
T107N,0.9192
T107P,0.2947
T107Q,0.614
T107R,0.823
T107S,0.6984
T107V,0.5735
T107W,0.2383
T107Y,0.9375
S108A,0.7352
S108C,0.496
S108D,0.3503
S108E,0.5498
S108F,0.4161
S108G,0.8826
S108H,0.7461
S108I,0.0474
S108K,0.6321
S108L,0.3147
S108M,0.647
S108N,0.3514
S108P,0.5802
S108Q,0.4182
S108R,0.1407
S108T,0.3983
S108V,0.441
S108W,0.551
S108Y,0.042
S109A,0.5002
S109C,0.5825
S109D,0.2304
S109E,0.9489
S109F,0.0912
S109G,0.9403
S109H,0.032
S109I,0.2428
S109K,0.0445
S109L,0.659
S109M,0.4675
S109N,0.7265
S109P,0.5826
S109Q,0.0461
S109R,0.0449
S109T,0.979
S109V,0.5573
S109W,0.0256
S109Y,0.2035
M110A,0.7063
M110C,0.5476
M110D,0.4752
M110E,0.67
M110F,0.7359
M110G,0.6825
M110H,0.4158
M110I,0.9571
M110K,0.9602
M110L,0.9926
M110N,0.1806
M110P,0.4501
M110Q,0.2477
M110R,0.4092
M110S,0.9085
M110T,0.669
M110V,0.6288
M110W,0.3522
M110Y,0.4912
M111A,0.9228
M111C,0.7788
M111D,0.8029999999999999
M111E,0.7603
M111F,0.617
M111G,0.9488
M111H,0.7863
M111I,0.8051
M111K,0.8987
M111L,0.8194
M111N,0.9237
M111P,0.8077
M111Q,0.8214
M111R,0.8811
M111S,0.7698
M111T,0.7808
M111V,0.8826
M111W,0.7264
M111Y,0.7976
I112A,0.9247
I112C,0.5995
I112D,0.32
I112E,0.3865
I112F,0.9466
I112G,0.2814
I112H,0.3133
I112K,0.1741
I112L,0.5333
I112M,0.8478
I112N,0.5714
I112P,0.3073
I112Q,0.1987
I112R,0.7532
I112S,0.9593
I112T,0.7489
I112V,0.7292
I112W,0.9285
I112Y,0.4664
A113C,0.7739
A113D,0.5217
A113E,0.0793
A113F,0.1589
A113G,0.9471
A113H,0.0746
A113I,0.3697
A113K,0.2274
A113L,0.0964
A113M,0.0716
A113N,0.3632
A113P,0.9289
A113Q,0.2971
A113R,0.0974
A113S,0.5074
A113T,0.6494
A113V,0.5068
A113W,0.0648
A113Y,0.6666
S114A,0.6569
S114C,0.7886
S114D,0.9385
S114E,0.8175
S114F,0.36
S114G,0.9409
S114H,0.8909999999999999
S114I,0.0202
S114K,0.0519
S114L,0.2918
S114M,0.0589
S114N,0.8831
S114P,0.1531
S114Q,0.3742
S114R,0.9526
S114T,0.5018
S114V,0.0251
S114W,0.3008
S114Y,0.1814
T115A,0.7155
T115C,0.8506
T115D,0.6583
T115E,0.7717
T115F,0.4448
T115G,0.5602
T115H,0.3172
T115I,0.5424
T115K,0.3396
T115L,0.8023
T115M,0.2161
T115N,0.5196
T115P,0.5133
T115Q,0.5071
T115R,0.9846
T115S,0.7864
T115V,0.1935
T115W,0.285
T115Y,0.2089
A116C,0.8713
A116D,0.2236
A116E,0.8796
A116F,0.6844
A116G,0.6953
A116H,0.7414
A116I,0.2375
A116K,0.4688
A116L,0.3847
A116M,0.2268
A116N,0.1887
A116P,0.2578
A116Q,0.262
A116R,0.3337
A116S,0.4136
A116T,0.8443
A116V,0.7168
A116W,0.3609
A116Y,0.5644
V117A,0.9205
V117C,0.8095
V117D,0.4876
V117E,0.7343
V117F,0.7054
V117G,0.8107
V117H,0.8731
V117I,0.9796
V117K,0.319
V117L,0.954
V117M,0.8933
V117N,0.7132
V117P,0.7389
V117Q,0.5399
V117R,0.7837
V117S,0.9591
V117T,0.9643
V117W,0.7156
V117Y,0.9662
N118A,0.5141
N118C,0.4359
N118D,0.8484
N118E,0.4376
N118F,0.1686
N118G,0.4853
N118H,0.4989
N118I,0.4752
N118K,0.9894
N118L,0.3703
N118M,0.6136
N118P,0.599
N118Q,0.8005
N118R,0.4842
N118S,0.7651
N118T,0.7354
N118V,0.4504
N118W,0.5444
N118Y,0.3732
Y119A,0.9715
Y119C,0.7948
Y119D,0.3678
Y119E,0.7591
Y119F,0.7207
Y119G,0.8238
Y119H,0.8078
Y119I,0.8367
Y119K,0.5476
Y119L,0.667
Y119M,0.9743
Y119N,0.932
Y119P,0.902
Y119Q,0.9867
Y119R,0.941
Y119S,0.9575
Y119T,0.8749
Y119V,0.9045
Y119W,0.6702
C120A,0.9459
C120D,0.1037
C120E,0.6074
C120F,0.8524
C120G,0.866
C120H,0.9531
C120I,0.8370000000000001
C120K,0.3228
C120L,0.7849
C120M,0.5933
C120N,0.7026
C120P,0.9791
C120Q,0.9033
C120R,0.6195
C120S,0.9334
C120T,0.8556
C120V,0.7311
C120W,0.2613
C120Y,0.9157
G121A,0.7447
G121C,0.6645
G121D,0.7399
G121E,0.8442
G121F,0.4866
G121H,0.7697
G121I,0.6063
G121K,0.5753
G121L,0.2767
G121M,0.3781
G121N,0.5589
G121P,0.5655
G121Q,0.6932
G121R,0.6263
G121S,0.86
G121T,0.1803
G121V,0.3616
G121W,0.5845
G121Y,0.6744
L122A,0.9311
L122C,0.6929
L122D,0.0616
L122E,0.1372
L122F,0.9503
L122G,0.4677
L122H,0.8766
L122I,0.7929999999999999
L122K,0.1642
L122M,0.7487
L122N,0.1042
L122P,0.9048
L122Q,0.866
L122R,0.8525
L122S,0.6442
L122T,0.7985
L122V,0.7102
L122W,0.6626
L122Y,0.5612
E123A,0.4386
E123C,0.2234
E123D,0.7867
E123F,0.3905
E123G,0.7469
E123H,0.7041
E123I,0.187
E123K,0.0617
E123L,0.4245
E123M,0.3196
E123N,0.901
E123P,0.6927
E123Q,0.7258
E123R,0.5491
E123S,0.3804
E123T,0.7049
E123V,0.3639
E123W,0.1882
E123Y,0.4283
T124A,0.9521
T124C,0.3875
T124D,0.0882
T124E,0.0875
T124F,0.8540000000000001
T124G,0.7427
T124H,0.2584
T124I,0.3154
T124K,0.0911
T124L,0.5365
T124M,0.6195
T124N,0.3024
T124P,0.8348
T124Q,0.1325
T124R,0.3297
T124S,0.8343
T124V,0.7458
T124W,0.0294
T124Y,0.9325
I125A,0.9494
I125C,0.9077
I125D,0.5332
I125E,0.5771
I125F,0.8391
I125G,0.3639
I125H,0.6578
I125K,0.0482
I125L,0.7522
I125M,0.884
I125N,0.5343
I125P,0.4508
I125Q,0.8195
I125R,0.504
I125S,0.7432
I125T,0.728
I125V,0.8155
I125W,0.1659
I125Y,0.5432
L126A,0.6604
L126C,0.4793
L126D,0.3549
L126E,0.0475
L126F,0.7979
L126G,0.5086
L126H,0.3327
L126I,0.7997
L126K,0.451
L126M,0.8616
L126N,0.0642
L126P,0.2211
L126Q,0.4287
L126R,0.5798
L126S,0.6728
L126T,0.9408
L126V,0.9216
L126W,0.6036
L126Y,0.4557
H127A,0.0873
H127C,0.6261
H127D,0.2403
H127E,0.0851
H127F,0.0685
H127G,0.0723
H127I,0.3848
H127K,0.3983
H127L,0.1192
H127M,0.2896
H127N,0.4522
H127P,0.9786
H127Q,0.2803
H127R,0.1732
H127S,0.5264
H127T,0.4804
H127V,0.0681
H127W,0.3125
H127Y,0.5114
M128A,0.3164
M128C,0.2608
M128D,0.2497
M128E,0.0972
M128F,0.6192
M128G,0.1631
M128H,0.2395
M128I,0.6227
M128K,0.1255
M128L,0.8887
M128N,0.261
M128P,0.2995
M128Q,0.3487
M128R,0.1617
M128S,0.0192
M128T,0.5159
M128V,0.8022
M128W,0.8499
M128Y,0.264
T129A,0.994
T129C,0.4515
T129D,0.1775
T129E,0.6231
T129F,0.4803
T129G,0.9247
T129H,0.8066
T129I,0.7085
T129K,0.2896
T129L,0.3246
T129M,0.3983
T129N,0.6176
T129P,0.6512
T129Q,0.2403
T129R,0.5825
T129S,0.6704
T129V,0.5949
T129W,0.0641
T129Y,0.0239
C130A,0.7537
C130D,0.1208
C130E,0.2252
C130F,0.4806
C130G,0.7563
C130H,0.3003
C130I,0.642
C130K,0.1419
C130L,0.6979
C130M,0.444
C130N,0.3522
C130P,0.5859
C130Q,0.9771
C130R,0.1583
C130S,0.9464
C130T,0.8356
C130V,0.8154
C130W,0.8499
C130Y,0.753
C131A,0.7538
C131D,0.1136
C131E,0.0725
C131F,0.5945
C131G,0.8942
C131H,0.7047
C131I,0.7477
C131K,0.7157
C131L,0.3727
C131M,0.6751
C131N,0.8793
C131P,0.8292
C131Q,0.8135
C131R,0.936
C131S,0.9459
C131T,0.5945
C131V,0.6302
C131W,0.9176
C131Y,0.8703
R132A,0.8921
R132C,0.6415
R132D,0.4472
R132E,0.89
R132F,0.6048
R132G,0.8964
R132H,0.9221
R132I,0.3975
R132K,0.5760000000000001
R132L,0.4134
R132M,0.8845
R132N,0.8356
R132P,0.7406
R132Q,0.596
R132S,0.8922
R132T,0.6272
R132V,0.5037
R132W,0.4152
R132Y,0.0805
Q133A,0.8548
Q133C,0.6611
Q133D,0.7087
Q133E,0.8722
Q133F,0.6323
Q133G,0.7853
Q133H,0.7412
Q133I,0.8093
Q133K,0.8473
Q133L,0.4834
Q133M,0.9603
Q133N,0.8255
Q133P,0.9056
Q133R,0.9726
Q133S,0.954
Q133T,0.8759999999999999
Q133V,0.5097
Q133W,0.8733
Q133Y,0.6629
R134A,0.7152
R134C,0.6416
R134D,0.6661
R134E,0.3299
R134F,0.4939
R134G,0.5509
R134H,0.7176
R134I,0.356
R134K,0.523
R134L,0.401
R134M,0.0588
R134N,0.7189
R134P,0.9507
R134Q,0.2955
R134S,0.7511
R134T,0.6121
R134V,0.1198
R134W,0.6444
R134Y,0.767
L135A,0.6345
L135C,0.7392
L135D,0.8705
L135E,0.3418
L135F,0.9681
L135G,0.7772
L135H,0.7152
L135I,0.594
L135K,0.355
L135M,0.7739
L135N,0.6099
L135P,0.7826
L135Q,0.8876
L135R,0.9867
L135S,0.8458
L135T,0.9264
L135V,0.9302
L135W,0.8452
L135Y,0.7481
E136A,0.8871
E136C,0.7332
E136D,0.7841
E136F,0.3789
E136G,0.9902
E136H,0.168
E136I,0.2687
E136K,0.9012
E136L,0.9176
E136M,0.7065
E136N,0.1199
E136P,0.711
E136Q,0.4617
E136R,0.0849
E136S,0.6321
E136T,0.1833
E136V,0.7428
E136W,0.6658
E136Y,0.5093
E137A,0.8053
E137C,0.7390000000000001
E137D,0.9778
E137F,0.7054
E137G,0.7120000000000001
E137H,0.8151
E137I,0.7851
E137K,0.9205
E137L,0.3341
E137M,0.4121
E137N,0.75
E137P,0.616
E137Q,0.3867
E137R,0.6162
E137S,0.9216
E137T,0.8772
E137V,0.9204
E137W,0.8724
E137Y,0.5723
I138A,0.4601
I138C,0.4439
I138D,0.4167
I138E,0.2572
I138F,0.6395
I138G,0.4679
I138H,0.3174
I138K,0.1266
I138L,0.8203
I138M,0.6698
I138N,0.6468
I138P,0.5938
I138Q,0.8494
I138R,0.3907
I138S,0.4839
I138T,0.9616
I138V,0.957
I138W,0.634
I138Y,0.5781
T139A,0.6324
T139C,0.493
T139D,0.9504
T139E,0.6356
T139F,0.3083
T139G,0.8111
T139H,0.3935
T139I,0.6092
T139K,0.519
T139L,0.6286
T139M,0.9256
T139N,0.6945
T139P,0.8027
T139Q,0.2216
T139R,0.4966
T139S,0.9061
T139V,0.8914
T139W,0.4666
T139Y,0.664
G140A,0.8055
G140C,0.8218
G140D,0.9382
G140E,0.8053
G140F,0.8449
G140H,0.9905
G140I,0.8783
G140K,0.6787
G140L,0.825
G140M,0.7578
G140N,0.9522
G140P,0.7629
G140Q,0.9038
G140R,0.8647
G140S,0.7546
G140T,0.8632
G140V,0.8897
G140W,0.7811
G140Y,0.7088
H141A,0.9053
H141C,0.5882
H141D,0.9099
H141E,0.7281
H141F,0.8059999999999999
H141G,0.5168
H141I,0.7681
H141K,0.8222
H141L,0.9019
H141M,0.6384
H141N,0.7874
H141P,0.3467
H141Q,0.9304
H141R,0.9125
H141S,0.746
H141T,0.684
H141V,0.9428
H141W,0.9778
H141Y,0.9088
L142A,0.3805
L142C,0.346
L142D,0.6181
L142E,0.1406
L142F,0.302
L142G,0.6255
L142H,0.1267
L142I,0.4741
L142K,0.9186
L142M,0.4859
L142N,0.5064
L142P,0.3964
L142Q,0.3523
L142R,0.0324
L142S,0.0318
L142T,0.2828
L142V,0.388
L142W,0.5938
L142Y,0.357
H143A,0.8111
H143C,0.9177
H143D,0.9572
H143E,0.5819
H143F,0.581
H143G,0.4076
H143I,0.8199
H143K,0.4669
H143L,0.6478
H143M,0.2426
H143N,0.8761
H143P,0.3944
H143Q,0.7473
H143R,0.7288
H143S,0.8157
H143T,0.5389
H143V,0.8215
H143W,0.4066
H143Y,0.9747
K144A,0.8433
K144C,0.652
K144D,0.7691
K144E,0.5018
K144F,0.6914
K144G,0.5406
K144H,0.922
K144I,0.8679
K144L,0.8628
K144M,0.939
K144N,0.8715
K144P,0.5111
K144Q,0.3693
K144R,0.8982
K144S,0.8193
K144T,0.9346
K144V,0.7191
K144W,0.9856
K144Y,0.7085
A145C,0.7356
A145D,0.1734
A145E,0.1176
A145F,0.2768
A145G,0.9329
A145H,0.5558
A145I,0.3133
A145K,0.4782
A145L,0.7893
A145M,0.8888
A145N,0.2928
A145P,0.2654
A145Q,0.5757
A145R,0.3078
A145S,0.0448
A145T,0.1083
A145V,0.6129
A145W,0.058
A145Y,0.4228
K146A,0.1766
K146C,0.5086
K146D,0.3955
K146E,0.3535
K146F,0.4013
K146G,0.6766
K146H,0.4617
K146I,0.1938
K146L,0.3519
K146M,0.3256
K146N,0.0357
K146P,0.8587
K146Q,0.7674
K146R,0.369
K146S,0.8815
K146T,0.3953
K146V,0.7161
K146W,0.0606
K146Y,0.1809
Q147A,0.3826
Q147C,0.9429
Q147D,0.6022
Q147E,0.8595
Q147F,0.2807
Q147G,0.7743
Q147H,0.6044
Q147I,0.6519
Q147K,0.6375
Q147L,0.4023
Q147M,0.6391
Q147N,0.4138
Q147P,0.3315
Q147R,0.7213
Q147S,0.8987
Q147T,0.8121
Q147V,0.7939
Q147W,0.6483
Q147Y,0.8802
L148A,0.6849
L148C,0.8374
L148D,0.3005
L148E,0.7337
L148F,0.5539
L148G,0.7597
L148H,0.9477
L148I,0.4305
L148K,0.624
L148M,0.9113
L148N,0.5085
L148P,0.7865
L148Q,0.8345
L148R,0.8673
L148S,0.6804
L148T,0.9722
L148V,0.603
L148W,0.7332
L148Y,0.9329
G149A,0.1493
G149C,0.0949
G149D,0.254
G149E,0.3338
G149F,0.1032
G149H,0.3031
G149I,0.134
G149K,0.2753
G149L,0.0268
G149M,0.1255
G149N,0.3026
G149P,0.0833
G149Q,0.1412
G149R,0.3559
G149S,0.0475
G149T,0.2753
G149V,0.2236
G149W,0.111
G149Y,0.2103
L150A,0.6642
L150C,0.5365
L150D,0.1204
L150E,0.1526
L150F,0.2926
L150G,0.3893
L150H,0.1977
L150I,0.7068
L150K,0.2865
L150M,0.8819
L150N,0.0775
L150P,0.1499
L150Q,0.621
L150R,0.0274
L150S,0.259
L150T,0.5641
L150V,0.8418
L150W,0.1144
L150Y,0.2206
K151A,0.2597
K151C,0.9467
K151D,0.0901
K151E,0.6581
K151F,0.2184
K151G,0.4468
K151H,0.5676
K151I,0.218
K151L,0.1976
K151M,0.4802
K151N,0.8939
K151P,0.2942
K151Q,0.8166
K151R,0.9487
K151S,0.9666
K151T,0.6517
K151V,0.4016
K151W,0.2242
K151Y,0.4776
N152A,0.6033
N152C,0.165
N152D,0.5103
N152E,0.4509
N152F,0.0877
N152G,0.4354
N152H,0.4666
N152I,0.3627
N152K,0.1051
N152L,0.0771
N152M,0.343
N152P,0.0731
N152Q,0.1593
N152R,0.5799
N152S,0.5205
N152T,0.2457
N152V,0.0835
N152W,0.272
N152Y,0.3616
I153A,0.2298
I153C,0.2929
I153D,0.2008
I153E,0.135
I153F,0.1728
I153G,0.2477
I153H,0.1739
I153K,0.1764
I153L,0.0884
I153M,0.2249
I153N,0.4469
I153P,0.1363
I153Q,0.1739
I153R,0.1703
I153S,0.1075
I153T,0.2983
I153V,0.415
I153W,0.0559
I153Y,0.2359
M154A,0.332
M154C,0.3021
M154D,0.2571
M154E,0.1419
M154F,0.8447
M154G,0.2707
M154H,0.3924
M154I,0.0752
M154K,0.3955
M154L,0.8984
M154N,0.2854
M154P,0.1511
M154Q,0.1832
M154R,0.0437
M154S,0.3908
M154T,0.5208
M154V,0.3624
M154W,0.143
M154Y,0.3268
A155C,0.9248
A155D,0.4441
A155E,0.0197
A155F,0.0465
A155G,0.5302
A155H,0.1013
A155I,0.1654
A155K,0.0832
A155L,0.2478
A155M,0.1069
A155N,0.4173
A155P,0.9156
A155Q,0.1253
A155R,0.2513
A155S,0.7949
A155T,0.7118
A155V,0.9187
A155W,0.0256
A155Y,0.1983
L156A,0.3754
L156C,0.3905
L156D,0.2328
L156E,0.2312
L156F,0.2801
L156G,0.146
L156H,0.3222
L156I,0.6789
L156K,0.1931
L156M,0.9633
L156N,0.675
L156P,0.1956
L156Q,0.2302
L156R,0.1701
L156S,0.6132
L156T,0.3589
L156V,0.9906
L156W,0.132
L156Y,0.0523
R157A,0.6729999999999999
R157C,0.7921
R157D,0.2124
R157E,0.6709999999999999
R157F,0.5899
R157G,0.8559
R157H,0.785
R157I,0.1186
R157K,0.7317
R157L,0.6595
R157M,0.7754
R157N,0.4071
R157P,0.2186
R157Q,0.9183
R157S,0.9345
R157T,0.8875
R157V,0.02
R157W,0.7048
R157Y,0.9054
G158A,0.2263
G158C,0.0206
G158D,0.0686
G158E,0.0398
G158F,0.0271
G158H,0.0647
G158I,0.0284
G158K,0.0739
G158L,0.1129
G158M,0.11
G158N,0.1859
G158P,0.0611
G158Q,0.0857
G158R,0.0289
G158S,0.0198
G158T,0.057
G158V,0.0366
G158W,0.1263
G158Y,0.0627
D159A,0.4708
D159C,0.0625
D159E,0.3912
D159F,0.0506
D159G,0.039
D159H,0.7041
D159I,0.0754
D159K,0.1142
D159L,0.0209
D159M,0.2265
D159N,0.0268
D159P,0.2848
D159Q,0.2096
D159R,0.2163
D159S,0.0576
D159T,0.2564
D159V,0.3032
D159W,0.3935
D159Y,0.0259
P160A,0.7913
P160C,0.665
P160D,0.8368
P160E,0.7718
P160F,0.8682
P160G,0.8907
P160H,0.6888
P160I,0.6977
P160K,0.8337
P160L,0.9808
P160M,0.9756
P160N,0.8368
P160Q,0.9224
P160R,0.3615
P160S,0.8944
P160T,0.9747
P160V,0.62
P160W,0.8425
P160Y,0.8644
I161A,0.9539
I161C,0.8794
I161D,0.7773
I161E,0.7078
I161F,0.8098
I161G,0.9424
I161H,0.7512
I161K,0.7108
I161L,0.8474
I161M,0.7705
I161N,0.7936
I161P,0.6568
I161Q,0.6495
I161R,0.7463
I161S,0.8655
I161T,0.8205
I161V,0.9581
I161W,0.757
I161Y,0.6556
G162A,0.6612
G162C,0.9437
G162D,0.8879
G162E,0.7475
G162F,0.7457
G162H,0.7271
G162I,0.9452
G162K,0.73
G162L,0.9077
G162M,0.8437
G162N,0.7673
G162P,0.6474
G162Q,0.6934
G162R,0.7165
G162S,0.855
G162T,0.8336
G162V,0.9194
G162W,0.8107
G162Y,0.6554
D163A,0.8664
D163C,0.8898
D163E,0.8291
D163F,0.921
D163G,0.9374
D163H,0.7239
D163I,0.9218
D163K,0.905
D163L,0.9381
D163M,0.7581
D163N,0.8268
D163P,0.9119
D163Q,0.6126
D163R,0.9062
D163S,0.8621
D163T,0.7527
D163V,0.6448
D163W,0.9756
D163Y,0.8696
Q164A,0.8903
Q164C,0.9106
Q164D,0.7376
Q164E,0.8669
Q164F,0.9476
Q164G,0.9752
Q164H,0.7808
Q164I,0.9543
Q164K,0.9396
Q164L,0.9501
Q164M,0.953
Q164N,0.8365
Q164P,0.8185
Q164R,0.8228
Q164S,0.9571
Q164T,0.7929999999999999
Q164V,0.9373
Q164W,0.9611
Q164Y,0.8646
W165A,0.917
W165C,0.9389
W165D,0.8001
W165E,0.9328
W165F,0.9525
W165G,0.7653
W165H,0.972
W165I,0.8368
W165K,0.7009
W165L,0.8233
W165M,0.6423
W165N,0.3373
W165P,0.8784
W165Q,0.6618
W165R,0.6619
W165S,0.8868
W165T,0.974
W165V,0.7447
W165Y,0.895
E166A,0.7649
E166C,0.8364
E166D,0.8225
E166F,0.9466
E166G,0.7794
E166H,0.754
E166I,0.9653
E166K,0.8922
E166L,0.8667
E166M,0.8772
E166N,0.8811
E166P,0.9255
E166Q,0.9822
E166R,0.7733
E166S,0.7787
E166T,0.8851
E166V,0.938
E166W,0.9185
E166Y,0.8799
E167A,0.9704
E167C,0.888
E167D,0.9929
E167F,0.9816
E167G,0.8581
E167H,0.7976
E167I,0.9527
E167K,0.9169
E167L,0.957
E167M,0.8451
E167N,0.9192
E167P,0.9575
E167Q,0.7393
E167R,0.8946
E167S,0.7435
E167T,0.7456
E167V,0.8296
E167W,0.9615
E167Y,0.8117
E168A,0.7359
E168C,0.8168
E168D,0.8052
E168F,0.9875
E168G,0.7046
E168H,0.8396
E168I,0.8691
E168K,0.8459
E168L,0.8638
E168M,0.7629
E168N,0.6888
E168P,0.9418
E168Q,0.746
E168R,0.9241
E168S,0.6537
E168T,0.8645
E168V,0.9494
E168W,0.9496
E168Y,0.8509
E169A,0.97
E169C,0.862
E169D,0.9331
E169F,0.9835
E169G,0.9523
E169H,0.9668
E169I,0.9765
E169K,0.8703
E169L,0.9463
E169M,0.8905
E169N,0.7504
E169P,0.8684
E169Q,0.6316
E169R,0.6605
E169S,0.8715
E169T,0.8195
E169V,0.9331
E169W,0.8191
E169Y,0.9255
G170A,0.7885
G170C,0.9429
G170D,0.9727
G170E,0.9486
G170F,0.9633
G170H,0.7288
G170I,0.8602
G170K,0.8079
G170L,0.8669
G170M,0.9785
G170N,0.922
G170P,0.9504
G170Q,0.8939
G170R,0.9605
G170S,0.9258
G170T,0.8967
G170V,0.9634
G170W,0.8272
G170Y,0.9116
G171A,0.9159
G171C,0.8184
G171D,0.8681
G171E,0.8562
G171F,0.9106
G171H,0.7183
G171I,0.942
G171K,0.7238
G171L,0.8037
G171M,0.8541
G171N,0.9335
G171P,0.7918
G171Q,0.7026
G171R,0.9244
G171S,0.8831
G171T,0.8303
G171V,0.8582
G171W,0.6521
G171Y,0.8433
F172A,0.7634
F172C,0.6729999999999999
F172D,0.7321
F172E,0.8225
F172G,0.6986
F172H,0.8265
F172I,0.8786
F172K,0.6985
F172L,0.6193
F172M,0.8676
F172N,0.7241
F172P,0.6659999999999999
F172Q,0.7716
F172R,0.7342
F172S,0.7152
F172T,0.9131
F172V,0.8066
F172W,0.9682
F172Y,0.8583
N173A,0.9399
N173C,0.9498
N173D,0.6778
N173E,0.9552
N173F,0.74
N173G,0.7824
N173H,0.9239
N173I,0.8393
N173K,0.9793
N173L,0.8488
N173M,0.8724
N173P,0.9454
N173Q,0.7196
N173R,0.868
N173S,0.81
N173T,0.9367
N173V,0.8233
N173W,0.6834
N173Y,0.7633
Y174A,0.7675
Y174C,0.7739
Y174D,0.652
Y174E,0.8594
Y174F,0.8441
Y174G,0.7529
Y174H,0.7317
Y174I,0.8005
Y174K,0.5487
Y174L,0.8822
Y174M,0.7777
Y174N,0.7258
Y174P,0.4368
Y174Q,0.8263
Y174R,0.9583
Y174S,0.7602
Y174T,0.7762
Y174V,0.9562
Y174W,0.8536
A175C,0.7887
A175D,0.0617
A175E,0.232
A175F,0.0158
A175G,0.8031
A175H,0.2089
A175I,0.209
A175K,0.229
A175L,0.0304
A175M,0.1998
A175N,0.0626
A175P,0.0283
A175Q,0.2805
A175R,0.0287
A175S,0.8417
A175T,0.9001
A175V,0.3788
A175W,0.064
A175Y,0.0326
V176A,0.6768
V176C,0.6594
V176D,0.7427
V176E,0.7171
V176F,0.8995
V176G,0.7727
V176H,0.8784
V176I,0.4633
V176K,0.871
V176L,0.7414
V176M,0.674
V176N,0.746
V176P,0.7125
V176Q,0.7319
V176R,0.7122
V176S,0.8136
V176T,0.853
V176W,0.7909
V176Y,0.4592
D177A,0.7049
D177C,0.5257
D177E,0.9602
D177F,0.1493
D177G,0.7606
D177H,0.1665
D177I,0.624
D177K,0.9307
D177L,0.0966
D177M,0.0863
D177N,0.853
D177P,0.279
D177Q,0.5443
D177R,0.1413
D177S,0.8948
D177T,0.3379
D177V,0.3519
D177W,0.1501
D177Y,0.3694
L178A,0.7181
L178C,0.3751
L178D,0.1703
L178E,0.5342
L178F,0.8315
L178G,0.1236
L178H,0.2035
L178I,0.2826
L178K,0.3304
L178M,0.856
L178N,0.1994
L178P,0.1848
L178Q,0.8021
L178R,0.0393
L178S,0.1162
L178T,0.2601
L178V,0.8719
L178W,0.7974
L178Y,0.6523
V179A,0.5710000000000001
V179C,0.609
V179D,0.8173
V179E,0.5369
V179F,0.0232
V179G,0.0904
V179H,0.0932
V179I,0.6836
V179K,0.1551
V179L,0.7288
V179M,0.4975
V179N,0.3491
V179P,0.19
V179Q,0.3059
V179R,0.1577
V179S,0.0851
V179T,0.3886
V179W,0.0979
V179Y,0.0432
K180A,0.7432
K180C,0.294
K180D,0.8839
K180E,0.3875
K180F,0.0173
K180G,0.7982
K180H,0.8286
K180I,0.0179
K180L,0.0203
K180M,0.3684
K180N,0.8105
K180P,0.2366
K180Q,0.8268
K180R,0.8131
K180S,0.922
K180T,0.3056
K180V,0.0832
K180W,0.1021
K180Y,0.5567
H181A,0.7190000000000001
H181C,0.9816
H181D,0.1264
H181E,0.8798
H181F,0.9546
H181G,0.5956
H181I,0.9589
H181K,0.6848
H181L,0.8592
H181M,0.7244
H181N,0.7465
H181P,0.2551
H181Q,0.8636
H181R,0.8903
H181S,0.9818
H181T,0.7308
H181V,0.8346
H181W,0.753
H181Y,0.9097
I182A,0.8357
I182C,0.9656
I182D,0.3921
I182E,0.2604
I182F,0.3852
I182G,0.0592
I182H,0.2293
I182K,0.184
I182L,0.5913
I182M,0.7953
I182N,0.2679
I182P,0.027
I182Q,0.0746
I182R,0.0177
I182S,0.095
I182T,0.6818
I182V,0.9749
I182W,0.0251
I182Y,0.4391
R183A,0.4524
R183C,0.0329
R183D,0.1734
R183E,0.3752
R183F,0.02
R183G,0.0229
R183H,0.8983
R183I,0.0634
R183K,0.9719
R183L,0.0115
R183M,0.1846
R183N,0.2607
R183P,0.0597
R183Q,0.4404
R183S,0.35
R183T,0.1687
R183V,0.1924
R183W,0.0342
R183Y,0.0526
S184A,0.7902
S184C,0.748
S184D,0.5349
S184E,0.7716
S184F,0.6455
S184G,0.7962
S184H,0.7948
S184I,0.4036
S184K,0.6561
S184L,0.6537
S184M,0.8061
S184N,0.9566
S184P,0.2797
S184Q,0.706
S184R,0.9064
S184T,0.7027
S184V,0.6994
S184W,0.8049
S184Y,0.9775
E185A,0.5436
E185C,0.7498
E185D,0.2514
E185F,0.2348
E185G,0.6165
E185H,0.6449
E185I,0.9493
E185K,0.4824
E185L,0.5820000000000001
E185M,0.5908
E185N,0.6839
E185P,0.1776
E185Q,0.6455
E185R,0.5919
E185S,0.604
E185T,0.9212
E185V,0.8258
E185W,0.1042
E185Y,0.3999
F186A,0.2935
F186C,0.3362
F186D,0.1102
F186E,0.3147
F186G,0.0574
F186H,0.3231
F186I,0.3133
F186K,0.3385
F186L,0.2278
F186M,0.4035
F186N,0.0973
F186P,0.1831
F186Q,0.2975
F186R,0.0221
F186S,0.2662
F186T,0.8036
F186V,0.1139
F186W,0.6879
F186Y,0.9272
G187A,0.9143
G187C,0.412
G187D,0.7796
G187E,0.5607
G187F,0.023
G187H,0.4951
G187I,0.1554
G187K,0.4555
G187L,0.0685
G187M,0.2878
G187N,0.9144
G187P,0.2005
G187Q,0.736
G187R,0.3293
G187S,0.4215
G187T,0.473
G187V,0.2667
G187W,0.2642
G187Y,0.0222
D188A,0.4085
D188C,0.4157
D188E,0.8623
D188F,0.208
D188G,0.5964
D188H,0.3542
D188I,0.1292
D188K,0.2768
D188L,0.5766
D188M,0.335
D188N,0.7552
D188P,0.29
D188Q,0.8288
D188R,0.0772
D188S,0.894
D188T,0.3637
D188V,0.0482
D188W,0.669
D188Y,0.2627
Y189A,0.917
Y189C,0.5419
Y189D,0.265
Y189E,0.8682
Y189F,0.8753
Y189G,0.6587
Y189H,0.9494
Y189I,0.0511
Y189K,0.3241
Y189L,0.5244
Y189M,0.6999
Y189N,0.6402
Y189P,0.216
Y189Q,0.8785
Y189R,0.3583
Y189S,0.8917
Y189T,0.7621
Y189V,0.5531
Y189W,0.9475
F190A,0.0203
F190C,0.046
F190D,0.1186
F190E,0.0673
F190G,0.0206
F190H,0.2228
F190I,0.1025
F190K,0.0661
F190L,0.0318
F190M,0.1868
F190N,0.0741
F190P,0.0454
F190Q,0.077
F190R,0.0338
F190S,0.0599
F190T,0.0259
F190V,0.0187
F190W,0.6343
F190Y,0.1581
D191A,0.4915
D191C,0.9719
D191E,0.6224
D191F,0.4741
D191G,0.5566
D191H,0.7734
D191I,0.2201
D191K,0.4676
D191L,0.5489999999999999
D191M,0.6824
D191N,0.8535
D191P,0.2213
D191Q,0.8224
D191R,0.0731
D191S,0.8476
D191T,0.6478
D191V,0.5036
D191W,0.0291
D191Y,0.1587
I192A,0.1481
I192C,0.2634
I192D,0.1583
I192E,0.0866
I192F,0.0601
I192G,0.0318
I192H,0.1464
I192K,0.0977
I192L,0.8374
I192M,0.5972
I192N,0.1939
I192P,0.1215
I192Q,0.086
I192R,0.0185
I192S,0.1654
I192T,0.2043
I192V,0.6406
I192W,0.1656
I192Y,0.2164
C193A,0.8458
C193D,0.1714
C193E,0.5941
C193F,0.5131
C193G,0.7783
C193H,0.2658
C193I,0.7854
C193K,0.6095
C193L,0.1535
C193M,0.7052
C193N,0.2593
C193P,0.6841
C193Q,0.5184
C193R,0.496
C193S,0.9591
C193T,0.8357
C193V,0.9559
C193W,0.0192
C193Y,0.0307
V194A,0.3786
V194C,0.4108
V194D,0.0719
V194E,0.2423
V194F,0.0169
V194G,0.069
V194H,0.0914
V194I,0.7347
V194K,0.1076
V194L,0.6894
V194M,0.0444
V194N,0.0676
V194P,0.0872
V194Q,0.1688
V194R,0.0941
V194S,0.0225
V194T,0.1998
V194W,0.0791
V194Y,0.0605
A195C,0.7814
A195D,0.423
A195E,0.2503
A195F,0.0959
A195G,0.6056
A195H,0.4832
A195I,0.2822
A195K,0.5479999999999999
A195L,0.0781
A195M,0.0891
A195N,0.5981
A195P,0.6629
A195Q,0.2742
A195R,0.4221
A195S,0.8154
A195T,0.918
A195V,0.7334
A195W,0.4522
A195Y,0.083
G196A,0.6796
G196C,0.8109
G196D,0.1375
G196E,0.2436
G196F,0.0204
G196H,0.4159
G196I,0.0259
G196K,0.2247
G196L,0.0168
G196M,0.1737
G196N,0.2391
G196P,0.4349
G196Q,0.4182
G196R,0.1761
G196S,0.6466
G196T,0.2507
G196V,0.0252
G196W,0.1518
G196Y,0.1294
Y197A,0.3205
Y197C,0.7033
Y197D,0.2073
Y197E,0.1493
Y197F,0.4879
Y197G,0.1341
Y197H,0.6239
Y197I,0.2342
Y197K,0.1879
Y197L,0.0255
Y197M,0.3166
Y197N,0.6946
Y197P,0.1113
Y197Q,0.2198
Y197R,0.0886
Y197S,0.6207
Y197T,0.4365
Y197V,0.1351
Y197W,0.1242
P198A,0.3208
P198C,0.5382
P198D,0.2986
P198E,0.3226
P198F,0.3294
P198G,0.243
P198H,0.1101
P198I,0.7277
P198K,0.3715
P198L,0.6435
P198M,0.6428
P198N,0.7764
P198Q,0.3748
P198R,0.2616
P198S,0.5739
P198T,0.5905
P198V,0.8396
P198W,0.7329
P198Y,0.0594
K199A,0.8301
K199C,0.9905
K199D,0.8914
K199E,0.7664
K199F,0.6577
K199G,0.9532
K199H,0.8641
K199I,0.6866
K199L,0.6754
K199M,0.9737
K199N,0.8779
K199P,0.9324
K199Q,0.6847
K199R,0.7565
K199S,0.7149
K199T,0.6907
K199V,0.894
K199W,0.7691
K199Y,0.8124
G200A,0.95
G200C,0.9272
G200D,0.8054
G200E,0.8387
G200F,0.938
G200H,0.8778
G200I,0.7353
G200K,0.5355
G200L,0.95
G200M,0.6932
G200N,0.7978
G200P,0.6759999999999999
G200Q,0.8053
G200R,0.8858
G200S,0.9422
G200T,0.4854
G200V,0.8975
G200W,0.9852
G200Y,0.4699
H201A,0.7026
H201C,0.3813
H201D,0.7824
H201E,0.75
H201F,0.8083
H201G,0.6267
H201I,0.3909
H201K,0.7474
H201L,0.7407
H201M,0.1604
H201N,0.8965
H201P,0.7214
H201Q,0.9423
H201R,0.6735
H201S,0.6987
H201T,0.4534
H201V,0.6233
H201W,0.5832
H201Y,0.7483
P202A,0.7236
P202C,0.2663
P202D,0.6073
P202E,0.7120000000000001
P202F,0.7873
P202G,0.5329999999999999
P202H,0.8972
P202I,0.7998
P202K,0.8072
P202L,0.9085
P202M,0.8037
P202N,0.9142
P202Q,0.7554
P202R,0.6022
P202S,0.7834
P202T,0.7396
P202V,0.8227
P202W,0.8149
P202Y,0.8771
E203A,0.7546
E203C,0.7074
E203D,0.6935
E203F,0.8901
E203G,0.2085
E203H,0.7708
E203I,0.6577
E203K,0.0361
E203L,0.6943
E203M,0.6890000000000001
E203N,0.7529
E203P,0.9451
E203Q,0.6281
E203R,0.2927
E203S,0.6003
E203T,0.7119
E203V,0.8109
E203W,0.931
E203Y,0.9145
A204C,0.9837
A204D,0.8455
A204E,0.8325
A204F,0.8577
A204G,0.6902
A204H,0.772
A204I,0.8497
A204K,0.7829999999999999
A204L,0.8813
A204M,0.8614
A204N,0.7108
A204P,0.7853
A204Q,0.8112
A204R,0.6449
A204S,0.7908
A204T,0.8305
A204V,0.9094
A204W,0.8589
A204Y,0.8403
G205A,0.8976
G205C,0.9711
G205D,0.8072
G205E,0.9553
G205F,0.7934
G205H,0.7787
G205I,0.722
G205K,0.7565
G205L,0.8724
G205M,0.9553
G205N,0.6523
G205P,0.6644
G205Q,0.7868
G205R,0.9142
G205S,0.7491
G205T,0.6991
G205V,0.9308
G205W,0.6774
G205Y,0.9128
S206A,0.7954
S206C,0.8548
S206D,0.7225
S206E,0.8202
S206F,0.7712
S206G,0.9472
S206H,0.8909999999999999
S206I,0.8726
S206K,0.7722
S206L,0.8736
S206M,0.9281
S206N,0.9522
S206P,0.8331
S206Q,0.7878
S206R,0.9473
S206T,0.7944
S206V,0.9853
S206W,0.8939
S206Y,0.7742
F207A,0.8226
F207C,0.892
F207D,0.6797
F207E,0.8881
F207G,0.7787
F207H,0.7094
F207I,0.8849
F207K,0.7724
F207L,0.733
F207M,0.7574
F207N,0.7142
F207P,0.6279
F207Q,0.5152
F207R,0.4433
F207S,0.862
F207T,0.6938
F207V,0.913
F207W,0.8029999999999999
F207Y,0.7925
E208A,0.831
E208C,0.9732
E208D,0.8922
E208F,0.989
E208G,0.9259
E208H,0.8498
E208I,0.7986
E208K,0.9305
E208L,0.8696
E208M,0.5636
E208N,0.919
E208P,0.9097
E208Q,0.6224
E208R,0.9204
E208S,0.8356
E208T,0.944
E208V,0.8702
E208W,0.9632
E208Y,0.6653
A209C,0.8714
A209D,0.7293
A209E,0.6331
A209F,0.9588
A209G,0.8084
A209H,0.8004
A209I,0.8327
A209K,0.787
A209L,0.9599
A209M,0.6766
A209N,0.6385
A209P,0.9647
A209Q,0.6329
A209R,0.6414
A209S,0.9719
A209T,0.9776
A209V,0.8624
A209W,0.8857
A209Y,0.949
D210A,0.8989
D210C,0.9529
D210E,0.85
D210F,0.4735
D210G,0.7607
D210H,0.7855
D210I,0.0893
D210K,0.6379
D210L,0.3258
D210M,0.9736
D210N,0.898
D210P,0.1941
D210Q,0.8217
D210R,0.1308
D210S,0.8124
D210T,0.8298
D210V,0.4662
D210W,0.1341
D210Y,0.9225
L211A,0.4907
L211C,0.5721
L211D,0.2999
L211E,0.3352
L211F,0.6908
L211G,0.0759
L211H,0.6503
L211I,0.6868
L211K,0.3995
L211M,0.8631
L211N,0.4578
L211P,0.1142
L211Q,0.4842
L211R,0.0297
L211S,0.3831
L211T,0.4859
L211V,0.8340000000000001
L211W,0.1482
L211Y,0.6963
K212A,0.8164
K212C,0.7961
K212D,0.9121
K212E,0.921
K212F,0.8472
K212G,0.946
K212H,0.84
K212I,0.8067
K212L,0.7669
K212M,0.7954
K212N,0.9683
K212P,0.7862
K212Q,0.9506
K212R,0.6925
K212S,0.848
K212T,0.8132
K212V,0.7249
K212W,0.8571
K212Y,0.8052
H213A,0.8170000000000001
H213C,0.7913
H213D,0.7102
H213E,0.9362
H213F,0.8579
H213G,0.9939
H213I,0.7978
H213K,0.7617
H213L,0.7979999999999999
H213M,0.722
H213N,0.9905
H213P,0.3384
H213Q,0.8294
H213R,0.7779
H213S,0.965
H213T,0.7347
H213V,0.8006
H213W,0.8282
H213Y,0.9312
L214A,0.4972
L214C,0.6253
L214D,0.0799
L214E,0.1032
L214F,0.1801
L214G,0.0311
L214H,0.067
L214I,0.7577
L214K,0.096
L214M,0.9045
L214N,0.0642
L214P,0.0906
L214Q,0.317
L214R,0.0159
L214S,0.1258
L214T,0.7163
L214V,0.9366
L214W,0.0163
L214Y,0.0228
K215A,0.9563
K215C,0.9353
K215D,0.5859
K215E,0.83
K215F,0.8785
K215G,0.5232
K215H,0.6243
K215I,0.5703
K215L,0.9806
K215M,0.9243
K215N,0.9028
K215P,0.2997
K215Q,0.5173
K215R,0.9282
K215S,0.8078
K215T,0.8785
K215V,0.9355
K215W,0.835
K215Y,0.9135
E216A,0.8012
E216C,0.8751
E216D,0.9468
E216F,0.7631
E216G,0.8376
E216H,0.373
E216I,0.5569
E216K,0.909
E216L,0.9803
E216M,0.774
E216N,0.9874
E216P,0.1458
E216Q,0.7474
E216R,0.7949
E216S,0.9867
E216T,0.8525
E216V,0.5635
E216W,0.5062
E216Y,0.7390000000000001
K217A,0.0292
K217C,0.0524
K217D,0.0213
K217E,0.0854
K217F,0.0279
K217G,0.0692
K217H,0.1461
K217I,0.0354
K217L,0.0081
K217M,0.0306
K217N,0.0252
K217P,0.0684
K217Q,0.6458
K217R,0.2264
K217S,0.0926
K217T,0.1584
K217V,0.0206
K217W,0.0652
K217Y,0.0172
V218A,0.4267
V218C,0.6947
V218D,0.6359
V218E,0.5686
V218F,0.9292
V218G,0.3352
V218H,0.6309
V218I,0.8746
V218K,0.3428
V218L,0.5632
V218M,0.7831
V218N,0.3354
V218P,0.2461
V218Q,0.6345
V218R,0.2856
V218S,0.4816
V218T,0.8998
V218W,0.8175
V218Y,0.7297
S219A,0.7144
S219C,0.8762
S219D,0.6596
S219E,0.7089
S219F,0.9342
S219G,0.8967
S219H,0.9845
S219I,0.9874
S219K,0.8223
S219L,0.8099
S219M,0.8426
S219N,0.7758
S219P,0.7833
S219Q,0.7977
S219R,0.8753
S219T,0.9745
S219V,0.809
S219W,0.9178
S219Y,0.9191
A220C,0.9289
A220D,0.4985
A220E,0.7559999999999999
A220F,0.8223
A220G,0.5489999999999999
A220H,0.3751
A220I,0.4791
A220K,0.4673
A220L,0.7437
A220M,0.9864
A220N,0.9891
A220P,0.3117
A220Q,0.6569
A220R,0.1321
A220S,0.9164
A220T,0.453
A220V,0.7074
A220W,0.8845
A220Y,0.8288
G221A,0.0315
G221C,0.1351
G221D,0.0617
G221E,0.0414
G221F,0.0198
G221H,0.0415
G221I,0.0284
G221K,0.1063
G221L,0.0213
G221M,0.0336
G221N,0.1042
G221P,0.0541
G221Q,0.1748
G221R,0.1938
G221S,0.0199
G221T,0.0651
G221V,0.0107
G221W,0.0292
G221Y,0.0935
A222C,0.8718
A222D,0.0226
A222E,0.1161
A222F,0.0076
A222G,0.8582
A222H,0.5102
A222I,0.4324
A222K,0.4891
A222L,0.0192
A222M,0.0732
A222N,0.1613
A222P,0.4052
A222Q,0.1946
A222R,0.1186
A222S,0.5249
A222T,0.3276
A222V,0.7037
A222W,0.2098
A222Y,0.0269
D223A,0.3255
D223C,0.4878
D223E,0.4297
D223F,0.1712
D223G,0.5881
D223H,0.7243
D223I,0.0468
D223K,0.2669
D223L,0.0597
D223M,0.6063
D223N,0.9078
D223P,0.0368
D223Q,0.3774
D223R,0.0198
D223S,0.9546
D223T,0.8979
D223V,0.1031
D223W,0.0323
D223Y,0.0274
F224A,0.27
F224C,0.8859999999999999
F224D,0.0643
F224E,0.2529
F224G,0.0357
F224H,0.2649
F224I,0.7307
F224K,0.1065
F224L,0.9062
F224M,0.7209
F224N,0.0838
F224P,0.12
F224Q,0.2043
F224R,0.4207
F224S,0.7363
F224T,0.1059
F224V,0.6887
F224W,0.7924
F224Y,0.9175
I225A,0.0837
I225C,0.6782
I225D,0.4329
I225E,0.3237
I225F,0.0067
I225G,0.0653
I225H,0.3191
I225K,0.4299
I225L,0.3919
I225M,0.4286
I225N,0.0201
I225P,0.0976
I225Q,0.1458
I225R,0.0687
I225S,0.0257
I225T,0.5238
I225V,0.8317
I225W,0.0819
I225Y,0.4809
I226A,0.3826
I226C,0.846
I226D,0.2271
I226E,0.0371
I226F,0.0233
I226G,0.0228
I226H,0.1599
I226K,0.0231
I226L,0.8533
I226M,0.5414
I226N,0.0258
I226P,0.0197
I226Q,0.2079
I226R,0.0189
I226S,0.0626
I226T,0.8089
I226V,0.6682
I226W,0.019
I226Y,0.2223
T227A,0.6751
T227C,0.7713
T227D,0.0173
T227E,0.0183
T227F,0.0118
T227G,0.9336
T227H,0.0556
T227I,0.0126
T227K,0.0252
T227L,0.2277
T227M,0.0198
T227N,0.0235
T227P,0.0178
T227Q,0.0211
T227R,0.0204
T227S,0.949
T227V,0.8124
T227W,0.0182
T227Y,0.0227
Q228A,0.0202
Q228C,0.0171
Q228D,0.8286
Q228E,0.0351
Q228F,0.0177
Q228G,0.0144
Q228H,0.2545
Q228I,0.0106
Q228K,0.1527
Q228L,0.0065
Q228M,0.018
Q228N,0.8009
Q228P,0.3391
Q228R,0.1937
Q228S,0.0194
Q228T,0.4255
Q228V,0.0136
Q228W,0.0147
Q228Y,0.0197
L229A,0.2115
L229C,0.2097
L229D,0.0207
L229E,0.0254
L229F,0.8809999999999999
L229G,0.3257
L229H,0.6131
L229I,0.564
L229K,0.1353
L229M,0.9641
L229N,0.5326
L229P,0.4035
L229Q,0.0632
L229R,0.021
L229S,0.2556
L229T,0.1188
L229V,0.0224
L229W,0.006
L229Y,0.4006
F230A,0.7331
F230C,0.7391
F230D,0.3244
F230E,0.222
F230G,0.8501
F230H,0.9398
F230I,0.8378
F230K,0.3118
F230L,0.6496
F230M,0.731
F230N,0.6029
F230P,0.2285
F230Q,0.251
F230R,0.0219
F230S,0.6940000000000001
F230T,0.4772
F230V,0.6063
F230W,0.1542
F230Y,0.2697
F231A,0.019
F231C,0.1293
F231D,0.1129
F231E,0.0914
F231G,0.07
F231H,0.1961
F231I,0.1649
F231K,0.1406
F231L,0.7094
F231M,0.0406
F231N,0.0319
F231P,0.0418
F231Q,0.0755
F231R,0.1213
F231S,0.0134
F231T,0.1844
F231V,0.1581
F231W,0.7899
F231Y,0.7532
E232A,0.6877
E232C,0.6972
E232D,0.8741
E232F,0.1959
E232G,0.8909999999999999
E232H,0.7897
E232I,0.0591
E232K,0.8534
E232L,0.0632
E232M,0.0977
E232N,0.9497
E232P,0.0244
E232Q,0.9686
E232R,0.8811
E232S,0.8918
E232T,0.8252
E232V,0.1892
E232W,0.1134
E232Y,0.6954
A233C,0.9728
A233D,0.1139
A233E,0.0259
A233F,0.071
A233G,0.6307
A233H,0.0923
A233I,0.3162
A233K,0.9097
A233L,0.0311
A233M,0.0172
A233N,0.0233
A233P,0.8283
A233Q,0.0995
A233R,0.2041
A233S,0.9927
A233T,0.8883
A233V,0.7934
A233W,0.0187
A233Y,0.0425
D234A,0.835
D234C,0.9152
D234E,0.9386
D234F,0.297
D234G,0.8575
D234H,0.933
D234I,0.5877
D234K,0.6387
D234L,0.1593
D234M,0.4674
D234N,0.9385
D234P,0.8998
D234Q,0.9381
D234R,0.8199
D234S,0.8317
D234T,0.5681
D234V,0.5378
D234W,0.2393
D234Y,0.2675
T235A,0.8
T235C,0.8392
T235D,0.7659
T235E,0.7563
T235F,0.3479
T235G,0.8875
T235H,0.6014
T235I,0.8324
T235K,0.6393
T235L,0.6793
T235M,0.7712
T235N,0.985
T235P,0.7179
T235Q,0.6935
T235R,0.359
T235S,0.677
T235V,0.8634
T235W,0.3081
T235Y,0.5899
F236A,0.0224
F236C,0.2114
F236D,0.0309
F236E,0.0543
F236G,0.0189
F236H,0.9454
F236I,0.1276
F236K,0.0898
F236L,0.451
F236M,0.1412
F236N,0.0271
F236P,0.0272
F236Q,0.0928
F236R,0.0281
F236S,0.0084
F236T,0.0186
F236V,0.1819
F236W,0.1318
F236Y,0.8746
F237A,0.286
F237C,0.6053
F237D,0.0389
F237E,0.3109
F237G,0.1647
F237H,0.6923
F237I,0.9066
F237K,0.8006
F237L,0.9578
F237M,0.7752
F237N,0.2846
F237P,0.0283
F237Q,0.4426
F237R,0.5966
F237S,0.2701
F237T,0.5567
F237V,0.8455
F237W,0.2525
F237Y,0.9197
R238A,0.7754
R238C,0.9496
R238D,0.7474
R238E,0.6973
R238F,0.6024
R238G,0.8881
R238H,0.9443
R238I,0.3625
R238K,0.7467
R238L,0.7509
R238M,0.9579
R238N,0.7686
R238P,0.1006
R238Q,0.8362
R238S,0.8486
R238T,0.8209
R238V,0.7251
R238W,0.4483
R238Y,0.7385
F239A,0.03
F239C,0.0547
F239D,0.0311
F239E,0.0385
F239G,0.0181
F239H,0.1915
F239I,0.0203
F239K,0.0422
F239L,0.5828
F239M,0.4815
F239N,0.1301
F239P,0.0222
F239Q,0.0618
F239R,0.0299
F239S,0.0047
F239T,0.1847
F239V,0.1141
F239W,0.9374
F239Y,0.8055
V240A,0.8747
V240C,0.7659999999999999
V240D,0.2392
V240E,0.3389
V240F,0.9961
V240G,0.4944
V240H,0.7049
V240I,0.9736
V240K,0.7490000000000001
V240L,0.9079
V240M,0.6631
V240N,0.9874
V240P,0.1486
V240Q,0.3222
V240R,0.4922
V240S,0.9429
V240T,0.7994
V240W,0.8244
V240Y,0.9815
K241A,0.8097
K241C,0.5688
K241D,0.8219
K241E,0.7818
K241F,0.2095
K241G,0.919
K241H,0.4604
K241I,0.7034
K241L,0.8072
K241M,0.7411
K241N,0.9929
K241P,0.1367
K241Q,0.8801
K241R,0.7703
K241S,0.9029
K241T,0.9875
K241V,0.7186
K241W,0.4698
K241Y,0.7054
A242C,0.9293
A242D,0.8837
A242E,0.9174
A242F,0.8013
A242G,0.9786
A242H,0.7033
A242I,0.9288
A242K,0.8473
A242L,0.979
A242M,0.8797
A242N,0.9914
A242P,0.61
A242Q,0.7801
A242R,0.8941
A242S,0.8753
A242T,0.9609
A242V,0.8579
A242W,0.5273
A242Y,0.8724
C243A,0.4998
C243D,0.0461
C243E,0.0813
C243F,0.0566
C243G,0.0145
C243H,0.0216
C243I,0.1787
C243K,0.0626
C243L,0.5296
C243M,0.1701
C243N,0.0224
C243P,0.0321
C243Q,0.0651
C243R,0.0927
C243S,0.7066
C243T,0.5487
C243V,0.6161
C243W,0.0293
C243Y,0.0131
T244A,0.7087
T244C,0.9153
T244D,0.8052
T244E,0.799
T244F,0.9905
T244G,0.8928
T244H,0.6336
T244I,0.8251
T244K,0.7106
T244L,0.794
T244M,0.8782
T244N,0.8218
T244P,0.8158
T244Q,0.6604
T244R,0.6918
T244S,0.7847
T244V,0.8556
T244W,0.7385
T244Y,0.9906
D245A,0.7028
D245C,0.9547
D245E,0.7942
D245F,0.9537
D245G,0.9037
D245H,0.7018
D245I,0.7126
D245K,0.7112
D245L,0.8519
D245M,0.8409
D245N,0.8979
D245P,0.2768
D245Q,0.6828
D245R,0.6343
D245S,0.6805
D245T,0.7606
D245V,0.9754
D245W,0.4087
D245Y,0.7563
M246A,0.7114
M246C,0.8141
M246D,0.8206
M246E,0.7904
M246F,0.8015
M246G,0.9657
M246H,0.8042
M246I,0.7490000000000001
M246K,0.9324
M246L,0.8087
M246N,0.8471
M246P,0.1593
M246Q,0.9774
M246R,0.8657
M246S,0.9831
M246T,0.9027
M246V,0.6229
M246W,0.8538
M246Y,0.8184
G247A,0.2332
G247C,0.3285
G247D,0.6768
G247E,0.8142
G247F,0.0183
G247H,0.262
G247I,0.0276
G247K,0.8665
G247L,0.0176
G247M,0.0957
G247N,0.7175
G247P,0.1218
G247Q,0.3142
G247R,0.324
G247S,0.3613
G247T,0.0267
G247V,0.0215
G247W,0.0614
G247Y,0.0198
I248A,0.0625
I248C,0.1547
I248D,0.4436
I248E,0.221
I248F,0.1689
I248G,0.1009
I248H,0.4139
I248K,0.2295
I248L,0.7063
I248M,0.6034
I248N,0.0427
I248P,0.1365
I248Q,0.0564
I248R,0.0272
I248S,0.073
I248T,0.5716
I248V,0.8249
I248W,0.075
I248Y,0.3759
T249A,0.8195
T249C,0.9727
T249D,0.8664
T249E,0.8451
T249F,0.9629
T249G,0.9856
T249H,0.8031
T249I,0.8156
T249K,0.8794
T249L,0.9525
T249M,0.9054
T249N,0.7872
T249P,0.5614
T249Q,0.8690000000000001
T249R,0.7181
T249S,0.8477
T249V,0.9838
T249W,0.2994
T249Y,0.6164
C250A,0.6809
C250D,0.1726
C250E,0.2589
C250F,0.0138
C250G,0.2391
C250H,0.2445
C250I,0.8755
C250K,0.2643
C250L,0.5379
C250M,0.5193
C250N,0.4771
C250P,0.1126
C250Q,0.2141
C250R,0.1319
C250S,0.4854
C250T,0.5518
C250V,0.9693
C250W,0.0601
C250Y,0.0192
P251A,0.0246
P251C,0.0203
P251D,0.0417
P251E,0.2369
P251F,0.0101
P251G,0.046
P251H,0.0238
P251I,0.3007
P251K,0.0295
P251L,0.0183
P251M,0.1669
P251N,0.0286
P251Q,0.3161
P251R,0.0215
P251S,0.0163
P251T,0.1291
P251V,0.2912
P251W,0.02
P251Y,0.0241
I252A,0.0608
I252C,0.0187
I252D,0.165
I252E,0.1117
I252F,0.0066
I252G,0.122
I252H,0.1777
I252K,0.1094
I252L,0.2281
I252M,0.1617
I252N,0.0315
I252P,0.0918
I252Q,0.2824
I252R,0.152
I252S,0.0206
I252T,0.0279
I252V,0.6306
I252W,0.0874
I252Y,0.1895
V253A,0.1808
V253C,0.5524
V253D,0.2746
V253E,0.1905
V253F,0.024
V253G,0.0298
V253H,0.1038
V253I,0.8489
V253K,0.2766
V253L,0.6893
V253M,0.3309
V253N,0.03
V253P,0.1215
V253Q,0.434
V253R,0.1987
V253S,0.2442
V253T,0.1628
V253W,0.0978
V253Y,0.0247
P254A,0.6881
P254C,0.0314
P254D,0.0883
P254E,0.2267
P254F,0.0271
P254G,0.2081
P254H,0.0285
P254I,0.0284
P254K,0.0654
P254L,0.0128
P254M,0.0364
P254N,0.1241
P254Q,0.0249
P254R,0.0234
P254S,0.0698
P254T,0.0295
P254V,0.0273
P254W,0.0274
P254Y,0.0335
G255A,0.5824
G255C,0.017
G255D,0.0216
G255E,0.0349
G255F,0.0222
G255H,0.0408
G255I,0.0293
G255K,0.0244
G255L,0.0231
G255M,0.0304
G255N,0.0182
G255P,0.063
G255Q,0.0605
G255R,0.0297
G255S,0.0378
G255T,0.1398
G255V,0.0189
G255W,0.0553
G255Y,0.0252
I256A,0.02
I256C,0.0183
I256D,0.3206
I256E,0.02
I256F,0.0143
I256G,0.0613
I256H,0.2245
I256K,0.2354
I256L,0.1946
I256M,0.1207
I256N,0.0518
I256P,0.0228
I256Q,0.6303
I256R,0.0241
I256S,0.0389
I256T,0.0389
I256V,0.8518
I256W,0.0516
I256Y,0.3661
F257A,0.7831
F257C,0.9083
F257D,0.0237
F257E,0.0827
F257G,0.3825
F257H,0.6188
F257I,0.3728
F257K,0.703
F257L,0.921
F257M,0.7591
F257N,0.5637
F257P,0.1411
F257Q,0.6957
F257R,0.032
F257S,0.8907
F257T,0.9154
F257V,0.5316
F257W,0.2146
F257Y,0.8203
P258A,0.8074
P258C,0.957
P258D,0.4686
P258E,0.6835
P258F,0.9874
P258G,0.3657
P258H,0.4376
P258I,0.6676
P258K,0.5286
P258L,0.8535
P258M,0.5704
P258N,0.5554
P258Q,0.4135
P258R,0.1633
P258S,0.7291
P258T,0.8543
P258V,0.6396
P258W,0.1319
P258Y,0.1906
I259A,0.0399
I259C,0.0656
I259D,0.2481
I259E,0.1041
I259F,0.9704
I259G,0.1273
I259H,0.1732
I259K,0.0662
I259L,0.9648
I259M,0.6662
I259N,0.2371
I259P,0.3765
I259Q,0.0528
I259R,0.0722
I259S,0.1103
I259T,0.2185
I259V,0.6233
I259W,0.674
I259Y,0.3479
Q260A,0.6685
Q260C,0.9148
Q260D,0.5569
Q260E,0.6742
Q260F,0.5343
Q260G,0.6801
Q260H,0.82
Q260I,0.5473
Q260K,0.0884
Q260L,0.4378
Q260M,0.6412
Q260N,0.9355
Q260P,0.1917
Q260R,0.3781
Q260S,0.7259
Q260T,0.8049
Q260V,0.9581
Q260W,0.6091
Q260Y,0.8373
G261A,0.496
G261C,0.6774
G261D,0.6289
G261E,0.5116
G261F,0.017
G261H,0.2739
G261I,0.0285
G261K,0.2377
G261L,0.0227
G261M,0.036
G261N,0.7853
G261P,0.1361
G261Q,0.4312
G261R,0.2826
G261S,0.8429
G261T,0.4653
G261V,0.0364
G261W,0.0311
G261Y,0.0209
Y262A,0.8438
Y262C,0.3633
Y262D,0.3627
Y262E,0.2183
Y262F,0.836
Y262G,0.6559999999999999
Y262H,0.4688
Y262I,0.9534
Y262K,0.2161
Y262L,0.9466
Y262M,0.8679
Y262N,0.5943
Y262P,0.4738
Y262Q,0.6898
Y262R,0.4962
Y262S,0.6123
Y262T,0.6101
Y262V,0.6334
Y262W,0.9294
H263A,0.9564
H263C,0.9504
H263D,0.7838
H263E,0.6782
H263F,0.8888
H263G,0.9763
H263I,0.408
H263K,0.6887
H263L,0.7351
H263M,0.9455
H263N,0.9713
H263P,0.3708
H263Q,0.8734
H263R,0.6426
H263S,0.9519
H263T,0.7134
H263V,0.6149
H263W,0.9557
H263Y,0.9572
S264A,0.6678
S264C,0.6269
S264D,0.7665
S264E,0.978
S264F,0.0405
S264G,0.4646
S264H,0.1851
S264I,0.0172
S264K,0.4444
S264L,0.0154
S264M,0.3617
S264N,0.6492
S264P,0.2541
S264Q,0.5911
S264R,0.1306
S264T,0.7461
S264V,0.0181
S264W,0.0758
S264Y,0.0388
L265A,0.3674
L265C,0.2636
L265D,0.1321
L265E,0.1889
L265F,0.7747
L265G,0.0494
L265H,0.4253
L265I,0.8029
L265K,0.2033
L265M,0.9565
L265N,0.2307
L265P,0.0569
L265Q,0.134
L265R,0.0225
L265S,0.0287
L265T,0.1198
L265V,0.7484
L265W,0.7492
L265Y,0.8525
R266A,0.6931
R266C,0.8458
R266D,0.8552
R266E,0.6221
R266F,0.8026
R266G,0.8633
R266H,0.7337
R266I,0.8398
R266K,0.8031
R266L,0.9274
R266M,0.8675
R266N,0.8891
R266P,0.3454
R266Q,0.7974
R266S,0.6977
R266T,0.8231
R266V,0.914
R266W,0.8814
R266Y,0.919
Q267A,0.7925
Q267C,0.542
Q267D,0.8475
Q267E,0.5781
Q267F,0.0417
Q267G,0.8935
Q267H,0.6702
Q267I,0.0614
Q267K,0.7191
Q267L,0.324
Q267M,0.3109
Q267N,0.7376
Q267P,0.2954
Q267R,0.3795
Q267S,0.861
Q267T,0.7106
Q267V,0.3955
Q267W,0.1459
Q267Y,0.4562
L268A,0.397
L268C,0.2696
L268D,0.0649
L268E,0.6033
L268F,0.6474
L268G,0.2944
L268H,0.883
L268I,0.7837
L268K,0.2084
L268M,0.9389
L268N,0.0548
L268P,0.057
L268Q,0.4002
L268R,0.4187
L268S,0.3893
L268T,0.4895
L268V,0.6425
L268W,0.9504
L268Y,0.9806
V269A,0.83
V269C,0.7865
V269D,0.833
V269E,0.7907
V269F,0.6667
V269G,0.7965
V269H,0.9655
V269I,0.7644
V269K,0.8307
V269L,0.9736
V269M,0.9592
V269N,0.3396
V269P,0.2314
V269Q,0.8701
V269R,0.9484
V269S,0.9738
V269T,0.903
V269W,0.487
V269Y,0.7583
K270A,0.931
K270C,0.7932
K270D,0.4249
K270E,0.6293
K270F,0.3234
K270G,0.9619
K270H,0.7335
K270I,0.591
K270L,0.7779
K270M,0.9159
K270N,0.9583
K270P,0.1762
K270Q,0.7909
K270R,0.8104
K270S,0.8169
K270T,0.7464
K270V,0.7869
K270W,0.3295
K270Y,0.7258
L271A,0.8418
L271C,0.5721
L271D,0.4920000000000001
L271E,0.4223
L271F,0.7915
L271G,0.5689
L271H,0.5196
L271I,0.8118
L271K,0.5866
L271M,0.8855
L271N,0.8232
L271P,0.4378
L271Q,0.9729
L271R,0.4528
L271S,0.901
L271T,0.6421
L271V,0.9234
L271W,0.3884
L271Y,0.5676
S272A,0.9589
S272C,0.4987
S272D,0.7279
S272E,0.8949
S272F,0.9378
S272G,0.9171
S272H,0.1165
S272I,0.3273
S272K,0.1751
S272L,0.8397
S272M,0.7624
S272N,0.7782
S272P,0.3033
S272Q,0.932
S272R,0.0489
S272T,0.7155
S272V,0.2853
S272W,0.5634
S272Y,0.7048
K273A,0.8542
K273C,0.9782
K273D,0.4947
K273E,0.8290000000000001
K273F,0.7933
K273G,0.6091
K273H,0.7483
K273I,0.3872
K273L,0.7461
K273M,0.9606
K273N,0.6972
K273P,0.955
K273Q,0.66
K273R,0.8148
K273S,0.8277
K273T,0.8465
K273V,0.5608
K273W,0.8809
K273Y,0.8916
L274A,0.7201
L274C,0.6219
L274D,0.9855
L274E,0.6481
L274F,0.9826
L274G,0.7515
L274H,0.96
L274I,0.8418
L274K,0.8021
L274M,0.8055
L274N,0.8652
L274P,0.2823
L274Q,0.6655
L274R,0.8137
L274S,0.7549
L274T,0.6199
L274V,0.8896
L274W,0.8419
L274Y,0.9896
E275A,0.8687
E275C,0.9104
E275D,0.9684
E275F,0.4537
E275G,0.9197
E275H,0.784
E275I,0.7274
E275K,0.7007
E275L,0.5741
E275M,0.674
E275N,0.8959999999999999
E275P,0.9645
E275Q,0.5831
E275R,0.9614
E275S,0.8385
E275T,0.9426
E275V,0.7469
E275W,0.7095
E275Y,0.7909
V276A,0.5245
V276C,0.7646
V276D,0.1359
V276E,0.4164
V276F,0.8146
V276G,0.0651
V276H,0.4022
V276I,0.7107
V276K,0.2468
V276L,0.8062
V276M,0.9356
V276N,0.152
V276P,0.6013
V276Q,0.1847
V276R,0.1283
V276S,0.0371
V276T,0.8099
V276W,0.8026
V276Y,0.5718
P277A,0.7096
P277C,0.069
P277D,0.3076
P277E,0.2884
P277F,0.0249
P277G,0.381
P277H,0.0274
P277I,0.036
P277K,0.5341
P277L,0.0426
P277M,0.062
P277N,0.2074
P277Q,0.3699
P277R,0.0708
P277S,0.6576
P277T,0.3438
P277V,0.1993
P277W,0.1097
P277Y,0.0197
Q278A,0.9709
Q278C,0.9473
Q278D,0.9467
Q278E,0.8766
Q278F,0.3985
Q278G,0.6539
Q278H,0.8956
Q278I,0.8212
Q278K,0.862
Q278L,0.7669
Q278M,0.903
Q278N,0.9802
Q278P,0.8758
Q278R,0.965
Q278S,0.855
Q278T,0.7991
Q278V,0.9615
Q278W,0.4504
Q278Y,0.4203
E279A,0.7959999999999999
E279C,0.8742
E279D,0.9346
E279F,0.742
E279G,0.8188
E279H,0.7386
E279I,0.8522
E279K,0.6802
E279L,0.9069
E279M,0.9935
E279N,0.7984
E279P,0.9573
E279Q,0.7426
E279R,0.8352
E279S,0.7416
E279T,0.9586
E279V,0.9207
E279W,0.7499
E279Y,0.6698
I280A,0.0184
I280C,0.4416
I280D,0.1357
I280E,0.0276
I280F,0.3593
I280G,0.0182
I280H,0.1149
I280K,0.0264
I280L,0.6864
I280M,0.9448
I280N,0.0216
I280P,0.0249
I280Q,0.0201
I280R,0.0177
I280S,0.0278
I280T,0.1496
I280V,0.9095
I280W,0.7524
I280Y,0.1908
K281A,0.8165
K281C,0.8440000000000001
K281D,0.5949
K281E,0.9071
K281F,0.8648
K281G,0.7953
K281H,0.8616
K281I,0.8046
K281L,0.7296
K281M,0.7414
K281N,0.9039
K281P,0.0901
K281Q,0.7802
K281R,0.7859999999999999
K281S,0.84
K281T,0.8568
K281V,0.728
K281W,0.8504
K281Y,0.9103
D282A,0.8988
D282C,0.9216
D282E,0.9069
D282F,0.4024
D282G,0.6713
D282H,0.6284
D282I,0.4342
D282K,0.9207
D282L,0.8861
D282M,0.9272
D282N,0.8621
D282P,0.0621
D282Q,0.8883
D282R,0.9795
D282S,0.946
D282T,0.7409
D282V,0.4355
D282W,0.2964
D282Y,0.5363
V283A,0.9292
V283C,0.6203
V283D,0.1581
V283E,0.3934
V283F,0.4527
V283G,0.0534
V283H,0.5997
V283I,0.8407
V283K,0.9439
V283L,0.4605
V283M,0.564
V283N,0.8091
V283P,0.0747
V283Q,0.5047
V283R,0.8952
V283S,0.3995
V283T,0.9894
V283W,0.0293
V283Y,0.4116
I284A,0.0209
I284C,0.445
I284D,0.0246
I284E,0.0846
I284F,0.0453
I284G,0.0212
I284H,0.0237
I284K,0.0611
I284L,0.8308
I284M,0.738
I284N,0.0225
I284P,0.0767
I284Q,0.1101
I284R,0.0202
I284S,0.0505
I284T,0.2331
I284V,0.9704
I284W,0.0154
I284Y,0.0056
E285A,0.8938
E285C,0.316
E285D,0.98
E285F,0.4794
E285G,0.4918
E285H,0.309
E285I,0.7377
E285K,0.4208
E285L,0.7614
E285M,0.8262
E285N,0.8407
E285P,0.3254
E285Q,0.5239
E285R,0.3624
E285S,0.7181
E285T,0.7623
E285V,0.4787
E285W,0.3286
E285Y,0.6758
P286A,0.8893
P286C,0.9351
P286D,0.9685
P286E,0.7287
P286F,0.331
P286G,0.9033
P286H,0.9702
P286I,0.6337
P286K,0.9095
P286L,0.8986
P286M,0.9335
P286N,0.7968
P286Q,0.9147
P286R,0.8364
P286S,0.8181
P286T,0.9136
P286V,0.8964
P286W,0.0412
P286Y,0.5029
I287A,0.0614
I287C,0.0748
I287D,0.5862
I287E,0.2822
I287F,0.0088
I287G,0.0241
I287H,0.2993
I287K,0.1231
I287L,0.8704
I287M,0.7786
I287N,0.1724
I287P,0.1032
I287Q,0.1332
I287R,0.0553
I287S,0.0324
I287T,0.3366
I287V,0.2972
I287W,0.0216
I287Y,0.3129
K288A,0.6883
K288C,0.5181
K288D,0.0227
K288E,0.5419
K288F,0.0723
K288G,0.023
K288H,0.3129
K288I,0.7435
K288L,0.3862
K288M,0.9527
K288N,0.1382
K288P,0.1293
K288Q,0.6276
K288R,0.8476
K288S,0.7323
K288T,0.2892
K288V,0.2271
K288W,0.4107
K288Y,0.3581
D289A,0.6468
D289C,0.6867
D289E,0.8887
D289F,0.7439
D289G,0.7959
D289H,0.9592
D289I,0.1724
D289K,0.1438
D289L,0.3555
D289M,0.5738
D289N,0.846
D289P,0.133
D289Q,0.8112
D289R,0.2903
D289S,0.6296
D289T,0.6653
D289V,0.069
D289W,0.3227
D289Y,0.7703
N290A,0.0278
N290C,0.36
N290D,0.4926
N290E,0.0947
N290F,0.0207
N290G,0.0281
N290H,0.2337
N290I,0.0352
N290K,0.0998
N290L,0.0207
N290M,0.1694
N290P,0.3048
N290Q,0.1931
N290R,0.0217
N290S,0.1501
N290T,0.0253
N290V,0.0209
N290W,0.0196
N290Y,0.1163
D291A,0.4787
D291C,0.0152
D291E,0.8189
D291F,0.0064
D291G,0.2144
D291H,0.3575
D291I,0.0178
D291K,0.2476
D291L,0.1108
D291M,0.1067
D291N,0.3897
D291P,0.9754
D291Q,0.5802
D291R,0.0275
D291S,0.2999
D291T,0.0535
D291V,0.008
D291W,0.0675
D291Y,0.0508
A292C,0.8928
A292D,0.8692
A292E,0.6463
A292F,0.8979
A292G,0.9844
A292H,0.7059
A292I,0.8219
A292K,0.7272
A292L,0.913
A292M,0.9689
A292N,0.7751
A292P,0.9211
A292Q,0.797
A292R,0.3297
A292S,0.9638
A292T,0.9842
A292V,0.9247
A292W,0.6792
A292Y,0.8468
A293C,0.5675
A293D,0.0276
A293E,0.1747
A293F,0.018
A293G,0.262
A293H,0.0688
A293I,0.1655
A293K,0.131
A293L,0.1476
A293M,0.099
A293N,0.2633
A293P,0.3278
A293Q,0.1568
A293R,0.1641
A293S,0.4157
A293T,0.2722
A293V,0.2594
A293W,0.0227
A293Y,0.0323
I294A,0.0938
I294C,0.7070000000000001
I294D,0.2734
I294E,0.2911
I294F,0.0475
I294G,0.02
I294H,0.3145
I294K,0.2917
I294L,0.6288
I294M,0.2445
I294N,0.2139
I294P,0.1212
I294Q,0.3735
I294R,0.0251
I294S,0.0921
I294T,0.5518
I294V,0.9642
I294W,0.0195
I294Y,0.3467
R295A,0.6168
R295C,0.8969
R295D,0.0898
R295E,0.649
R295F,0.7659999999999999
R295G,0.5763
R295H,0.6125
R295I,0.8113
R295K,0.7436
R295L,0.6752
R295M,0.6539
R295N,0.4892
R295P,0.2793
R295Q,0.8356
R295S,0.8975
R295T,0.7494
R295V,0.5104
R295W,0.6504
R295Y,0.9534
N296A,0.6505
N296C,0.0868
N296D,0.5228
N296E,0.5252
N296F,0.0283
N296G,0.1529
N296H,0.4297
N296I,0.1162
N296K,0.8146
N296L,0.2607
N296M,0.2406
N296P,0.227
N296Q,0.2427
N296R,0.2368
N296S,0.4698
N296T,0.4945
N296V,0.3806
N296W,0.3542
N296Y,0.4004
Y297A,0.6681
Y297C,0.2225
Y297D,0.2815
Y297E,0.2568
Y297F,0.901
Y297G,0.1101
Y297H,0.5409
Y297I,0.2444
Y297K,0.1173
Y297L,0.1259
Y297M,0.1652
Y297N,0.0749
Y297P,0.0892
Y297Q,0.6107
Y297R,0.1269
Y297S,0.0187
Y297T,0.0726
Y297V,0.301
Y297W,0.4721
G298A,0.0262
G298C,0.0203
G298D,0.2865
G298E,0.1276
G298F,0.5286
G298H,0.3275
G298I,0.0604
G298K,0.1532
G298L,0.0628
G298M,0.0612
G298N,0.1709
G298P,0.0918
G298Q,0.1059
G298R,0.4063
G298S,0.0304
G298T,0.1254
G298V,0.1714
G298W,0.0661
G298Y,0.1878
I299A,0.5179
I299C,0.0913
I299D,0.606
I299E,0.5511
I299F,0.0238
I299G,0.6649
I299H,0.4152
I299K,0.5241
I299L,0.3718
I299M,0.1213
I299N,0.3158
I299P,0.0829
I299Q,0.3877
I299R,0.3684
I299S,0.025
I299T,0.5733
I299V,0.7294
I299W,0.0765
I299Y,0.6165
E300A,0.8652
E300C,0.2963
E300D,0.9715
E300F,0.9727
E300G,0.3333
E300H,0.4722
E300I,0.5467
E300K,0.3774
E300L,0.2963
E300M,0.9167
E300N,0.7307
E300P,0.6069
E300Q,0.8599
E300R,0.0722
E300S,0.7625
E300T,0.4898
E300V,0.1601
E300W,0.9014
E300Y,0.8896
L301A,0.2701
L301C,0.4746
L301D,0.71
L301E,0.1548
L301F,0.5196
L301G,0.4695
L301H,0.6289
L301I,0.7208
L301K,0.6788
L301M,0.7763
L301N,0.7405
L301P,0.0263
L301Q,0.8270000000000001
L301R,0.8602
L301S,0.4364
L301T,0.3094
L301V,0.6342
L301W,0.6112
L301Y,0.7815
A302C,0.6374
A302D,0.1019
A302E,0.224
A302F,0.1669
A302G,0.313
A302H,0.3799
A302I,0.8639
A302K,0.3644
A302L,0.1948
A302M,0.2885
A302N,0.5016
A302P,0.0425
A302Q,0.3798
A302R,0.2012
A302S,0.355
A302T,0.9379
A302V,0.7140000000000001
A302W,0.1239
A302Y,0.3873
V303A,0.8724
V303C,0.5113
V303D,0.0247
V303E,0.414
V303F,0.561
V303G,0.0487
V303H,0.1547
V303I,0.5737
V303K,0.0834
V303L,0.1899
V303M,0.345
V303N,0.4341
V303P,0.0183
V303Q,0.2009
V303R,0.2695
V303S,0.479
V303T,0.8923
V303W,0.3926
V303Y,0.5775
S304A,0.7182
S304C,0.3053
S304D,0.7126
S304E,0.6715
S304F,0.1585
S304G,0.9162
S304H,0.5944
S304I,0.0371
S304K,0.8270000000000001
S304L,0.4046
S304M,0.4543
S304N,0.7626
S304P,0.2665
S304Q,0.7273
S304R,0.624
S304T,0.8316
S304V,0.8768
S304W,0.1113
S304Y,0.7766
L305A,0.6515
L305C,0.3746
L305D,0.3193
L305E,0.1475
L305F,0.3963
L305G,0.1913
L305H,0.1894
L305I,0.3939
L305K,0.2087
L305M,0.5648
L305N,0.1591
L305P,0.0462
L305Q,0.3653
L305R,0.1589
L305S,0.1749
L305T,0.6082
L305V,0.4916
L305W,0.1677
L305Y,0.1316
C306A,0.6084
C306D,0.6211
C306E,0.8037
C306F,0.0188
C306G,0.1206
C306H,0.0799
C306I,0.5946
C306K,0.5401
C306L,0.1385
C306M,0.3354
C306N,0.1444
C306P,0.0777
C306Q,0.3188
C306R,0.0946
C306S,0.6959
C306T,0.1665
C306V,0.2691
C306W,0.0389
C306Y,0.1256
Q307A,0.2736
Q307C,0.4138
Q307D,0.5836
Q307E,0.5
Q307F,0.3087
Q307G,0.4877
Q307H,0.3084
Q307I,0.4583
Q307K,0.6043
Q307L,0.2217
Q307M,0.2298
Q307N,0.8427
Q307P,0.4421
Q307R,0.7027
Q307S,0.6162
Q307T,0.9827
Q307V,0.032
Q307W,0.4304
Q307Y,0.3006
E308A,0.0464
E308C,0.3634
E308D,0.737
E308F,0.1795
E308G,0.5705
E308H,0.3961
E308I,0.3939
E308K,0.6265
E308L,0.2083
E308M,0.225
E308N,0.4619
E308P,0.0691
E308Q,0.8017
E308R,0.6108
E308S,0.5695
E308T,0.9277
E308V,0.3606
E308W,0.0233
E308Y,0.0527
L309A,0.159
L309C,0.1021
L309D,0.6651
L309E,0.5115
L309F,0.0222
L309G,0.0659
L309H,0.3993
L309I,0.2742
L309K,0.4122
L309M,0.67
L309N,0.6054
L309P,0.0879
L309Q,0.304
L309R,0.1085
L309S,0.0628
L309T,0.1559
L309V,0.0319
L309W,0.1978
L309Y,0.076
L310A,0.2841
L310C,0.2176
L310D,0.0651
L310E,0.1515
L310F,0.1676
L310G,0.0251
L310H,0.2483
L310I,0.1457
L310K,0.3712
L310M,0.369
L310N,0.4216
L310P,0.1474
L310Q,0.4763
L310R,0.2751
L310S,0.1193
L310T,0.0665
L310V,0.1978
L310W,0.0993
L310Y,0.1705
A311C,0.4972
A311D,0.6924
A311E,0.7843
A311F,0.421
A311G,0.7059
A311H,0.5369
A311I,0.2444
A311K,0.6505
A311L,0.4089
A311M,0.3541
A311N,0.8645
A311P,0.6595
A311Q,0.4261
A311R,0.7132
A311S,0.6121
A311T,0.8793
A311V,0.8154
A311W,0.1822
A311Y,0.1004
S312A,0.607
S312C,0.2404
S312D,0.1936
S312E,0.2687
S312F,0.3046
S312G,0.272
S312H,0.3847
S312I,0.2376
S312K,0.0687
S312L,0.025
S312M,0.0986
S312N,0.6945
S312P,0.1477
S312Q,0.2551
S312R,0.0318
S312T,0.5429999999999999
S312V,0.0263
S312W,0.0328
S312Y,0.0848
G313A,0.8075
G313C,0.0688
G313D,0.7434
G313E,0.4259
G313F,0.5252
G313H,0.7484
G313I,0.1731
G313K,0.5624
G313L,0.3069
G313M,0.4381
G313N,0.6078
G313P,0.3338
G313Q,0.1617
G313R,0.4954
G313S,0.6357
G313T,0.6438
G313V,0.029
G313W,0.5988
G313Y,0.9331
L314A,0.7368
L314C,0.7414
L314D,0.6621
L314E,0.5584
L314F,0.4294
L314G,0.3227
L314H,0.7511
L314I,0.9265
L314K,0.8461
L314M,0.6804
L314N,0.7384
L314P,0.2304
L314Q,0.4864
L314R,0.199
L314S,0.2981
L314T,0.831
L314V,0.9446
L314W,0.5505
L314Y,0.3523
V315A,0.2729
V315C,0.2625
V315D,0.4678
V315E,0.4388
V315F,0.0198
V315G,0.2149
V315H,0.6526
V315I,0.16
V315K,0.3348
V315L,0.0562
V315M,0.0152
V315N,0.3873
V315P,0.3901
V315Q,0.2293
V315R,0.0758
V315S,0.2707
V315T,0.3178
V315W,0.9201
V315Y,0.28
P316A,0.2965
P316C,0.0241
P316D,0.2057
P316E,0.0899
P316F,0.0324
P316G,0.4335
P316H,0.1436
P316I,0.3816
P316K,0.4168
P316L,0.0139
P316M,0.2311
P316N,0.2092
P316Q,0.12
P316R,0.6394
P316S,0.5339
P316T,0.0279
P316V,0.394
P316W,0.0248
P316Y,0.0354
G317A,0.0222
G317C,0.0417
G317D,0.0202
G317E,0.1011
G317F,0.1264
G317H,0.1418
G317I,0.4748
G317K,0.2829
G317L,0.0101
G317M,0.0185
G317N,0.1123
G317P,0.1489
G317Q,0.104
G317R,0.0226
G317S,0.0199
G317T,0.0314
G317V,0.0125
G317W,0.0199
G317Y,0.5979
L318A,0.1176
L318C,0.4183
L318D,0.0295
L318E,0.7523
L318F,0.438
L318G,0.1103
L318H,0.0331
L318I,0.8590000000000001
L318K,0.6746
L318M,0.1795
L318N,0.183
L318P,0.241
L318Q,0.146
L318R,0.0926
L318S,0.8522
L318T,0.2878
L318V,0.8783
L318W,0.0255
L318Y,0.2189
H319A,0.3276
H319C,0.2543
H319D,0.0757
H319E,0.5277
H319F,0.1813
H319G,0.0164
H319I,0.2752
H319K,0.1003
H319L,0.1734
H319M,0.2842
H319N,0.0156
H319P,0.3768
H319Q,0.1277
H319R,0.2607
H319S,0.0193
H319T,0.3276
H319V,0.1795
H319W,0.0222
H319Y,0.0277
F320A,0.0261
F320C,0.2827
F320D,0.0233
F320E,0.1002
F320G,0.0202
F320H,0.6202
F320I,0.237
F320K,0.1224
F320L,0.2019
F320M,0.6634
F320N,0.1658
F320P,0.0341
F320Q,0.134
F320R,0.1944
F320S,0.3693
F320T,0.2168
F320V,0.1492
F320W,0.4671
F320Y,0.097
Y321A,0.0361
Y321C,0.1703
Y321D,0.1622
Y321E,0.0802
Y321F,0.5660000000000001
Y321G,0.1565
Y321H,0.2449
Y321I,0.0177
Y321K,0.0959
Y321L,0.0288
Y321M,0.3815
Y321N,0.032
Y321P,0.0894
Y321Q,0.342
Y321R,0.0252
Y321S,0.0168
Y321T,0.3612
Y321V,0.2324
Y321W,0.1528
T322A,0.9837
T322C,0.9673
T322D,0.0744
T322E,0.4537
T322F,0.0642
T322G,0.0281
T322H,0.5197
T322I,0.5886
T322K,0.3747
T322L,0.4433
T322M,0.7915
T322N,0.148
T322P,0.0673
T322Q,0.6642
T322R,0.0494
T322S,0.9742
T322V,0.7459
T322W,0.0238
T322Y,0.1411
L323A,0.511
L323C,0.4897
L323D,0.0546
L323E,0.3033
L323F,0.872
L323G,0.096
L323H,0.9133
L323I,0.1546
L323K,0.1004
L323M,0.6612
L323N,0.1128
L323P,0.0932
L323Q,0.6846
L323R,0.1403
L323S,0.5449
L323T,0.6869
L323V,0.5106
L323W,0.3091
L323Y,0.9828
N324A,0.1377
N324C,0.1973
N324D,0.7807
N324E,0.1448
N324F,0.2854
N324G,0.7718
N324H,0.1556
N324I,0.1918
N324K,0.0584
N324L,0.2687
N324M,0.2754
N324P,0.2724
N324Q,0.2014
N324R,0.0454
N324S,0.4922
N324T,0.0218
N324V,0.0672
N324W,0.1761
N324Y,0.6675
R325A,0.7579
R325C,0.7376
R325D,0.6465
R325E,0.7101
R325F,0.9408
R325G,0.8356
R325H,0.6801
R325I,0.7973
R325K,0.6775
R325L,0.7498
R325M,0.7718
R325N,0.6847
R325P,0.5095
R325Q,0.8647
R325S,0.7646
R325T,0.7884
R325V,0.8944
R325W,0.7299
R325Y,0.8686
E326A,0.9551
E326C,0.7989
E326D,0.7843
E326F,0.5424
E326G,0.965
E326H,0.1519
E326I,0.9847
E326K,0.4238
E326L,0.7224
E326M,0.9469
E326N,0.7236
E326P,0.9846
E326Q,0.5335
E326R,0.0903
E326S,0.8846
E326T,0.7513
E326V,0.9585
E326W,0.3674
E326Y,0.5078
M327A,0.8192
M327C,0.6236
M327D,0.6791
M327E,0.6117
M327F,0.8976
M327G,0.7988
M327H,0.6705
M327I,0.8440000000000001
M327K,0.9134
M327L,0.9306
M327N,0.9609
M327P,0.2348
M327Q,0.7736
M327R,0.7611
M327S,0.8340000000000001
M327T,0.7939
M327V,0.901
M327W,0.7802
M327Y,0.6746
A328C,0.9101
A328D,0.3607
A328E,0.9392
A328F,0.8713
A328G,0.9823
A328H,0.9114
A328I,0.7732
A328K,0.5048
A328L,0.8952
A328M,0.7314
A328N,0.7440000000000001
A328P,0.1576
A328Q,0.9325
A328R,0.2211
A328S,0.7015
A328T,0.8299
A328V,0.8075
A328W,0.5843
A328Y,0.5798
T329A,0.4839
T329C,0.9816
T329D,0.1268
T329E,0.426
T329F,0.2815
T329G,0.6555
T329H,0.149
T329I,0.6951
T329K,0.5399
T329L,0.544
T329M,0.405
T329N,0.2919
T329P,0.4302
T329Q,0.4577
T329R,0.0993
T329S,0.9724
T329V,0.9123
T329W,0.9564
T329Y,0.4861
T330A,0.9333
T330C,0.993
T330D,0.3337
T330E,0.706
T330F,0.8309
T330G,0.6181
T330H,0.7368
T330I,0.794
T330K,0.8384
T330L,0.9367
T330M,0.7040000000000001
T330N,0.2679
T330P,0.2696
T330Q,0.6636
T330R,0.637
T330S,0.5479999999999999
T330V,0.7382
T330W,0.5871
T330Y,0.9208
E331A,0.6932
E331C,0.7396
E331D,0.5129
E331F,0.3116
E331G,0.4562
E331H,0.354
E331I,0.3021
E331K,0.2152
E331L,0.3414
E331M,0.3221
E331N,0.2252
E331P,0.3099
E331Q,0.9086
E331R,0.5133
E331S,0.9344
E331T,0.6715
E331V,0.8677
E331W,0.1018
E331Y,0.1009
V332A,0.6576
V332C,0.5735
V332D,0.1829
V332E,0.2438
V332F,0.0334
V332G,0.0945
V332H,0.09
V332I,0.6445
V332K,0.272
V332L,0.8919
V332M,0.2837
V332N,0.2248
V332P,0.5465
V332Q,0.3942
V332R,0.2416
V332S,0.4029
V332T,0.3081
V332W,0.1491
V332Y,0.4917
L333A,0.8464
L333C,0.5231
L333D,0.6439
L333E,0.5694
L333F,0.2469
L333G,0.3045
L333H,0.1258
L333I,0.0961
L333K,0.5423
L333M,0.8192
L333N,0.6886
L333P,0.4432
L333Q,0.1529
L333R,0.0848
L333S,0.4841
L333T,0.5225
L333V,0.3007
L333W,0.2882
L333Y,0.2302
K334A,0.2313
K334C,0.1096
K334D,0.416
K334E,0.223
K334F,0.0197
K334G,0.0848
K334H,0.1669
K334I,0.1835
K334L,0.0273
K334M,0.4753
K334N,0.0366
K334P,0.2368
K334Q,0.2877
K334R,0.7204
K334S,0.1175
K334T,0.2303
K334V,0.111
K334W,0.2046
K334Y,0.6298
R335A,0.5421
R335C,0.0156
R335D,0.4306
R335E,0.6961
R335F,0.0313
R335G,0.2174
R335H,0.0102
R335I,0.3373
R335K,0.475
R335L,0.0151
R335M,0.3073
R335N,0.6472
R335P,0.3493
R335Q,0.3554
R335S,0.0398
R335T,0.3865
R335V,0.1648
R335W,0.7836
R335Y,0.4226
L336A,0.489
L336C,0.3294
L336D,0.1862
L336E,0.2495
L336F,0.0393
L336G,0.2233
L336H,0.2272
L336I,0.9708
L336K,0.2083
L336M,0.0765
L336N,0.1534
L336P,0.0877
L336Q,0.1745
L336R,0.2586
L336S,0.1885
L336T,0.4564
L336V,0.4536
L336W,0.0627
L336Y,0.3399
G337A,0.3111
G337C,0.1528
G337D,0.2242
G337E,0.0171
G337F,0.1282
G337H,0.2194
G337I,0.1225
G337K,0.1903
G337L,0.5939
G337M,0.1111
G337N,0.3578
G337P,0.2226
G337Q,0.5075
G337R,0.092
G337S,0.1251
G337T,0.2728
G337V,0.0138
G337W,0.0305
G337Y,0.1456
M338A,0.7249
M338C,0.4969
M338D,0.5644
M338E,0.2583
M338F,0.1358
M338G,0.0806
M338H,0.4444
M338I,0.6859
M338K,0.417
M338L,0.2906
M338N,0.1505
M338P,0.4567
M338Q,0.649
M338R,0.5749
M338S,0.1114
M338T,0.6189
M338V,0.7892
M338W,0.9698
M338Y,0.5624
W339A,0.4914
W339C,0.2147
W339D,0.6242
W339E,0.5916
W339F,0.735
W339G,0.3931
W339H,0.5754
W339I,0.8526
W339K,0.5837
W339L,0.5897
W339M,0.7018
W339N,0.5553
W339P,0.435
W339Q,0.5227
W339R,0.3597
W339S,0.2766
W339T,0.6667
W339V,0.6021
W339Y,0.3045
T340A,0.6305
T340C,0.662
T340D,0.593
T340E,0.75
T340F,0.3761
T340G,0.5875
T340H,0.7439
T340I,0.9935
T340K,0.7212
T340L,0.7439
T340M,0.6036
T340N,0.9241
T340P,0.3544
T340Q,0.7206
T340R,0.5886
T340S,0.4083
T340V,0.7859999999999999
T340W,0.4798
T340Y,0.7170000000000001
E341A,0.9065
E341C,0.6847
E341D,0.6574
E341F,0.71
E341G,0.1979
E341H,0.3819
E341I,0.7659999999999999
E341K,0.1161
E341L,0.8729
E341M,0.6465
E341N,0.6713
E341P,0.4683
E341Q,0.6853
E341R,0.6645
E341S,0.5947
E341T,0.7529
E341V,0.2928
E341W,0.5955
E341Y,0.5896
D342A,0.6143
D342C,0.3961
D342E,0.9955
D342F,0.5104
D342G,0.7888
D342H,0.1795
D342I,0.3511
D342K,0.5877
D342L,0.7005
D342M,0.4484
D342N,0.9575
D342P,0.625
D342Q,0.6136
D342R,0.6737
D342S,0.6058
D342T,0.511
D342V,0.2839
D342W,0.5659
D342Y,0.4597
P343A,0.1906
P343C,0.4008
P343D,0.5344
P343E,0.57
P343F,0.8886
P343G,0.5912
P343H,0.0069999999999999
P343I,0.7084
P343K,0.5414
P343L,0.7815
P343M,0.5336
P343N,0.5521
P343Q,0.5031
P343R,0.2405
P343S,0.0518
P343T,0.1418
P343V,0.6043
P343W,0.407
P343Y,0.5792
R344A,0.7621
R344C,0.5382
R344D,0.7641
R344E,0.7159
R344F,0.9621
R344G,0.9222
R344H,0.7186
R344I,0.6288
R344K,0.8361
R344L,0.9185
R344M,0.7276
R344N,0.8181
R344P,0.7309
R344Q,0.6476
R344S,0.8509
R344T,0.8694
R344V,0.9157
R344W,0.7341
R344Y,0.8626
R345A,0.634
R345C,0.8081
R345D,0.6927
R345E,0.5483
R345F,0.4646
R345G,0.6709999999999999
R345H,0.8577
R345I,0.4385
R345K,0.79
R345L,0.8347
R345M,0.6883
R345N,0.4688
R345P,0.9036
R345Q,0.7188
R345S,0.7495
R345T,0.5508
R345V,0.5928
R345W,0.307
R345Y,0.3974
P346A,0.622
P346C,0.5643
P346D,0.3616
P346E,0.3304
P346F,0.7686
P346G,0.4979
P346H,0.4242
P346I,0.5814
P346K,0.4246
P346L,0.8086
P346M,0.4578
P346N,0.4016
P346Q,0.4917
P346R,0.4272
P346S,0.7564
P346T,0.9463
P346V,0.353
P346W,0.4218
P346Y,0.4733
L347A,0.4203
L347C,0.3532
L347D,0.574
L347E,0.5603
L347F,0.5753
L347G,0.4912
L347H,0.7224
L347I,0.7235
L347K,0.5874
L347M,0.6765
L347N,0.5603
L347P,0.348
L347Q,0.385
L347R,0.5577
L347S,0.4146
L347T,0.3208
L347V,0.7091
L347W,0.5511
L347Y,0.3866
P348A,0.5713
P348C,0.2057
P348D,0.6152
P348E,0.6183
P348F,0.7839
P348G,0.6132
P348H,0.2894
P348I,0.1751
P348K,0.6141
P348L,0.4617
P348M,0.2229
P348N,0.5644
P348Q,0.3199
P348R,0.8563
P348S,0.2326
P348T,0.4196
P348V,0.3385
P348W,0.279
P348Y,0.5201
W349A,0.703
W349C,0.6628
W349D,0.6034
W349E,0.8432
W349F,0.7935
W349G,0.8421
W349H,0.9212
W349I,0.9451
W349K,0.6102
W349L,0.626
W349M,0.8531
W349N,0.6031
W349P,0.815
W349Q,0.8759999999999999
W349R,0.37
W349S,0.7718
W349T,0.5518
W349V,0.9505
W349Y,0.3735
A350C,0.7109
A350D,0.6211
A350E,0.3735
A350F,0.7305
A350G,0.8736
A350H,0.3591
A350I,0.8956
A350K,0.6476
A350L,0.8983
A350M,0.4429
A350N,0.4145
A350P,0.4986
A350Q,0.6529
A350R,0.9179
A350S,0.8602
A350T,0.938
A350V,0.9556
A350W,0.591
A350Y,0.3997
L351A,0.614
L351C,0.8963
L351D,0.7465
L351E,0.7596
L351F,0.9653
L351G,0.7313
L351H,0.5558
L351I,0.6289
L351K,0.7159
L351M,0.7689
L351N,0.715
L351P,0.9912
L351Q,0.6735
L351R,0.5773
L351S,0.8197
L351T,0.6736
L351V,0.7918
L351W,0.6032
L351Y,0.8784
S352A,0.6003
S352C,0.2453
S352D,0.7292
S352E,0.4514
S352F,0.283
S352G,0.4648
S352H,0.6349
S352I,0.6796
S352K,0.6811
S352L,0.7819
S352M,0.6915
S352N,0.8834
S352P,0.5863
S352Q,0.6311
S352R,0.5232
S352T,0.4765
S352V,0.6738
S352W,0.8320000000000001
S352Y,0.6069
A353C,0.9644
A353D,0.1718
A353E,0.6009
A353F,0.8906
A353G,0.5179
A353H,0.6439
A353I,0.3835
A353K,0.504
A353L,0.216
A353M,0.4326
A353N,0.5025
A353P,0.8379
A353Q,0.4676
A353R,0.4918
A353S,0.5593
A353T,0.8401
A353V,0.8296
A353W,0.3086
A353Y,0.4323
H354A,0.7204
H354C,0.3194
H354D,0.6568
H354E,0.6815
H354F,0.8279
H354G,0.5435
H354I,0.3218
H354K,0.6365
H354L,0.7017
H354M,0.9143
H354N,0.5215
H354P,0.4485
H354Q,0.8161
H354R,0.5974
H354S,0.5916
H354T,0.5819
H354V,0.5955
H354W,0.2258
H354Y,0.3989
P355A,0.6031
P355C,0.9051
P355D,0.5535
P355E,0.5705
P355F,0.8381
P355G,0.1777
P355H,0.8537
P355I,0.6711
P355K,0.5221
P355L,0.8062
P355M,0.5642
P355N,0.3842
P355Q,0.8202
P355R,0.9314
P355S,0.8021
P355T,0.1265
P355V,0.597
P355W,0.4995
P355Y,0.4541
K356A,0.7152
K356C,0.967
K356D,0.6902
K356E,0.7977
K356F,0.8799
K356G,0.2928
K356H,0.8163
K356I,0.9487
K356L,0.9742
K356M,0.8845
K356N,0.6709
K356P,0.72
K356Q,0.9021
K356R,0.9547
K356S,0.6682
K356T,0.9251
K356V,0.9448
K356W,0.8346
K356Y,0.8181
R357A,0.7736
R357C,0.7387
R357D,0.8524
R357E,0.7267
R357F,0.6916
R357G,0.5121
R357H,0.8139
R357I,0.962
R357K,0.8411
R357L,0.4226
R357M,0.9834
R357N,0.8512
R357P,0.667
R357Q,0.9037
R357S,0.5154
R357T,0.7239
R357V,0.7747
R357W,0.5367
R357Y,0.5675
R358A,0.959
R358C,0.7792
R358D,0.6015
R358E,0.6704
R358F,0.9657
R358G,0.4381
R358H,0.735
R358I,0.7340000000000001
R358K,0.7022
R358L,0.8508
R358M,0.2935
R358N,0.9521
R358P,0.642
R358Q,0.9421
R358S,0.763
R358T,0.7446
R358V,0.8713
R358W,0.9815
R358Y,0.9611
E359A,0.4942
E359C,0.7732
E359D,0.7381
E359F,0.9631
E359G,0.4824
E359H,0.7772
E359I,0.8197
E359K,0.9575
E359L,0.8891
E359M,0.6008
E359N,0.6344
E359P,0.377
E359Q,0.7475
E359R,0.511
E359S,0.7322
E359T,0.8135
E359V,0.983
E359W,0.3098
E359Y,0.8981
E360A,0.8319
E360C,0.8634
E360D,0.8295
E360F,0.9014
E360G,0.7679
E360H,0.6956
E360I,0.9306
E360K,0.9891
E360L,0.1037
E360M,0.8202
E360N,0.7514
E360P,0.511
E360Q,0.8574
E360R,0.2595
E360S,0.8272
E360T,0.2982
E360V,0.612
E360W,0.7399
E360Y,0.975
D361A,0.4998
D361C,0.8719
D361E,0.6973
D361F,0.7892
D361G,0.8075
D361H,0.6343
D361I,0.2873
D361K,0.5939
D361L,0.7681
D361M,0.6557
D361N,0.7487
D361P,0.5753
D361Q,0.6498
D361R,0.7656
D361S,0.7306
D361T,0.643
D361V,0.7431
D361W,0.619
D361Y,0.9223
V362A,0.6052
V362C,0.59
V362D,0.3082
V362E,0.7688
V362F,0.33
V362G,0.3238
V362H,0.2855
V362I,0.8139
V362K,0.7495
V362L,0.7679
V362M,0.8462
V362N,0.403
V362P,0.3315
V362Q,0.779
V362R,0.5298
V362S,0.746
V362T,0.8749
V362W,0.0737
V362Y,0.5929
R363A,0.7928
R363C,0.4274
R363D,0.7095
R363E,0.7168
R363F,0.6325
R363G,0.3081
R363H,0.6339
R363I,0.9411
R363K,0.6167
R363L,0.5104
R363M,0.5966
R363N,0.3654
R363P,0.7523
R363Q,0.6752
R363S,0.7879
R363T,0.5528
R363V,0.1853
R363W,0.5474
R363Y,0.7619
P364A,0.7120000000000001
P364C,0.5628
P364D,0.7111
P364E,0.8821
P364F,0.4461
P364G,0.7918
P364H,0.329
P364I,0.7659
P364K,0.7447
P364L,0.1557
P364M,0.7418
P364N,0.5985
P364Q,0.4592
P364R,0.6884
P364S,0.6241
P364T,0.5896
P364V,0.9801
P364W,0.6599
P364Y,0.5104
I365A,0.6945
I365C,0.6405
I365D,0.6813
I365E,0.5136
I365F,0.6626
I365G,0.5753
I365H,0.6348
I365K,0.6903
I365L,0.7709
I365M,0.7326
I365N,0.8148
I365P,0.833
I365Q,0.9376
I365R,0.6148
I365S,0.8961
I365T,0.7105
I365V,0.9927
I365W,0.5634
I365Y,0.695
F366A,0.6992
F366C,0.2623
F366D,0.8069
F366E,0.6441
F366G,0.5494
F366H,0.6341
F366I,0.4542
F366K,0.5165
F366L,0.4751
F366M,0.5205
F366N,0.9143
F366P,0.9516
F366Q,0.6352
F366R,0.3049
F366S,0.4203
F366T,0.9337
F366V,0.4504
F366W,0.4546
F366Y,0.8926
W367A,0.8865
W367C,0.5289
W367D,0.5592
W367E,0.6759999999999999
W367F,0.5806
W367G,0.9632
W367H,0.5863
W367I,0.8421
W367K,0.6768
W367L,0.3315
W367M,0.3955
W367N,0.6911
W367P,0.5957
W367Q,0.6302
W367R,0.6165
W367S,0.5305
W367T,0.4351
W367V,0.5083
W367Y,0.7159
A368C,0.8122
A368D,0.7186
A368E,0.7827
A368F,0.8868
A368G,0.7471
A368H,0.7145
A368I,0.7209
A368K,0.7190000000000001
A368L,0.9525
A368M,0.7127
A368N,0.8561
A368P,0.8978
A368Q,0.7082
A368R,0.79
A368S,0.5809
A368T,0.8931
A368V,0.8907
A368W,0.6759999999999999
A368Y,0.9617
S369A,0.6975
S369C,0.5198
S369D,0.6367
S369E,0.6976
S369F,0.8738
S369G,0.6719
S369H,0.7184
S369I,0.6144
S369K,0.5177
S369L,0.9939
S369M,0.1442
S369N,0.4364
S369P,0.7309
S369Q,0.6769
S369R,0.5809
S369T,0.9155
S369V,0.7651
S369W,0.4349
S369Y,0.8918
R370A,0.4
R370C,0.9291
R370D,0.7574
R370E,0.6921
R370F,0.7848
R370G,0.7437
R370H,0.6713
R370I,0.3412
R370K,0.9909
R370L,0.7479
R370M,0.9524
R370N,0.6023
R370P,0.7491
R370Q,0.7935
R370S,0.8211
R370T,0.9089
R370V,0.6547
R370W,0.5295
R370Y,0.6661
P371A,0.4897
P371C,0.8108
P371D,0.7597
P371E,0.7984
P371F,0.889
P371G,0.6117
P371H,0.7537
P371I,0.9709
P371K,0.8579
P371L,0.9931
P371M,0.8876
P371N,0.8548
P371Q,0.9668
P371R,0.6223
P371S,0.9665
P371T,0.9212
P371V,0.9074
P371W,0.8586
P371Y,0.9426
K372A,0.6306
K372C,0.8906
K372D,0.233
K372E,0.6297
K372F,0.7528
K372G,0.5058
K372H,0.9022
K372I,0.4394
K372L,0.6102
K372M,0.9003
K372N,0.498
K372P,0.6189
K372Q,0.4184
K372R,0.3281
K372S,0.2929
K372T,0.5316
K372V,0.992
K372W,0.1382
K372Y,0.8235
S373A,0.7158
S373C,0.8733
S373D,0.5686
S373E,0.5801
S373F,0.9836
S373G,0.7733
S373H,0.6992
S373I,0.9766
S373K,0.8
S373L,0.4409
S373M,0.7554
S373N,0.505
S373P,0.6875
S373Q,0.7356
S373R,0.3889
S373T,0.4581
S373V,0.8952
S373W,0.8414
S373Y,0.9875
Y374A,0.5662
Y374C,0.3414
Y374D,0.4551
Y374E,0.8649
Y374F,0.9114
Y374G,0.535
Y374H,0.472
Y374I,0.9485
Y374K,0.3142
Y374L,0.6884
Y374M,0.8356
Y374N,0.5599
Y374P,0.741
Y374Q,0.7689
Y374R,0.568
Y374S,0.6714
Y374T,0.763
Y374V,0.337
Y374W,0.8724
I375A,0.362
I375C,0.8574
I375D,0.5078
I375E,0.3388
I375F,0.9713
I375G,0.8753
I375H,0.5282
I375K,0.3187
I375L,0.9821
I375M,0.9096
I375N,0.9626
I375P,0.9245
I375Q,0.682
I375R,0.9203
I375S,0.9506
I375T,0.7133
I375V,0.8632
I375W,0.731
I375Y,0.4828
Y376A,0.8747
Y376C,0.8445
Y376D,0.7338
Y376E,0.2038
Y376F,0.6831
Y376G,0.8423
Y376H,0.9395
Y376I,0.8961
Y376K,0.721
Y376L,0.9897
Y376M,0.8118
Y376N,0.9109
Y376P,0.6744
Y376Q,0.4532
Y376R,0.9784
Y376S,0.711
Y376T,0.6297
Y376V,0.8703
Y376W,0.9867
R377A,0.8608
R377C,0.8354
R377D,0.902
R377E,0.5156
R377F,0.8137
R377G,0.5754
R377H,0.8157
R377I,0.8322
R377K,0.3478
R377L,0.907
R377M,0.8936
R377N,0.4838
R377P,0.8535
R377Q,0.4404
R377S,0.461
R377T,0.5458
R377V,0.7197
R377W,0.8047
R377Y,0.9628
T378A,0.8435
T378C,0.2454
T378D,0.5585
T378E,0.2772
T378F,0.2123
T378G,0.7341
T378H,0.6979
T378I,0.6344
T378K,0.3178
T378L,0.8594
T378M,0.7852
T378N,0.3902
T378P,0.4169
T378Q,0.5638
T378R,0.5961
T378S,0.8649
T378V,0.9659
T378W,0.6496
T378Y,0.3729
Q379A,0.7222
Q379C,0.7545
Q379D,0.8316
Q379E,0.4457
Q379F,0.9218
Q379G,0.8617
Q379H,0.9142
Q379I,0.7601
Q379K,0.6265
Q379L,0.9389
Q379M,0.8451
Q379N,0.4894
Q379P,0.899
Q379R,0.9427
Q379S,0.8096
Q379T,0.6378
Q379V,0.9408
Q379W,0.8179
Q379Y,0.8204
E380A,0.7225
E380C,0.7829999999999999
E380D,0.8006
E380F,0.4285
E380G,0.7261
E380H,0.5564
E380I,0.7408
E380K,0.8026
E380L,0.9347
E380M,0.7407
E380N,0.2168
E380P,0.4026
E380Q,0.8892
E380R,0.4548
E380S,0.835
E380T,0.7298
E380V,0.7542
E380W,0.9692
E380Y,0.963
W381A,0.3988
W381C,0.7967
W381D,0.4004
W381E,0.7555
W381F,0.9488
W381G,0.2947
W381H,0.4778
W381I,0.6814
W381K,0.6676
W381L,0.8768
W381M,0.6157
W381N,0.493
W381P,0.6518
W381Q,0.6126
W381R,0.7296
W381S,0.9656
W381T,0.7616
W381V,0.8115
W381Y,0.8509
D382A,0.9648
D382C,0.8201
D382E,0.9925
D382F,0.9172
D382G,0.8515
D382H,0.7999
D382I,0.8695
D382K,0.7597
D382L,0.8078
D382M,0.8536
D382N,0.7762
D382P,0.9173
D382Q,0.9475
D382R,0.9105
D382S,0.9304
D382T,0.7996
D382V,0.9148
D382W,0.8324
D382Y,0.8149
E383A,0.5057
E383C,0.7353
E383D,0.9107
E383F,0.9417
E383G,0.8171
E383H,0.6686
E383I,0.289
E383K,0.5632
E383L,0.8748
E383M,0.8627
E383N,0.8954
E383P,0.3837
E383Q,0.7348
E383R,0.7925
E383S,0.6933
E383T,0.4916
E383V,0.9623
E383W,0.9244
E383Y,0.9766
F384A,0.4658
F384C,0.8082
F384D,0.3656
F384E,0.652
F384G,0.8305
F384H,0.731
F384I,0.6592
F384K,0.7639
F384L,0.8962
F384M,0.7387
F384N,0.8398
F384P,0.6772
F384Q,0.7523
F384R,0.5913
F384S,0.5188
F384T,0.5822
F384V,0.7895
F384W,0.7538
F384Y,0.935
P385A,0.9724
P385C,0.7893
P385D,0.7064
P385E,0.2614
P385F,0.9133
P385G,0.7082
P385H,0.4466
P385I,0.9236
P385K,0.324
P385L,0.7228
P385M,0.9116
P385N,0.4093
P385Q,0.4406
P385R,0.9626
P385S,0.6926
P385T,0.7655
P385V,0.9487
P385W,0.9171
P385Y,0.7551
N386A,0.7499
N386C,0.7873
N386D,0.8355
N386E,0.8668
N386F,0.816
N386G,0.9533
N386H,0.6029
N386I,0.5862
N386K,0.8382
N386L,0.9064
N386M,0.7752
N386P,0.9458
N386Q,0.7604
N386R,0.675
N386S,0.8079
N386T,0.711
N386V,0.857
N386W,0.9883
N386Y,0.9581
G387A,0.8331
G387C,0.9721
G387D,0.976
G387E,0.9295
G387F,0.9476
G387H,0.8076
G387I,0.9108
G387K,0.6349
G387L,0.9884
G387M,0.9017
G387N,0.8463
G387P,0.1401
G387Q,0.6966
G387R,0.9391
G387S,0.7671
G387T,0.4879
G387V,0.7962
G387W,0.9378
G387Y,0.8732
R388A,0.7892
R388C,0.6684
R388D,0.8767
R388E,0.4985
R388F,0.8443
R388G,0.8903
R388H,0.9375
R388I,0.9374
R388K,0.664
R388L,0.987
R388M,0.8355
R388N,0.9564
R388P,0.31
R388Q,0.4706
R388S,0.8477
R388T,0.7773
R388V,0.8488
R388W,0.9709
R388Y,0.8568
W389A,0.7389
W389C,0.447
W389D,0.8984
W389E,0.8882
W389F,0.8498
W389G,0.6082
W389H,0.7119
W389I,0.9512
W389K,0.8976
W389L,0.9092
W389M,0.9169
W389N,0.9041
W389P,0.8726
W389Q,0.8171
W389R,0.6159
W389S,0.9334
W389T,0.8617
W389V,0.9032
W389Y,0.7407
G390A,0.9818
G390C,0.6538
G390D,0.9497
G390E,0.8635
G390F,0.8599
G390H,0.7445
G390I,0.9378
G390K,0.7788
G390L,0.8776
G390M,0.767
G390N,0.6702
G390P,0.9175
G390Q,0.7159
G390R,0.9538
G390S,0.8401
G390T,0.5557
G390V,0.9292
G390W,0.8349
G390Y,0.9802
N391A,0.9542
N391C,0.9075
N391D,0.8999
N391E,0.8606
N391F,0.8958
N391G,0.8518
N391H,0.9061
N391I,0.8198
N391K,0.9731
N391L,0.8256
N391M,0.9812
N391P,0.3354
N391Q,0.8033
N391R,0.962
N391S,0.8472
N391T,0.5498
N391V,0.9583
N391W,0.9287
N391Y,0.8693
S392A,0.7659999999999999
S392C,0.9255
S392D,0.884
S392E,0.6793
S392F,0.8944
S392G,0.923
S392H,0.7146
S392I,0.9778
S392K,0.5758
S392L,0.9535
S392M,0.9558
S392N,0.6712
S392P,0.8774
S392Q,0.7686
S392R,0.8592
S392T,0.7597
S392V,0.7024
S392W,0.9768
S392Y,0.945
S393A,0.8929
S393C,0.9539
S393D,0.8145
S393E,0.8366
S393F,0.8265
S393G,0.7583
S393H,0.6659999999999999
S393I,0.7695
S393K,0.6077
S393L,0.8874
S393M,0.8740000000000001
S393N,0.6004
S393P,0.8663
S393Q,0.528
S393R,0.763
S393T,0.8744
S393V,0.8159
S393W,0.7032
S393Y,0.715
S394A,0.9797
S394C,0.8929
S394D,0.7986
S394E,0.8975
S394F,0.9894
S394G,0.9889
S394H,0.8102
S394I,0.6529
S394K,0.7422
S394L,0.8328
S394M,0.7849
S394N,0.7523
S394P,0.9585
S394Q,0.7618
S394R,0.4328
S394T,0.9172
S394V,0.9392
S394W,0.8808
S394Y,0.905
P395A,0.8277
P395C,0.8767
P395D,0.9832
P395E,0.9414
P395F,0.9478
P395G,0.9156
P395H,0.8109
P395I,0.8015
P395K,0.4959
P395L,0.9436
P395M,0.9265
P395N,0.8185
P395Q,0.6163
P395R,0.8391
P395S,0.9497
P395T,0.9765
P395V,0.9646
P395W,0.9652
P395Y,0.972
A396C,0.8141
A396D,0.7448
A396E,0.9093
A396F,0.8796
A396G,0.7951
A396H,0.5597
A396I,0.6003
A396K,0.4838
A396L,0.7863
A396M,0.7859999999999999
A396N,0.4184
A396P,0.8909
A396Q,0.7015
A396R,0.8325
A396S,0.6798
A396T,0.9939
A396V,0.9767
A396W,0.8666
A396Y,0.7272
F397A,0.8716
F397C,0.632
F397D,0.8951
F397E,0.4055
F397G,0.9433
F397H,0.9467
F397I,0.8825
F397K,0.9441
F397L,0.8785
F397M,0.8909999999999999
F397N,0.9702
F397P,0.7916
F397Q,0.7233
F397R,0.9056
F397S,0.929
F397T,0.7395
F397V,0.9744
F397W,0.9194
F397Y,0.8991
G398A,0.915
G398C,0.9612
G398D,0.6297
G398E,0.8187
G398F,0.8376
G398H,0.9646
G398I,0.8195
G398K,0.7547
G398L,0.8209
G398M,0.7326
G398N,0.741
G398P,0.8440000000000001
G398Q,0.7435
G398R,0.9785
G398S,0.8048
G398T,0.9059
G398V,0.9361
G398W,0.6933
G398Y,0.9726
E399A,0.8409
E399C,0.8286
E399D,0.7741
E399F,0.973
E399G,0.8420000000000001
E399H,0.9031
E399I,0.8739
E399K,0.8059
E399L,0.8746
E399M,0.8677
E399N,0.3227
E399P,0.9038
E399Q,0.7422
E399R,0.737
E399S,0.9647
E399T,0.8572
E399V,0.9947
E399W,0.9026
E399Y,0.9153
L400A,0.9543
L400C,0.8005
L400D,0.9058
L400E,0.7174
L400F,0.8904
L400G,0.7285
L400H,0.6669
L400I,0.8289
L400K,0.7491
L400M,0.8821
L400N,0.9527
L400P,0.8376
L400Q,0.974
L400R,0.8053
L400S,0.8819
L400T,0.9251
L400V,0.8573
L400W,0.5864
L400Y,0.8348
K401A,0.8311
K401C,0.9045
K401D,0.8276
K401E,0.9311
K401F,0.8739
K401G,0.9655
K401H,0.8439
K401I,0.9672
K401L,0.9716
K401M,0.8569
K401N,0.6935
K401P,0.7303
K401Q,0.8851
K401R,0.9158
K401S,0.9758
K401T,0.9011
K401V,0.8899
K401W,0.7113
K401Y,0.9837
D402A,0.9126
D402C,0.9553
D402E,0.8809
D402F,0.8641
D402G,0.8612
D402H,0.8236
D402I,0.778
D402K,0.452
D402L,0.8257
D402M,0.9105
D402N,0.9173
D402P,0.7284
D402Q,0.7821
D402R,0.6105
D402S,0.8586
D402T,0.7571
D402V,0.7983
D402W,0.9607
D402Y,0.5660000000000001
Y403A,0.8585
Y403C,0.974
Y403D,0.9542
Y403E,0.7161
Y403F,0.852
Y403G,0.8228
Y403H,0.9322
Y403I,0.9806
Y403K,0.1681
Y403L,0.8927
Y403M,0.9053
Y403N,0.7432
Y403P,0.3913
Y403Q,0.8273
Y403R,0.9439
Y403S,0.6526
Y403T,0.4701
Y403V,0.9538
Y403W,0.9243
Y404A,0.9408
Y404C,0.9139
Y404D,0.7938
Y404E,0.753
Y404F,0.865
Y404G,0.8183
Y404H,0.9438
Y404I,0.8398
Y404K,0.7486
Y404L,0.9722
Y404M,0.7727
Y404N,0.7196
Y404P,0.7861
Y404Q,0.9002
Y404R,0.9295
Y404S,0.9888
Y404T,0.8075
Y404V,0.8524
Y404W,0.8891
L405A,0.8027
L405C,0.9721
L405D,0.5392
L405E,0.8989
L405F,0.9904
L405G,0.7205
L405H,0.8538
L405I,0.8609
L405K,0.8125
L405M,0.9357
L405N,0.8409
L405P,0.8547
L405Q,0.9256
L405R,0.8646
L405S,0.5328
L405T,0.7923
L405V,0.8543
L405W,0.894
L405Y,0.6263
F406A,0.9184
F406C,0.8792
F406D,0.6547
F406E,0.8642
F406G,0.765
F406H,0.4299
F406I,0.8554
F406K,0.8354
F406L,0.9769
F406M,0.6446
F406N,0.8781
F406P,0.938
F406Q,0.5513
F406R,0.1374
F406S,0.7616
F406T,0.6584
F406V,0.9501
F406W,0.892
F406Y,0.9359
Y407A,0.5993
Y407C,0.8624
Y407D,0.8614
Y407E,0.6959
Y407F,0.9848
Y407G,0.9399
Y407H,0.6621
Y407I,0.8732
Y407K,0.317
Y407L,0.8519
Y407M,0.8861
Y407N,0.2266
Y407P,0.5238
Y407Q,0.6607
Y407R,0.4995
Y407S,0.9234
Y407T,0.4761
Y407V,0.9155
Y407W,0.7851
L408A,0.8417
L408C,0.7834
L408D,0.5776
L408E,0.7733
L408F,0.9604
L408G,0.8319
L408H,0.7615
L408I,0.8647
L408K,0.7584
L408M,0.5285
L408N,0.6884
L408P,0.7091
L408Q,0.8536
L408R,0.8762
L408S,0.5762
L408T,0.9114
L408V,0.8053
L408W,0.8787
L408Y,0.9807
K409A,0.9606
K409C,0.8064
K409D,0.6521
K409E,0.8516
K409F,0.7491
K409G,0.9512
K409H,0.7151
K409I,0.8609
K409L,0.9385
K409M,0.9148
K409N,0.8229
K409P,0.5381
K409Q,0.8733
K409R,0.9769
K409S,0.9205
K409T,0.8341
K409V,0.7925
K409W,0.9571
K409Y,0.7398
S410A,0.7618
S410C,0.7392
S410D,0.9569
S410E,0.6941
S410F,0.951
S410G,0.8399
S410H,0.9214
S410I,0.8397
S410K,0.7513
S410L,0.8561
S410M,0.893
S410N,0.8498
S410P,0.947
S410Q,0.7876
S410R,0.5542
S410T,0.7609999999999999
S410V,0.9837
S410W,0.6853
S410Y,0.6978
K411A,0.7105
K411C,0.8601
K411D,0.8743
K411E,0.9643
K411F,0.9576
K411G,0.7487
K411H,0.7223
K411I,0.9358
K411L,0.9619
K411M,0.9265
K411N,0.9156
K411P,0.7354
K411Q,0.8173
K411R,0.8132
K411S,0.83
K411T,0.9224
K411V,0.9371
K411W,0.8803
K411Y,0.9586
S412A,0.9407
S412C,0.9473
S412D,0.7258
S412E,0.8291
S412F,0.9242
S412G,0.9365
S412H,0.6485
S412I,0.9781
S412K,0.888
S412L,0.9578
S412M,0.9839
S412N,0.9794
S412P,0.823
S412Q,0.4929
S412R,0.8292
S412T,0.6834
S412V,0.6437
S412W,0.8265
S412Y,0.8748
P413A,0.8289
P413C,0.7372
P413D,0.8309
P413E,0.7906
P413F,0.9139
P413G,0.8375
P413H,0.6996
P413I,0.8866
P413K,0.8323
P413L,0.9243
P413M,0.9702
P413N,0.9291
P413Q,0.7867
P413R,0.9348
P413S,0.9513
P413T,0.7803
P413V,0.7965
P413W,0.5031
P413Y,0.9378
K414A,0.7819
K414C,0.9316
K414D,0.9134
K414E,0.9261
K414F,0.8661
K414G,0.9376
K414H,0.8834
K414I,0.9583
K414L,0.887
K414M,0.8959
K414N,0.9438
K414P,0.8562
K414Q,0.7233
K414R,0.9557
K414S,0.9429
K414T,0.9699
K414V,0.8834
K414W,0.963
K414Y,0.8464
E415A,0.6468
E415C,0.8907
E415D,0.8114
E415F,0.8973
E415G,0.8866
E415H,0.9313
E415I,0.9027
E415K,0.9112
E415L,0.9776
E415M,0.8787
E415N,0.954
E415P,0.8854
E415Q,0.7287
E415R,0.9442
E415S,0.9565
E415T,0.8501
E415V,0.9325
E415W,0.8318
E415Y,0.9202
E416A,0.8049
E416C,0.9214
E416D,0.8739
E416F,0.9841
E416G,0.7757
E416H,0.8792
E416I,0.988
E416K,0.9796
E416L,0.9545
E416M,0.8795
E416N,0.906
E416P,0.8815
E416Q,0.9309
E416R,0.917
E416S,0.8722
E416T,0.9865
E416V,0.9503
E416W,0.9291
E416Y,0.9676
L417A,0.6779999999999999
L417C,0.8340000000000001
L417D,0.8663
L417E,0.9731
L417F,0.9788
L417G,0.9569
L417H,0.8763
L417I,0.9925
L417K,0.8705
L417M,0.9796
L417N,0.9122
L417P,0.9003
L417Q,0.9052
L417R,0.9382
L417S,0.918
L417T,0.8594
L417V,0.8864
L417W,0.9305
L417Y,0.9796
L418A,0.8479
L418C,0.8257
L418D,0.8723
L418E,0.7847
L418F,0.9839
L418G,0.9754
L418H,0.9078
L418I,0.9261
L418K,0.8958
L418M,0.9574
L418N,0.9364
L418P,0.883
L418Q,0.9877
L418R,0.8882
L418S,0.8884
L418T,0.8664
L418V,0.8868
L418W,0.9166
L418Y,0.877
K419A,0.9454
K419C,0.9863
K419D,0.9857
K419E,0.8824
K419F,0.9341
K419G,0.9884
K419H,0.9702
K419I,0.9264
K419L,0.9423
K419M,0.8982
K419N,0.9939
K419P,0.9901
K419Q,0.9708
K419R,0.9801
K419S,0.9835
K419T,0.9042
K419V,0.9851
K419W,0.9874
K419Y,0.9728
M420A,0.944
M420C,0.8565
M420D,0.8506
M420E,0.8943
M420F,0.9605
M420G,0.945
M420H,0.8613
M420I,0.9699
M420K,0.9377
M420L,0.9577
M420N,0.9226
M420P,0.873
M420Q,0.802
M420R,0.9278
M420S,0.9749
M420T,0.9772
M420V,0.9175
M420W,0.9275
M420Y,0.8552
W421A,0.7788
W421C,0.8565
W421D,0.4908
W421E,0.6641
W421F,0.9731
W421G,0.7433
W421H,0.9396
W421I,0.9016
W421K,0.8953
W421L,0.9374
W421M,0.9548
W421N,0.984
W421P,0.8361
W421Q,0.8869
W421R,0.9438
W421S,0.9448
W421T,0.9545
W421V,0.9803
W421Y,0.9328
G422A,0.8431
G422C,0.9935
G422D,0.8291
G422E,0.7822
G422F,0.9804
G422H,0.9813
G422I,0.9882
G422K,0.3748
G422L,0.9614
G422M,0.9389
G422N,0.9174
G422P,0.8599
G422Q,0.877
G422R,0.9037
G422S,0.9307
G422T,0.9537
G422V,0.8912
G422W,0.7327
G422Y,0.9894
E423A,0.7433
E423C,0.9404
E423D,0.6022
E423F,0.9956
E423G,0.9865
E423H,0.6412
E423I,0.9934
E423K,0.7909
E423L,0.9002
E423M,0.9098
E423N,0.8384
E423P,0.7638
E423Q,0.7875
E423R,0.9286
E423S,0.8662
E423T,0.8392
E423V,0.8917
E423W,0.956
E423Y,0.8521
E424A,0.9782
E424C,0.8858
E424D,0.6527
E424F,0.7933
E424G,0.9646
E424H,0.7781
E424I,0.8757
E424K,0.9781
E424L,0.8398
E424M,0.9547
E424N,0.8986
E424P,0.6889
E424Q,0.6438
E424R,0.9444
E424S,0.9848
E424T,0.8369
E424V,0.9939
E424W,0.9834
E424Y,0.8386
L425A,0.9409
L425C,0.7354
L425D,0.8554
L425E,0.8475
L425F,0.9718
L425G,0.8156
L425H,0.8476
L425I,0.9575
L425K,0.5915
L425M,0.8893
L425N,0.8898
L425P,0.9141
L425Q,0.9282
L425R,0.889
L425S,0.8697
L425T,0.7147
L425V,0.9073
L425W,0.8133
L425Y,0.9669
T426A,0.9467
T426C,0.9355
T426D,0.8675
T426E,0.9356
T426F,0.9831
T426G,0.9213
T426H,0.861
T426I,0.9457
T426K,0.7289
T426L,0.9824
T426M,0.922
T426N,0.9618
T426P,0.8420000000000001
T426Q,0.7152
T426R,0.9105
T426S,0.9277
T426V,0.9001
T426W,0.9211
T426Y,0.9612
S427A,0.9616
S427C,0.8895
S427D,0.9704
S427E,0.8406
S427F,0.9463
S427G,0.9023
S427H,0.8255
S427I,0.98
S427K,0.8842
S427L,0.8933
S427M,0.8361
S427N,0.9673
S427P,0.6393
S427Q,0.8456
S427R,0.9782
S427T,0.9616
S427V,0.9189
S427W,0.9125
S427Y,0.9446
E428A,0.7071
E428C,0.8679
E428D,0.9747
E428F,0.936
E428G,0.9553
E428H,0.8555
E428I,0.9621
E428K,0.8827
E428L,0.9899
E428M,0.8193
E428N,0.8459
E428P,0.6379
E428Q,0.5968
E428R,0.7749
E428S,0.8799
E428T,0.7517
E428V,0.9846
E428W,0.949
E428Y,0.8752
E429A,0.8738
E429C,0.8264
E429D,0.7582
E429F,0.9362
E429G,0.8394
E429H,0.8854
E429I,0.9059
E429K,0.8562
E429L,0.9971
E429M,0.8962
E429N,0.7271
E429P,0.7984
E429Q,0.8872
E429R,0.9644
E429S,0.8338
E429T,0.6124
E429V,0.9275
E429W,0.8592
E429Y,0.9051
S430A,0.9667
S430C,0.9271
S430D,0.8621
S430E,0.8366
S430F,0.8151
S430G,0.9174
S430H,0.7277
S430I,0.9748
S430K,0.8794
S430L,0.8973
S430M,0.8559
S430N,0.9262
S430P,0.8433
S430Q,0.8209
S430R,0.9584
S430T,0.8487
S430V,0.9539
S430W,0.7883
S430Y,0.8438
V431A,0.7084
V431C,0.8263
V431D,0.3242
V431E,0.2237
V431F,0.9711
V431G,0.5928
V431H,0.212
V431I,0.8828
V431K,0.1653
V431L,0.9076
V431M,0.8809
V431N,0.1489
V431P,0.1704
V431Q,0.2199
V431R,0.7341
V431S,0.3993
V431T,0.6722
V431W,0.4521
V431Y,0.7935
F432A,0.7757
F432C,0.7821
F432D,0.6669
F432E,0.7654
F432G,0.8875
F432H,0.8135
F432I,0.7655
F432K,0.8155
F432L,0.9668
F432M,0.7928
F432N,0.6854
F432P,0.5888
F432Q,0.7816
F432R,0.8782
F432S,0.8516
F432T,0.7298
F432V,0.8848
F432W,0.9435
F432Y,0.7977
E433A,0.9177
E433C,0.9365
E433D,0.8852
E433F,0.9883
E433G,0.8293
E433H,0.8934
E433I,0.9563
E433K,0.8543
E433L,0.9296
E433M,0.8063
E433N,0.8659
E433P,0.6928
E433Q,0.7889
E433R,0.9204
E433S,0.9094
E433T,0.6967
E433V,0.8296
E433W,0.7317
E433Y,0.9799
V434A,0.6689
V434C,0.8064
V434D,0.96
V434E,0.872
V434F,0.9483
V434G,0.8106
V434H,0.5502
V434I,0.9611
V434K,0.3258
V434L,0.9504
V434M,0.8067
V434N,0.7376
V434P,0.4269
V434Q,0.25
V434R,0.5899
V434S,0.5463
V434T,0.6485
V434W,0.4347
V434Y,0.7143
F435A,0.6762
F435C,0.8649
F435D,0.534
F435E,0.2493
F435G,0.9118
F435H,0.7687
F435I,0.9598
F435K,0.8997
F435L,0.8839
F435M,0.8947
F435N,0.893
F435P,0.9046
F435Q,0.4939
F435R,0.0605
F435S,0.9497
F435T,0.2225
F435V,0.9708
F435W,0.7839
F435Y,0.9657
V436A,0.9877
V436C,0.7985
V436D,0.8504
V436E,0.8240000000000001
V436F,0.8344
V436G,0.9463
V436H,0.9775
V436I,0.933
V436K,0.9334
V436L,0.9448
V436M,0.7805
V436N,0.7357
V436P,0.8212
V436Q,0.4909
V436R,0.7541
V436S,0.9231
V436T,0.9842
V436W,0.7801
V436Y,0.7407
L437A,0.9379
L437C,0.9237
L437D,0.9861
L437E,0.9039
L437F,0.9034
L437G,0.7559
L437H,0.969
L437I,0.9568
L437K,0.7227
L437M,0.9595
L437N,0.6457
L437P,0.9073
L437Q,0.6281
L437R,0.8603
L437S,0.6073
L437T,0.8799
L437V,0.9857
L437W,0.7941
L437Y,0.9488
Y438A,0.8014
Y438C,0.868
Y438D,0.8112
Y438E,0.6887
Y438F,0.955
Y438G,0.8642
Y438H,0.853
Y438I,0.9119
Y438K,0.6549
Y438L,0.9631
Y438M,0.9422
Y438N,0.8218
Y438P,0.6568
Y438Q,0.7559
Y438R,0.6958
Y438S,0.9706
Y438T,0.8285
Y438V,0.9059
Y438W,0.7621
L439A,0.5512
L439C,0.8908
L439D,0.8334
L439E,0.5955
L439F,0.94
L439G,0.8440000000000001
L439H,0.4528
L439I,0.9243
L439K,0.652
L439M,0.8361
L439N,0.9712
L439P,0.8466
L439Q,0.8274
L439R,0.7456
L439S,0.6629
L439T,0.6062
L439V,0.7534
L439W,0.9355
L439Y,0.857
S440A,0.9073
S440C,0.563
S440D,0.6717
S440E,0.2749
S440F,0.8926
S440G,0.4353
S440H,0.3965
S440I,0.9714
S440K,0.6683
S440L,0.9535
S440M,0.7622
S440N,0.8654
S440P,0.4115
S440Q,0.7728
S440R,0.9127
S440T,0.6763
S440V,0.7733
S440W,0.3496
S440Y,0.9112
G441A,0.1774
G441C,0.117
G441D,0.9282
G441E,0.8871
G441F,0.6929
G441H,0.7574
G441I,0.7951
G441K,0.8117
G441L,0.8692
G441M,0.6095
G441N,0.5836
G441P,0.674
G441Q,0.2463
G441R,0.8703
G441S,0.4072
G441T,0.7533
G441V,0.425
G441W,0.1797
G441Y,0.6956
E442A,0.9293
E442C,0.637
E442D,0.8622
E442F,0.915
E442G,0.8276
E442H,0.7505
E442I,0.9658
E442K,0.7531
E442L,0.8537
E442M,0.7525
E442N,0.7732
E442P,0.8034
E442Q,0.8994
E442R,0.6665
E442S,0.9688
E442T,0.7162
E442V,0.6876
E442W,0.8259
E442Y,0.8474
P443A,0.8488
P443C,0.6097
P443D,0.5256
P443E,0.6742
P443F,0.9493
P443G,0.6661
P443H,0.6527
P443I,0.693
P443K,0.6807
P443L,0.8767
P443M,0.9383
P443N,0.5047
P443Q,0.7487
P443R,0.5972
P443S,0.9403
P443T,0.5657
P443V,0.7559999999999999
P443W,0.9332
P443Y,0.9381
N444A,0.7569
N444C,0.8344
N444D,0.5448
N444E,0.7372
N444F,0.8707
N444G,0.9492
N444H,0.856
N444I,0.8277
N444K,0.8294
N444L,0.8645
N444M,0.8753
N444P,0.5964
N444Q,0.8238
N444R,0.6308
N444S,0.9304
N444T,0.8408
N444V,0.7873
N444W,0.6322
N444Y,0.7084
R445A,0.7754
R445C,0.9646
R445D,0.9207
R445E,0.6904
R445F,0.782
R445G,0.7752
R445H,0.7966
R445I,0.6315
R445K,0.7767
R445L,0.6413
R445M,0.6626
R445N,0.5945
R445P,0.9497
R445Q,0.7859999999999999
R445S,0.7187
R445T,0.8662
R445V,0.7707
R445W,0.8846
R445Y,0.923
N446A,0.9621
N446C,0.7716
N446D,0.8668
N446E,0.9093
N446F,0.7429
N446G,0.7313
N446H,0.8503
N446I,0.4629
N446K,0.9035
N446L,0.7587
N446M,0.8306
N446P,0.9127
N446Q,0.8924
N446R,0.5602
N446S,0.7071
N446T,0.9613
N446V,0.9142
N446W,0.9839
N446Y,0.9702
G447A,0.9384
G447C,0.9472
G447D,0.9484
G447E,0.7361
G447F,0.9934
G447H,0.8052
G447I,0.8469
G447K,0.6489
G447L,0.929
G447M,0.9808
G447N,0.6693
G447P,0.871
G447Q,0.6851
G447R,0.7046
G447S,0.8477
G447T,0.9136
G447V,0.9937
G447W,0.7207
G447Y,0.7684
H448A,0.8849
H448C,0.8502
H448D,0.9065
H448E,0.6101
H448F,0.8349
H448G,0.979
H448I,0.9394
H448K,0.3479
H448L,0.9038
H448M,0.7322
H448N,0.7569
H448P,0.7838
H448Q,0.9864
H448R,0.7224
H448S,0.925
H448T,0.7152
H448V,0.8263
H448W,0.507
H448Y,0.9563
K449A,0.9724
K449C,0.9162
K449D,0.3775
K449E,0.6844
K449F,0.957
K449G,0.765
K449H,0.8537
K449I,0.7796
K449L,0.9375
K449M,0.9138
K449N,0.9
K449P,0.69
K449Q,0.7533
K449R,0.9902
K449S,0.9855
K449T,0.9439
K449V,0.7316
K449W,0.9417
K449Y,0.9759
V450A,0.9277
V450C,0.8247
V450D,0.6307
V450E,0.7421
V450F,0.6645
V450G,0.7038
V450H,0.9148
V450I,0.9524
V450K,0.7508
V450L,0.8561
V450M,0.9771
V450N,0.943
V450P,0.9405
V450Q,0.4548
V450R,0.401
V450S,0.8776
V450T,0.9686
V450W,0.5367
V450Y,0.6835
T451A,0.7839
T451C,0.9158
T451D,0.8889
T451E,0.4365
T451F,0.9084
T451G,0.9161
T451H,0.9701
T451I,0.7727
T451K,0.5488
T451L,0.9419
T451M,0.9158
T451N,0.8882
T451P,0.8051
T451Q,0.7817
T451R,0.8133
T451S,0.8399
T451V,0.8591
T451W,0.8395
T451Y,0.8203
C452A,0.8046
C452D,0.5453
C452E,0.8012
C452F,0.552
C452G,0.5654
C452H,0.464
C452I,0.8212
C452K,0.7537
C452L,0.5742
C452M,0.6776
C452N,0.8537
C452P,0.8466
C452Q,0.7454
C452R,0.7678
C452S,0.7984
C452T,0.8081
C452V,0.8221
C452W,0.9739
C452Y,0.9774
L453A,0.7181
L453C,0.7093
L453D,0.4532
L453E,0.5717
L453F,0.4843
L453G,0.5457
L453H,0.6679999999999999
L453I,0.8124
L453K,0.5131
L453M,0.5655
L453N,0.3261
L453P,0.7086
L453Q,0.5618
L453R,0.6387
L453S,0.6324
L453T,0.5994
L453V,0.8424
L453W,0.6912
L453Y,0.8044
P454A,0.5776
P454C,0.35
P454D,0.1255
P454E,0.1593
P454F,0.4505
P454G,0.3996
P454H,0.3278
P454I,0.6203
P454K,0.1148
P454L,0.7279
P454M,0.4012
P454N,0.0959
P454Q,0.1233
P454R,0.0615
P454S,0.8701
P454T,0.5464
P454V,0.1784
P454W,0.2025
P454Y,0.0794
W455A,0.8438
W455C,0.5702
W455D,0.0979
W455E,0.1428
W455F,0.6931
W455G,0.3823
W455H,0.7609999999999999
W455I,0.3445
W455K,0.3065
W455L,0.7434
W455M,0.914
W455N,0.3542
W455P,0.7863
W455Q,0.8219
W455R,0.0817
W455S,0.4563
W455T,0.7799
W455V,0.414
W455Y,0.7229
N456A,0.7922
N456C,0.8784
N456D,0.9592
N456E,0.8763
N456F,0.9345
N456G,0.6945
N456H,0.7868
N456I,0.6912
N456K,0.9766
N456L,0.8992
N456M,0.8216
N456P,0.9198
N456Q,0.7537
N456R,0.7571
N456S,0.5926
N456T,0.9233
N456V,0.8905
N456W,0.6192
N456Y,0.8055
D457A,0.8755
D457C,0.8635
D457E,0.8382
D457F,0.8106
D457G,0.8402
D457H,0.7401
D457I,0.9217
D457K,0.8725
D457L,0.8726
D457M,0.8569
D457N,0.9685
D457P,0.7943
D457Q,0.7822
D457R,0.9079
D457S,0.8964
D457T,0.9328
D457V,0.9704
D457W,0.9422
D457Y,0.8998
E458A,0.9515
E458C,0.847
E458D,0.5622
E458F,0.9538
E458G,0.8362
E458H,0.638
E458I,0.7887
E458K,0.6955
E458L,0.9898
E458M,0.8743
E458N,0.8997
E458P,0.7535
E458Q,0.8876
E458R,0.8796
E458S,0.7836
E458T,0.9693
E458V,0.9348
E458W,0.8924
E458Y,0.962
P459A,0.8168
P459C,0.7012
P459D,0.8004
P459E,0.9018
P459F,0.6397
P459G,0.6415
P459H,0.5483
P459I,0.9456
P459K,0.6763
P459L,0.8227
P459M,0.9815
P459N,0.6844
P459Q,0.9176
P459R,0.9519
P459S,0.7316
P459T,0.5964
P459V,0.7609999999999999
P459W,0.9425
P459Y,0.8915
L460A,0.4413
L460C,0.5731
L460D,0.8757
L460E,0.877
L460F,0.6945
L460G,0.8748
L460H,0.6806
L460I,0.7035
L460K,0.4051
L460M,0.5686
L460N,0.9419
L460P,0.9882
L460Q,0.5841
L460R,0.914
L460S,0.8420000000000001
L460T,0.8194
L460V,0.9098
L460W,0.6654
L460Y,0.8908
A461C,0.7674
A461D,0.6352
A461E,0.4475
A461F,0.9304
A461G,0.6352
A461H,0.8258
A461I,0.8648
A461K,0.7392
A461L,0.7217
A461M,0.9646
A461N,0.8028
A461P,0.8659
A461Q,0.7090000000000001
A461R,0.5549
A461S,0.4237
A461T,0.8984
A461V,0.8875
A461W,0.5647
A461Y,0.8302
A462C,0.2829
A462D,0.5853
A462E,0.7302
A462F,0.9584
A462G,0.9376
A462H,0.4057
A462I,0.7642
A462K,0.5374
A462L,0.8497
A462M,0.7893
A462N,0.5459
A462P,0.8958
A462Q,0.758
A462R,0.5012
A462S,0.6549
A462T,0.9322
A462V,0.9894
A462W,0.3416
A462Y,0.7788
E463A,0.8543
E463C,0.7170000000000001
E463D,0.7885
E463F,0.9558
E463G,0.8589
E463H,0.4905
E463I,0.8449
E463K,0.8645
E463L,0.5602
E463M,0.6812
E463N,0.672
E463P,0.4503
E463Q,0.6217
E463R,0.8905
E463S,0.895
E463T,0.4764
E463V,0.8959999999999999
E463W,0.8785
E463Y,0.8256
T464A,0.9236
T464C,0.9303
T464D,0.8775
T464E,0.9862
T464F,0.8808
T464G,0.9754
T464H,0.9829
T464I,0.9378
T464K,0.7022
T464L,0.7671
T464M,0.9511
T464N,0.915
T464P,0.8691
T464Q,0.5386
T464R,0.8119
T464S,0.8453
T464V,0.836
T464W,0.8981
T464Y,0.8536
S465A,0.8222
S465C,0.7956
S465D,0.7427
S465E,0.7895
S465F,0.7935
S465G,0.8831
S465H,0.6822
S465I,0.5429
S465K,0.7877
S465L,0.9627
S465M,0.9471
S465N,0.9028
S465P,0.6891
S465Q,0.8022
S465R,0.7522
S465T,0.901
S465V,0.8703
S465W,0.8113
S465Y,0.7324
L466A,0.7696
L466C,0.5955
L466D,0.9025
L466E,0.6306
L466F,0.8827
L466G,0.9163
L466H,0.6829999999999999
L466I,0.6995
L466K,0.9405
L466M,0.6275
L466N,0.9103
L466P,0.7082
L466Q,0.8190000000000001
L466R,0.9469
L466S,0.7841
L466T,0.6167
L466V,0.7796
L466W,0.9473
L466Y,0.8913
L467A,0.4672
L467C,0.5626
L467D,0.9322
L467E,0.4838
L467F,0.8176
L467G,0.7251
L467H,0.197
L467I,0.6404
L467K,0.4799
L467M,0.9755
L467N,0.7013
L467P,0.6953
L467Q,0.4573
L467R,0.7041
L467S,0.8592
L467T,0.5818
L467V,0.8726
L467W,0.076
L467Y,0.6669
K468A,0.5235
K468C,0.9379
K468D,0.5381
K468E,0.9289
K468F,0.7718
K468G,0.807
K468H,0.6942
K468I,0.7547
K468L,0.9722
K468M,0.9556
K468N,0.7399
K468P,0.7704
K468Q,0.7655
K468R,0.9482
K468S,0.8948
K468T,0.7986
K468V,0.4645
K468W,0.8909999999999999
K468Y,0.9823
E469A,0.7318
E469C,0.7866
E469D,0.9256
E469F,0.8748
E469G,0.5406
E469H,0.5995
E469I,0.4533
E469K,0.8511
E469L,0.6681
E469M,0.8807
E469N,0.8323
E469P,0.7656
E469Q,0.7405
E469R,0.9018
E469S,0.9567
E469T,0.6909
E469V,0.6012
E469W,0.4958
E469Y,0.9745
E470A,0.8692
E470C,0.8679
E470D,0.9929
E470F,0.7287
E470G,0.7340000000000001
E470H,0.6202
E470I,0.4946
E470K,0.6305
E470L,0.8983
E470M,0.6383
E470N,0.7963
E470P,0.3873
E470Q,0.9519
E470R,0.8551
E470S,0.6999
E470T,0.4487
E470V,0.9802
E470W,0.7695
E470Y,0.8352
L471A,0.8151
L471C,0.7521
L471D,0.9426
L471E,0.7957
L471F,0.9403
L471G,0.918
L471H,0.9229
L471I,0.7897
L471K,0.2153
L471M,0.946
L471N,0.6061
L471P,0.7529
L471Q,0.8528
L471R,0.89
L471S,0.768
L471T,0.8055
L471V,0.9571
L471W,0.7546
L471Y,0.7068
L472A,0.6121
L472C,0.5321
L472D,0.4507
L472E,0.7214
L472F,0.9389
L472G,0.8325
L472H,0.8942
L472I,0.8291
L472K,0.7293
L472M,0.8540000000000001
L472N,0.8386
L472P,0.5358
L472Q,0.884
L472R,0.6313
L472S,0.5316
L472T,0.6641
L472V,0.9013
L472W,0.7582
L472Y,0.0479
R473A,0.7236
R473C,0.8355
R473D,0.7579
R473E,0.6422
R473F,0.8411
R473G,0.8888
R473H,0.9031
R473I,0.8272
R473K,0.9587
R473L,0.8633
R473M,0.7783
R473N,0.8983
R473P,0.8825
R473Q,0.941
R473S,0.7739
R473T,0.6821
R473V,0.8262
R473W,0.9649
R473Y,0.514
V474A,0.931
V474C,0.8401
V474D,0.5596
V474E,0.8926
V474F,0.9651
V474G,0.9205
V474H,0.5529
V474I,0.8624
V474K,0.3985
V474L,0.9159
V474M,0.9049
V474N,0.6313
V474P,0.8320000000000001
V474Q,0.5047
V474R,0.6723
V474S,0.478
V474T,0.8006
V474W,0.8128
V474Y,0.9329
N475A,0.8381
N475C,0.9577
N475D,0.8049
N475E,0.6995
N475F,0.7883
N475G,0.863
N475H,0.7064
N475I,0.9438
N475K,0.8633
N475L,0.9153
N475M,0.9455
N475P,0.8026
N475Q,0.7476
N475R,0.9478
N475S,0.9808
N475T,0.9095
N475V,0.9626
N475W,0.8317
N475Y,0.7749
R476A,0.8158
R476C,0.9465
R476D,0.7992
R476E,0.8423
R476F,0.8888
R476G,0.8467
R476H,0.9442
R476I,0.9475
R476K,0.8781
R476L,0.5992
R476M,0.8994
R476N,0.9564
R476P,0.8206
R476Q,0.8542
R476S,0.8135
R476T,0.8236
R476V,0.9301
R476W,0.8133
R476Y,0.8846
Q477A,0.7498
Q477C,0.7685
Q477D,0.8231
Q477E,0.7392
Q477F,0.9728
Q477G,0.9836
Q477H,0.6971
Q477I,0.8746
Q477K,0.9137
Q477L,0.9867
Q477M,0.8409
Q477N,0.6914
Q477P,0.8939
Q477R,0.9914
Q477S,0.8948
Q477T,0.8832
Q477V,0.892
Q477W,0.9092
Q477Y,0.8352
G478A,0.7182
G478C,0.698
G478D,0.9514
G478E,0.6909
G478F,0.8894
G478H,0.768
G478I,0.6779999999999999
G478K,0.8133
G478L,0.93
G478M,0.8198
G478N,0.8043
G478P,0.7174
G478Q,0.6761
G478R,0.9492
G478S,0.8783
G478T,0.7735
G478V,0.7390000000000001
G478W,0.7929
G478Y,0.9117
I479A,0.7899
I479C,0.8497
I479D,0.5163
I479E,0.6254
I479F,0.8951
I479G,0.6873
I479H,0.4607
I479K,0.6212
I479L,0.9691
I479M,0.8933
I479N,0.655
I479P,0.4788
I479Q,0.728
I479R,0.6988
I479S,0.9091
I479T,0.8499
I479V,0.89
I479W,0.9112
I479Y,0.6211
L480A,0.5988
L480C,0.7824
L480D,0.7835
L480E,0.8519
L480F,0.7064
L480G,0.9336
L480H,0.8270000000000001
L480I,0.983
L480K,0.8267
L480M,0.8012
L480N,0.9321
L480P,0.8085
L480Q,0.8809999999999999
L480R,0.4882
L480S,0.6528
L480T,0.5114
L480V,0.8327
L480W,0.8836
L480Y,0.7284
T481A,0.764
T481C,0.8655
T481D,0.7346
T481E,0.8356
T481F,0.8185
T481G,0.9221
T481H,0.8187
T481I,0.9224
T481K,0.8375
T481L,0.7931
T481M,0.9502
T481N,0.9304
T481P,0.8785
T481Q,0.7218
T481R,0.9465
T481S,0.9288
T481V,0.9307
T481W,0.8283
T481Y,0.9633
I482A,0.8289
I482C,0.9511
I482D,0.5868
I482E,0.5074
I482F,0.911
I482G,0.8796
I482H,0.5044
I482K,0.8827
I482L,0.9835
I482M,0.8628
I482N,0.8844
I482P,0.5758
I482Q,0.5459
I482R,0.9825
I482S,0.8992
I482T,0.9227
I482V,0.8971
I482W,0.8515
I482Y,0.6607
N483A,0.947
N483C,0.915
N483D,0.9079
N483E,0.8287
N483F,0.9818
N483G,0.8615
N483H,0.9277
N483I,0.9685
N483K,0.948
N483L,0.9953
N483M,0.8887
N483P,0.5087
N483Q,0.8142
N483R,0.9661
N483S,0.8807
N483T,0.8198
N483V,0.8268
N483W,0.8561
N483Y,0.8652
S484A,0.9297
S484C,0.9352
S484D,0.9258
S484E,0.863
S484F,0.9832
S484G,0.9368
S484H,0.8043
S484I,0.913
S484K,0.9309
S484L,0.8823
S484M,0.8188
S484N,0.8908
S484P,0.9106
S484Q,0.8517
S484R,0.8779
S484T,0.9554
S484V,0.9563
S484W,0.8885
S484Y,0.8917
Q485A,0.9458
Q485C,0.9494
Q485D,0.8082
Q485E,0.856
Q485F,0.9436
Q485G,0.7723
Q485H,0.7018
Q485I,0.9847
Q485K,0.9855
Q485L,0.9021
Q485M,0.8214
Q485N,0.9228
Q485P,0.8928
Q485R,0.9517
Q485S,0.8295
Q485T,0.8775
Q485V,0.9575
Q485W,0.8945
Q485Y,0.9122
P486A,0.9258
P486C,0.9892
P486D,0.7955
P486E,0.8742
P486F,0.8690000000000001
P486G,0.9347
P486H,0.8129
P486I,0.9779
P486K,0.7515
P486L,0.9531
P486M,0.9114
P486N,0.9002
P486Q,0.8494
P486R,0.9224
P486S,0.9638
P486T,0.9756
P486V,0.9728
P486W,0.9789
P486Y,0.8723
N487A,0.8625
N487C,0.9438
N487D,0.9125
N487E,0.9718
N487F,0.9246
N487G,0.9555
N487H,0.941
N487I,0.9818
N487K,0.8998
N487L,0.9659
N487M,0.9343
N487P,0.9702
N487Q,0.9077
N487R,0.901
N487S,0.9307
N487T,0.9306
N487V,0.9376
N487W,0.9521
N487Y,0.9185
I488A,0.9539
I488C,0.8975
I488D,0.7265
I488E,0.9049
I488F,0.9231
I488G,0.9875
I488H,0.8059999999999999
I488K,0.9578
I488L,0.9457
I488M,0.8949
I488N,0.9135
I488P,0.7472
I488Q,0.8194
I488R,0.9856
I488S,0.9722
I488T,0.9686
I488V,0.9599
I488W,0.9436
I488Y,0.7015
N489A,0.913
N489C,0.9897
N489D,0.9743
N489E,0.9599
N489F,0.8795
N489G,0.935
N489H,0.9781
N489I,0.9405
N489K,0.95
N489L,0.8651
N489M,0.9903
N489P,0.9784
N489Q,0.9504
N489R,0.948
N489S,0.9623
N489T,0.9669
N489V,0.8789
N489W,0.8356
N489Y,0.9571
G490A,0.9194
G490C,0.8752
G490D,0.9283
G490E,0.9502
G490F,0.9386
G490H,0.7096
G490I,0.9424
G490K,0.8227
G490L,0.9036
G490M,0.9376
G490N,0.9423
G490P,0.8816
G490Q,0.7714
G490R,0.9575
G490S,0.9464
G490T,0.8994
G490V,0.9395
G490W,0.8271
G490Y,0.975
K491A,0.9089
K491C,0.8308
K491D,0.96
K491E,0.8524
K491F,0.9718
K491G,0.8684
K491H,0.9537
K491I,0.9637
K491L,0.9777
K491M,0.9888
K491N,0.3836
K491P,0.8140000000000001
K491Q,0.738
K491R,0.8781
K491S,0.7724
K491T,0.8498
K491V,0.8397
K491W,0.9633
K491Y,0.9156
P492A,0.7502
P492C,0.9875
P492D,0.6477
P492E,0.5996
P492F,0.9448
P492G,0.7178
P492H,0.8437
P492I,0.8312
P492K,0.7516
P492L,0.9316
P492M,0.6966
P492N,0.8241
P492Q,0.9529
P492R,0.8538
P492S,0.9872
P492T,0.8521
P492V,0.7156
P492W,0.8216
P492Y,0.8179
S493A,0.9291
S493C,0.8657
S493D,0.7574
S493E,0.7809999999999999
S493F,0.9208
S493G,0.8079
S493H,0.7631
S493I,0.8138
S493K,0.8917
S493L,0.9512
S493M,0.7755
S493N,0.9256
S493P,0.8919
S493Q,0.8421
S493R,0.8179
S493T,0.8679
S493V,0.8317
S493W,0.7721
S493Y,0.8254
S494A,0.8887
S494C,0.9415
S494D,0.8355
S494E,0.8641
S494F,0.9427
S494G,0.8647
S494H,0.8465
S494I,0.9596
S494K,0.7118
S494L,0.9195
S494M,0.9448
S494N,0.8012
S494P,0.8421
S494Q,0.8129
S494R,0.9179
S494T,0.9221
S494V,0.9689
S494W,0.9451
S494Y,0.8668
D495A,0.8948
D495C,0.9121
D495E,0.9482
D495F,0.8617
D495G,0.954
D495H,0.9821
D495I,0.9716
D495K,0.8438
D495L,0.9101
D495M,0.9609
D495N,0.9778
D495P,0.8693
D495Q,0.8087
D495R,0.9591
D495S,0.9683
D495T,0.8345
D495V,0.9034
D495W,0.9776
D495Y,0.8364
P496A,0.9286
P496C,0.8489
P496D,0.9017
P496E,0.9175
P496F,0.9039
P496G,0.922
P496H,0.8423
P496I,0.8182
P496K,0.9225
P496L,0.9725
P496M,0.8956
P496N,0.7918
P496Q,0.9552
P496R,0.8922
P496S,0.9641
P496T,0.879
P496V,0.8986
P496W,0.9308
P496Y,0.9656
I497A,0.9455
I497C,0.9212
I497D,0.7708
I497E,0.9705
I497F,0.8291
I497G,0.8658
I497H,0.7904
I497K,0.9612
I497L,0.9207
I497M,0.9554
I497N,0.9061
I497P,0.944
I497Q,0.9285
I497R,0.9385
I497S,0.8821
I497T,0.8415
I497V,0.9904
I497W,0.9486
I497Y,0.7504
V498A,0.8058
V498C,0.8351
V498D,0.8396
V498E,0.8849
V498F,0.861
V498G,0.967
V498H,0.9646
V498I,0.8795
V498K,0.9219
V498L,0.9641
V498M,0.9231
V498N,0.9029
V498P,0.8689
V498Q,0.8953
V498R,0.8978
V498S,0.8942
V498T,0.9096
V498W,0.9786
V498Y,0.883
G499A,0.7742
G499C,0.6036
G499D,0.8884
G499E,0.8557
G499F,0.8311
G499H,0.9019
G499I,0.9407
G499K,0.8158
G499L,0.9475
G499M,0.8053
G499N,0.8708
G499P,0.9135
G499Q,0.5512
G499R,0.8018
G499S,0.9177
G499T,0.8971
G499V,0.8151
G499W,0.506
G499Y,0.8702
W500A,0.7516
W500C,0.8499
W500D,0.8258
W500E,0.6747
W500F,0.938
W500G,0.7701
W500H,0.8362
W500I,0.8986
W500K,0.7087
W500L,0.7994
W500M,0.9467
W500N,0.8751
W500P,0.9121
W500Q,0.7439
W500R,0.9334
W500S,0.7763
W500T,0.8635
W500V,0.8935
W500Y,0.7669
G501A,0.9253
G501C,0.4202
G501D,0.8596
G501E,0.8081
G501F,0.8606
G501H,0.7556
G501I,0.9477
G501K,0.6515
G501L,0.6832
G501M,0.9343
G501N,0.5994
G501P,0.8625
G501Q,0.4143
G501R,0.8036
G501S,0.872
G501T,0.9137
G501V,0.6012
G501W,0.6201
G501Y,0.65
P502A,0.9139
P502C,0.8357
P502D,0.726
P502E,0.7709999999999999
P502F,0.6756
P502G,0.8823
P502H,0.8684
P502I,0.9394
P502K,0.6918
P502L,0.9153
P502M,0.7873
P502N,0.9173
P502Q,0.8498
P502R,0.8767
P502S,0.887
P502T,0.8748
P502V,0.8812
P502W,0.9449
P502Y,0.8686
S503A,0.8683
S503C,0.8564
S503D,0.7949
S503E,0.8182
S503F,0.8334
S503G,0.9133
S503H,0.8469
S503I,0.7695
S503K,0.7738
S503L,0.8373
S503M,0.7812
S503N,0.9534
S503P,0.8736
S503Q,0.8112
S503R,0.9578
S503T,0.8762
S503V,0.802
S503W,0.7497
S503Y,0.7802
G504A,0.9507
G504C,0.8329
G504D,0.8339
G504E,0.9837
G504F,0.9261
G504H,0.8311
G504I,0.9702
G504K,0.8153
G504L,0.8159
G504M,0.8034
G504N,0.8176
G504P,0.805
G504Q,0.7504
G504R,0.94
G504S,0.9015
G504T,0.8086
G504V,0.5027
G504W,0.4648
G504Y,0.9202
G505A,0.8698
G505C,0.6565
G505D,0.8072
G505E,0.5496
G505F,0.9002
G505H,0.8081
G505I,0.8457
G505K,0.7808
G505L,0.8406
G505M,0.9326
G505N,0.8359
G505P,0.4436
G505Q,0.6021
G505R,0.5973
G505S,0.8254
G505T,0.7252
G505V,0.7949
G505W,0.7432
G505Y,0.7722
Y506A,0.8176
Y506C,0.8213
Y506D,0.9205
Y506E,0.8335
Y506F,0.9412
Y506G,0.9691
Y506H,0.8502
Y506I,0.8951
Y506K,0.7864
Y506L,0.856
Y506M,0.7964
Y506N,0.8512
Y506P,0.8287
Y506Q,0.7957
Y506R,0.8057
Y506S,0.9315
Y506T,0.8052
Y506V,0.8908
Y506W,0.8396
V507A,0.7973
V507C,0.8362
V507D,0.9482
V507E,0.9003
V507F,0.9392
V507G,0.8014
V507H,0.8799
V507I,0.904
V507K,0.7813
V507L,0.8846
V507M,0.9266
V507N,0.8282
V507P,0.6537
V507Q,0.7696
V507R,0.805
V507S,0.8051
V507T,0.9258
V507W,0.9702
V507Y,0.9284
F508A,0.8767
F508C,0.9161
F508D,0.8086
F508E,0.731
F508G,0.8863
F508H,0.9492
F508I,0.9346
F508K,0.8481
F508L,0.9393
F508M,0.9406
F508N,0.8914
F508P,0.6267
F508Q,0.6989
F508R,0.3747
F508S,0.9569
F508T,0.7523
F508V,0.8654
F508W,0.9233
F508Y,0.9788
Q509A,0.9791
Q509C,0.9275
Q509D,0.8352
Q509E,0.9529
Q509F,0.8996
Q509G,0.8983
Q509H,0.8565
Q509I,0.8405
Q509K,0.9781
Q509L,0.8789
Q509M,0.9045
Q509N,0.9608
Q509P,0.6633
Q509R,0.8698
Q509S,0.8598
Q509T,0.8853
Q509V,0.8072
Q509W,0.7789
Q509Y,0.9564
K510A,0.8013
K510C,0.8656
K510D,0.7523
K510E,0.7042
K510F,0.7145
K510G,0.5849
K510H,0.8627
K510I,0.7594
K510L,0.9696
K510M,0.8042
K510N,0.7776
K510P,0.4873
K510Q,0.9353
K510R,0.893
K510S,0.9727
K510T,0.9116
K510V,0.8104
K510W,0.7003
K510Y,0.7090000000000001
A511C,0.8440000000000001
A511D,0.8264
A511E,0.9367
A511F,0.8295
A511G,0.9542
A511H,0.8809999999999999
A511I,0.8023
A511K,0.3841
A511L,0.7719
A511M,0.9123
A511N,0.9586
A511P,0.904
A511Q,0.9724
A511R,0.8903
A511S,0.8689
A511T,0.9481
A511V,0.9312
A511W,0.7914
A511Y,0.9828
Y512A,0.9008
Y512C,0.9926
Y512D,0.7813
Y512E,0.9069
Y512F,0.9642
Y512G,0.9585
Y512H,0.918
Y512I,0.9398
Y512K,0.7276
Y512L,0.8506
Y512M,0.7774
Y512N,0.9178
Y512P,0.7798
Y512Q,0.8799
Y512R,0.9424
Y512S,0.9346
Y512T,0.8181
Y512V,0.911
Y512W,0.765
L513A,0.9055
L513C,0.8527
L513D,0.4755
L513E,0.8822
L513F,0.9589
L513G,0.7083
L513H,0.9907
L513I,0.8409
L513K,0.7049
L513M,0.9884
L513N,0.6679999999999999
L513P,0.7366
L513Q,0.9337
L513R,0.7665
L513S,0.8491
L513T,0.9682
L513V,0.9147
L513W,0.8328
L513Y,0.8757
E514A,0.8603
E514C,0.7465
E514D,0.8306
E514F,0.8241
E514G,0.8833
E514H,0.7144
E514I,0.9446
E514K,0.8382
E514L,0.904
E514M,0.9047
E514N,0.9812
E514P,0.721
E514Q,0.8911
E514R,0.9266
E514S,0.9875
E514T,0.9552
E514V,0.9675
E514W,0.8663
E514Y,0.7142
F515A,0.9636
F515C,0.9666
F515D,0.6423
F515E,0.7991
F515G,0.893
F515H,0.6886
F515I,0.9011
F515K,0.3922
F515L,0.9566
F515M,0.9447
F515N,0.6641
F515P,0.6782
F515Q,0.7662
F515R,0.5279
F515S,0.7555
F515T,0.6988
F515V,0.8865
F515W,0.5965
F515Y,0.7290000000000001
F516A,0.5094
F516C,0.7193
F516D,0.4739
F516E,0.2705
F516G,0.6551
F516H,0.7885
F516I,0.8512
F516K,0.6525
F516L,0.889
F516M,0.8487
F516N,0.4589
F516P,0.7721
F516Q,0.8738
F516R,0.8458
F516S,0.7559
F516T,0.594
F516V,0.7864
F516W,0.7954
F516Y,0.9325
T517A,0.7196
T517C,0.8349
T517D,0.4231
T517E,0.6509999999999999
T517F,0.7671
T517G,0.8166
T517H,0.7337
T517I,0.9175
T517K,0.4473
T517L,0.8846
T517M,0.9035
T517N,0.7621
T517P,0.6311
T517Q,0.6637
T517R,0.5391
T517S,0.9598
T517V,0.9407
T517W,0.6346
T517Y,0.6556
S518A,0.911
S518C,0.9427
S518D,0.9397
S518E,0.9415
S518F,0.9075
S518G,0.9724
S518H,0.8386
S518I,0.9425
S518K,0.9808
S518L,0.9853
S518M,0.9819
S518N,0.93
S518P,0.9653
S518Q,0.9492
S518R,0.8155
S518T,0.7604
S518V,0.9481
S518W,0.7618
S518Y,0.7292
R519A,0.7409
R519C,0.9536
R519D,0.7839
R519E,0.8688
R519F,0.9732
R519G,0.8026
R519H,0.9593
R519I,0.8859999999999999
R519K,0.6709999999999999
R519L,0.9059
R519M,0.8746
R519N,0.6993
R519P,0.8488
R519Q,0.4775
R519S,0.841
R519T,0.7955
R519V,0.8087
R519W,0.9664
R519Y,0.8939
E520A,0.7485
E520C,0.8713
E520D,0.8027
E520F,0.9651
E520G,0.6633
E520H,0.9311
E520I,0.9404
E520K,0.954
E520L,0.99
E520M,0.8273
E520N,0.8426
E520P,0.8929
E520Q,0.8119
E520R,0.8766
E520S,0.9416
E520T,0.9735
E520V,0.9577
E520W,0.8290000000000001
E520Y,0.9359
T521A,0.809
T521C,0.8909
T521D,0.5642
T521E,0.607
T521F,0.8965
T521G,0.7713
T521H,0.7764
T521I,0.9034
T521K,0.9642
T521L,0.8985
T521M,0.7446
T521N,0.9738
T521P,0.5504
T521Q,0.7399
T521R,0.8495
T521S,0.9778
T521V,0.8379
T521W,0.856
T521Y,0.969
A522C,0.9237
A522D,0.7170000000000001
A522E,0.7592
A522F,0.9356
A522G,0.8365
A522H,0.7748
A522I,0.9068
A522K,0.8098
A522L,0.9487
A522M,0.867
A522N,0.4598
A522P,0.7547
A522Q,0.7165
A522R,0.8237
A522S,0.8127
A522T,0.8595
A522V,0.9692
A522W,0.8115
A522Y,0.9338
E523A,0.8231
E523C,0.8126
E523D,0.7901
E523F,0.9243
E523G,0.8495
E523H,0.6041
E523I,0.8852
E523K,0.9709
E523L,0.8431
E523M,0.6278
E523N,0.8751
E523P,0.6739
E523Q,0.7053
E523R,0.7114
E523S,0.8838
E523T,0.8758
E523V,0.8971
E523W,0.79
E523Y,0.9106
A524C,0.7537
A524D,0.4846
A524E,0.83
A524F,0.7572
A524G,0.7592
A524H,0.7843
A524I,0.8844
A524K,0.7713
A524L,0.8643
A524M,0.8116
A524N,0.5137
A524P,0.5526
A524Q,0.7699
A524R,0.89
A524S,0.8683
A524T,0.8573
A524V,0.9067
A524W,0.7517
A524Y,0.9747
L525A,0.7349
L525C,0.8911
L525D,0.8577
L525E,0.5326
L525F,0.9795
L525G,0.4092
L525H,0.519
L525I,0.9468
L525K,0.529
L525M,0.8266
L525N,0.4901
L525P,0.6243
L525Q,0.5387
L525R,0.2945
L525S,0.7274
L525T,0.606
L525V,0.9307
L525W,0.9419
L525Y,0.536
L526A,0.5518
L526C,0.3623
L526D,0.6525
L526E,0.631
L526F,0.6797
L526G,0.5029
L526H,0.6563
L526I,0.7786
L526K,0.6177
L526M,0.8533
L526N,0.7446
L526P,0.379
L526Q,0.9029
L526R,0.7559999999999999
L526S,0.314
L526T,0.4739
L526V,0.4058
L526W,0.7352
L526Y,0.4264
Q527A,0.8525
Q527C,0.9134
Q527D,0.8369
Q527E,0.8086
Q527F,0.9467
Q527G,0.6798
Q527H,0.659
Q527I,0.9412
Q527K,0.938
Q527L,0.7843
Q527M,0.4838
Q527N,0.7855
Q527P,0.6022
Q527R,0.8361
Q527S,0.8829
Q527T,0.7433
Q527V,0.809
Q527W,0.6208
Q527Y,0.9192
V528A,0.8265
V528C,0.7814
V528D,0.6085
V528E,0.7253
V528F,0.6378
V528G,0.6988
V528H,0.5173
V528I,0.8614
V528K,0.8003
V528L,0.8043
V528M,0.7893
V528N,0.9333
V528P,0.6029
V528Q,0.7846
V528R,0.6519
V528S,0.6622
V528T,0.9209
V528W,0.5936
V528Y,0.6412
L529A,0.7243
L529C,0.6507
L529D,0.3757
L529E,0.4074
L529F,0.7748
L529G,0.7973
L529H,0.4412
L529I,0.9818
L529K,0.7671
L529M,0.9127
L529N,0.8058
L529P,0.7408
L529Q,0.5772
L529R,0.8226
L529S,0.6592
L529T,0.6507
L529V,0.9161
L529W,0.5113
L529Y,0.4948
K530A,0.5668
K530C,0.9446
K530D,0.9482
K530E,0.7701
K530F,0.9825
K530G,0.9185
K530H,0.9611
K530I,0.988
K530L,0.8987
K530M,0.8827
K530N,0.8046
K530P,0.8003
K530Q,0.7707
K530R,0.9101
K530S,0.8797
K530T,0.8214
K530V,0.8919
K530W,0.8974
K530Y,0.9468
K531A,0.9382
K531C,0.9355
K531D,0.8499
K531E,0.8457
K531F,0.9177
K531G,0.8844
K531H,0.8428
K531I,0.8793
K531L,0.8624
K531M,0.9024
K531N,0.9389
K531P,0.8359
K531Q,0.852
K531R,0.9265
K531S,0.8429
K531T,0.8494
K531V,0.9237
K531W,0.8972
K531Y,0.8959
Y532A,0.8905
Y532C,0.9577
Y532D,0.778
Y532E,0.9358
Y532F,0.9925
Y532G,0.7762
Y532H,0.8953
Y532I,0.8472
Y532K,0.7373
Y532L,0.9308
Y532M,0.9562
Y532N,0.8302
Y532P,0.899
Y532Q,0.8727
Y532R,0.9178
Y532S,0.9117
Y532T,0.8579
Y532V,0.9311
Y532W,0.9037
E533A,0.9109
E533C,0.88
E533D,0.9247
E533F,0.977
E533G,0.7417
E533H,0.7065
E533I,0.9538
E533K,0.921
E533L,0.9867
E533M,0.8931
E533N,0.7779
E533P,0.6779
E533Q,0.8969
E533R,0.9435
E533S,0.8907
E533T,0.9518
E533V,0.8456
E533W,0.831
E533Y,0.8655
L534A,0.4492
L534C,0.9239
L534D,0.8025
L534E,0.7622
L534F,0.9836
L534G,0.7847
L534H,0.9708
L534I,0.9785
L534K,0.7591
L534M,0.8791
L534N,0.8977
L534P,0.8951
L534Q,0.7619
L534R,0.9099
L534S,0.8654
L534T,0.8099
L534V,0.9489
L534W,0.7664
L534Y,0.7773
R535A,0.6772
R535C,0.9287
R535D,0.7323
R535E,0.7745
R535F,0.7635
R535G,0.7319
R535H,0.9475
R535I,0.9384
R535K,0.8386
R535L,0.5199
R535M,0.9769
R535N,0.9252
R535P,0.4178
R535Q,0.7679
R535S,0.9067
R535T,0.9465
R535V,0.8917
R535W,0.6056
R535Y,0.977
V536A,0.8977
V536C,0.9546
V536D,0.926
V536E,0.8405
V536F,0.8319
V536G,0.7057
V536H,0.7937
V536I,0.8802
V536K,0.4614
V536L,0.9652
V536M,0.8693
V536N,0.6798
V536P,0.6864
V536Q,0.6237
V536R,0.5557
V536S,0.6122
V536T,0.8716
V536W,0.6495
V536Y,0.6473
N537A,0.9733
N537C,0.9209
N537D,0.8349
N537E,0.7217
N537F,0.901
N537G,0.9468
N537H,0.9424
N537I,0.904
N537K,0.8314
N537L,0.9334
N537M,0.9715
N537P,0.6624
N537Q,0.8222
N537R,0.9673
N537S,0.9562
N537T,0.9025
N537V,0.9162
N537W,0.9208
N537Y,0.9681
Y538A,0.8762
Y538C,0.9877
Y538D,0.7094
Y538E,0.7063
Y538F,0.8423
Y538G,0.7513
Y538H,0.6289
Y538I,0.9229
Y538K,0.6493
Y538L,0.7929999999999999
Y538M,0.5541
Y538N,0.6277
Y538P,0.6675
Y538Q,0.7374
Y538R,0.6212
Y538S,0.6245
Y538T,0.6141
Y538V,0.883
Y538W,0.8552
H539A,0.9179
H539C,0.8737
H539D,0.9389
H539E,0.877
H539F,0.9109
H539G,0.8507
H539I,0.7627
H539K,0.8878
H539L,0.9873
H539M,0.8551
H539N,0.9632
H539P,0.4889
H539Q,0.964
H539R,0.8242
H539S,0.8647
H539T,0.6940000000000001
H539V,0.9848
H539W,0.8931
H539Y,0.9566
L540A,0.9795
L540C,0.8968
L540D,0.7361
L540E,0.7313
L540F,0.9375
L540G,0.7479
L540H,0.9538
L540I,0.8647
L540K,0.6668
L540M,0.757
L540N,0.8477
L540P,0.6493
L540Q,0.478
L540R,0.7893
L540S,0.7187
L540T,0.7304
L540V,0.8649
L540W,0.8624
L540Y,0.6772
V541A,0.8836
V541C,0.8325
V541D,0.5979
V541E,0.7634
V541F,0.9489
V541G,0.9277
V541H,0.8345
V541I,0.9453
V541K,0.7182
V541L,0.9175
V541M,0.8527
V541N,0.8807
V541P,0.6011
V541Q,0.72
V541R,0.5239
V541S,0.7589
V541T,0.9215
V541W,0.7886
V541Y,0.8548
N542A,0.9793
N542C,0.8938
N542D,0.6921
N542E,0.6911
N542F,0.5912
N542G,0.8005
N542H,0.8321
N542I,0.7595
N542K,0.8303
N542L,0.7894
N542M,0.8298
N542P,0.8429
N542Q,0.7735
N542R,0.8390000000000001
N542S,0.9691
N542T,0.8642
N542V,0.71
N542W,0.6881
N542Y,0.767
V543A,0.7703
V543C,0.7238
V543D,0.7555
V543E,0.4867
V543F,0.9416
V543G,0.885
V543H,0.8905
V543I,0.6227
V543K,0.4496
V543L,0.8621
V543M,0.9913
V543N,0.7396
V543P,0.8562
V543Q,0.843
V543R,0.9694
V543S,0.9267
V543T,0.9477
V543W,0.7151
V543Y,0.9591
K544A,0.8728
K544C,0.6922
K544D,0.638
K544E,0.7589
K544F,0.8590000000000001
K544G,0.667
K544H,0.5865
K544I,0.867
K544L,0.8816
K544M,0.8213
K544N,0.7006
K544P,0.8223
K544Q,0.6272
K544R,0.9687
K544S,0.9082
K544T,0.8374
K544V,0.7806
K544W,0.6594
K544Y,0.8822
G545A,0.6786
G545C,0.519
G545D,0.81
G545E,0.7713
G545F,0.6998
G545H,0.9199
G545I,0.5773
G545K,0.6518
G545L,0.7033
G545M,0.3931
G545N,0.8053
G545P,0.7427
G545Q,0.608
G545R,0.9242
G545S,0.8039
G545T,0.7104
G545V,0.6211
G545W,0.2941
G545Y,0.9615
E546A,0.8693
E546C,0.7824
E546D,0.9392
E546F,0.9708
E546G,0.8042
E546H,0.9427
E546I,0.831
E546K,0.8878
E546L,0.9586
E546M,0.7482
E546N,0.6952
E546P,0.7639
E546Q,0.718
E546R,0.8036
E546S,0.8817
E546T,0.8653
E546V,0.9544
E546W,0.9243
E546Y,0.8802
N547A,0.7173
N547C,0.9767
N547D,0.8148
N547E,0.7864
N547F,0.9431
N547G,0.7438
N547H,0.8277
N547I,0.8341
N547K,0.87
N547L,0.9713
N547M,0.7889
N547P,0.7434
N547Q,0.6895
N547R,0.8
N547S,0.7615
N547T,0.797
N547V,0.8558
N547W,0.7891
N547Y,0.9132
I548A,0.7806
I548C,0.9307
I548D,0.7301
I548E,0.5941
I548F,0.9246
I548G,0.9509
I548H,0.6711
I548K,0.7341
I548L,0.9269
I548M,0.9093
I548N,0.8451
I548P,0.6044
I548Q,0.6553
I548R,0.6695
I548S,0.7576
I548T,0.9465
I548V,0.9111
I548W,0.9365
I548Y,0.6639
T549A,0.8145
T549C,0.8241
T549D,0.6084
T549E,0.6103
T549F,0.9712
T549G,0.6685
T549H,0.6734
T549I,0.83
T549K,0.6461
T549L,0.9593
T549M,0.6856
T549N,0.9226
T549P,0.8299
T549Q,0.5858
T549R,0.7588
T549S,0.7572
T549V,0.971
T549W,0.7942
T549Y,0.9116
N550A,0.752
N550C,0.7822
N550D,0.8577
N550E,0.8399
N550F,0.8601
N550G,0.8494
N550H,0.8362
N550I,0.4705
N550K,0.6356
N550L,0.8849
N550M,0.6508
N550P,0.6659
N550Q,0.6764
N550R,0.8229
N550S,0.9842
N550T,0.6908
N550V,0.6366
N550W,0.7625
N550Y,0.8656
A551C,0.667
A551D,0.743
A551E,0.7736
A551F,0.9801
A551G,0.4238
A551H,0.7761
A551I,0.8068
A551K,0.7965
A551L,0.6353
A551M,0.7979
A551N,0.6593
A551P,0.6239
A551Q,0.7647
A551R,0.7311
A551S,0.6551
A551T,0.9368
A551V,0.8046
A551W,0.7762
A551Y,0.8891
P552A,0.8677
P552C,0.9178
P552D,0.9071
P552E,0.8265
P552F,0.8415
P552G,0.8606
P552H,0.7997
P552I,0.905
P552K,0.8355
P552L,0.9879
P552M,0.8687
P552N,0.9087
P552Q,0.7931
P552R,0.9495
P552S,0.9817
P552T,0.7457
P552V,0.9163
P552W,0.7912
P552Y,0.9242
E553A,0.6888
E553C,0.8859999999999999
E553D,0.8799
E553F,0.8641
E553G,0.8435
E553H,0.8944
E553I,0.7869
E553K,0.9562
E553L,0.9036
E553M,0.9144
E553N,0.8129
E553P,0.7603
E553Q,0.8436
E553R,0.7727
E553S,0.8929
E553T,0.6951
E553V,0.921
E553W,0.7819
E553Y,0.8731
L554A,0.6016
L554C,0.6248
L554D,0.7642
L554E,0.7699
L554F,0.8433
L554G,0.9243
L554H,0.937
L554I,0.8735
L554K,0.7814
L554M,0.9868
L554N,0.9006
L554P,0.8647
L554Q,0.8991
L554R,0.9587
L554S,0.9211
L554T,0.46
L554V,0.7704
L554W,0.9219
L554Y,0.7734
Q555A,0.7967
Q555C,0.8283
Q555D,0.8522
Q555E,0.7644
Q555F,0.8782
Q555G,0.7017
Q555H,0.5967
Q555I,0.9197
Q555K,0.9366
Q555L,0.8307
Q555M,0.7362
Q555N,0.7672
Q555P,0.8374
Q555R,0.8256
Q555S,0.8888
Q555T,0.5104
Q555V,0.976
Q555W,0.7134
Q555Y,0.9703
P556A,0.9601
P556C,0.8447
P556D,0.8054
P556E,0.8639
P556F,0.8932
P556G,0.7625
P556H,0.8569
P556I,0.9281
P556K,0.7628
P556L,0.9308
P556M,0.8834
P556N,0.8446
P556Q,0.8167
P556R,0.7607
P556S,0.8105
P556T,0.9804
P556V,0.7568
P556W,0.9428
P556Y,0.8463
N557A,0.7515
N557C,0.9091
N557D,0.8047
N557E,0.7893
N557F,0.8654
N557G,0.6191
N557H,0.9147
N557I,0.7193
N557K,0.7751
N557L,0.8043
N557M,0.9634
N557P,0.8987
N557Q,0.7304
N557R,0.521
N557S,0.9786
N557T,0.8247
N557V,0.8585
N557W,0.7756
N557Y,0.8129
A558C,0.9723
A558D,0.8036
A558E,0.9211
A558F,0.8886
A558G,0.9373
A558H,0.7451
A558I,0.8426
A558K,0.8544
A558L,0.8389
A558M,0.939
A558N,0.5672
A558P,0.9146
A558Q,0.754
A558R,0.8574
A558S,0.9486
A558T,0.9589
A558V,0.8547
A558W,0.4701
A558Y,0.8694
V559A,0.7687
V559C,0.7534
V559D,0.8178
V559E,0.6513
V559F,0.8593
V559G,0.9712
V559H,0.7524
V559I,0.9545
V559K,0.7233
V559L,0.8959999999999999
V559M,0.8516
V559N,0.5744
V559P,0.4920000000000001
V559Q,0.9192
V559R,0.9297
V559S,0.4193
V559T,0.7451
V559W,0.4729
V559Y,0.7673
T560A,0.8693
T560C,0.8142
T560D,0.7052
T560E,0.7387
T560F,0.9007
T560G,0.8872
T560H,0.7773
T560I,0.9613
T560K,0.7647
T560L,0.9257
T560M,0.8572
T560N,0.8899
T560P,0.5678
T560Q,0.6833
T560R,0.7677
T560S,0.9505
T560V,0.7956
T560W,0.8917
T560Y,0.8349
W561A,0.7391
W561C,0.8517
W561D,0.8366
W561E,0.8112
W561F,0.8324
W561G,0.9291
W561H,0.7744
W561I,0.9741
W561K,0.8841
W561L,0.6485
W561M,0.7526
W561N,0.6432
W561P,0.7821
W561Q,0.8224
W561R,0.9694
W561S,0.8315
W561T,0.8951
W561V,0.9264
W561Y,0.8785
G562A,0.8273
G562C,0.8068
G562D,0.9199
G562E,0.8888
G562F,0.8829
G562H,0.804
G562I,0.7656
G562K,0.7798
G562L,0.8713
G562M,0.6336
G562N,0.84
G562P,0.6095
G562Q,0.9207
G562R,0.9241
G562S,0.8557
G562T,0.8624
G562V,0.7143
G562W,0.9117
G562Y,0.7686
I563A,0.6964
I563C,0.9932
I563D,0.6904
I563E,0.8152
I563F,0.9873
I563G,0.7174
I563H,0.6429
I563K,0.7432
I563L,0.8462
I563M,0.8307
I563N,0.7406
I563P,0.8251
I563Q,0.5488
I563R,0.8819
I563S,0.8643
I563T,0.7891
I563V,0.9639
I563W,0.8279
I563Y,0.7859999999999999
F564A,0.6903
F564C,0.841
F564D,0.7953
F564E,0.7528
F564G,0.7919
F564H,0.7893
F564I,0.8427
F564K,0.6801
F564L,0.8822
F564M,0.915
F564N,0.9058
F564P,0.8422
F564Q,0.8197
F564R,0.8642
F564S,0.8469
F564T,0.906
F564V,0.9271
F564W,0.8422
F564Y,0.9345
P565A,0.9537
P565C,0.8043
P565D,0.8972
P565E,0.7715
P565F,0.8838
P565G,0.8392
P565H,0.8529
P565I,0.8414
P565K,0.8603
P565L,0.925
P565M,0.8316
P565N,0.8568
P565Q,0.8301
P565R,0.9327
P565S,0.9139
P565T,0.8648
P565V,0.9384
P565W,0.8807
P565Y,0.9155
G566A,0.981
G566C,0.9198
G566D,0.7338
G566E,0.9843
G566F,0.8677
G566H,0.7044
G566I,0.7802
G566K,0.8786
G566L,0.9539
G566M,0.87
G566N,0.8145
G566P,0.8281
G566Q,0.7755
G566R,0.9489
G566S,0.7691
G566T,0.8144
G566V,0.8243
G566W,0.5459
G566Y,0.8416
R567A,0.8740000000000001
R567C,0.8744
R567D,0.8595
R567E,0.8027
R567F,0.9931
R567G,0.9387
R567H,0.8898
R567I,0.9093
R567K,0.7295
R567L,0.8157
R567M,0.9419
R567N,0.8924
R567P,0.9699
R567Q,0.986
R567S,0.946
R567T,0.9142
R567V,0.9098
R567W,0.9706
R567Y,0.9191
E568A,0.8905
E568C,0.8921
E568D,0.9021
E568F,0.9646
E568G,0.8046
E568H,0.9297
E568I,0.9277
E568K,0.9568
E568L,0.9847
E568M,0.8972
E568N,0.8619
E568P,0.8137
E568Q,0.8951
E568R,0.8917
E568S,0.9043
E568T,0.9253
E568V,0.7947
E568W,0.5915
E568Y,0.9192
I569A,0.8885
I569C,0.8246
I569D,0.8293
I569E,0.9684
I569F,0.8669
I569G,0.6869
I569H,0.8286
I569K,0.9177
I569L,0.9529
I569M,0.9212
I569N,0.8112
I569P,0.7509
I569Q,0.857
I569R,0.9141
I569S,0.9105
I569T,0.976
I569V,0.9178
I569W,0.9708
I569Y,0.7946
I570A,0.7845
I570C,0.7735
I570D,0.7608
I570E,0.6714
I570F,0.9934
I570G,0.8388
I570H,0.727
I570K,0.8781
I570L,0.8412
I570M,0.813
I570N,0.8336
I570P,0.7311
I570Q,0.7325
I570R,0.8789
I570S,0.8838
I570T,0.7158
I570V,0.8266
I570W,0.775
I570Y,0.7218
Q571A,0.7911
Q571C,0.9474
Q571D,0.8736
Q571E,0.9716
Q571F,0.9625
Q571G,0.8833
Q571H,0.76
Q571I,0.9908
Q571K,0.9084
Q571L,0.9289
Q571M,0.6971
Q571N,0.9619
Q571P,0.962
Q571R,0.8313
Q571S,0.8571
Q571T,0.8509
Q571V,0.7935
Q571W,0.908
Q571Y,0.9345
P572A,0.9895
P572C,0.887
P572D,0.883
P572E,0.9394
P572F,0.9248
P572G,0.9562
P572H,0.7868
P572I,0.9502
P572K,0.7519
P572L,0.963
P572M,0.9214
P572N,0.9629
P572Q,0.8055
P572R,0.9838
P572S,0.8328
P572T,0.8393
P572V,0.9666
P572W,0.8338
P572Y,0.952
T573A,0.9563
T573C,0.9206
T573D,0.913
T573E,0.7862
T573F,0.8523
T573G,0.7577
T573H,0.8671
T573I,0.8551
T573K,0.5993
T573L,0.9284
T573M,0.9291
T573N,0.9124
T573P,0.968
T573Q,0.8554
T573R,0.9762
T573S,0.9676
T573V,0.8866
T573W,0.9215
T573Y,0.9586
V574A,0.914
V574C,0.8336
V574D,0.9823
V574E,0.6896
V574F,0.792
V574G,0.7748
V574H,0.9616
V574I,0.9651
V574K,0.5925
V574L,0.8695
V574M,0.9104
V574N,0.9293
V574P,0.8598
V574Q,0.8029
V574R,0.9692
V574S,0.9922
V574T,0.8041
V574W,0.7713
V574Y,0.665
V575A,0.9584
V575C,0.8473
V575D,0.8908
V575E,0.8544
V575F,0.8991
V575G,0.8072
V575H,0.7964
V575I,0.943
V575K,0.7797
V575L,0.986
V575M,0.9662
V575N,0.8442
V575P,0.7967
V575Q,0.8632
V575R,0.8662
V575S,0.8397
V575T,0.9565
V575W,0.8687
V575Y,0.9828
D576A,0.8641
D576C,0.931
D576E,0.8965
D576F,0.961
D576G,0.9414
D576H,0.7814
D576I,0.9446
D576K,0.7423
D576L,0.9485
D576M,0.8296
D576N,0.9352
D576P,0.7682
D576Q,0.7221
D576R,0.8381
D576S,0.8349
D576T,0.8986
D576V,0.9038
D576W,0.8617
D576Y,0.9732
P577A,0.9646
P577C,0.8136
P577D,0.7968
P577E,0.8198
P577F,0.8281
P577G,0.8898
P577H,0.9767
P577I,0.992
P577K,0.7672
P577L,0.9497
P577M,0.8504
P577N,0.928
P577Q,0.675
P577R,0.9323
P577S,0.9473
P577T,0.9131
P577V,0.8181
P577W,0.7319
P577Y,0.9133
V578A,0.9334
V578C,0.8269
V578D,0.9
V578E,0.7879999999999999
V578F,0.9409
V578G,0.949
V578H,0.9849
V578I,0.9762
V578K,0.7776
V578L,0.8892
V578M,0.8444
V578N,0.8211
V578P,0.9476
V578Q,0.7839
V578R,0.9308
V578S,0.78
V578T,0.9456
V578W,0.8163
V578Y,0.9243
S579A,0.825
S579C,0.8851
S579D,0.9382
S579E,0.8016
S579F,0.9568
S579G,0.8482
S579H,0.8740000000000001
S579I,0.8775
S579K,0.9469
S579L,0.9115
S579M,0.9265
S579N,0.9599
S579P,0.8038
S579Q,0.8608
S579R,0.8115
S579T,0.9029
S579V,0.9853
S579W,0.8716
S579Y,0.9643
F580A,0.9392
F580C,0.872
F580D,0.8887
F580E,0.931
F580G,0.9705
F580H,0.9137
F580I,0.9851
F580K,0.969
F580L,0.9017
F580M,0.9715
F580N,0.9312
F580P,0.7078
F580Q,0.7946
F580R,0.97
F580S,0.9166
F580T,0.8517
F580V,0.9343
F580W,0.8931
F580Y,0.8517
M581A,0.9199
M581C,0.8344
M581D,0.8417
M581E,0.792
M581F,0.8923
M581G,0.919
M581H,0.8309
M581I,0.9782
M581K,0.8776
M581L,0.8571
M581N,0.8507
M581P,0.8475
M581Q,0.8449
M581R,0.9669
M581S,0.8595
M581T,0.8622
M581V,0.8676
M581W,0.8190000000000001
M581Y,0.8127
F582A,0.6845
F582C,0.9431
F582D,0.8764
F582E,0.8315
F582G,0.8985
F582H,0.9875
F582I,0.8881
F582K,0.9767
F582L,0.9572
F582M,0.9377
F582N,0.8855
F582P,0.9545
F582Q,0.9421
F582R,0.933
F582S,0.8834
F582T,0.9115
F582V,0.9649
F582W,0.9396
F582Y,0.9417
W583A,0.9876
W583C,0.8486
W583D,0.7951
W583E,0.9048
W583F,0.9711
W583G,0.9124
W583H,0.922
W583I,0.8787
W583K,0.9558
W583L,0.8491
W583M,0.9789
W583N,0.9272
W583P,0.8471
W583Q,0.9036
W583R,0.94
W583S,0.9568
W583T,0.8079999999999999
W583V,0.9429
W583Y,0.9558
K584A,0.8915
K584C,0.8985
K584D,0.9183
K584E,0.9776
K584F,0.9017
K584G,0.9246
K584H,0.9133
K584I,0.9032
K584L,0.9882
K584M,0.9257
K584N,0.7744
K584P,0.8104
K584Q,0.8672
K584R,0.8986
K584S,0.8873
K584T,0.9354
K584V,0.9053
K584W,0.9891
K584Y,0.9402
D585A,0.7825
D585C,0.8220000000000001
D585E,0.9859
D585F,0.8708
D585G,0.8277
D585H,0.8988
D585I,0.7802
D585K,0.6497
D585L,0.8188
D585M,0.8204
D585N,0.9031
D585P,0.9261
D585Q,0.6976
D585R,0.9192
D585S,0.8262
D585T,0.7927
D585V,0.8762
D585W,0.9854
D585Y,0.9747
E586A,0.9492
E586C,0.9191
E586D,0.6953
E586F,0.9677
E586G,0.9565
E586H,0.9573
E586I,0.8962
E586K,0.8592
E586L,0.9143
E586M,0.9155
E586N,0.8854
E586P,0.9609
E586Q,0.8738
E586R,0.9402
E586S,0.9344
E586T,0.9078
E586V,0.9523
E586W,0.9219
E586Y,0.9757
A587C,0.8779
A587D,0.4677
A587E,0.8789
A587F,0.9476
A587G,0.9669
A587H,0.8957
A587I,0.9365
A587K,0.9166
A587L,0.9654
A587M,0.8996
A587N,0.8127
A587P,0.9568
A587Q,0.7771
A587R,0.8903
A587S,0.8747
A587T,0.8213
A587V,0.9524
A587W,0.9484
A587Y,0.931
F588A,0.8612
F588C,0.9171
F588D,0.5302
F588E,0.7673
F588G,0.7807
F588H,0.8552
F588I,0.9647
F588K,0.764
F588L,0.932
F588M,0.9638
F588N,0.9128
F588P,0.7786
F588Q,0.9802
F588R,0.8914
F588S,0.9389
F588T,0.8577
F588V,0.8585
F588W,0.954
F588Y,0.9135
A589C,0.9112
A589D,0.9038
A589E,0.9488
A589F,0.9615
A589G,0.962
A589H,0.936
A589I,0.8502
A589K,0.7297
A589L,0.9609
A589M,0.8317
A589N,0.9225
A589P,0.9378
A589Q,0.8122
A589R,0.8170000000000001
A589S,0.747
A589T,0.9758
A589V,0.8682
A589W,0.8561
A589Y,0.9052
L590A,0.9294
L590C,0.7904
L590D,0.9481
L590E,0.7682
L590F,0.935
L590G,0.9696
L590H,0.8777
L590I,0.9632
L590K,0.9076
L590M,0.8936
L590N,0.8614
L590P,0.9043
L590Q,0.9047
L590R,0.9109
L590S,0.9345
L590T,0.9491
L590V,0.9462
L590W,0.9451
L590Y,0.7724
W591A,0.987
W591C,0.9141
W591D,0.4795
W591E,0.5315
W591F,0.9379
W591G,0.9622
W591H,0.6104
W591I,0.9738
W591K,0.6302
W591L,0.9924
W591M,0.9312
W591N,0.9094
W591P,0.5649
W591Q,0.5705
W591R,0.6471
W591S,0.9287
W591T,0.8886
W591V,0.9808
W591Y,0.9731
I592A,0.8309
I592C,0.9459
I592D,0.8304
I592E,0.955
I592F,0.8909999999999999
I592G,0.9036
I592H,0.9169
I592K,0.8129
I592L,0.9167
I592M,0.913
I592N,0.94
I592P,0.9486
I592Q,0.8605
I592R,0.9397
I592S,0.8331
I592T,0.8848
I592V,0.8823
I592W,0.8945
I592Y,0.8389
E593A,0.7703
E593C,0.8834
E593D,0.7517
E593F,0.8596
E593G,0.8571
E593H,0.736
E593I,0.9672
E593K,0.9495
E593L,0.8446
E593M,0.8358
E593N,0.9443
E593P,0.9092
E593Q,0.7412
E593R,0.915
E593S,0.8263
E593T,0.9363
E593V,0.9182
E593W,0.8884
E593Y,0.8091
R594A,0.9284
R594C,0.893
R594D,0.9247
R594E,0.9418
R594F,0.8255
R594G,0.8891
R594H,0.7852
R594I,0.8704
R594K,0.8686
R594L,0.9761
R594M,0.9826
R594N,0.9655
R594P,0.8305
R594Q,0.9445
R594S,0.8149
R594T,0.7011
R594V,0.8058
R594W,0.8595
R594Y,0.9098
W595A,0.7992
W595C,0.8593
W595D,0.563
W595E,0.9613
W595F,0.9506
W595G,0.87
W595H,0.9808
W595I,0.8086
W595K,0.6586
W595L,0.8435
W595M,0.8127
W595N,0.5739
W595P,0.8163
W595Q,0.7788
W595R,0.4805
W595S,0.7099
W595T,0.941
W595V,0.9443
W595Y,0.903
G596A,0.9539
G596C,0.8634
G596D,0.9341
G596E,0.856
G596F,0.875
G596H,0.8241
G596I,0.8437
G596K,0.9047
G596L,0.9802
G596M,0.8952
G596N,0.7546
G596P,0.9092
G596Q,0.7809
G596R,0.9214
G596S,0.9831
G596T,0.7788
G596V,0.958
G596W,0.9076
G596Y,0.9621
K597A,0.9079
K597C,0.9838
K597D,0.9015
K597E,0.8135
K597F,0.9351
K597G,0.9067
K597H,0.5131
K597I,0.8199
K597L,0.8726
K597M,0.9089
K597N,0.9472
K597P,0.8723
K597Q,0.7388
K597R,0.7855
K597S,0.8667
K597T,0.8824
K597V,0.9131
K597W,0.8591
K597Y,0.9553
L598A,0.8535
L598C,0.8432
L598D,0.8817
L598E,0.8699
L598F,0.9778
L598G,0.9464
L598H,0.9633
L598I,0.8151
L598K,0.8911
L598M,0.9537
L598N,0.8658
L598P,0.9236
L598Q,0.9617
L598R,0.8896
L598S,0.8746
L598T,0.9281
L598V,0.8937
L598W,0.879
L598Y,0.8747
Y599A,0.9199
Y599C,0.976
Y599D,0.8664
Y599E,0.6985
Y599F,0.9218
Y599G,0.7725
Y599H,0.8589
Y599I,0.9116
Y599K,0.7959999999999999
Y599L,0.9109
Y599M,0.8522
Y599N,0.8184
Y599P,0.5946
Y599Q,0.8452
Y599R,0.6415
Y599S,0.8946
Y599T,0.9497
Y599V,0.9257
Y599W,0.935
E600A,0.962
E600C,0.8909
E600D,0.841
E600F,0.9147
E600G,0.8711
E600H,0.897
E600I,0.89
E600K,0.9331
E600L,0.9663
E600M,0.9644
E600N,0.904
E600P,0.8428
E600Q,0.8267
E600R,0.8496
E600S,0.887
E600T,0.8364
E600V,0.8809999999999999
E600W,0.9511
E600Y,0.9123
E601A,0.9484
E601C,0.9013
E601D,0.9575
E601F,0.9302
E601G,0.8621
E601H,0.9643
E601I,0.8488
E601K,0.9004
E601L,0.8776
E601M,0.9213
E601N,0.8231
E601P,0.8852
E601Q,0.8645
E601R,0.9178
E601S,0.8694
E601T,0.8867
E601V,0.8848
E601W,0.8682
E601Y,0.9419
E602A,0.8871
E602C,0.8142
E602D,0.8921
E602F,0.8784
E602G,0.9371
E602H,0.6858
E602I,0.8402
E602K,0.921
E602L,0.9236
E602M,0.8793
E602N,0.7961
E602P,0.7705
E602Q,0.774
E602R,0.9432
E602S,0.8712
E602T,0.8687
E602V,0.9864
E602W,0.8194
E602Y,0.8456
S603A,0.9505
S603C,0.8631
S603D,0.8093
S603E,0.8622
S603F,0.9367
S603G,0.8929
S603H,0.9059
S603I,0.9225
S603K,0.7628
S603L,0.9313
S603M,0.6977
S603N,0.883
S603P,0.9648
S603Q,0.7445
S603R,0.9572
S603T,0.9302
S603V,0.9183
S603W,0.7572
S603Y,0.8214
P604A,0.8525
P604C,0.9148
P604D,0.7495
P604E,0.7595
P604F,0.9038
P604G,0.9083
P604H,0.7764
P604I,0.9055
P604K,0.5907
P604L,0.9309
P604M,0.8423
P604N,0.7087
P604Q,0.7447
P604R,0.9707
P604S,0.8723
P604T,0.7995
P604V,0.8468
P604W,0.7803
P604Y,0.8527
S605A,0.8624
S605C,0.7789
S605D,0.7589
S605E,0.7494
S605F,0.9896
S605G,0.8016
S605H,0.7289
S605I,0.9045
S605K,0.7307
S605L,0.9409
S605M,0.9013
S605N,0.6527
S605P,0.6463
S605Q,0.6313
S605R,0.9187
S605T,0.8173
S605V,0.9113
S605W,0.8684
S605Y,0.7444
R606A,0.7481
R606C,0.8443
R606D,0.6869
R606E,0.7292
R606F,0.8966
R606G,0.9143
R606H,0.8893
R606I,0.9425
R606K,0.585
R606L,0.9565
R606M,0.7052
R606N,0.6829999999999999
R606P,0.7672
R606Q,0.6893
R606S,0.9542
R606T,0.8648
R606V,0.8997
R606W,0.8796
R606Y,0.8233
T607A,0.8355
T607C,0.8056
T607D,0.7819
T607E,0.7299
T607F,0.8891
T607G,0.7665
T607H,0.9017
T607I,0.8795
T607K,0.5879
T607L,0.9023
T607M,0.8827
T607N,0.9661
T607P,0.5271
T607Q,0.6982
T607R,0.6011
T607S,0.8097
T607V,0.6289
T607W,0.6664
T607Y,0.8566
I608A,0.9493
I608C,0.8641
I608D,0.5952
I608E,0.5404
I608F,0.9605
I608G,0.8566
I608H,0.6111
I608K,0.7109
I608L,0.9017
I608M,0.853
I608N,0.9151
I608P,0.7251
I608Q,0.6948
I608R,0.8118
I608S,0.6611
I608T,0.9562
I608V,0.9562
I608W,0.8445
I608Y,0.5756
I609A,0.9268
I609C,0.8909
I609D,0.4437
I609E,0.4017
I609F,0.8229
I609G,0.8571
I609H,0.5314
I609K,0.6543
I609L,0.8935
I609M,0.8472
I609N,0.7511
I609P,0.8869
I609Q,0.6709999999999999
I609R,0.8908
I609S,0.9313
I609T,0.8228
I609V,0.913
I609W,0.7679
I609Y,0.5836
Q610A,0.7962
Q610C,0.961
Q610D,0.8471
Q610E,0.7321
Q610F,0.6779
Q610G,0.8728
Q610H,0.9584
Q610I,0.6257
Q610K,0.9297
Q610L,0.937
Q610M,0.9526
Q610N,0.958
Q610P,0.7388
Q610R,0.7594
Q610S,0.6973
Q610T,0.6198
Q610V,0.7455
Q610W,0.5082
Q610Y,0.4745
Y611A,0.6029
Y611C,0.9073
Y611D,0.7792
Y611E,0.7493
Y611F,0.8606
Y611G,0.7493
Y611H,0.8575
Y611I,0.9343
Y611K,0.8216
Y611L,0.9071
Y611M,0.7292
Y611N,0.8525
Y611P,0.6968
Y611Q,0.7694
Y611R,0.7211
Y611S,0.8795
Y611T,0.7714
Y611V,0.8561
Y611W,0.7513
I612A,0.7717
I612C,0.9009
I612D,0.7574
I612E,0.7067
I612F,0.9318
I612G,0.9873
I612H,0.7291
I612K,0.9073
I612L,0.9636
I612M,0.8869
I612N,0.733
I612P,0.5839
I612Q,0.7496
I612R,0.8257
I612S,0.9689
I612T,0.8311
I612V,0.975
I612W,0.8281
I612Y,0.7278
H613A,0.8853
H613C,0.8299
H613D,0.8958
H613E,0.8001
H613F,0.9247
H613G,0.7764
H613I,0.9013
H613K,0.7235
H613L,0.912
H613M,0.7526
H613N,0.9514
H613P,0.9792
H613Q,0.9292
H613R,0.8561
H613S,0.8063
H613T,0.8026
H613V,0.9777
H613W,0.7678
H613Y,0.9303
D614A,0.7176
D614C,0.9692
D614E,0.9398
D614F,0.9414
D614G,0.7944
D614H,0.8291
D614I,0.7257
D614K,0.6603
D614L,0.9115
D614M,0.9783
D614N,0.9167
D614P,0.7104
D614Q,0.7122
D614R,0.476
D614S,0.9545
D614T,0.8041
D614V,0.8152
D614W,0.7115
D614Y,0.7972
N615A,0.948
N615C,0.9921
N615D,0.8669
N615E,0.8411
N615F,0.8847
N615G,0.8998
N615H,0.8270000000000001
N615I,0.7735
N615K,0.8851
N615L,0.7329
N615M,0.6625
N615P,0.343
N615Q,0.7394
N615R,0.747
N615S,0.8381
N615T,0.8340000000000001
N615V,0.7305
N615W,0.8267
N615Y,0.8733
Y616A,0.9223
Y616C,0.8973
Y616D,0.4539
Y616E,0.5599
Y616F,0.9171
Y616G,0.7088
Y616H,0.8719
Y616I,0.8225
Y616K,0.4986
Y616L,0.8209
Y616M,0.8665
Y616N,0.8789
Y616P,0.3956
Y616Q,0.3861
Y616R,0.6576
Y616S,0.9718
Y616T,0.5883
Y616V,0.7686
Y616W,0.901
F617A,0.9459
F617C,0.9815
F617D,0.6191
F617E,0.966
F617G,0.7449
F617H,0.754
F617I,0.8824
F617K,0.8652
F617L,0.9447
F617M,0.7813
F617N,0.7235
F617P,0.9422
F617Q,0.9602
F617R,0.7527
F617S,0.8885
F617T,0.8155
F617V,0.8946
F617W,0.9545
F617Y,0.9099
L618A,0.9307
L618C,0.6119
L618D,0.4176
L618E,0.674
L618F,0.918
L618G,0.8015
L618H,0.8658
L618I,0.8977
L618K,0.5344
L618M,0.8419
L618N,0.7898
L618P,0.6293
L618Q,0.8949
L618R,0.8012
L618S,0.6887
L618T,0.5833
L618V,0.8423
L618W,0.9628
L618Y,0.797
V619A,0.81
V619C,0.7764
V619D,0.3786
V619E,0.3005
V619F,0.7225
V619G,0.3532
V619H,0.7642
V619I,0.9211
V619K,0.3256
V619L,0.7578
V619M,0.8977
V619N,0.4875
V619P,0.357
V619Q,0.6593
V619R,0.3186
V619S,0.4072
V619T,0.9114
V619W,0.8229
V619Y,0.1409
N620A,0.8573
N620C,0.7373
N620D,0.8644
N620E,0.9186
N620F,0.8799
N620G,0.8761
N620H,0.8590000000000001
N620I,0.9093
N620K,0.8003
N620L,0.9851
N620M,0.8022
N620P,0.6334
N620Q,0.7836
N620R,0.7127
N620S,0.8745
N620T,0.7472
N620V,0.9455
N620W,0.7693
N620Y,0.8789
L621A,0.8392
L621C,0.718
L621D,0.5316
L621E,0.5615
L621F,0.836
L621G,0.81
L621H,0.8351
L621I,0.9373
L621K,0.4724
L621M,0.9474
L621N,0.2275
L621P,0.6694
L621Q,0.8192
L621R,0.9434
L621S,0.7689
L621T,0.718
L621V,0.9499
L621W,0.6258
L621Y,0.6135
V622A,0.7262
V622C,0.8103
V622D,0.6761
V622E,0.7316
V622F,0.8216
V622G,0.9233
V622H,0.957
V622I,0.9557
V622K,0.6852
V622L,0.9358
V622M,0.9044
V622N,0.8121
V622P,0.9123
V622Q,0.7596
V622R,0.9206
V622S,0.7144
V622T,0.7283
V622W,0.7204
V622Y,0.9118
D623A,0.7553
D623C,0.9319
D623E,0.7249
D623F,0.8062
D623G,0.8416
D623H,0.7995
D623I,0.8603
D623K,0.8598
D623L,0.8237
D623M,0.9703
D623N,0.9644
D623P,0.7025
D623Q,0.8161
D623R,0.8518
D623S,0.7656
D623T,0.8127
D623V,0.7964
D623W,0.7348
D623Y,0.7669
N624A,0.9389
N624C,0.9048
N624D,0.8535
N624E,0.8296
N624F,0.8436
N624G,0.8501
N624H,0.8572
N624I,0.7447
N624K,0.8318
N624L,0.9836
N624M,0.5993
N624P,0.8162
N624Q,0.7483
N624R,0.7541
N624S,0.8513
N624T,0.5403
N624V,0.5592
N624W,0.8124
N624Y,0.898
D625A,0.7979999999999999
D625C,0.8079999999999999
D625E,0.9083
D625F,0.8716
D625G,0.8402
D625H,0.7556
D625I,0.9533
D625K,0.7743
D625L,0.8463
D625M,0.907
D625N,0.8423
D625P,0.6626
D625Q,0.8725
D625R,0.8047
D625S,0.9035
D625T,0.8216
D625V,0.6763
D625W,0.8266
D625Y,0.8805
F626A,0.8181
F626C,0.8215
F626D,0.7588
F626E,0.8007
F626G,0.7435
F626H,0.8198
F626I,0.9409
F626K,0.4119
F626L,0.9489
F626M,0.8367
F626N,0.9268
F626P,0.7722
F626Q,0.7427
F626R,0.8664
F626S,0.9345
F626T,0.8744
F626V,0.8403
F626W,0.7442
F626Y,0.843
P627A,0.7712
P627C,0.7522
P627D,0.5929
P627E,0.8454
P627F,0.9367
P627G,0.7837
P627H,0.7423
P627I,0.7362
P627K,0.795
P627L,0.9878
P627M,0.7603
P627N,0.632
P627Q,0.8985
P627R,0.6173
P627S,0.9626
P627T,0.8794
P627V,0.9265
P627W,0.8042
P627Y,0.591
L628A,0.6147
L628C,0.5139
L628D,0.8549
L628E,0.7945
L628F,0.8901
L628G,0.7381
L628H,0.8238
L628I,0.7799
L628K,0.8092
L628M,0.9411
L628N,0.8704
L628P,0.9502
L628Q,0.7667
L628R,0.7528
L628S,0.7639
L628T,0.4682
L628V,0.7907
L628W,0.959
L628Y,0.8237
D629A,0.8677
D629C,0.6812
D629E,0.9755
D629F,0.4779
D629G,0.8482
D629H,0.8253
D629I,0.3768
D629K,0.5758
D629L,0.3717
D629M,0.625
D629N,0.8655
D629P,0.5601
D629Q,0.5958
D629R,0.7491
D629S,0.7509
D629T,0.6491
D629V,0.5877
D629W,0.545
D629Y,0.8045
N630A,0.6888
N630C,0.8647
N630D,0.7705
N630E,0.6935
N630F,0.6242
N630G,0.6937
N630H,0.7809999999999999
N630I,0.7687
N630K,0.911
N630L,0.8487
N630M,0.4332
N630P,0.7845
N630Q,0.8601
N630R,0.9102
N630S,0.8787
N630T,0.5463
N630V,0.7593
N630W,0.9301
N630Y,0.807
C631A,0.7308
C631D,0.6918
C631E,0.7435
C631F,0.6101
C631G,0.846
C631H,0.7521
C631I,0.4214
C631K,0.5562
C631L,0.8551
C631M,0.804
C631N,0.7352
C631P,0.5846
C631Q,0.5659
C631R,0.8615
C631S,0.7363
C631T,0.8133
C631V,0.7179
C631W,0.6123
C631Y,0.7624
L632A,0.7189
L632C,0.7165
L632D,0.5103
L632E,0.3451
L632F,0.6471
L632G,0.6361
L632H,0.4662
L632I,0.8205
L632K,0.3171
L632M,0.8098
L632N,0.9067
L632P,0.6618
L632Q,0.5467
L632R,0.8397
L632S,0.7908
L632T,0.6664
L632V,0.873
L632W,0.6403
L632Y,0.9523
W633A,0.7376
W633C,0.7928
W633D,0.7727
W633E,0.6990000000000001
W633F,0.9794
W633G,0.723
W633H,0.6865
W633I,0.7795
W633K,0.5909
W633L,0.7354
W633M,0.8101
W633N,0.7038
W633P,0.7324
W633Q,0.9202
W633R,0.6518
W633S,0.625
W633T,0.8
W633V,0.9292
W633Y,0.7037
Q634A,0.6737
Q634C,0.6694
Q634D,0.7408
Q634E,0.7796
Q634F,0.6759
Q634G,0.7545
Q634H,0.7681
Q634I,0.7283
Q634K,0.7057
Q634L,0.7223
Q634M,0.6205
Q634N,0.708
Q634P,0.7695
Q634R,0.8139
Q634S,0.6191
Q634T,0.7115
Q634V,0.8854
Q634W,0.7509999999999999
Q634Y,0.7605
V635A,0.6279
V635C,0.6452
V635D,0.5473
V635E,0.4858
V635F,0.6618
V635G,0.6185
V635H,0.5306
V635I,0.6755
V635K,0.5473
V635L,0.5096
V635M,0.866
V635N,0.5473
V635P,0.5297
V635Q,0.7983
V635R,0.5307
V635S,0.5515
V635T,0.6625
V635W,0.8753
V635Y,0.5051
V636A,0.8224
V636C,0.7753
V636D,0.4949
V636E,0.6334
V636F,0.921
V636G,0.911
V636H,0.5905
V636I,0.9113
V636K,0.5447
V636L,0.7159
V636M,0.9381
V636N,0.4762
V636P,0.4942
V636Q,0.3746
V636R,0.2924
V636S,0.5474
V636T,0.7342
V636W,0.4032
V636Y,0.7306
E637A,0.8376
E637C,0.8839
E637D,0.7997
E637F,0.8158
E637G,0.8923
E637H,0.6729999999999999
E637I,0.7311
E637K,0.9073
E637L,0.9603
E637M,0.7923
E637N,0.677
E637P,0.637
E637Q,0.7643
E637R,0.6213
E637S,0.8023
E637T,0.9813
E637V,0.752
E637W,0.9157
E637Y,0.7347
D638A,0.6689
D638C,0.7992
D638E,0.9384
D638F,0.8717
D638G,0.917
D638H,0.5677
D638I,0.7844
D638K,0.7106
D638L,0.9714
D638M,0.4835
D638N,0.8449
D638P,0.7212
D638Q,0.7358
D638R,0.7445
D638S,0.5252
D638T,0.6215
D638V,0.3547
D638W,0.6498
D638Y,0.7709999999999999
T639A,0.8385
T639C,0.8363
T639D,0.5376
T639E,0.6172
T639F,0.6789
T639G,0.5257
T639H,0.7525
T639I,0.8918
T639K,0.5477
T639L,0.7833
T639M,0.7461
T639N,0.7494
T639P,0.5273
T639Q,0.5668
T639R,0.4611
T639S,0.9317
T639V,0.9142
T639W,0.9006
T639Y,0.5901
L640A,0.6843
L640C,0.7919
L640D,0.5670000000000001
L640E,0.6663
L640F,0.8002
L640G,0.9061
L640H,0.6517
L640I,0.7459
L640K,0.603
L640M,0.9673
L640N,0.6094
L640P,0.426
L640Q,0.723
L640R,0.5208
L640S,0.7495
L640T,0.6491
L640V,0.9411
L640W,0.8975
L640Y,0.6043
E641A,0.9399
E641C,0.8362
E641D,0.8216
E641F,0.9858
E641G,0.9521
E641H,0.8573
E641I,0.6742
E641K,0.8963
E641L,0.953
E641M,0.9577
E641N,0.8382
E641P,0.7096
E641Q,0.688
E641R,0.7285
E641S,0.8616
E641T,0.8957
E641V,0.8544
E641W,0.5241
E641Y,0.846
L642A,0.9071
L642C,0.7763
L642D,0.8061
L642E,0.7475
L642F,0.9646
L642G,0.9488
L642H,0.8189
L642I,0.8519
L642K,0.7677
L642M,0.7472
L642N,0.9369
L642P,0.8199
L642Q,0.9143
L642R,0.8994
L642S,0.9493
L642T,0.6996
L642V,0.9333
L642W,0.6277
L642Y,0.8494
L643A,0.8239
L643C,0.9506
L643D,0.8146
L643E,0.8496
L643F,0.9761
L643G,0.8226
L643H,0.9789
L643I,0.9575
L643K,0.8548
L643M,0.9048
L643N,0.9431
L643P,0.8865
L643Q,0.9356
L643R,0.8395
L643S,0.7938
L643T,0.8342
L643V,0.8767
L643W,0.4079
L643Y,0.8771
N644A,0.7469
N644C,0.9547
N644D,0.8106
N644E,0.7534
N644F,0.9921
N644G,0.868
N644H,0.8586
N644I,0.8702
N644K,0.8264
N644L,0.9356
N644M,0.8666
N644P,0.8436
N644Q,0.8484
N644R,0.7351
N644S,0.7726
N644T,0.8568
N644V,0.9263
N644W,0.909
N644Y,0.8792
R645A,0.7103
R645C,0.8609
R645D,0.6422
R645E,0.7
R645F,0.8927
R645G,0.913
R645H,0.8145
R645I,0.8607
R645K,0.949
R645L,0.833
R645M,0.6826
R645N,0.5652
R645P,0.6165
R645Q,0.8
R645S,0.6366
R645T,0.6994
R645V,0.8487
R645W,0.8826
R645Y,0.4496
P646A,0.9601
P646C,0.8524
P646D,0.68
P646E,0.8409
P646F,0.8565
P646G,0.6935
P646H,0.8024
P646I,0.7369
P646K,0.6024
P646L,0.932
P646M,0.7615
P646N,0.3463
P646Q,0.7033
P646R,0.7679
P646S,0.954
P646T,0.7538
P646V,0.9487
P646W,0.7836
P646Y,0.691
T647A,0.8426
T647C,0.8809
T647D,0.8571
T647E,0.8448
T647F,0.9031
T647G,0.7317
T647H,0.8114
T647I,0.9641
T647K,0.8719
T647L,0.98
T647M,0.7976
T647N,0.9864
T647P,0.8223
T647Q,0.8304
T647R,0.8648
T647S,0.9243
T647V,0.8611
T647W,0.8944
T647Y,0.9366
Q648A,0.79
Q648C,0.9186
Q648D,0.703
Q648E,0.5898
Q648F,0.8598
Q648G,0.8925
Q648H,0.7247
Q648I,0.8809999999999999
Q648K,0.9519
Q648L,0.9899
Q648M,0.9347
Q648N,0.7952
Q648P,0.8073
Q648R,0.9033
Q648S,0.8777
Q648T,0.8089
Q648V,0.8688
Q648W,0.8589
Q648Y,0.862
N649A,0.7083
N649C,0.7942
N649D,0.7983
N649E,0.7338
N649F,0.9042
N649G,0.6809999999999999
N649H,0.8571
N649I,0.9265
N649K,0.8525
N649L,0.8712
N649M,0.8452
N649P,0.7863
N649Q,0.7249
N649R,0.8953
N649S,0.9736
N649T,0.8807
N649V,0.7609999999999999
N649W,0.6363
N649Y,0.912
A650C,0.7452
A650D,0.8305
A650E,0.9184
A650F,0.9553
A650G,0.7163
A650H,0.815
A650I,0.8637
A650K,0.7906
A650L,0.9206
A650M,0.9463
A650N,0.8958
A650P,0.8125
A650Q,0.7357
A650R,0.8281
A650S,0.7568
A650T,0.8959999999999999
A650V,0.8901
A650W,0.7567
A650Y,0.7436
R651A,0.6787
R651C,0.91
R651D,0.7201
R651E,0.7191
R651F,0.8619
R651G,0.8358
R651H,0.8952
R651I,0.6890000000000001
R651K,0.8465
R651L,0.8915
R651M,0.9509
R651N,0.7557
R651P,0.6766
R651Q,0.8426
R651S,0.8472
R651T,0.664
R651V,0.8227
R651W,0.9473
R651Y,0.7443
E652A,0.777
E652C,0.8642
E652D,0.8357
E652F,0.9103
E652G,0.9357
E652H,0.6682
E652I,0.7242
E652K,0.9013
E652L,0.9351
E652M,0.7129
E652N,0.8869
E652P,0.6518
E652Q,0.7615
E652R,0.7473
E652S,0.6226
E652T,0.9262
E652V,0.8496
E652W,0.9058
E652Y,0.9526
T653A,0.8514
T653C,0.8157
T653D,0.7340000000000001
T653E,0.6509999999999999
T653F,0.9465
T653G,0.6954
T653H,0.7916
T653I,0.8604
T653K,0.9575
T653L,0.7829999999999999
T653M,0.9458
T653N,0.6658
T653P,0.7193
T653Q,0.721
T653R,0.6707
T653S,0.8239
T653V,0.941
T653W,0.6438
T653Y,0.8543
E654A,0.8198
E654C,0.4815
E654D,0.9714
E654F,0.8688
E654G,0.8716
E654H,0.6697
E654I,0.8539
E654K,0.9232
E654L,0.8717
E654M,0.914
E654N,0.6132
E654P,0.5939
E654Q,0.8425
E654R,0.5993
E654S,0.8415
E654T,0.8279
E654V,0.9044
E654W,0.4733
E654Y,0.8823
A655C,0.7455
A655D,0.5535
A655E,0.7426
A655F,0.8605
A655G,0.866
A655H,0.6567
A655I,0.9001
A655K,0.6552
A655L,0.778
A655M,0.7476
A655N,0.7738
A655P,0.7183
A655Q,0.7481
A655R,0.773
A655S,0.6148
A655T,0.9391
A655V,0.9883
A655W,0.7218
A655Y,0.9223
P656A,0.7695
P656C,0.7964
P656D,0.7558
P656E,0.7547
P656F,0.7033
P656G,0.7971
P656H,0.6829
P656I,0.743
P656K,0.7547
P656L,0.9538
P656M,0.7546
P656N,0.7585
P656Q,0.9437
P656R,0.8812
P656S,0.9111
P656T,0.7885
P656V,0.7567
P656W,0.7436
P656Y,0.8459
