variant,score
D668A,-1.336964492
D668C,-1.001927925
D668E,-0.645513465
D668F,-0.537514224
D668G,-1.873191912
D668H,-1.58576191
D668I,-1.017687625
D668K,-1.26187484
D668L,-1.147090249
D668M,-1.901068803
D668N,-1.531000585
D668P,-0.078024005
D668Q,-1.138950125
D668R,-1.7500403690000002
D668S,-0.903083261
D668T,-2.353473472
D668V,-1.3980038259999998
D668W,-1.010029802
D668Y,-1.08806616
K669A,-0.659458211
K669C,-0.78759434
K669D,-0.687929027
K669E,-0.971050782
K669F,-0.95469752
K669G,-1.35483631
K669H,-1.323355753
K669I,-1.006338426
K669L,-0.86359112
K669M,-0.6917035359999999
K669N,-0.586806065
K669P,-1.859122964
K669Q,-1.043572938
K669R,-1.627797886
K669S,-1.502988735
K669T,-0.552742751
K669V,-1.4182090530000002
K669W,-1.735878985
K669Y,-1.175897492
P670A,-0.444235018
P670C,-3.614454909
P670D,-1.7110606680000002
P670E,-0.996158462
P670F,-1.310244359
P670G,-0.073608179
P670H,-0.583622568
P670I,-0.164114058
P670K,-0.589490301
P670L,-0.713039903
P670M,0.528592423
P670N,-1.256210417
P670Q,-0.912760004
P670R,-0.040473084
P670S,-1.929013012
P670T,-1.2917901509999998
P670V,-0.4415827679999999
P670W,-1.6058831130000002
P670Y,-0.583886572
I671A,-1.176350378
I671C,-0.670503045
I671D,-0.8173566059999999
I671E,-1.3554188180000002
I671F,-0.17823698
I671G,-0.95041582
I671H,-1.65391884
I671K,-1.117036851
I671L,-1.800825072
I671M,-0.5970194999999999
I671N,-0.773648413
I671P,-0.8519505940000001
I671Q,-0.1021210819999999
I671R,-0.581357649
I671S,0.1066873769999999
I671T,-1.048144031
I671V,-0.987894411
I671W,-1.279198863
I671Y,-1.304688842
L672A,-1.470396414
L672C,-0.002544482
L672D,-0.196860553
L672E,-1.117306173
L672F,-1.077785947
L672G,-0.838138983
L672H,-0.608062356
L672I,-0.762255835
L672K,-2.338837177
L672M,-1.035904945
L672N,-1.229557423
L672P,-0.762571887
L672Q,-0.324475655
L672R,-1.186797768
L672S,-0.453284005
L672T,-0.14826076
L672V,-1.3885049269999998
L672W,-1.3985168769999998
L672Y,-0.3957713229999999
A673D,-0.434354729
A673E,-0.097049111
A673F,-1.397139014
A673G,-0.4954317179999999
A673H,-0.650485703
A673I,-1.089247993
A673K,-0.968542011
A673L,-1.4062720969999998
A673M,-1.342523994
A673N,-1.016980646
A673P,-1.445539458
A673Q,-0.253479305
A673R,-1.114759488
A673S,-1.005264744
A673T,-0.7588745929999999
A673V,-1.028918501
A673W,-0.8300316459999999
A673Y,-1.350933466
P674A,-0.818508674
P674C,-1.091874239
P674D,-0.3582713429999999
P674E,-0.819006074
P674F,-0.591160179
P674G,-0.619397774
P674H,-0.438858435
P674I,-1.071775254
P674K,-0.397620961
P674L,-0.0113063689999999
P674M,-0.785824491
P674N,-1.780610047
P674Q,-1.267847909
P674R,-0.247675896
P674S,-1.549948501
P674T,-1.4948035569999998
P674V,-1.004484741
P674W,-1.665055451
P674Y,-1.384112995
E675A,-0.461276462
E675C,-0.428632036
E675D,-0.721745317
E675F,-0.611262072
E675G,-0.370648756
E675H,-0.6421342870000001
E675I,-0.973344601
E675K,-1.841482262
E675L,-1.411803009
E675M,-1.845654981
E675N,-2.428489305
E675P,-0.615625729
E675Q,-1.673408396
E675R,-1.063087238
E675S,-1.544520414
E675T,-0.881169509
E675V,-0.7160924329999999
E675W,-1.144066076
E675Y,-0.2403727339999999
P676A,-1.167566101
P676C,-1.360110243
P676D,-1.1060826
P676E,-1.361585363
P676F,-0.88406061
P676G,-1.621468995
P676H,0.0075208559999999
P676I,-0.602855349
P676K,-0.962300324
P676L,0.0947970309999999
P676M,-1.088558315
P676N,-0.661982606
P676Q,-0.6996105509999999
P676R,-0.129798722
P676S,-0.010817833
P676T,-1.156602919
P676V,-1.570943557
P676W,-0.141713708
P676Y,-1.157416212
L677A,-0.230075691
L677C,-1.761528844
L677D,-0.611590472
L677E,-1.101733387
L677F,-1.329626178
L677G,-0.262686011
L677H,-0.4073795639999999
L677I,-0.479448273
L677K,0.213974888
L677M,0.04666948
L677N,-1.270222981
L677P,-1.258338915
L677Q,-1.339953786
L677R,-0.445003572
L677S,-0.976434095
L677T,-1.005859433
L677V,-0.411002995
L677W,-1.996780583
L677Y,-1.091349098
V678A,-1.622318995
V678C,-1.274220823
V678D,-0.743043401
V678E,-0.646471162
V678F,-0.997806132
V678G,-0.982346867
V678H,-1.635259236
V678I,-0.197758306
V678K,-0.485602202
V678L,-1.970966723
V678M,-1.442112941
V678N,-0.8040220090000001
V678P,-1.383241268
V678Q,-1.618208319
V678R,-0.65726512
V678S,-0.528613641
V678T,-0.407844101
V678W,-1.773172666
V678Y,-0.8681085209999999
M679A,-0.892147024
M679C,-1.913225235
M679D,-0.924108634
M679E,-0.719747501
M679F,-0.293369141
M679G,-0.290363655
M679H,-1.088722375
M679I,0.062097007
M679K,-0.12324663
M679L,-1.192426955
M679N,-0.475201128
M679P,-0.593563291
M679Q,-1.208998076
M679R,-0.980225969
M679S,-2.780468636
M679T,-0.308363748
M679V,-0.420174395
M679W,-0.4029072139999999
M679Y,-2.099028227
D680A,-2.899401419
D680C,-0.864906183
D680E,-0.503910626
D680F,-0.183481502
D680G,-1.134921104
D680H,-1.275809024
D680I,-1.075934231
D680K,-1.054582282
D680L,-1.6831271419999998
D680M,-0.627688351
D680N,-2.882269175
D680P,-1.367919574
D680Q,-0.7062460629999999
D680R,-0.255608145
D680S,-1.884468548
D680T,-0.820464305
D680V,-0.593242507
D680W,-1.31655847
D680Y,-0.708872141
N681A,-0.7516275259999999
N681C,-0.243890512
N681D,-2.111752396
N681E,-1.118311406
N681F,-0.33238116
N681G,-0.56466269
N681H,-1.067633052
N681I,-1.97469066
N681K,0.082536686
N681L,-0.1116015119999999
N681M,-1.864183194
N681Q,-0.3532573189999999
N681R,-0.646879739
N681S,-0.7972872190000001
N681T,-0.3914785079999999
N681V,-0.847372771
N681W,-0.690807939
N681Y,-1.085989746
L682A,-1.82082383
L682C,-1.09058548
L682D,-0.780948282
L682E,-0.8662517040000001
L682F,-0.29932386
L682G,-0.131335449
L682H,-1.22639377
L682I,-4.068688908
L682K,-1.542672886
L682M,-0.211737126
L682N,-1.082301818
L682P,-1.094789202
L682Q,-1.300679899
L682R,-0.8935235840000001
L682S,-0.43156984
L682T,-0.927671082
L682V,-0.498674417
L682W,-1.160709199
L682Y,-1.046512186
D683A,-0.715022347
D683C,-0.862614564
D683E,-1.354455379
D683F,-1.662488885
D683G,-1.198318286
D683H,-0.312763014
D683I,-2.030514691
D683K,-0.24773853
D683L,-0.4961010329999999
D683M,-1.098932682
D683N,-0.4515154329999999
D683P,-0.52003058
D683Q,-1.0089847159999998
D683R,-0.4581098229999999
D683S,-1.987575619
D683T,-1.060212941
D683V,-1.166259312
D683W,-1.165456992
D683Y,-0.85537042
S684A,-0.920306701
S684C,-1.4017069569999998
S684D,-0.554904875
S684E,-0.905376723
S684G,-1.584907049
S684H,-1.763755
S684I,-1.667775297
S684K,-2.217514902
S684L,-0.452991696
S684M,-0.6744899940000001
S684N,-1.845287462
S684P,-2.313993796
S684Q,-1.143472271
S684R,-0.487559385
S684T,-2.1775595080000003
S684W,-0.50496595
S684Y,-3.054914954
I685A,1.072147568
I685C,-1.087436482
I685D,-1.247082846
I685E,-1.5292124180000002
I685F,-1.381035999
I685G,-1.290914074
I685H,-0.628190503
I685K,-0.598149632
I685L,-1.830088809
I685M,-0.863666211
I685N,-0.7302762559999999
I685P,-1.409945795
I685Q,-0.851714764
I685R,-1.011901282
I685S,-0.51009158
I685T,-1.115981881
I685V,-2.320474753
I685W,-1.071370554
I685Y,-0.931842864
M686A,-1.09767895
M686C,-1.330992812
M686D,-1.686914461
M686E,-1.820702525
M686G,-0.086848152
M686H,-0.404635046
M686I,0.543887922
M686K,-0.972110803
M686L,-0.598587189
M686N,-1.4940903819999998
M686P,-2.923976138
M686Q,-1.466142763
M686R,-0.530400006
M686S,-0.373619296
M686T,-1.7300952980000002
M686V,-0.791377096
M686W,-0.788162963
M686Y,-2.16935367
E687A,-0.957715752
E687C,-0.307926636
E687D,0.081275013
E687F,-0.552250829
E687G,-2.187345461
E687H,-1.604585613
E687I,-4.442082786
E687K,-2.130011432
E687L,-1.312684818
E687M,-1.207487792
E687N,-0.313920685
E687P,-0.025189875
E687Q,-1.414891721
E687R,-1.617574214
E687T,-3.149774014
E687W,-1.262516197
E687Y,-1.865594794
Q688F,-1.929472521
Q688H,0.372395036
Q688L,-0.972280082
Q688P,-1.876442276
Q688W,-3.846925152
L689C,-1.405065004
L689D,1.063374558
L689E,0.3937663179999999
L689H,0.2539467569999999
L689M,-1.267265219
L689N,-1.883866241
L689P,-0.83495394
L689Q,-1.513426182
L689R,-0.813708408
L689S,-1.335958342
L689T,0.022379731
L689V,-3.990251888
L689W,-1.021951466
N690C,-1.566657757
N690D,-1.810252419
N690E,-1.267979989
N690F,-1.15756384
N690G,-1.283247082
N690H,-1.841918364
N690I,-2.4311129680000003
N690K,-1.605644923
N690L,-1.731456646
N690M,-0.660776866
N690P,-2.184539318
N690Q,-1.276060861
N690R,-0.968361019
N690S,-0.6989440709999999
N690T,-1.960543981
N690V,-1.750308608
N690W,-0.577196333
N690Y,-1.698714864
T691C,-5.119428475
T691D,-1.448304136
T691F,-0.60538791
T691G,-1.68365693
T691H,-0.491145301
T691I,-3.944982787
T691K,-1.279836513
T691L,-1.144720269
T691M,-4.422315875
T691N,-2.434707192
T691P,0.516889751
T691R,-0.691809392
T691S,-3.708049177
T691V,-1.251509017
T691W,-2.368243511
T691Y,-3.0923005860000004
W692C,0.3869097529999999
W692E,2.227418756
W692H,2.248772011
W692Q,1.33165969
W692R,1.599499859
W692T,1.6336444019999998
W692V,1.761954005
W692Y,0.987957291
N693A,-0.404911994
N693Y,1.703358069
F694A,-0.8118630590000001
F694C,-1.7233906069999998
F694G,0.393188637
F694H,-1.192921533
F694I,-1.7820718530000002
F694K,1.6977512019999998
F694M,-2.310897336
F694N,-2.306122206
F694P,-1.917229867
F694Q,0.817924015
F694R,1.686930359
F694T,-0.751523327
F694V,-0.6313383779999999
F694W,-0.853146153
F694Y,-0.551686954
P695A,-0.452839524
P695D,-0.538937139
P695G,0.179886388
P695Q,-2.554322895
P695T,-1.127137356
I696D,1.958466654
I696H,1.1981286009999998
I696K,1.980410957
I696M,-1.009269283
I696N,1.7510232980000002
I696S,0.3378429679999999
I696T,-1.627665008
I696W,-2.3600303030000003
F697I,-4.828059788
F697N,0.866019698
F697Y,-3.472139207
L699M,-4.80348218
L699T,-2.11177016
V700D,-1.273579572
V700F,-3.34385939
V700I,-0.8129784940000001
V700K,0.049826848
V700M,0.572492135
V700P,-1.060582804
V700R,-1.322874401
V700S,-3.376450552
V700W,-2.479187589
E701A,-1.486859308
E701C,-1.05693172
E701D,-0.7538304709999999
E701F,-5.247942169
E701G,0.2299046619999999
E701H,-0.652658022
E701K,-1.932667527
E701L,-1.335827503
E701M,-1.975423993
E701N,-0.510230639
E701P,-2.609384297
E701Q,-1.38244002
E701R,-1.200891716
E701S,-1.702020329
E701T,-1.295442969
E701V,-1.795870316
E701W,-1.542602993
E701Y,-0.952086215
N702A,-1.28710674
N702C,-1.009358327
N702D,-0.779678489
N702E,-3.660215934
N702F,-1.949360742
N702G,-1.386238016
N702H,-2.225084347
N702I,-0.952197414
N702K,-2.028383715
N702L,-1.496821895
N702M,-1.464276057
N702P,-0.404934886
N702Q,-1.852733274
N702R,-3.568133435
N702S,-0.641352357
N702T,-0.8846911909999999
N702V,-1.7634185919999998
N702W,-2.115305895
N702Y,-3.3756368880000003
I703A,-3.178396523
I703C,-0.540816859
I703D,-1.068519135
I703E,-0.7442721990000001
I703F,-1.972611382
I703G,-1.470200909
I703H,-0.986252408
I703K,-4.299463922
I703L,-0.869108027
I703M,0.139839499
I703N,-0.589604812
I703P,-2.337598671
I703Q,-3.106894995
I703R,-0.470843794
I703T,-2.19231769
I703V,-2.450997595
I703W,-0.732655026
I703Y,-0.7732476909999999
G704A,-0.201643564
G704C,-0.185339033
G704F,-0.989026241
G704H,-1.7060387280000002
G704L,-0.8338465559999999
G704N,-1.326664783
G704S,-0.664105862
G704Y,-0.180844347
R705A,-5.32889272
R705G,-3.59514557
R705I,-2.484318623
R705M,-2.621205556
R705P,-3.977261738
R705T,-1.281476121
R705V,-5.73642891
K706A,-1.184781376
K706C,-0.752717517
K706D,-2.015547859
K706E,-2.18233871
K706F,-1.002990084
K706G,0.347030806
K706H,-1.4310365619999998
K706L,-0.846836074
K706M,-0.955654193
K706N,0.7527227609999999
K706P,-1.35037138
K706Q,-3.424951119
K706R,-0.019561451
K706S,-2.618663902
K706T,-1.269086877
K706V,-3.07199621
K706W,-1.097547164
K706Y,-2.98380694
C707A,-0.6781579209999999
C707D,-1.502749085
C707F,-1.233360843
C707G,0.309507963
C707H,-2.157265739
C707I,-1.992935646
C707K,-1.051501828
C707L,-1.695398673
C707M,-0.444425815
C707N,-1.940604897
C707P,-2.3780305040000003
C707Q,-1.823644597
C707R,-1.400512241
C707S,-1.706192836
C707T,-3.050306972
C707V,0.158399864
C707Y,-1.758471271
G708A,-3.429523832
G708W,-2.655970304
R709A,-0.43162831
R709C,-1.4128956030000002
R709D,-1.110739884
R709E,-1.4578912119999998
R709F,-2.382608145
R709G,-0.904942263
R709H,-1.302904056
R709I,-0.30257419
R709K,0.232012475
R709L,-0.851348387
R709M,-0.819674345
R709N,-2.488967762
R709P,-1.099661933
R709Q,-1.553667016
R709S,-0.235421503
R709T,-1.871715503
R709V,-2.078799532
R709W,-2.062958351
R709Y,-0.777815948
I710A,-1.239113946
I710C,-1.079711604
I710D,-1.150469759
I710E,-0.22726898
I710F,-1.238532488
I710G,-1.5944601180000002
I710H,-0.114047856
I710K,2.364246802
I710L,-1.553509063
I710M,-1.672239056
I710N,0.127285282
I710P,-0.052172615
I710Q,-1.298426521
I710R,1.441337438
I710S,-1.386734886
I710T,0.189060293
I710V,-1.429943485
I710W,-0.7067711109999999
I710Y,-0.7644211590000001
L711A,-0.163791791
L711C,-0.601379155
L711D,1.642925758
L711E,0.429109239
L711F,-0.980234651
L711G,1.012465498
L711H,1.617943437
L711I,-0.971193085
L711K,1.727475523
L711M,-1.949712616
L711N,0.8634087970000001
L711P,1.707515721
L711Q,0.210390358
L711R,2.113292486
L711S,1.109358107
L711T,-0.64800379
L711V,-1.283657947
L711W,1.746558452
L711Y,1.77106433
S712A,-1.667961486
S712C,-0.3705870089999999
S712D,-0.385733116
S712E,-1.592310762
S712F,-0.34750887
S712G,-1.5789458769999998
S712H,-0.390571612
S712I,-0.925694325
S712K,0.049257527
S712L,-1.3925815540000002
S712M,-1.172443927
S712N,-1.933967236
S712P,-2.655147281
S712Q,-1.189997493
S712R,-0.3555734789999999
S712T,-0.171677281
S712V,-0.340308876
S712W,0.519895915
S712Y,-0.3946749189999999
Q713A,-1.849688596
Q713C,-1.94055687
Q713D,-3.030065342
Q713E,-1.675520752
Q713F,-0.21571972
Q713G,-0.329148874
Q713H,-1.008344563
Q713I,-1.147649736
Q713K,-0.157900177
Q713L,-0.622577704
Q713M,-1.4169972469999998
Q713N,-0.084587718
Q713P,-2.178212899
Q713R,-1.996325382
Q713S,-2.403672402
Q713V,-0.569182369
Q713W,-1.479669541
Q713Y,-1.375298654
V714A,-0.842850131
V714C,-1.597021691
V714D,2.224544335
V714E,1.38785499
V714F,-1.01947964
V714G,-0.411279589
V714H,-2.000093783
V714I,-1.353550165
V714K,0.948278499
V714L,-1.147283049
V714M,-2.296510987
V714N,1.609230158
V714P,1.66190612
V714Q,-0.289611622
V714R,1.970392121
V714S,-1.285150076
V714T,-1.29773059
V714W,-0.49603097
V714Y,-0.496882105
S715A,-1.038143607
S715C,-0.957987526
S715D,1.028647799
S715E,-1.158520259
S715F,-1.697571242
S715G,-2.9040302760000003
S715H,-1.998643257
S715I,-2.284906888
S715K,-1.474547886
S715L,-0.390429876
S715M,-0.54488826
S715N,-0.624123355
S715P,1.116785259
S715Q,-2.250853536
S715R,2.025619631
S715T,-0.836795762
S715V,-2.094193534
S715W,1.751511565
S715Y,1.454717194
Y716A,-1.57291588
Y716C,-1.577660653
Y716D,0.294367558
Y716E,-1.327700687
Y716F,-1.027611255
Y716G,-0.956268981
Y716H,-1.600997605
Y716I,-1.050818522
Y716K,0.05290699
Y716L,-1.6649337990000002
Y716M,-0.380145731
Y716N,0.128200604
Y716P,-0.454541527
Y716Q,-0.593426205
Y716R,-0.432922835
Y716S,-0.14354287
Y716T,-0.5625852020000001
Y716V,-0.558046461
Y716W,-1.315455837
R717A,-1.332489707
R717C,-1.193263975
R717D,-0.98940098
R717E,-1.773707567
R717F,-1.240168045
R717G,-1.402977186
R717H,-1.892318294
R717I,-0.723947259
R717K,-2.001979311
R717L,-1.828334402
R717M,-0.962609216
R717N,0.132936933
R717P,-0.529690687
R717Q,-0.498946879
R717S,-1.5103674809999998
R717T,-3.144423534
R717V,-1.208304516
R717W,-2.754960436
R717Y,-2.261213026
L718A,-1.864993277
L718C,-0.451678054
L718D,2.201605562
L718F,-0.392403529
L718G,0.4333972339999999
L718H,-0.022432429
L718I,-1.505103803
L718K,0.802341911
L718M,-3.4750116460000005
L718N,0.203959025
L718P,1.837834229
L718Q,-0.884118095
L718R,1.414983705
L718S,-1.488808049
L718T,0.476458699
L718V,-2.27359412
L718W,2.1737936980000003
L718Y,-0.143819649
F719C,0.203550815
F719D,1.287231234
F719E,1.677191264
F719G,1.578532846
F719H,0.110127861
F719I,-0.6832532040000001
F719K,1.997113351
F719L,0.325730192
F719M,-2.57330603
F719P,2.42301117
F719Q,1.411063465
F719R,1.819211092
F719S,0.75776304
F719T,0.480464057
F719V,-3.469747958
F719W,-1.15207328
F719Y,-1.056400162
E720C,-2.75450906
E720D,-0.507307968
E720F,0.405482503
E720G,-0.7550865040000001
E720K,-3.082264002
E720L,-2.273518974
E720N,-1.962557818
E720Q,-2.9221620130000003
E720R,-1.537015871
E720S,-2.9324175080000003
E720W,-2.021034943
D721C,0.258206434
D721G,-2.897136559
D721M,-0.6934147559999999
D721P,1.111681189
D721Q,-5.011519387
D721V,-1.49384863
M722A,-1.681005511
M722D,0.827974792
M722E,-0.815155142
M722F,-0.552383119
M722G,-1.579058053
M722H,-1.886023741
M722I,-0.36741104
M722K,-0.341861577
M722L,-4.235525084
M722N,-0.656125969
M722S,-2.358390085
M722T,-2.31608335
M722W,2.291480201
G723A,-0.922589055
G723C,-1.121422279
G723E,-0.388078732
G723H,-0.92419968
G723K,-2.431270004
G723L,-2.117569342
G723M,-2.023653583
G723P,2.331871829
G723T,-0.319394077
G723V,-1.36296327
G723Y,-0.7191244440000001
L724A,-0.8386824629999999
L724C,-0.863446187
L724D,1.625150342
L724E,1.484171069
L724F,-1.912246975
L724G,1.6388703669999998
L724H,0.50610208
L724I,-2.636179348
L724K,1.520371741
L724M,-1.406017789
L724N,1.183255243
L724P,2.117521049
L724Q,1.8849182
L724R,1.7235039230000002
L724S,0.645566577
L724T,1.380469731
L724V,-0.396232914
L724W,-1.2121460240000002
L724Y,-1.967932353
F725K,-1.850106668
F725S,-2.8611600860000004
F725T,-2.082798776
F725V,-3.183396623
F725W,-0.980698957
E726H,0.225822434
E726K,-2.367958835
E726W,-1.289103585
A727D,-4.652661515
A727E,-1.078338964
A727F,-3.621007
A727H,-2.417290312
A727N,-0.510903885
A727R,-2.301269316
A727S,-4.717743546
A727W,-0.343910469
K729Y,-0.623050078
P731K,0.336859937
I732C,-2.755244279
I732N,-0.202371148
R733E,-1.5628930980000002
R733I,-3.722931566
R733K,0.452547539
R733M,-0.415047192
R733W,-0.209529267
F735G,1.782404266
F735L,-3.490211452
F735Q,-1.483725459
F735V,-1.080629335
M736I,1.066003031
M736P,1.4981484930000002
N737D,0.558994061
N737S,-5.14165021
Y738D,1.039996337
Y738E,1.124700283
F739E,0.7849778009999999
F739K,-0.280165966
F739S,-0.567718656
H740I,-2.281307978
A741P,1.258513464
A741S,0.930837624
L742A,-1.984160875
L742F,1.569342403
L742M,-0.384206806
L742S,0.963031581
L742Y,2.29200682
E743A,-1.11132595
E743C,-1.440737519
E743D,0.058689854
E743F,2.184844876
E743I,1.634683687
E743K,1.626759599
E743L,1.464332065
E743N,0.641951621
E743P,2.21135554
E743Q,-0.783904864
E743R,1.050073107
E743S,-3.0649092710000003
E743T,-2.486784435
E743V,2.402841137
E743W,1.601455008
I744D,-3.174617558
I744M,-2.8958947530000003
I744P,0.6775840190000001
G745A,2.247384372
Y746C,-1.120434234
Y746D,2.19507174
Y746E,2.027785363
Y746H,-3.13675203
Y746N,2.43669054
R747C,-3.602942676
R747D,-1.528398311
R747F,-0.913168261
R747G,-2.052395092
R747H,-4.33376905
R747I,-1.109414774
R747K,0.415900191
R747M,-0.284384628
R747P,-3.3422768960000004
R747T,-1.321895648
R747V,-0.995105207
R747Y,-1.83232328
D748A,-1.004964003
D748C,-0.861703433
D748E,-0.751241611
D748F,-1.4584508580000002
D748G,-0.157169559
D748H,-5.439657368
D748I,-1.05687736
D748K,-1.637155229
D748L,-2.579946277
D748M,-0.815472346
D748N,-0.769022895
D748P,0.502972642
D748Q,-1.306873212
D748R,-0.273592865
D748S,-1.762118276
D748T,-1.190367938
D748V,-0.731957448
D748W,0.061703699
D748Y,-1.40642238
I749A,-0.8919142090000001
I749C,-0.7066735209999999
I749D,0.483757196
I749E,-1.903078688
I749F,-1.375194885
I749G,-0.334749668
I749H,-0.950425205
I749K,-0.549421553
I749L,-2.478000658
I749M,-0.53979772
I749N,-2.227862756
I749Q,-1.828856743
I749R,-0.911355279
I749S,-1.529059856
I749T,0.253861836
I749V,-1.75028063
I749W,-0.982194781
I749Y,-0.659565128
P750A,-0.767728854
P750C,-1.026614879
P750D,-0.355630686
P750E,-0.948950198
P750F,-1.177101237
P750G,-0.300630205
P750H,-1.562653416
P750I,-0.968216489
P750K,-2.096190788
P750L,-1.008563287
P750M,-0.4923858379999999
P750N,-1.169292348
P750Q,-3.0603213160000005
P750R,-1.39415455
P750S,-0.309593252
P750T,-1.619507085
P750V,0.239647969
P750W,-0.048464757
P750Y,-0.917744784
Y751A,1.675355942
Y751C,1.432435605
Y751D,1.6035875730000002
Y751E,1.862870084
Y751F,-0.039618151
Y751G,1.498184454
Y751H,-1.0034202
Y751I,2.043369333
Y751K,2.044387057
Y751L,1.113341104
Y751M,0.769671305
Y751N,2.056635166
Y751P,2.157051186
Y751Q,1.75342451
Y751R,1.843163049
Y751S,1.321826196
Y751T,1.85901025
Y751V,1.830637259
Y751W,0.787951903
H752A,1.311514007
H752C,2.062100826
H752D,1.836232217
H752E,2.009001467
H752F,1.7944509119999998
H752G,1.077676117
H752I,1.7539211
H752K,1.923570199
H752L,1.787829865
H752M,2.163322618
H752N,0.299160579
H752P,1.385577231
H752Q,1.401973705
H752R,1.81484838
H752S,0.694984961
H752T,0.155093356
H752V,1.060358448
H752W,1.767516654
H752Y,1.713052513
N753A,1.914336179
N753C,-2.486565364
N753D,-0.8387440999999999
N753E,1.585279175
N753F,1.848754783
N753G,-0.853034871
N753H,-0.81472969
N753I,1.7739749530000002
N753K,0.439871787
N753L,0.986689822
N753M,1.4489076369999998
N753P,1.655664616
N753Q,0.3158001139999999
N753R,1.20588936
N753S,-0.410496682
N753V,1.612287822
N753W,1.805142211
N753Y,1.226351227
R754A,-5.314334413
R754C,-1.916417537
R754D,-0.782092094
R754F,-0.704981408
R754I,-0.899459426
R754K,-0.29082256
R754L,-0.636533299
R754N,-1.3705265269999998
R754P,-2.49366543
R754T,-2.629095399
R754V,-3.850970001
R754Y,-1.18633272
I755A,-0.805083742
I755C,-2.285912066
I755D,-0.007831476
I755E,-1.985461331
I755F,-0.835183531
I755G,-0.679804457
I755H,-1.072168906
I755K,-1.329443692
I755L,-1.967944846
I755M,0.310669777
I755N,-1.48498315
I755P,1.574582205
I755Q,-0.594676133
I755R,-0.656697457
I755S,-1.603580464
I755T,-1.743495001
I755V,-0.8295094559999999
I755W,-1.605224215
I755Y,-2.790875232
H756A,1.576091141
H756C,0.7473798979999999
H756D,1.808736101
H756E,1.906873782
H756F,1.212840635
H756G,2.046499544
H756I,1.9703495
H756K,1.032275047
H756L,1.815784985
H756M,1.702433729
H756N,1.103799338
H756P,1.6568870409999998
H756Q,0.974871195
H756R,-0.618480337
H756S,1.822134063
H756T,1.843592748
H756V,1.514203819
H756W,1.498192749
H756Y,2.130650276
A757D,1.738492144
A757E,1.65170931
A757H,1.87024266
A757I,0.813155842
A757K,2.02030629
A757L,2.109414871
A757M,2.041455855
A757N,2.116217769
A757S,-0.7741658440000001
A757T,-1.332433775
A757Y,1.96861457
T758A,-1.019297579
T758C,-1.267145921
T758D,1.782808315
T758E,1.893004759
T758F,-1.155808434
T758G,-0.5817488000000001
T758H,2.117910693
T758I,-1.00300656
T758K,2.096901674
T758L,-1.841695955
T758M,-1.306824739
T758N,1.409297227
T758P,1.804914641
T758Q,0.993214496
T758R,2.298864542
T758S,-1.901684667
T758V,-1.0131496009999998
T758W,1.847333937
T758Y,1.61725122
D759A,-2.6450259380000003
D759E,-0.2375033489999999
D759F,1.166151046
D759G,-1.6302997890000002
D759H,0.1185632059999999
D759I,0.8263870329999999
D759K,2.347444627
D759L,1.7232878980000002
D759M,1.054933851
D759P,1.646866746
D759Q,-1.012185225
D759R,0.875218148
D759S,0.556216359
D759T,-0.312412182
D759V,0.2374248139999999
D759W,1.4665122
D759Y,0.6074620589999999
V760A,-0.135283258
V760C,-1.067138964
V760D,2.189401853
V760E,2.072936369
V760F,1.692976028
V760G,-0.279720031
V760H,1.199055264
V760I,-1.353671015
V760K,0.7473543109999999
V760L,1.352024109
V760M,-1.272726567
V760N,-1.52581068
V760P,2.210440789
V760Q,2.004217809
V760R,1.4897227709999998
V760S,-1.064332784
V760T,-0.499346537
V760W,1.828653038
V760Y,1.661712618
L761A,-0.6859248809999999
L761C,-1.892711044
L761D,1.880521681
L761E,-3.027511783
L761F,-1.34190741
L761G,-0.1720466
L761H,-0.528007177
L761I,-0.3607244529999999
L761K,1.719135968
L761M,-1.397587092
L761N,0.982757173
L761P,1.955811682
L761Q,-0.424008165
L761R,1.882861866
L761S,-1.174044027
L761T,-1.4923072780000002
L761V,-0.322992768
L761W,1.682434634
L761Y,-1.399707539
H762A,-0.057410143
H762C,0.23569816
H762D,2.052146375
H762E,2.087337255
H762F,-0.620623939
H762G,1.6180760319999998
H762I,0.289451364
H762K,1.675658069
H762M,-1.3435502330000002
H762N,0.212540191
H762P,1.553013879
H762Q,-0.192659173
H762R,1.41403345
H762S,1.555200706
H762T,-0.373530876
H762V,0.11573638
H762W,-1.15379073
H762Y,0.940146766
A763C,-1.496356436
A763D,-0.544576076
A763E,1.614202807
A763F,1.610830761
A763G,-1.127503437
A763H,1.015496957
A763I,0.0445787709999999
A763K,-0.001375542
A763L,1.550390685
A763M,0.361506974
A763N,-1.491234264
A763P,1.751872955
A763Q,-0.0196091839999999
A763R,1.948361718
A763S,-2.102329789
A763T,-1.474564342
A763V,-0.31404895
A763W,1.808863197
A763Y,1.5720000019999998
V764A,-0.306572143
V764C,-0.653307073
V764D,1.560259382
V764E,0.4150515829999999
V764F,0.638920697
V764G,-0.535672363
V764H,1.843183687
V764I,-1.254139322
V764K,1.678230582
V764L,-0.133060763
V764M,-0.199365168
V764N,-0.148302815
V764P,1.7713424269999998
V764Q,1.581416418
V764R,2.426487485
V764S,-0.988961803
V764T,-1.81123174
V764W,2.01625038
V764Y,1.903605785
W765A,-0.708392502
W765C,-0.433645254
W765D,1.390467823
W765E,1.893286495
W765F,-1.896865744
W765G,0.012903439
W765H,-0.119538594
W765I,-0.767551422
W765K,-0.244779916
W765L,-0.720089843
W765M,-1.669961667
W765N,-1.2625378859999998
W765P,1.958552682
W765Q,0.1021425909999999
W765R,-0.0428492859999999
W765S,-0.74076711
W765T,0.000106445
W765V,-0.035195226
W765Y,-1.747157356
Y766A,-0.248620089
Y766C,-0.829901826
Y766D,1.84724093
Y766E,1.678744126
Y766F,-1.097755941
Y766G,2.175688964
Y766H,0.04530504
Y766K,2.411532798
Y766L,-1.135923717
Y766M,-1.082521488
Y766N,-0.357622216
Y766P,2.182417009
Y766Q,-2.289317635
Y766R,0.88976199
Y766S,-0.738686941
Y766T,0.37184971
Y766V,-0.03889942
Y766W,-1.931451555
L767A,-0.334557822
L767C,-0.26004324
L767D,1.4723056330000002
L767E,0.6885050229999999
L767F,-0.558320513
L767G,1.248782543
L767H,0.803059264
L767I,-2.666411605
L767K,1.932854702
L767M,-0.67088342
L767N,0.565208711
L767P,1.728270873
L767Q,0.865498839
L767R,2.204973031
L767S,1.4096159419999998
L767T,-0.8092735870000001
L767V,-0.7629057290000001
L767W,0.800324947
L767Y,-0.778139123
T768A,-2.22131382
T768C,-0.742927575
T768D,1.706553248
T768E,1.596561739
T768F,-2.137770396
T768G,0.046149518
T768H,1.793798504
T768I,-0.694087507
T768K,2.198001937
T768L,-1.353856559
T768M,-0.8369812790000001
T768N,0.194933531
T768P,2.049150757
T768Q,0.125810539
T768R,1.443625544
T768S,-1.019718979
T768V,-1.98983439
T768W,2.021950033
T768Y,1.988551475
T769A,-2.536915429
T769C,-0.52948034
T769D,1.191445259
T769E,-0.248702793
T769F,0.300457892
T769G,-0.598746105
T769H,-1.4034808019999998
T769I,-0.96636195
T769K,-0.585689142
T769L,1.585491059
T769M,-1.235740977
T769N,-1.025961312
T769P,2.107626511
T769Q,-1.730129815
T769R,-0.1659606559999999
T769S,-0.6514173360000001
T769V,-0.6065488960000001
T769W,0.521396912
T769Y,0.077864132
Q770A,0.114470099
Q770C,-1.493353497
Q770D,-0.962689331
Q770E,-0.54054971
Q770F,-0.781111764
Q770G,-0.894174522
Q770H,-1.213029406
Q770I,-0.530718432
Q770K,-1.725063103
Q770L,0.8435739309999999
Q770M,-0.579616518
Q770N,-1.63612328
Q770P,1.837972968
Q770R,-0.977302624
Q770S,-0.839889243
Q770T,-0.449266616
Q770V,-0.27792301
Q770W,-1.020615232
Q770Y,-1.305269359
P771A,-0.12255913
P771C,-1.715716548
P771D,-2.441768749
P771E,-1.4746307159999998
P771F,-2.08936162
P771G,-1.43695268
P771H,-2.182785715
P771I,-1.218837766
P771K,-1.914060006
P771L,-1.239342921
P771M,-0.215456535
P771N,-2.030502841
P771Q,-1.775439297
P771R,-0.8926103009999999
P771S,-1.476036013
P771T,-1.09099352
P771V,0.200870085
P771W,-0.1059728259999999
P771Y,-0.297085814
I772A,-1.782848624
I772C,-0.973759805
I772D,2.321434687
I772E,2.338588379
I772F,1.103457278
I772G,-1.119362944
I772H,1.410728442
I772K,0.976228901
I772L,-0.310756111
I772M,0.097566166
I772N,-0.63875229
I772P,1.513429951
I772Q,1.211200811
I772R,0.9909796
I772S,-0.768312167
I772T,-0.8755229040000001
I772W,2.142601649
I772Y,-0.557752245
P773A,-0.403147097
P773C,-1.079078423
P773D,-0.354606129
P773E,-0.958435624
P773F,-0.52591868
P773G,-1.018336869
P773H,-1.016652276
P773I,-0.2021561089999999
P773K,-0.612295409
P773L,-1.345753068
P773M,-1.837107479
P773N,-1.322307792
P773Q,-0.326396245
P773R,-0.8683223720000001
P773S,-1.384841506
P773T,-0.335968728
P773V,-0.905587462
P773W,-1.5944559109999998
P773Y,-0.958684887
G774A,-0.435635952
G774C,-1.194802995
G774D,-0.008608392
G774E,-1.780906161
G774F,-0.112775223
G774H,-1.93854462
G774I,-0.496313383
G774K,-1.7902912430000002
G774L,-1.021249227
G774M,-1.047029601
G774P,-0.529942082
G774Q,-0.5321113439999999
G774R,-0.592392076
G774S,-0.401099352
G774T,-0.907670394
G774V,-1.4441852590000002
G774W,-0.924943864
G774Y,-1.990873107
L775A,-1.385258746
L775D,-1.436929541
L775E,-0.352599456
L775G,-1.051140996
L775H,-0.4875857389999999
L775I,-3.278823444
L775K,-2.932076507
L775M,-0.591241651
L775P,-1.018912965
L775Q,-1.6938831559999998
L775R,-1.059544064
L775S,-1.662754347
L775T,-2.465757119
L775V,-0.79624151
L775W,-0.935929824
L775Y,-0.978461227
S776A,-3.189251645
S776C,-0.633897743
S776D,-0.870077971
S776E,-1.477171707
S776F,0.143585427
S776G,-2.583514864
S776H,-1.077525332
S776I,-2.8579336630000003
S776K,-2.116338389
S776L,-1.838641037
S776M,-0.76035971
S776N,-1.54199618
S776P,-2.8124018360000003
S776Q,-0.570668007
S776R,-0.63557634
S776T,-1.271529597
S776V,-1.042722998
S776W,-1.319897035
S776Y,-2.609108266
T777A,-1.655934393
T777C,-2.252974431
T777D,-2.075388079
T777E,-1.898895206
T777F,-0.086056101
T777G,-2.157831655
T777H,-1.982394835
T777I,-0.584355097
T777K,0.519135794
T777L,-0.27715211
T777M,-1.708084439
T777N,-1.182107892
T777P,-1.158713356
T777Q,-1.010116975
T777R,-0.960098021
T777S,-1.118615592
T777V,-0.206364052
T777W,-1.309910499
T777Y,-0.274443605
V778A,-1.056326221
V778C,-1.438347661
V778D,-0.538322073
V778E,-0.790190079
V778F,-0.7207860490000001
V778G,-2.348534987
V778H,-1.503283477
V778I,-1.259805552
V778K,-1.2775179840000002
V778L,-0.797612523
V778M,0.096153959
V778N,-0.8503291040000001
V778P,-0.7995842670000001
V778Q,-0.366191547
V778R,-1.672944573
V778S,-1.184608466
V778T,-0.456252108
V778W,-1.151523652
V778Y,-0.551659406
I779A,-3.2341614130000003
I779C,-1.830838845
I779D,-1.5972159819999998
I779E,-0.668211372
I779F,-0.98019264
I779G,-1.246530896
I779H,-1.807531796
I779K,-1.869155396
I779L,-1.102504191
I779M,-2.583539796
I779N,-0.6782413
I779P,-0.878225391
I779Q,-1.1201487140000002
I779R,-1.069526983
I779S,-1.85833769
I779T,-1.751866869
I779V,-0.786390303
I779W,0.154216238
I779Y,-2.7562899730000003
N780A,-0.8523255820000001
N780C,-1.037373261
N780D,-1.6179381380000002
N780E,-2.328610301
N780F,-2.034912456
N780G,-1.698907022
N780H,-0.873757473
N780I,-1.746392144
N780K,-0.225533357
N780L,-1.251950716
N780M,-1.233500333
N780P,-2.337843359
N780Q,-1.771063395
N780R,-1.555341628
N780S,-2.0621059390000003
N780T,-2.733995567
N780V,-1.250911192
N780W,-0.822927897
N780Y,-1.898482105
D781A,-2.208005577
D781C,-1.3387027
D781E,-0.2201417269999999
D781F,-2.559773173
D781G,-1.937541558
D781H,-1.084359687
D781I,-0.890851893
D781K,-1.217334869
D781L,-0.49371027
D781M,-1.154790617
D781N,-1.448130875
D781P,-0.7280174
D781Q,-1.5943725919999998
D781R,-2.206706759
D781S,-1.635842478
D781T,-1.759867841
D781V,-1.905049708
D781W,-0.473304051
D781Y,-0.996586074
H782A,-0.633767046
H782C,-0.930967073
H782D,-0.6841345999999999
H782E,-1.5459897930000002
H782F,-1.556770156
H782G,-0.992685074
H782I,-1.243912504
H782K,-1.60802555
H782L,-0.167142938
H782M,-1.08300817
H782N,-1.088610304
H782P,-2.762687209
H782Q,-1.505786893
H782R,-0.893013275
H782S,-1.397221597
H782T,-1.125005837
H782V,-1.380059877
H782W,-0.547144681
H782Y,-2.494062498
G783A,-1.213197753
G783C,-1.209554831
G783D,-1.225634802
G783E,-0.8864134690000001
G783F,-1.077557157
G783H,-1.117525736
G783I,-0.5138882370000001
G783K,-0.55319745
G783L,-2.344753472
G783M,-0.384241157
G783N,-0.610366915
G783P,-0.244326178
G783Q,-0.7744290140000001
G783R,-2.021051345
G783S,-0.46621972
G783T,-1.961944161
G783V,-1.961017625
G783W,-1.204607157
G783Y,-0.715399839
S784A,-0.7612327459999999
S784C,-0.944208362
S784D,-2.120584357
S784E,-1.18286695
S784F,-1.283781624
S784G,-2.5322568430000003
S784H,-1.3962377069999998
S784I,-1.002678491
S784K,-1.89086641
S784M,-1.622002288
S784P,-1.538457929
S784Q,-0.989986959
S784R,0.4192398479999999
S784T,-0.803036883
S784W,-3.142011677
S784Y,-2.739876605
T785A,-1.357893478
T785C,-2.671275393
T785D,-2.333445268
T785E,-4.770836082
T785F,-1.317798617
T785G,-1.708250162
T785I,-2.759140525
T785K,-1.5169206830000002
T785L,-5.129574368
T785M,-2.218509666
T785N,-2.246340457
T785P,-0.98558667
T785Q,-1.049489785
T785R,-2.426080421
T785S,-2.070091708
T785V,-0.7285774509999999
T785W,-4.284405737
T785Y,-0.5538116999999999
S786A,-1.072096224
S786C,-2.069165221
S786D,-2.230941331
S786E,-3.261373507
S786F,-1.01639815
S786G,-1.978240382
S786H,-1.408056229
S786I,-1.160938508
S786K,-2.0883630230000003
S786L,-1.981113572
S786M,-0.940968095
S786N,-1.7777466169999998
S786P,-2.04108087
S786Q,-2.62811527
S786R,-2.762353499
S786T,-2.777845849
S786V,-1.803784639
S786W,-1.416318217
S786Y,-0.944007077
D787A,-1.292169916
D787C,-0.341132754
D787E,-1.134839617
D787F,-1.154316631
D787G,-1.219759579
D787H,-1.11179223
D787I,-1.538689946
D787K,-2.138285348
D787L,-1.922297253
D787M,-2.365555126
D787N,-1.044602096
D787P,-0.682618308
D787Q,-0.978549176
D787R,-1.784665445
D787S,-1.615252488
D787T,-1.4533778569999998
D787V,-0.953806297
D787W,-1.834630059
D787Y,-0.886627113
S788A,-2.288495856
S788C,-4.933817901
S788D,-2.865006692
S788E,-0.924104979
S788F,-1.531955775
S788G,-1.912996181
S788H,-1.123247291
S788I,-0.842115318
S788K,-0.933988399
S788L,-2.608562848
S788M,-0.903916526
S788N,-1.627714055
S788P,-0.47393893
S788Q,-3.109766586
S788R,-0.195173613
S788T,-2.9361198610000003
S788V,-2.096604293
S788W,-0.4364067889999999
S788Y,-1.620494902
D789A,-2.1172344830000003
D789C,-0.948605965
D789E,0.242029038
D789F,-2.043010848
D789G,-2.267247304
D789H,-2.232127471
D789I,-1.905975131
D789K,-1.299240865
D789L,-2.194852476
D789M,-1.74246411
D789N,-2.115967054
D789P,-0.252105939
D789Q,0.310540039
D789R,-1.330854905
D789S,-1.666381223
D789T,-0.653437749
D789V,-1.082601476
D789W,-0.599132003
D789Y,-1.310619924
S790A,-0.5228102410000001
S790C,-1.87649995
S790D,-0.122381561
S790E,-0.7271724079999999
S790F,-1.533712714
S790G,-0.613052646
S790H,-1.372019174
S790I,-1.289328237
S790K,-0.933386514
S790L,-1.957558274
S790M,-1.089105569
S790N,-1.985183571
S790P,0.027805835
S790Q,-2.742272472
S790R,-0.386035849
S790T,-2.0750960430000003
S790V,-1.237516378
S790W,-0.2474294169999999
S790Y,-1.417300377
D791A,-1.261969915
D791C,-2.074241353
D791E,-0.8425883559999999
D791F,-1.633448117
D791G,-2.007443985
D791H,-1.333904244
D791I,-3.922192818
D791K,-1.451307264
D791L,-1.30449789
D791M,-2.448382713
D791N,-0.142529841
D791P,-0.378175754
D791Q,-1.37399188
D791R,-0.86339645
D791S,-1.850044992
D791T,-1.629788704
D791V,-2.665244795
D791W,0.0130202039999999
D791Y,-1.288137544
S792A,-1.392521556
S792C,-2.12027173
S792D,-1.089153629
S792E,-1.482496677
S792F,0.250966983
S792G,-0.992095415
S792H,-1.6884246669999998
S792I,-1.24886397
S792K,-3.36490608
S792L,-1.238449353
S792M,-0.606752673
S792N,-2.014726076
S792P,-1.4124599430000002
S792Q,-2.353052477
S792R,-0.474819967
S792T,-0.556353852
S792V,-1.785565965
S792W,-0.022768692
S792Y,-1.635411577
G793A,-0.091347928
G793C,-1.6529608669999998
G793D,-0.417659042
G793E,-0.127834656
G793F,-2.420817399
G793H,-1.322269017
G793I,-0.76995562
G793K,-0.9604031
G793L,-1.986470767
G793M,-1.062970747
G793N,-2.426673196
G793P,-1.514799519
G793Q,-0.840703337
G793R,-1.28871782
G793S,-1.5334704259999998
G793T,-0.8717517459999999
G793V,-2.061029892
G793W,-1.004250282
G793Y,-2.342348557
F794A,-1.09725143
F794C,-1.445784591
F794D,-1.518157481
F794E,-2.315628436
F794G,-0.84201376
F794H,-1.422146125
F794I,-0.939730776
F794K,-0.335216465
F794L,-0.865262538
F794M,-2.305201565
F794N,-1.543515898
F794P,-1.271560821
F794Q,-1.13194821
F794R,-1.294337337
F794S,-1.090404486
F794T,-2.969845245
F794V,-1.278987188
F794W,-1.321772929
F794Y,-2.961989233
T795C,-0.7663031379999999
T795D,-1.077836525
T795E,-1.878902952
T795F,-1.138782946
T795G,-1.19287326
T795H,-2.240342019
T795K,-3.844699677
T795L,-3.039620939
T795M,-1.522510685
T795N,-0.51359142
T795P,-3.508283413
T795Q,-0.899433591
T795R,0.0576043709999999
T795S,-3.3293485
T795V,-3.026193858
T795W,-2.52698893
T795Y,-1.074599209
H796A,-1.461604498
H796D,-2.14650387
H796E,-0.327983979
H796F,-1.166661469
H796G,-0.681328885
H796I,-3.4881214330000003
H796K,-2.470449826
H796L,-0.3480928789999999
H796M,-2.093760856
H796N,-1.235499295
H796P,-2.566176158
H796Q,-1.07095657
H796R,-2.878553757
H796S,-2.305526531
H796T,-1.237898374
H796V,-1.999366776
H796W,-2.543408528
G797A,-0.455570351
G797C,-0.51535548
G797D,-1.3776741890000002
G797E,-0.601955946
G797F,-2.028873831
G797H,-1.190246645
G797I,-2.731523291
G797K,-1.7839816080000002
G797L,-0.421333286
G797M,-1.4839141219999998
G797N,-1.172477751
G797Q,-4.251332648
G797R,-0.7379515240000001
G797S,-2.127589765
G797T,-2.0227701540000003
G797V,-1.347687899
G797W,-3.249049824
G797Y,-1.714034717
H798A,-0.926045606
H798C,-1.4452747869999998
H798D,-3.91115094
H798E,-1.433896335
H798F,-0.757424999
H798G,-0.47234537
H798I,-1.090032886
H798K,-3.243205
H798L,-0.177188918
H798M,-1.824943288
H798N,-0.682310352
H798P,-2.624460337
H798Q,-0.115683003
H798R,-1.108217754
H798S,-2.547006612
H798T,-0.715775025
H798V,-2.0036033630000003
H798W,-3.777581974
H798Y,-2.060889818
M799A,-2.67077454
M799C,-0.624814291
M799D,-2.228408041
M799E,-2.602917982
M799F,-0.672040938
M799G,-0.179057921
M799H,-2.13021537
M799I,0.3869854029999999
M799K,-0.080519281
M799L,-1.254990097
M799N,-1.490587154
M799P,-3.344073416
M799Q,-1.162467561
M799R,-0.919750464
M799S,-1.81225425
M799T,-0.902225683
M799V,-2.862991052
M799W,-1.053596611
G800A,-2.469106425
G800C,-2.890993621
G800D,-0.953377216
G800E,-2.217003383
G800F,-3.748699722
G800I,-2.992234297
G800L,-2.8461071239999995
G800P,-2.774377491
G800Q,-6.061130252999999
G800T,-2.711449207
G800V,-3.563418452
G800W,-3.106715395
G800Y,-1.3198305540000002
Y801D,-0.4292173999999999
Y801E,-0.023081615
Y801F,-3.879255544
Y801G,0.053873341
Y801H,-2.083495707
Y801K,-0.360578556
Y801L,1.2164887009999998
Y801M,-1.488252174
Y801N,-1.083808884
Y801P,-5.580752845
Y801Q,-2.429663854
Y801R,-1.089815474
Y801S,0.164263968
Y801T,-1.556854146
Y801V,-0.7610523570000001
Y801W,-1.931281721
V802A,-0.953859177
V802C,-1.02901388
V802D,-2.388174446
V802F,-0.253703115
V802G,-0.4351025679999999
V802H,-1.004481928
V802I,-1.875005
V802K,-0.194536265
V802L,-1.284682525
V802M,-1.6836693980000002
V802N,-1.7087499919999998
V802P,-1.767769697
V802Q,-0.8842275070000001
V802R,-0.599358232
V802S,-0.284871953
V802T,-0.723146189
V802W,0.292220507
V802Y,-2.128731729
F803A,-1.16102248
F803C,-0.765829475
F803D,0.073669444
F803E,-0.499379854
F803G,-3.643996026
F803H,-2.566459292
F803I,-2.4044599680000003
F803K,-0.962129996
F803L,-2.984023584
F803M,-1.323419862
F803N,-1.327856949
F803P,-1.152036297
F803Q,-1.574735325
F803R,-1.243673545
F803S,-1.532884461
F803T,-3.2077083889999995
F803V,-2.25796406
F803W,-1.769343486
F803Y,-0.334325027
S804A,0.605645346
S804C,-2.056079059
S804D,-0.322819841
S804E,-1.06214324
S804G,-1.620232572
S804H,-0.381939665
S804I,-1.681124192
S804K,-1.250153941
S804M,-0.2396684369999999
S804N,0.530622885
S804P,-1.373930471
S804Q,-1.211786714
S804R,-0.394416071
S804V,-1.656219025
S804W,-1.192345739
S804Y,0.3717548229999999
K805A,-2.269212055
K805C,-2.552042319
K805D,-3.680957708
K805E,-1.866983858
K805F,-5.514598195
K805G,-0.630774908
K805H,-2.350512925
K805I,-2.982144727
K805L,-2.925796403
K805M,-2.658590026
K805N,-0.311808932
K805P,-3.3887957280000003
K805Q,-0.494558713
K805R,-1.968612047
K805S,-3.091855753
K805T,-0.3523234739999999
K805V,-1.809711686
K805W,-1.860356117
K805Y,-1.363150975
T806A,-2.465778522
T806D,-0.310336055
T806E,-0.646632945
T806F,-1.676577421
T806G,-2.506157734
T806H,-2.00980236
T806K,-1.4811485
T806L,-1.059143958
T806M,-0.184752006
T806N,-2.299703921
T806P,-0.831328829
T806Q,-1.237450686
T806R,-2.576375855
T806S,-1.0273507
T806V,-0.8195767340000001
T806W,-1.112755386
T806Y,-0.945463058
Y807A,-0.895708526
Y807C,-1.213663386
Y807D,-0.736250637
Y807F,-3.011382382
Y807G,-0.981672913
Y807H,-1.37884141
Y807I,-1.39154906
Y807K,-0.562135145
Y807L,-2.545802381
Y807N,-2.852845892
Y807P,-0.5364947170000001
Y807Q,-1.807336706
Y807S,0.283077664
Y807T,-1.049130169
Y807V,-0.09565748
Y807W,-2.8551640710000004
N808A,-4.00509751
N808C,-0.553108896
N808D,-2.876723572
N808E,-3.2259477060000004
N808F,-1.248116855
N808G,-0.934725112
N808I,-2.129275795
N808K,-0.149727253
N808L,-1.496006947
N808M,-1.512900519
N808P,0.074730007
N808Q,-3.784826723
N808R,-1.0346599909999998
N808S,-1.06081612
N808T,-1.319767361
N808V,-2.547948777
N808W,-0.943089701
N808Y,-1.185850148
V809A,-0.821959952
V809C,-0.029915555
V809D,-0.800098834
V809E,-2.694569669
V809F,-2.616640157
V809G,-0.8232637359999999
V809H,-0.243721446
V809I,-0.59770554
V809K,-0.808127481
V809L,-0.532187442
V809M,0.256661496
V809N,-1.312820562
V809P,-1.370643424
V809Q,-1.003166998
V809R,-1.527565001
V809S,-2.612342744
V809T,-2.34222694
V809W,-1.606800745
V809Y,-3.1244018760000003
T810A,-0.408786066
T810C,-0.275134962
T810D,-0.397551731
T810E,-0.387484166
T810F,-0.161259357
T810G,-1.32294808
T810H,0.141766623
T810I,-2.743901104
T810K,-1.241470633
T810L,-0.128450514
T810M,-2.737036109
T810N,-2.174100886
T810P,-1.162020892
T810Q,-0.160806824
T810R,-0.323280032
T810S,-1.585069936
T810V,-0.845204073
T810W,-3.034238129
T810Y,-0.993044369
D811A,-0.58540372
D811E,-1.501159374
D811F,-0.483515427
D811G,-0.766158204
D811H,-2.171903008
D811I,-2.395223648
D811K,-0.763410384
D811L,-1.5180399690000002
D811M,-1.93627872
D811N,-2.478036281
D811P,-2.670781846
D811Q,-0.578817825
D811R,-1.0362883509999998
D811S,-2.961521498
D811T,-1.430251199
D811V,-1.506394576
D811W,-1.6874177119999998
D811Y,0.574857164
D812A,-3.13353737
D812C,-0.173345208
D812E,-0.941354704
D812F,-3.13234927
D812G,-1.308505685
D812H,-2.358671807
D812I,-0.925283465
D812K,-1.8637644
D812L,-2.571741166
D812M,-2.718993293
D812N,-4.188475368
D812P,-3.54341579
D812Q,-0.446191113
D812R,-2.438724389
D812S,-2.542040454
D812T,-0.941304229
D812V,-0.201178935
D812W,-0.941831465
D812Y,-2.724696877
K813A,-0.569201128
K813C,-2.121008601
K813D,-0.6691751570000001
K813E,-2.519537045
K813F,-2.067080725
K813G,-2.264284668
K813H,-0.006586809
K813I,-0.764674957
K813L,-2.487455866
K813M,-0.465058677
K813N,-1.171161985
K813P,-2.523512402
K813Q,-1.110490043
K813R,-1.458098846
K813S,-2.158208469
K813T,-2.104302063
K813V,-0.165011813
K813W,-0.902828202
K813Y,-0.6786612870000001
Y814A,-1.7692471790000002
Y814C,-0.389806379
Y814D,-0.83701028
Y814E,-0.670092903
Y814F,0.249243901
Y814G,-0.08880374
Y814H,-3.199582167
Y814I,-0.650179401
Y814K,-1.930311262
Y814M,-1.4913972919999998
Y814N,-1.96562437
Y814P,-0.4184535379999999
Y814Q,-3.044273255
Y814R,0.013051742
Y814S,-1.5453696
Y814T,-0.11240646
Y814V,-1.519767224
Y814W,-1.756801469
G815A,-0.185453415
G815C,-2.528560346
G815D,-2.244176645
G815E,-1.390561944
G815H,-1.196375595
G815K,0.115733871
G815L,-3.427390819
G815N,-0.3558382779999999
G815P,-1.0568377409999998
G815R,-2.14508725
G815S,-1.214674068
G815T,0.169528364
G815Y,-4.034297456
C816A,-1.6967835180000002
C816D,-0.899190465
C816E,0.66523075
C816F,-1.504908916
C816G,-1.393828756
C816H,-0.331523884
C816I,-1.28388896
C816K,0.00714811
C816L,-2.112222804
C816M,-0.588882612
C816N,-1.192210413
C816P,-0.546822775
C816Q,-0.8364888859999999
C816R,-0.575080756
C816S,-0.553489919
C816T,-0.586900855
C816V,-1.873328317
C816W,0.017912941
C816Y,-0.773760938
L817A,-0.545086008
L817C,-0.374712241
L817D,1.4828626319999998
L817E,1.916644238
L817F,-0.719629218
L817G,0.561199136
L817H,1.355151091
L817I,-0.986959681
L817K,2.0398071630000003
L817M,-0.34676782
L817N,1.305605129
L817P,1.93726475
L817Q,1.073623526
L817R,2.359539599
L817S,1.277641339
L817T,-0.57232299
L817V,-0.529512537
L817W,1.267681953
L817Y,1.382070034
S818A,-1.952159117
S818C,-1.648237191
S818D,0.109274369
S818E,-0.381806639
S818F,-1.138222772
S818G,-1.290162541
S818H,-0.539943147
S818I,-0.7741291020000001
S818K,-1.177904272
S818L,-1.292741003
S818M,-0.72082304
S818N,-1.647102407
S818P,1.422357933
S818Q,-0.706431732
S818R,-0.356823944
S818T,-2.381397254
S818V,-0.3843255929999999
S818W,-1.041069923
S818Y,-1.549902457
G819A,-1.50417686
G819C,-1.601319791
G819D,-1.325221383
G819E,-0.350335641
G819F,-0.2801920739999999
G819H,-1.166165873
G819I,0.17250357
G819K,-1.536204786
G819L,-0.4508862829999999
G819M,-1.78607213
G819N,-1.157432232
G819P,-0.1693347419999999
G819Q,-1.267434227
G819R,-0.662512345
G819S,-0.427995729
G819T,-1.510518847
G819V,-0.226309643
G819W,-0.287369643
G819Y,-1.02213626
N820A,-1.253358615
N820C,-1.167184793
N820D,-0.230190858
N820E,-1.346323771
N820F,-2.212122683
N820G,-0.879079576
N820H,-0.925818434
N820I,-1.335713583
N820K,-0.622522648
N820L,-2.337856073
N820M,-1.831856019
N820P,-0.7710764940000001
N820Q,-0.94687405
N820R,-2.120119264
N820S,-0.7633826840000001
N820T,0.630401985
N820V,-2.04878075
N820W,-0.7128336609999999
N820Y,-1.75325863
I821A,1.352244686
I821C,-2.024938149
I821D,1.833002353
I821E,2.364876236
I821F,-1.870937971
I821G,1.998418597
I821H,1.3307557
I821K,2.288144862
I821L,-1.7686067909999998
I821M,-0.118248793
I821N,1.267450725
I821P,1.756457096
I821Q,1.6780265980000002
I821R,2.085352114
I821S,2.131852906
I821T,-1.331900318
I821V,-0.564855563
I821W,1.232646223
I821Y,-1.6838867430000002
P822A,-1.146611831
P822C,-0.776315944
P822D,-0.341711175
P822E,-0.494377456
P822F,-0.325984954
P822G,-0.610232001
P822H,-0.640010693
P822I,-1.3292249390000002
P822K,-1.223622267
P822L,-1.772637029
P822M,-2.003533486
P822N,-0.7418344170000001
P822Q,-0.800396159
P822R,-0.640144625
P822S,-0.7244444859999999
P822T,-1.383603295
P822V,-1.4280569580000002
P822W,-1.35248644
P822Y,-1.020739983
A823C,-0.67855705
A823D,-0.103611386
A823E,-1.163444782
A823F,-0.0811259679999999
A823G,-1.137636065
A823H,-1.587998425
A823I,-1.114096255
A823K,-0.916901956
A823L,-1.930865929
A823M,-0.835916144
A823N,-1.15550141
A823P,-1.1071335759999998
A823Q,-1.6389365269999998
A823R,-0.600450613
A823S,-1.996268159
A823T,-2.274709496
A823V,-2.5707913
A823W,0.017884938
A823Y,-1.490496552
L824A,-0.427561076
L824C,-0.920513891
L824D,-0.235259722
L824E,-1.377176834
L824F,-0.066230294
L824G,-0.280972475
L824H,-0.467490488
L824I,-1.537258115
L824K,-0.659072213
L824M,-0.936809406
L824N,-1.762576989
L824P,-1.111540583
L824Q,-0.6932424759999999
L824R,-0.345409779
L824S,-0.227748387
L824T,-2.338559906
L824V,-0.364442802
L824W,-0.5292223220000001
L824Y,-0.238450695
E825A,-0.382283211
E825C,-0.156154875
E825D,-0.634071985
E825F,0.541145484
E825G,0.5248030379999999
E825H,-0.481366277
E825I,2.1333774
E825K,1.950409913
E825L,0.916374243
E825M,-0.5859030789999999
E825N,-0.7841287220000001
E825P,-0.228246431
E825Q,-1.108342102
E825R,1.764036164
E825S,-0.417931065
E825T,-1.613519739
E825V,1.647799079
E825W,-1.292613295
E825Y,-0.728172684
L826A,-0.936547105
L826C,-1.565364694
L826D,1.86601822
L826E,1.027651144
L826F,0.487403504
L826G,0.983305779
L826H,1.4515803040000002
L826I,-1.827785829
L826K,1.641625065
L826M,-0.00199482
L826N,-0.318252131
L826P,1.817751013
L826Q,-0.936090766
L826S,-0.248819105
L826T,-1.284635664
L826V,-0.6999163270000001
L826W,1.821211135
L826Y,0.7956924890000001
M827A,-0.569712481
M827C,-0.917215632
M827D,1.94877311
M827E,1.575195254
M827F,-0.4753631279999999
M827G,-0.982311559
M827H,0.1920421689999999
M827I,-0.8543862640000001
M827K,1.117688356
M827L,-0.365323876
M827N,0.831561965
M827P,1.942575847
M827R,1.887953308
M827S,-0.933779096
M827T,-0.949162688
M827V,-0.8475412920000001
M827W,-0.929075988
M827Y,-1.5730115669999998
A828C,-2.1193446330000003
A828D,2.02856555
A828E,1.827327576
A828F,1.434346558
A828G,-1.51739312
A828H,2.249837221
A828I,1.7457110569999998
A828K,1.767517187
A828L,2.017744725
A828M,0.572542604
A828N,2.2694057080000003
A828P,0.771086365
A828R,1.821992725
A828S,-2.654041332
A828T,-0.411222922
A828V,-0.672082341
A828W,2.253132118
A828Y,2.168358262
L829C,-0.413968621
L829D,1.406641136
L829E,0.795956952
L829F,-2.280572086
L829G,-0.298419045
L829H,-0.601521827
L829I,-0.528957889
L829K,1.806997126
L829M,-0.3674978889999999
L829N,-0.952853268
L829P,2.001427747
L829Q,-0.496805754
L829R,1.998630123
L829S,-1.102102437
L829T,-1.767388169
L829V,-0.987491536
L829W,0.0466162929999999
L829Y,-1.188625151
Y830A,-1.348044171
Y830C,-0.272395455
Y830D,1.729551411
Y830E,1.5227564180000002
Y830F,-0.329611055
Y830G,0.4253225439999999
Y830H,0.074721515
Y830I,-1.4841153219999998
Y830K,0.340272442
Y830L,-2.213601839
Y830M,-0.944118398
Y830N,-0.53705064
Y830Q,0.055255952
Y830S,-0.151816455
Y830T,-2.8372062330000003
Y830V,-0.306800518
Y830W,-0.537680053
V831A,-1.775041962
V831C,-3.030757716
V831D,1.066460348
V831E,0.939777252
V831F,-0.762192535
V831G,-0.335059888
V831H,-0.30900078
V831I,-1.33410729
V831K,0.792771989
V831L,-2.905234247
V831M,-0.037549702
V831N,-1.665008529
V831P,1.368887077
V831Q,-0.556878416
V831R,2.7680492360000004
V831S,-1.20177895
V831T,-1.194239895
V831W,-0.382382232
V831Y,-0.262675537
A832C,-0.332397055
A832D,1.745867155
A832E,2.093582714
A832F,2.043055828
A832G,-1.713472711
A832I,1.84139215
A832K,1.709773236
A832L,2.047932654
A832M,2.182153751
A832N,1.691696997
A832P,1.7713255419999998
A832Q,1.657135806
A832R,1.78512357
A832S,-1.505515276
A832T,-0.352084385
A832V,1.833223993
A832W,1.88024916
A832Y,1.958446343
A833C,-1.83600677
A833D,2.147656093
A833E,2.320543325
A833F,1.700025029
A833G,-1.831387154
A833H,1.610504577
A833I,1.15769225
A833K,1.954636631
A833L,2.1146487030000003
A833M,0.554028293
A833N,2.162170236
A833P,1.4111184819999998
A833Q,2.16414734
A833R,1.537817925
A833S,-0.855961066
A833T,-0.229966216
A833V,-1.194120555
A833W,1.993506855
A833Y,1.860683864
A834C,-1.7100657519999998
A834D,1.109044647
A834E,1.058820006
A834F,1.105742824
A834G,-0.925062694
A834H,1.639551121
A834I,-0.057501484
A834K,-0.0518935659999999
A834L,-1.3506623759999998
A834M,-1.423913789
A834N,-0.548454581
A834P,-0.244574168
A834Q,-0.537393579
A834R,1.73394596
A834S,-1.076827216
A834T,-0.644689281
A834V,-0.4335030239999999
A834W,1.6314813119999998
A834Y,1.828656064
M835A,-2.576637605
M835C,-1.908444923
M835D,-0.140480419
M835E,-1.270543581
M835F,-0.004299891
M835G,-0.928585335
M835H,0.5890019360000001
M835I,-0.016877057
M835K,0.7471219929999999
M835L,-0.347878254
M835N,-0.7220502659999999
M835P,1.717441737
M835Q,-1.7138269730000002
M835R,1.915458504
M835S,-0.431080801
M835V,-0.095286318
M835W,-0.717046596
M835Y,0.114441534
H836A,-1.648730632
H836C,-1.730897933
H836E,-0.984694023
H836F,1.604087911
H836G,0.15775825
H836I,-1.480920219
H836K,0.2088258439999999
H836N,-2.9364438410000004
H836P,1.837201528
H836Q,-0.332508508
H836R,0.738886136
H836S,-1.36427807
H836T,-1.05579315
H836V,-3.41640947
H836W,2.509114931
H836Y,1.80734453
D837A,-0.996027045
D837C,-1.871455662
D837E,-0.426018911
D837F,1.525617066
D837G,-1.494836964
D837H,-0.916891863
D837I,1.928275568
D837K,-0.933576529
D837L,1.850524294
D837M,2.253857477
D837N,-0.328796482
D837P,2.09148068
D837Q,-0.202455789
D837R,-1.806378682
D837S,-0.915282008
D837T,-0.709786534
D837V,0.637485937
D837W,1.871261768
D837Y,1.430170502
Y838A,-0.361164157
Y838C,-1.660825879
Y838D,1.815202561
Y838E,1.060210755
Y838F,-1.292292435
Y838G,2.354702924
Y838H,-1.066846569
Y838I,-1.732239541
Y838K,1.632118206
Y838L,-2.074791121
Y838M,-1.643923608
Y838N,0.348855901
Y838P,1.67558601
Y838Q,-0.008702516
Y838R,1.097040053
Y838S,-1.415852907
Y838T,-1.32971896
Y838V,-1.053865593
Y838W,-1.195161474
D839A,-1.666333097
D839C,-0.906615856
D839E,-1.6939681430000002
D839F,0.289212645
D839G,-2.346655094
D839H,-1.832987955
D839I,-1.067685835
D839K,-0.393839234
D839L,-2.040969515
D839M,-1.102465509
D839N,-1.082678872
D839P,-0.935326495
D839Q,0.010151456
D839R,-0.519666822
D839S,-1.070657755
D839T,-0.51888499
D839V,-2.3087849680000003
D839W,-0.30938829
D839Y,-0.1734733289999999
H840A,0.518839949
H840C,0.049728836
H840D,-0.732492861
H840E,2.114093904
H840F,2.037351247
H840G,1.413575644
H840I,1.595637192
H840K,1.910377303
H840L,2.283264956
H840M,1.5875328780000002
H840N,0.2460095889999999
H840P,2.164892118
H840Q,1.782057389
H840R,1.318376292
H840S,0.260847265
H840T,1.59664445
H840V,1.855179516
H840W,1.817779305
H840Y,1.295783861
P841A,-1.808050234
P841C,-0.3978801389999999
P841D,-1.00547227
P841E,-0.792701192
P841F,-1.998005923
P841G,0.0889736959999999
P841H,0.4396514379999999
P841I,-0.244244806
P841K,0.342445651
P841L,-1.956935855
P841M,-0.4767054429999999
P841N,-1.030750127
P841Q,-1.778633526
P841R,-0.7558440409999999
P841S,-1.26079256
P841T,-0.8676647940000001
P841V,-1.918589816
P841W,-0.583637552
P841Y,-1.539788863
G842A,-1.003313368
G842C,-0.282205788
G842D,2.336327235
G842E,0.20240368
G842F,1.61475524
G842H,1.827764678
G842I,1.475108666
G842K,-0.00637905
G842L,2.036465504
G842M,-0.459261952
G842N,1.022060516
G842P,0.123519534
G842Q,-0.448339879
G842R,1.3994308569999998
G842S,-1.219727615
G842T,0.622326619
G842V,1.418506361
G842W,1.98219024
G842Y,1.404446294
R843A,0.025442706
R843C,-1.833581503
R843D,1.893528394
R843E,0.600931373
R843F,-1.024590601
R843G,1.7388035
R843H,-0.929369114
R843I,-0.452824482
R843K,-2.447617451
R843L,-1.411849938
R843M,-0.143635095
R843N,-0.935097311
R843P,1.64229132
R843Q,-0.610652493
R843S,-0.648196739
R843T,0.016714345
R843V,-0.339416208
R843W,-1.328523235
R843Y,-1.157842217
T844D,2.137279194
T844E,2.21010133
T844F,1.265819603
T844G,0.118741021
T844I,-0.228916501
T844K,2.0426936980000003
T844L,-1.963318585
T844M,0.471151285
T844N,-0.482059486
T844R,2.182783956
T844S,-3.072777094
T844V,-0.381323354
T844W,1.874201733
T844Y,1.70667615
N845A,-1.650607816
N845C,-1.416825825
N845D,-0.6707896170000001
N845E,-0.793208728
N845F,0.00435543
N845G,-0.665345161
N845I,2.366286369
N845K,1.651972306
N845L,-0.7548585529999999
N845M,-1.861336359
N845P,-0.983054118
N845Q,-2.384400135
N845R,1.756514993
N845S,-1.137777597
N845T,-3.548440844
N845V,0.050368609
N845W,-0.296829058
N845Y,-0.708349131
A846C,-0.638285429
A846D,1.7040319
A846E,-0.823032199
A846F,-1.492847833
A846G,-2.395177763
A846H,-3.487336448
A846K,-1.228393476
A846L,1.720990849
A846M,0.091372044
A846N,-3.80856079
A846Q,-2.394280944
A846R,-2.314955682
A846S,-1.43072448
A846V,2.093846498
A846W,-0.737259027
A846Y,-0.6719208090000001
F847A,1.570622947
F847C,1.888776277
F847D,2.123881506
F847E,2.143813648
F847G,2.224244476
F847H,-1.290580449
F847I,1.65574759
F847K,1.92813275
F847L,0.58939391
F847M,-0.409159165
F847N,0.8435501129999999
F847P,1.667644331
F847Q,1.908643907
F847R,1.914339258
F847S,1.901906213
F847T,1.5619360780000002
F847V,1.886317296
F847W,-1.308900834
F847Y,-0.6869822659999999
L848A,0.7258273140000001
L848C,-0.414108187
L848D,1.988080352
L848E,1.217196818
L848F,-2.032340287
L848G,1.942085993
L848H,0.019610817
L848I,-0.124067078
L848K,1.0484451259999998
L848M,-0.294595988
L848N,1.287950175
L848P,1.920837802
L848Q,-1.6055094980000002
L848R,2.42643924
L848S,1.76201381
L848T,0.834671333
L848V,-1.062651944
L848W,0.4559538179999999
L848Y,-1.502184493
V849A,-1.235331469
V849C,-0.262276516
V849D,0.618401878
V849E,-0.587109491
V849F,1.42217751
V849G,-0.8264764379999999
V849H,-1.690219565
V849I,-1.283611486
V849K,-0.982234127
V849L,-0.128308579
V849M,-0.333787169
V849N,0.1352209369999999
V849P,2.118478519
V849Q,-0.918884865
V849R,-1.224298439
V849S,0.3966306129999999
V849T,-1.699079658
V849W,1.239822401
V849Y,-0.134680859
A850C,-2.801424429
A850D,-1.05784907
A850E,-2.682610882
A850F,-0.088274974
A850G,-2.435807989
A850H,-1.140328791
A850I,0.10861215
A850K,-3.221560986
A850L,-2.9728048260000004
A850M,-2.923372651
A850N,-1.707948215
A850P,2.302500759
A850Q,-1.551108072
A850R,-1.570528231
A850S,-2.443315933
A850T,-1.243320645
A850V,-0.7370309009999999
A850W,-2.021250866
A850Y,-2.978612819
T851A,-2.030026881
T851C,-0.4112845089999999
T851D,1.193812048
T851E,0.193392717
T851F,-1.061214876
T851G,-0.303233823
T851H,-0.531977282
T851I,-1.878242329
T851K,-0.970390656
T851L,-2.2079384230000003
T851M,-2.165206846
T851N,-0.13150761
T851P,2.1587736680000003
T851Q,-1.371566008
T851R,-0.990629306
T851S,-1.693879282
T851V,-2.156835358
T851W,-0.938179436
T851Y,-1.014646415
S852A,-1.581021148
S852C,-1.42342287
S852D,-2.047544151
S852E,-0.8554297670000001
S852F,-0.615070811
S852G,-1.335284641
S852H,-2.922928298
S852I,-0.706706828
S852K,-1.373570491
S852L,-2.113846864
S852M,-0.416826377
S852N,-1.358285924
S852P,1.40084201
S852Q,-1.110550566
S852R,-2.438172218
S852T,-1.208999475
S852V,-2.25853101
S852W,-0.325444141
S852Y,-1.828403328
A853C,-2.911570449
A853D,0.086489334
A853E,-1.082641565
A853F,-0.53274745
A853G,-2.312706323
A853H,-1.738335662
A853I,0.915894367
A853K,-1.843330298
A853L,-0.854281508
A853M,-1.246237837
A853N,-1.3920818030000002
A853P,1.236532763
A853Q,-1.775683425
A853R,-0.2608329889999999
A853S,-1.419828085
A853T,-1.006479469
A853V,-0.556958508
A853W,-1.394372335
A853Y,-1.337837046
P854A,-1.856359306
P854C,-1.195289074
P854D,-1.403899553
P854E,-2.395629466
P854F,-1.141787479
P854G,-0.432796212
P854H,-0.983475515
P854I,-2.208042727
P854K,-0.904806362
P854L,-0.980767879
P854M,-0.627406371
P854Q,-1.696817197
P854R,-0.951393342
P854S,-1.456023113
P854T,-1.144641415
P854V,-0.68150444
P854W,-0.724675183
P854Y,-0.171850715
Q855A,-0.380785117
Q855C,-1.223215098
Q855D,-0.764842072
Q855E,-2.4848953540000003
Q855F,-1.827890594
Q855G,-1.190425968
Q855H,-0.223468537
Q855I,-1.458502776
Q855K,-1.065728322
Q855L,-1.225300068
Q855M,-2.479839047
Q855N,-0.966556834
Q855P,-0.965093893
Q855R,-2.376116849
Q855S,-1.5707772009999998
Q855T,-1.722748445
Q855V,-1.85517967
Q855W,-2.785995867
Q855Y,-0.8626440190000001
A856C,0.5310117
A856D,1.866216737
A856E,1.956598537
A856F,2.008893291
A856G,0.447879646
A856H,2.066116014
A856I,0.973360946
A856K,2.171482542
A856L,1.853619021
A856M,1.939281085
A856N,2.040246154
A856P,1.4514859759999998
A856Q,1.5461036419999998
A856R,1.808403738
A856S,0.194751416
A856T,-1.145360013
A856V,2.252725768
A856W,1.729263113
A856Y,1.986385397
V857A,-0.932987345
V857C,-0.343686027
V857D,1.848132677
V857E,0.1240092519999999
V857F,-0.801332609
V857G,-0.344237947
V857H,-0.211225207
V857I,-1.752488169
V857K,-1.231175843
V857L,-2.06791507
V857M,-0.359867177
V857N,-0.464399101
V857P,1.931178042
V857Q,-0.303035733
V857R,-1.888934409
V857S,-0.664598655
V857T,-1.529340434
V857W,-0.789867295
V857Y,-0.23727936
L858A,-1.37257503
L858C,-0.843323673
L858D,1.363703361
L858E,0.948012515
L858F,-3.241666739
L858G,1.423523844
L858H,-0.87385304
L858I,-3.610540374
L858K,-0.131072317
L858M,-1.951918682
L858N,-0.62957755
L858P,2.190416885
L858Q,-0.477151999
L858R,-0.29769999
L858S,-0.705009346
L858T,-1.442072112
L858V,-2.326521441
L858W,0.163743022
L858Y,-2.628075898
Y859C,1.891751626
Y859D,1.69652449
Y859E,1.882662956
Y859F,-1.652939649
Y859G,2.114882069
Y859H,-0.173482741
Y859I,1.93573817
Y859K,2.198737049
Y859L,1.007708326
Y859M,1.218949747
Y859N,1.765148985
Y859P,1.995599879
Y859Q,1.940848162
Y859R,1.682789663
Y859S,2.066827375
Y859T,1.483819913
Y859V,1.760583385
Y859W,1.019833584
N860A,1.929608132
N860C,0.6534998089999999
N860D,1.829708598
N860E,1.925183948
N860F,1.562072179
N860G,1.75084429
N860H,-1.051347634
N860I,2.470263146
N860K,1.877721298
N860L,1.074684084
N860M,1.354877625
N860P,2.113484741
N860Q,1.3726608269999998
N860R,1.772919303
N860S,-0.295740112
N860T,1.845199707
N860V,2.030498456
N860W,1.463217589
N860Y,1.590532106
D861A,1.203223787
D861C,-1.223537977
D861E,-1.181397059
D861F,-0.795785843
D861G,0.243783536
D861H,-0.508577351
D861I,2.292656968
D861K,1.986498425
D861L,-0.58337844
D861M,-0.156414613
D861N,-2.150229262
D861P,2.548695841
D861Q,0.491872596
D861R,1.991352875
D861S,0.7493107170000001
D861T,1.369760985
D861V,2.230933921
D861W,-0.118313144
D861Y,-0.700680155
R862A,-1.180608688
R862C,-0.318324128
R862D,-0.970993113
R862E,-0.6392600589999999
R862F,-1.715643975
R862G,-0.476106007
R862H,-0.255187145
R862I,-2.7174084730000003
R862K,-0.6863181209999999
R862L,-0.76789601
R862M,-0.472639717
R862N,-1.884515975
R862P,1.6589740469999998
R862Q,-0.653617671
R862S,-3.369767725
R862T,-1.919819052
R862V,-1.374269453
R862W,-1.164923629
R862Y,-0.77816369
S863A,-0.494441979
S863C,-0.454248647
S863D,-1.997298623
S863E,-1.104847193
S863F,-0.696677125
S863G,-0.69188989
S863H,-1.479653734
S863I,0.458211054
S863K,-0.110615646
S863L,-0.421409359
S863M,-0.609966534
S863N,-0.501691071
S863P,1.881168477
S863Q,-0.004270629
S863R,-0.220554601
S863T,-1.4802243730000002
S863V,0.62718768
S863W,0.176007471
S863Y,-0.421253259
V864A,-0.834067098
V864C,-1.490789842
V864D,1.788733559
V864E,1.745721998
V864F,1.635162549
V864G,1.769319104
V864H,1.864753771
V864I,-0.72387659
V864K,1.820473006
V864L,0.990181949
V864M,0.687603228
V864N,1.522860609
V864P,-1.5047575990000002
V864Q,2.210224407
V864R,1.767718616
V864S,-1.381742279
V864T,-1.3997881069999998
V864W,1.687601072
V864Y,2.225557303
L865A,-1.037524495
L865C,-1.105432128
L865D,1.7735972919999998
L865E,1.023228415
L865F,2.120682877
L865G,-1.149969625
L865H,-0.238373427
L865I,0.035105716
L865K,0.6587249039999999
L865M,-1.328915503
L865N,-0.6352272720000001
L865P,1.717124875
L865Q,-0.332225412
L865R,0.91397548
L865S,-0.527812716
L865T,0.012910534
L865V,-1.437915819
L865W,1.842428025
L865Y,1.821088017
E866A,-0.853714547
E866C,-1.116011205
E866D,0.514005195
E866F,2.021535964
E866G,1.922143822
E866H,1.4228570230000002
E866I,1.791721619
E866K,2.061974782
E866L,1.865328139
E866M,1.923893963
E866N,0.550651117
E866P,-0.128695349
E866Q,-0.050929693
E866R,1.032430761
E866S,-0.076965504
E866T,-0.753343553
E866V,-0.732304108
E866W,1.794170544
E866Y,1.679099745
N867A,-1.255452634
N867C,-0.2438142689999999
N867D,2.1365242
N867E,0.051728851
N867F,-1.217641055
N867G,1.371682081
N867H,-0.246797774
N867I,2.278449585
N867K,1.963815125
N867L,2.455238893
N867M,-1.214021236
N867P,1.821816354
N867Q,-0.230912768
N867R,2.265277234
N867S,-1.4996487530000002
N867T,1.590201954
N867V,2.175873321
N867W,0.7682986690000001
N867Y,0.050604
H868A,-1.130885209
H868C,-0.356510379
H868D,-0.661892806
H868E,-1.008699548
H868F,-0.53761945
H868G,-1.505926864
H868I,-0.154297191
H868K,-1.4662933459999998
H868L,-0.4431014339999999
H868M,-1.164414513
H868N,-0.64760954
H868P,1.6260949130000002
H868Q,-0.724286558
H868R,-0.5556036320000001
H868S,-0.907822929
H868T,-2.035010651
H868V,-1.115413672
H868W,-2.04894059
H868Y,-1.08700311
H869A,-2.542746064
H869C,-0.699019825
H869D,0.562720575
H869E,0.432541367
H869F,-0.478233749
H869G,-2.859958359
H869I,-1.195329766
H869K,-0.471875497
H869L,-0.4668338039999999
H869M,0.240420329
H869N,0.305946517
H869P,2.337050297
H869Q,-0.4361702079999999
H869R,0.690370398
H869S,-1.566129687
H869T,-0.409015399
H869V,-0.363559158
H869W,1.7879969409999998
H869Y,2.389688906
A870C,-1.696819162
A870D,2.010143157
A870E,2.215350055
A870F,1.886211452
A870G,-0.161731786
A870H,1.818880568
A870I,-2.695415408
A870K,1.7388585630000002
A870L,-0.2645272999999999
A870M,-0.783433782
A870N,-0.026970855
A870P,0.4626627789999999
A870Q,2.341897976
A870R,2.177619457
A870S,0.183015974
A870T,-2.000830769
A870V,-2.314548906
A870W,1.787967701
A870Y,2.20514708
A871C,-1.852790146
A871D,1.840616765
A871E,1.977767013
A871F,-2.9434706760000005
A871G,-0.8848446459999999
A871H,-1.058576288
A871I,1.836844452
A871K,0.561104195
A871L,2.179615474
A871M,0.851699248
A871N,-0.5367351229999999
A871P,2.268435935
A871Q,-0.8990256190000001
A871R,0.57570048
A871S,-1.105632567
A871T,-0.904812225
A871V,1.267046041
A871W,-0.304525811
A871Y,-1.780147792
A872C,-2.533027799
A872D,-0.55949538
A872E,-1.5248957369999998
A872F,-0.376731288
A872H,-1.209406974
A872I,-0.724557835
A872K,-1.373526686
A872L,-2.459340329
A872M,-1.42736241
A872N,-3.590880699
A872P,1.769932324
A872Q,-0.49131836
A872R,-1.317616953
A872S,-2.568595229
A872T,-2.0989941780000003
A872V,-0.730221474
A872W,0.2844723489999999
A872Y,-1.977473165
A873C,-0.691876095
A873D,2.400660361
A873E,1.742300502
A873F,2.067865717
A873G,-3.569200079
A873H,1.941285938
A873I,1.380730356
A873K,2.137789219
A873L,1.802266448
A873M,1.892848286
A873N,1.6780199530000002
A873P,1.077427091
A873Q,2.062030611
A873R,1.7578170569999998
A873S,-2.383437885
A873T,-0.949321305
A873V,-0.022911306
A873W,1.880558982
A873Y,2.197458639
W874A,-0.117458733
W874C,0.561281461
W874D,2.00172613
W874E,1.954166665
W874F,-2.739575855
W874G,1.7739819769999998
W874H,0.0910243
W874I,-0.239904075
W874K,1.9256949
W874L,-0.8871902009999999
W874M,-0.7495230340000001
W874N,0.038720642
W874P,2.099889592
W874Q,0.012341643
W874R,1.66913743
W874S,-0.680598512
W874T,-0.216858606
W874V,1.324404696
W874Y,-0.195151606
N875A,-0.76689906
N875C,-1.457610024
N875D,-1.592221741
N875E,-0.8074922259999999
N875F,-1.362955002
N875G,-1.263246505
N875H,-1.529957307
N875I,-1.087827466
N875K,-2.404875899
N875L,-1.367261045
N875M,-2.120274724
N875P,1.913401918
N875R,-0.849641579
N875S,-1.5780341569999998
N875T,-1.990221204
N875V,-1.7853904230000002
N875W,-1.050680084
N875Y,-1.352696696
L876A,-0.505887483
L876C,-0.943146885
L876D,1.027058039
L876E,-0.869135322
L876F,0.326893859
L876G,0.423838703
L876H,0.318276629
L876I,-0.828950923
L876K,-0.466531649
L876M,-0.192733627
L876N,0.246378455
L876P,1.5802698030000002
L876Q,-0.5821238639999999
L876R,-0.7150819490000001
L876S,-1.04275086
L876T,-0.384449846
L876V,-1.65198777
L876W,1.139150026
L876Y,1.4380460869999998
F877A,-0.5731086999999999
F877C,-1.296226837
F877D,0.978941407
F877E,-2.101632698
F877G,0.457912465
F877H,-1.107551408
F877I,-0.927909665
F877K,-1.562955172
F877L,-0.28491946
F877M,-1.350577869
F877N,-2.322144932
F877P,2.047210568
F877Q,-3.256554137
F877R,0.065363249
F877S,-0.426393932
F877T,-1.489229985
F877V,-1.915014471
F877W,-2.101763237
F877Y,-0.763250077
M878A,-0.806016692
M878C,-1.7514934359999998
M878D,-0.511205846
M878E,-1.233162863
M878F,-1.310616492
M878G,-0.993638495
M878H,-1.275628875
M878I,-0.670321892
M878K,-1.218260409
M878L,-1.773687099
M878N,-0.5373280979999999
M878P,1.994788418
M878Q,-1.595819679
M878R,-1.230808229
M878S,-1.392272551
M878T,-1.7163155630000002
M878V,-1.6453665569999998
M878W,-0.960214255
M878Y,-1.819624789
S879A,-1.433810801
S879C,-0.3786966329999999
S879D,-0.376464002
S879E,-0.941665801
S879F,-1.991934622
S879G,-1.119098691
S879I,-1.102966528
S879K,-1.224890195
S879L,-0.958168489
S879M,-2.653422612
S879N,-0.613292258
S879P,-0.626975551
S879Q,-0.842229894
S879R,-1.221130107
S879T,-1.948251076
S879V,0.580300794
S879W,-0.919703097
S879Y,-0.796371167
R880A,0.213215774
R880C,-1.639862399
R880D,-0.759193586
R880E,-1.113904647
R880F,-1.558855199
R880G,-1.884848308
R880H,-0.950779826
R880I,-0.437475271
R880L,-0.655672021
R880N,-3.485452646
R880P,0.4174659
R880Q,-2.791393647
R880S,-3.1932374080000003
R880T,-3.189229337
R880V,-5.964663845
R880W,-0.26763337
R880Y,-0.8475499040000001
P881A,-1.852934959
P881C,-1.175692139
P881D,-1.726643802
P881E,-0.986972018
P881F,-1.718850786
P881G,-0.8596895920000001
P881H,-1.954932187
P881I,-2.973538087
P881K,-0.904159584
P881L,-1.663244178
P881M,-2.635258723
P881N,-0.3529716329999999
P881Q,0.110216453
P881R,-1.129900807
P881S,-1.233072842
P881T,-2.972054274
P881V,-0.198600786
P881W,-2.170100768
P881Y,-1.315709814
E882A,-1.3974449759999998
E882C,-1.271205421
E882D,-0.681629973
E882F,-1.331029818
E882G,-1.006434829
E882H,-1.743188172
E882I,-0.745717352
E882K,-0.8645340579999999
E882L,-0.931906908
E882M,-1.70422743
E882N,-1.843000773
E882P,-1.097828236
E882Q,-0.472422222
E882R,-0.512457034
E882S,-0.637379193
E882T,-1.514390732
E882V,-1.355276281
E882W,-0.732664478
E882Y,-0.899898894
Y883A,-0.803996248
Y883C,-0.915861328
Y883D,0.355977919
Y883E,1.452150266
Y883F,-0.8468105109999999
Y883G,-0.82727245
Y883H,-0.570499036
Y883I,1.645175197
Y883K,0.70157745
Y883L,-0.506439249
Y883M,-2.664921802
Y883N,-0.7114503740000001
Y883P,2.083430238
Y883Q,0.201712105
Y883R,-0.662350616
Y883S,0.688040443
Y883T,0.034821418
Y883V,-0.299541546
Y883W,-1.537497706
N884A,-0.245961702
N884C,-2.023065902
N884D,-1.325887772
N884E,-0.418038715
N884F,-0.680236455
N884G,-0.644629703
N884H,-1.123257796
N884I,-0.1915727589999999
N884K,-0.109107919
N884L,-0.12268334
N884M,-1.311671175
N884P,1.969410897
N884Q,-2.734528767
N884R,-0.911547637
N884S,-1.155773809
N884T,-0.438357559
N884V,1.058591055
N884W,-2.284919305
N884Y,-0.5421345120000001
F885A,1.375669269
F885C,-0.716387655
F885D,1.904746208
F885E,1.6146242730000002
F885G,2.024773563
F885H,1.323402934
F885I,-0.446030209
F885K,2.140443658
F885L,-0.353592986
F885M,-0.999619451
F885N,1.805072659
F885P,2.127053701
F885Q,2.129078613
F885R,2.067404472
F885S,2.1717627
F885T,1.868047668
F885V,1.964518048
F885W,-2.566705573
F885Y,-0.802956599
L886A,-2.182838722
L886C,-0.86687094
L886D,2.15887861
L886E,1.969535453
L886F,0.146412612
L886G,-1.907292349
L886H,0.7749731759999999
L886I,-0.539457924
L886K,1.586542672
L886M,-1.192167345
L886N,1.623905281
L886P,0.011997427
L886Q,1.19953155
L886R,1.070775554
L886S,-1.247987547
L886T,-2.349101819
L886V,-0.868839809
L886W,1.376327755
L886Y,-0.353582445
I887A,-1.6141325480000002
I887C,-1.805964919
I887D,-1.494606124
I887E,-1.685902232
I887F,-0.7076845409999999
I887G,-4.554054283999999
I887H,-2.6435981
I887K,-1.620102665
I887L,-1.286222638
I887M,-1.478420323
I887N,-1.288129757
I887P,-1.165958376
I887Q,-2.615946481
I887R,-0.828529913
I887S,-1.861033741
I887T,-5.126764618
I887V,-2.400988405
I887W,-0.621018056
I887Y,-1.726700654
N888A,-1.752007852
N888C,-1.676342927
N888D,-0.369915351
N888E,-1.3985582769999998
N888F,-1.039146174
N888G,-0.421961877
N888H,-2.642712097
N888I,-0.479023016
N888K,-1.218574949
N888L,-0.833305014
N888M,-0.6786708490000001
N888P,-2.462320309
N888Q,-0.035551617
N888R,-1.6829205230000002
N888S,-1.297174354
N888T,-0.605990867
N888V,-1.150885717
N888W,-1.147669343
N888Y,-1.024080383
L889A,-0.531669445
L889C,-1.031339892
L889D,1.498402111
L889E,1.362864172
L889F,-1.448078915
L889G,0.529004853
L889H,-0.993388216
L889I,-2.064994479
L889K,1.424830904
L889M,-1.5967438930000002
L889N,0.145691394
L889P,1.883859141
L889Q,-0.727406283
L889R,-1.646178932
L889S,-1.431926105
L889T,-2.026709061
L889V,-3.096865197
L889W,-1.080330001
L889Y,-0.091625974
D890A,-1.2864249840000002
D890C,-1.26969036
D890E,-0.259707368
D890F,-1.529334632
D890G,-1.5058263580000002
D890H,-0.3651564029999999
D890I,-1.351321246
D890K,-1.0682127540000002
D890L,-2.243633565
D890M,-1.640450696
D890N,-2.4879018580000003
D890P,-0.971136385
D890Q,-1.814909234
D890R,-1.929781266
D890S,-3.292470981
D890T,-0.192506218
D890V,-2.579697319
D890W,-1.159841797
D890Y,0.017729307
H891A,-3.3272282260000003
H891C,-1.294947989
H891F,-2.502234384
H891G,-1.881824242
H891I,0.167669547
H891L,-2.846064734
H891P,-1.120730994
H891Q,0.1043396759999999
H891R,-5.751892558
H891V,-4.499835127
H891W,-2.968786153
V892C,-2.158165466
V892E,-2.891906666
V892F,0.204317035
V892I,-3.451525549
V892K,-5.001128532
V892L,-1.739703021
V892M,-0.472215296
V892Q,0.0702758129999999
V892T,-0.754926419
V892W,-1.094544059
V892Y,-4.118415284
E893A,-1.3763150519999998
E893C,-2.172346894
E893G,-0.183644201
E893H,-4.437380224
E893I,-1.545938292
E893K,-1.380748844
E893N,-1.579084989
E893P,-1.608151805
E893Q,-2.166763351
E893R,-3.296358277
E893S,-3.970621508
E893T,-3.5015611210000004
E893V,-5.097317672
E893W,-2.180808665
E893Y,-0.613953261
F894A,-3.64500689
F894C,-4.22411306
F894D,-0.0428973759999999
F894E,-0.4091815579999999
F894G,-1.515864202
F894H,-2.490512228
F894I,-3.0197638060000003
F894K,-1.4832345809999998
F894L,-1.285324902
F894N,-0.12134532
F894P,1.706581739
F894Q,-1.655995629
F894R,-2.467444853
F894S,-0.963309307
F894T,-1.995668582
F894V,-1.860657687
F894W,-1.323625603
F894Y,-2.070432799
K895G,0.718939282
K895L,-2.676813646
K895M,0.028223138
K895N,0.180596681
K895P,0.674960497
K895Y,0.0402327529999999
H896A,-0.8572841729999999
H896D,-0.861916327
H896E,-0.723846078
H896F,-1.634556677
H896G,-0.715348095
H896I,-2.874810843
H896K,-2.775308468
H896L,-1.400893631
H896Q,-0.970455996
H896R,-2.612241427
H896T,-1.534082416
H896V,-3.259664698
H896W,-2.399984559
H896Y,-2.200558528
F897A,-1.221826858
F897C,-0.576733675
F897D,1.813248271
F897E,1.809312819
F897G,1.918617105
F897H,-1.33674085
F897I,-1.349142192
F897L,-1.695257979
F897M,-2.684572029
F897N,1.415287589
F897P,1.864428652
F897Q,1.049585159
F897R,1.613556124
F897S,0.4737691679999999
F897T,-1.059335214
F897V,-2.36908683
F897W,-1.3588818969999998
F897Y,-3.943044687
R898A,1.98689278
R898C,1.605403795
R898D,1.950725658
R898E,2.311191226
R898G,1.921603298
R898H,1.000783587
R898I,2.362671474
R898K,-0.006620473
R898L,1.939581161
R898M,1.929214624
R898N,1.670201729
R898P,2.183603268
R898Q,1.25375471
R898S,1.762559709
R898T,1.776255216
R898V,2.518526673
R898W,1.423574255
R898Y,-0.651177744
F899A,-0.118600898
F899C,-1.0438187
F899D,-1.06050404
F899E,-0.3775262929999999
F899G,-1.011870228
F899H,-2.069918192
F899I,-1.22994353
F899K,-0.407366354
F899L,-0.942760627
F899M,-2.150053801
F899N,-0.8964991529999999
F899P,-0.547312791
F899Q,-2.236869126
F899R,-0.357280227
F899S,-0.976496586
F899T,-2.6011605280000003
F899V,-5.347764685
F899W,-0.99206925
F899Y,-0.8269421509999999
L900A,-2.2583167090000003
L900C,-2.597226868
L900D,-1.953011198
L900E,-0.377308692
L900F,-0.45728359
L900G,-1.323241312
L900H,-2.206253523
L900I,-1.626762365
L900K,-1.159429684
L900M,-1.856366665
L900N,-0.292014031
L900P,1.435579614
L900Q,-1.030096921
L900S,-1.238964425
L900T,-2.88519952
L900V,-3.995125686
L900W,-0.372833399
L900Y,-1.871354611
V901A,-1.338226114
V901C,-1.026826889
V901D,0.2158187389999999
V901E,-1.476705598
V901F,-1.102862137
V901G,-0.921086715
V901H,-0.0514550359999999
V901I,-1.978622277
V901K,1.401091282
V901L,-0.883121397
V901M,-1.13309945
V901N,-0.979840797
V901P,1.481316494
V901Q,-0.528102365
V901R,1.531873257
V901S,-1.483957793
V901T,-1.961833353
V901W,0.935019182
V901Y,0.172477778
I902A,1.383335157
I902C,-0.73036564
I902D,2.457211225
I902E,1.947726815
I902F,1.872417726
I902G,1.964818111
I902H,1.480107986
I902K,2.251638402
I902L,-1.39656554
I902M,-0.903711413
I902N,-1.428450754
I902P,1.454049532
I902Q,1.443700636
I902R,2.286723513
I902S,1.4768529730000002
I902T,-0.282295979
I902V,-1.507786056
I902W,2.032269779
I902Y,-0.236965392
E903A,-3.651428892
E903C,-2.552274292
E903D,-0.579705379
E903F,-0.223729982
E903G,-2.853121112
E903I,-0.377446885
E903K,-0.4232256579999999
E903L,-0.027171603
E903M,-1.379656939
E903N,-0.626133897
E903P,1.5152902
E903Q,-1.572728794
E903R,-1.365291231
E903S,-2.059184349
E903T,-1.101702763
E903V,0.063365516
E903W,-0.102172533
E903Y,-0.272850781
A904C,-2.078278709
A904D,-1.043848153
A904E,-2.00577627
A904F,-1.651324698
A904G,-0.342726539
A904H,-1.554293065
A904I,-1.762592641
A904K,-2.8353112
A904L,-2.139900682
A904M,0.506677841
A904N,-1.81036405
A904P,0.914669823
A904Q,-0.485899101
A904R,1.67731796
A904S,-2.440124977
A904T,-1.1281626340000002
A904V,-0.600791588
A904W,0.053642116
A904Y,-2.068765023
I905A,-1.445487858
I905C,-0.891867257
I905D,1.737304554
I905E,1.6292295959999998
I905F,2.086835651
I905G,1.315262474
I905H,1.730371005
I905K,2.084575135
I905L,-0.699138277
I905M,-0.535791819
I905N,1.147907212
I905P,1.537222338
I905Q,0.336970002
I905R,1.897126574
I905S,1.206562418
I905T,-1.353722109
I905V,-1.558205255
I905W,1.7855771669999998
I905Y,1.7818390709999998
L906A,-0.072873645
L906C,-0.598506067
L906D,0.438031839
L906E,0.7909592329999999
L906F,-0.888317006
L906G,-0.954755011
L906H,-2.142422489
L906I,-1.22673068
L906K,0.09245867
L906M,-0.515550001
L906N,0.8442051709999999
L906P,1.515039005
L906Q,-0.990056726
L906R,-0.726813204
L906S,0.445157185
L906T,-0.5044512529999999
L906V,-0.468075672
L906W,-1.302412005
L906Y,-0.98045996
A907C,-2.7906112060000003
A907E,-0.482720081
A907F,0.314992363
A907G,-0.678532087
A907H,-2.081466056
A907I,-0.121631501
A907K,0.751607472
A907M,-0.866723604
A907N,-0.751778944
A907Q,-0.603835638
A907S,-1.377753882
A907T,-1.095733751
A907W,-2.409704915
A907Y,-1.384214125
T908A,0.221103837
T908C,-1.328384751
T908D,1.56072875
T908E,1.999530383
T908F,1.517025564
T908G,-0.4536601429999999
T908H,1.664518904
T908I,-1.101560807
T908K,0.7707646690000001
T908L,-0.772957929
T908M,-2.554750262
T908N,-0.445161577
T908P,0.2579842519999999
T908Q,0.040551651
T908R,2.039947714
T908S,-1.037951465
T908V,-1.087513301
T908W,1.890337039
T908Y,2.108706288
D909A,-0.308485116
D909C,0.263606354
D909E,-1.06555841
D909F,1.810661876
D909G,-0.033824549
D909H,1.4153535119999998
D909I,1.859499965
D909K,1.882003587
D909L,1.987089869
D909M,1.468999934
D909N,-1.13713865
D909P,1.942655867
D909Q,1.631354046
D909R,1.864203926
D909S,1.286418681
D909T,1.198962738
D909V,1.662574652
D909W,1.981481133
D909Y,1.997704155
L910A,-0.299887212
L910C,-0.559511914
L910D,1.755282772
L910E,1.282185876
L910F,-1.18022333
L910G,0.896531944
L910H,-0.799630262
L910I,-1.4257368769999998
L910K,1.990133108
L910M,-0.37173384
L910N,1.408384255
L910P,-0.34612904
L910Q,1.63062022
L910R,1.838382712
L910S,0.869943393
L910T,0.122108789
L910V,-0.752860001
L910W,-0.904616498
L910Y,-0.8491739009999999
K911A,-1.5820948
K911C,-0.525678035
K911D,1.937046177
K911E,1.26472334
K911F,-0.627913328
K911G,-1.725057504
K911H,-1.424139054
K911I,-0.914086816
K911L,-1.057238738
K911M,-1.161847345
K911N,-0.141875014
K911P,0.8644276740000001
K911Q,-1.114319164
K911R,-2.365563367
K911S,-0.382776851
K911T,-1.495527771
K911V,-1.071621407
K911W,-0.8804112129999999
K911Y,-1.508567715
K912A,-0.199936113
K912C,-2.7570851339999995
K912D,-1.398295066
K912E,-2.505723078
K912F,-0.258466095
K912G,-1.253709975
K912H,-1.181173697
K912I,-1.45163698
K912L,-2.742226377
K912M,-2.101906984
K912N,-1.056064141
K912P,-0.3341154189999999
K912Q,-1.008627028
K912R,-1.23150456
K912S,-2.236245102
K912T,-1.244022989
K912V,-1.072059177
K912W,-2.143204769
K912Y,-0.963561743
H913A,-0.4923670879999999
H913C,-0.34805395
H913D,1.4677785840000002
H913E,1.691179366
H913F,0.8620495979999999
H913G,-1.101720494
H913I,1.1499509490000002
H913K,1.724781799
H913L,1.735013196
H913M,0.920954047
H913N,-0.279994862
H913P,1.660278138
H913Q,-0.102960361
H913R,1.850773447
H913S,-0.7982931870000001
H913T,-1.81112213
H913V,0.803882722
H913W,1.719880854
H913Y,1.4166776419999998
F914A,2.0736853440000003
F914C,0.816115853
F914D,1.864787656
F914E,1.909310402
F914G,1.780353956
F914H,0.153876355
F914I,-0.647728516
F914K,1.706043688
F914L,-1.152753197
F914M,-0.0957336519999999
F914N,1.920373405
F914P,-0.605381739
F914Q,1.581724621
F914R,1.617304722
F914S,1.85013869
F914T,1.7322163069999998
F914V,1.324577831
F914W,-1.904759568
F914Y,-1.394550669
D915A,-2.237069929
D915C,-1.493204678
D915E,-1.116625246
D915F,-1.48524747
D915G,-0.7966622940000001
D915H,-2.51221054
D915I,-1.560398103
D915K,-0.883813629
D915L,-1.119122334
D915M,-0.751936377
D915N,-1.522208903
D915P,-0.840794478
D915Q,-1.28867281
D915R,-1.625521996
D915S,-1.467578047
D915T,-0.978987143
D915V,-1.649849238
D915W,-0.601343685
D915Y,-1.441966602
F916A,-0.939616654
F916C,-1.191634027
F916D,0.295604092
F916E,-1.7967961419999998
F916G,0.1140883259999999
F916H,-1.345610846
F916I,-2.038761642
F916K,-1.643472986
F916L,-2.1432563630000003
F916M,-2.820101547
F916N,-1.7895226430000002
F916P,0.888166915
F916Q,-0.273150919
F916R,-0.943690816
F916S,-1.133138365
F916T,-1.514813117
F916V,-0.867273473
F916W,-0.6889743559999999
F916Y,-1.250676073
V917A,-1.212006404
V917C,-0.985247169
V917D,-0.48425928
V917E,-1.439291104
V917F,-1.049197646
V917G,-0.518414367
V917H,-0.908481187
V917I,-0.516419531
V917K,-1.754841061
V917L,-1.279769385
V917M,-1.4317183969999998
V917N,-0.588407051
V917P,0.8546193790000001
V917Q,-1.332885456
V917R,-1.754369786
V917S,-1.277998094
V917T,-0.92889135
V917W,-1.03655304
V917Y,-1.6513723219999998
A918C,-1.790864094
A918E,0.035920256
A918F,-1.266582283
A918G,-1.552892954
A918H,-1.996461699
A918K,-3.85488712
A918M,-2.315752393
A918P,-0.999970387
A918Q,-4.201195125
A918R,-1.850458442
A918T,-2.150330236
A918W,-1.253750409
A918Y,-1.248593815
K919A,-1.83961841
K919C,-2.40817337
K919D,-2.009432691
K919E,-2.609701684
K919F,-2.021478204
K919G,0.00092321
K919H,-2.388884574
K919I,-0.414065157
K919L,-0.999494993
K919N,-1.23159799
K919P,-0.801149054
K919Q,-2.793747565
K919R,-2.1551178330000003
K919S,-1.273671171
K919T,-0.830769037
K919V,-0.229474428
K919W,-2.324773249
K919Y,-0.469686671
F920A,-4.512461504
F920C,-0.860374692
F920D,1.490208346
F920E,0.518511145
F920G,-1.430964121
F920H,-1.502183604
F920I,-3.289705828
F920K,1.67834967
F920L,-1.579992109
F920M,-1.4803325180000002
F920N,0.5463697829999999
F920P,1.037419627
F920Q,-1.143233036
F920R,1.939463662
F920S,-1.355205204
F920T,-0.523093681
F920W,-1.985831653
F920Y,-0.333408262
N921C,-3.003244112
N921D,-2.497017384
N921E,-3.43234714
N921G,-5.34338397
N921H,-0.63811932
N921I,-1.6913975959999998
N921K,-2.057345416
N921L,-0.829217678
N921M,0.122827423
N921P,-1.155567754
N921Q,-0.636946141
N921R,-3.845356546
N921S,-5.507930247999999
N921T,-3.915762688
N921V,-3.583934952
N921W,-1.665539596
K923A,-1.323984783
K923C,-2.5589104
K923D,-0.447081658
K923E,-1.14683251
K923F,-2.542628631
K923G,-1.431934336
K923H,-0.045789829
K923I,0.626887857
K923L,-1.548717654
K923M,-0.380454952
K923N,-0.002050712
K923P,0.181798651
K923Q,-0.6007483889999999
K923R,-3.344659335
K923S,-1.575080035
K923T,-2.02952953
V924A,-1.863929425
V924C,-1.185687256
V924D,-2.762153634
V924E,-0.38331068
V924F,-0.8950191679999999
V924G,-2.252407597
V924H,-0.659521853
V924I,-1.168220346
V924K,-1.7140566730000002
V924L,-1.6909868419999998
V924M,-4.469998147
V924N,-0.8568711520000001
V924P,-2.228592879
V924Q,-3.452813682
V924R,-2.387446009
V924S,-1.112357169
V924T,-4.170573149
V924W,-1.998860702
V924Y,-0.740126391
N925A,-2.091372946
N925C,-0.2478207439999999
N925D,-3.5950899510000003
N925E,-0.8652425029999999
N925F,-0.677225355
N925G,-1.212606777
N925H,-1.031065752
N925I,-0.813396892
N925K,-1.124303441
N925L,-0.8795348940000001
N925M,-1.3605609769999998
N925P,-1.164665823
N925Q,-1.282764042
N925R,-1.7194568609999998
N925S,-2.053189853
N925T,-1.951003943
N925V,-0.936709557
N925W,-2.140912095
N925Y,0.2019765339999999
D926A,-1.435286985
D926C,-1.480086272
D926E,-0.6823815679999999
D926F,-1.006279551
D926G,-1.464968532
D926H,-0.4386376529999999
D926I,-1.775972513
D926K,-1.026479729
D926L,-1.061941433
D926M,-1.161680841
D926N,-0.465483587
D926P,-0.858015841
D926Q,-2.486504568
D926R,-1.130694861
D926S,-1.741303314
D926T,-1.543451876
D926V,-2.735138585
D926W,-2.467057439
D926Y,-0.7105751859999999
D927A,0.274110977
D927C,-1.784734571
D927E,-0.386853426
D927F,-0.700739717
D927G,-1.3295082740000002
D927H,-1.446587307
D927I,-2.425756878
D927K,-0.01293771
D927L,-2.254197806
D927M,-1.50137075
D927N,-2.003369406
D927P,-1.728471851
D927Q,-2.173803995
D927R,-1.661289321
D927S,-0.937096734
D927T,-1.572028843
D927V,-4.655532812
D927W,-1.689553451
D927Y,-1.888504953
V928A,-1.906659692
V928C,-0.5448453879999999
V928F,-3.844848069
V928G,-2.056057163
V928H,-1.594596
V928L,-2.808986044
V928Q,-3.193728852
V928R,-3.221251942
V928S,-0.548309366
V928T,-4.408350938
V928Y,-2.101889474
G929A,-3.127798277
G929E,-2.461874932
G929I,-2.8028163060000004
G929K,-5.078543814
G929M,-4.032948722
G929N,-2.907022499
G929P,1.46113983
G929Q,-1.634136808
G929R,-0.7464865190000001
G929T,-2.139206358
G929V,-1.533695173
G929W,-1.107438762
I930A,-1.568562974
I930C,-0.677177261
I930D,2.369681772
I930E,1.300613857
I930F,-1.612599859
I930G,0.930407897
I930H,-0.890781973
I930K,-0.627767422
I930L,-2.172417351
I930M,0.122917716
I930N,-0.6580365429999999
I930P,-2.357613013
I930Q,-0.55857881
I930R,0.082954603
I930S,-0.779345892
I930T,-0.875501946
I930V,-1.671421339
I930W,-1.94701796
I930Y,-1.848656183
D931A,-1.060794449
D931C,-3.2556937660000003
D931E,-1.129258943
D931F,0.319962893
D931G,-1.437567359
D931H,-1.082600225
D931I,-1.3788066959999998
D931K,-1.659978952
D931L,-1.635021145
D931M,-0.106850394
D931N,-2.326616961
D931P,0.71014134
D931Q,-2.437917702
D931R,-1.003882655
D931S,-2.547835411
D931T,-1.668408544
D931V,-2.671698998
D931W,-1.104948292
D931Y,-0.8392350690000001
W932A,-0.021512116
W932C,-0.269818638
W932D,1.540234158
W932F,-3.684577137
W932G,1.774720447
W932H,-0.419690652
W932I,-3.298315318
W932K,1.170746996
W932L,-2.508529826
W932N,-0.427134575
W932P,-1.41423274
W932S,1.099742947
W932T,-1.098082752
W932Y,-3.317347362
T933A,-0.2671320789999999
T933F,-0.857464261
T933G,-1.959131313
T933H,-2.771287823
T933I,-2.654731393
T933K,-2.458792115
T933L,-0.995505605
T933M,-1.139208188
T933N,-3.361939469
T933P,-0.48724115
T933Q,-1.319843047
T933R,-1.686526116
T933S,-1.297510137
T933V,-1.927623279
T933Y,-2.278621515
N934A,-1.520497049
N934C,0.225203855
N934D,-0.662955757
N934E,-1.087393962
N934F,-1.923302032
N934G,-2.187507467
N934H,-0.760586212
N934I,-0.6089206079999999
N934K,-0.5806468779999999
N934L,-3.160333796
N934M,-0.833300612
N934P,2.370781596
N934Q,-2.144082868
N934R,-0.57649989
N934S,-1.270358292
N934T,0.0472550709999999
N934V,-2.414984447
N934W,-0.346592854
N934Y,-1.410649085
E935A,-3.368064355
E935C,-2.171500316
E935D,0.007887056
E935F,-1.417145661
E935G,-1.51993055
E935H,-0.768218585
E935K,-1.878822814
E935L,-0.241081766
E935M,-1.6433104790000002
E935N,-1.42833613
E935P,-2.642344916
E935Q,-1.640620214
E935R,-1.464827888
E935S,-0.291641599
E935T,-3.06251566
E935V,-1.529584355
E935W,-0.883086246
E935Y,-0.749056322
N936A,-1.009192284
N936C,-0.7324545090000001
N936D,-0.427247297
N936E,-0.703809173
N936F,-1.584468449
N936G,-0.036275239
N936H,-3.005198455
N936I,-3.634408568
N936K,-1.105846528
N936L,-1.10257282
N936M,-0.924218939
N936P,-2.624775053
N936Q,-1.021803511
N936R,-1.347733382
N936S,-1.486363438
N936T,-3.871147217
N936V,-1.533141128
N936W,-0.732585941
N936Y,-1.035992248
D937A,-1.201528417
D937E,-0.538441232
D937F,-0.163045774
D937H,-0.791765781
D937I,-2.154125023
D937K,-0.529469406
D937M,-0.7714064070000001
D937P,1.852729121
D937Q,-0.329507465
D937R,-1.289734784
D937S,-3.911690744
D937V,-2.148599628
D937Y,0.082327117
R938G,0.4750085739999999
R938M,-2.433724004
R938T,1.865117026
L939A,-0.859049958
L939C,-2.577389164
L939D,-0.954482977
L939E,-1.648914031
L939F,0.3487426289999999
L939G,-2.660190095
L939H,-0.635905892
L939I,-1.296592662
L939K,-1.199761947
L939M,0.19956625
L939N,-0.704340043
L939P,1.7046873880000002
L939Q,-3.860056475
L939R,-1.564391041
L939S,-1.031682445
L939T,-0.7797027459999999
L939V,-0.662056743
L939W,-0.924504959
L939Y,-2.0931848
L940A,-3.587958988
L940C,-1.309918673
L940D,-0.583392502
L940E,-1.052763421
L940F,-1.391886725
L940G,-0.821820212
L940H,-0.8079882359999999
L940I,-1.2004303790000002
L940K,-0.984636947
L940M,-0.659345753
L940N,0.004069585
L940P,1.402967303
L940Q,-0.8566930420000001
L940R,-2.02720399
L940S,-1.226013299
L940T,-1.195637883
L940V,-1.300178969
L940W,-1.11784502
L940Y,-1.563632994
V941A,-0.8293648659999999
V941C,-1.031145471
V941D,1.693783516
V941E,2.05470314
V941F,0.233536398
V941G,-0.523945537
V941H,1.167938256
V941I,-2.031332948
V941K,1.7916116999999998
V941L,-0.612905344
V941M,-1.06558677
V941N,1.443754825
V941P,2.282096263
V941Q,0.233232493
V941R,1.810826366
V941S,-0.8188697340000001
V941T,-1.947057756
V941W,-0.8797603
V941Y,-0.711053642
C942A,-1.776396489
C942D,-0.035834262
C942E,-1.386342405
C942F,-1.686970381
C942G,-2.023204792
C942H,-0.995229472
C942I,-0.277001552
C942K,-1.76030956
C942L,-3.126543597
C942M,-1.824987869
C942N,-1.246743764
C942P,1.865963015
C942Q,-1.540611925
C942R,0.302451078
C942S,-1.015392165
C942T,-3.322252005
C942V,-0.470321072
C942W,1.626758888
C942Y,-2.252246199
Q943A,0.8347545559999999
Q943C,-4.261943128
Q943D,-3.73479428
Q943E,-1.892098127
Q943F,-0.974792526
Q943G,-2.679468823
Q943H,-2.031189012
Q943I,-3.0288576660000004
Q943K,-0.456031243
Q943L,-0.39897117
Q943M,-1.51524461
Q943N,-2.59275585
Q943P,2.087047557
Q943R,-0.7334494009999999
Q943S,0.43540878
Q943T,-1.633121536
Q943V,-3.096625343
Q943W,-1.3767860369999998
Q943Y,-2.257605297
M944A,-1.057746102
M944C,0.053002904
M944D,2.018481679
M944E,-0.455069285
M944F,-0.987864828
M944G,-1.245620701
M944H,-0.717821921
M944I,-0.917442751
M944K,2.651141827
M944L,-1.841446321
M944N,0.195510385
M944P,2.04154444
M944Q,-0.699059164
M944R,2.289751661
M944S,-1.157986672
M944T,-1.5615521209999998
M944V,-0.618374181
M944W,0.025310428
C945A,-0.5659024539999999
C945D,1.077570904
C945E,0.289597189
C945F,-1.4589605
C945G,-2.3127727890000003
C945H,1.309195335
C945I,-0.748828637
C945K,1.934248798
C945L,-1.753958196
C945M,-0.8131325309999999
C945N,-3.262026203
C945P,1.944210601
C945Q,-0.635323376
C945R,2.524439398
C945S,-1.515082677
C945T,-1.450365046
C945V,-3.679210874
C945W,1.266484857
C945Y,1.175736417
I946A,-2.027472145
I946C,-1.828531974
I946D,2.063257321
I946E,1.179990097
I946F,-1.577773513
I946G,1.006019705
I946H,-0.8283541809999999
I946K,2.046062453
I946L,-0.990161206
I946M,-0.4156824
I946N,0.7305862
I946P,1.708858989
I946Q,0.072407617
I946R,1.568758132
I946S,-0.3848035429999999
I946T,-0.466802561
I946V,-1.36190869
I946W,1.548292966
I946Y,1.4382400430000002
K947A,1.083166426
K947C,-1.074683858
K947D,1.7552039869999998
K947E,2.336302323
K947F,1.910349606
K947G,1.498035866
K947H,1.377938542
K947I,-0.121218958
K947L,-0.923145089
K947M,0.06333347
K947N,1.16306095
K947P,2.035339936
K947Q,-1.6427550780000002
K947R,-0.7101092459999999
K947S,0.992372943
K947T,-0.344470538
K947V,-0.931564448
K947W,2.061105603
K947Y,1.58136612
L948A,-0.7441742290000001
L948C,-2.357067529
L948D,1.70543837
L948E,1.451116265
L948F,-0.501568434
L948G,0.382209476
L948H,0.388165216
L948I,-2.014966295
L948K,1.457981231
L948M,-0.7065998179999999
L948N,0.849685688
L948P,2.032086739
L948R,1.7418441219999998
L948S,-0.4917451
L948T,-1.23980846
L948V,-1.570622323
L948W,-0.023792949
L948Y,0.267941497
A949C,-1.50753771
A949D,2.216303003
A949E,1.6534210930000002
A949F,1.3731383419999998
A949G,-1.491907431
A949H,1.624192189
A949I,1.609834361
A949K,1.614048165
A949L,1.5082844969999998
A949M,1.808540837
A949N,2.05337399
A949P,2.085169446
A949Q,1.519331306
A949R,1.582860724
A949S,-0.267722144
A949T,1.543543695
A949V,2.144121096
A949W,1.584114833
A949Y,2.3190532630000003
D950A,0.099603233
D950C,-0.3419040579999999
D950E,0.689992717
D950F,1.569073036
D950G,1.5591061119999998
D950H,1.403093575
D950I,1.923197046
D950K,1.841974781
D950L,1.993232582
D950M,1.106150757
D950N,-1.224535639
D950P,1.5429026680000002
D950Q,1.527020957
D950R,2.13717993
D950S,-0.407132717
D950T,-0.259024921
D950V,-0.170087072
D950W,1.5812327309999998
D950Y,2.208317354
I951C,-1.519863542
I951D,1.240117737
I951E,0.998244521
I951F,0.8065265309999999
I951G,0.098057719
I951K,1.779287563
I951M,-0.637781968
I951N,0.3270956339999999
I951P,2.102608225
I951Q,-1.367525202
I951R,1.870455795
I951S,-1.3608386119999998
I951T,-1.6792288990000002
I951V,-1.294475693
I951W,1.335038706
I951Y,2.117042121
N952A,-0.951945677
N952C,-0.841161973
N952D,-1.448455111
N952E,-0.162766932
N952F,0.31450653
N952G,-1.021847778
N952H,-1.0596422840000002
N952I,-0.247066671
N952K,-1.07360744
N952L,-0.912241646
N952M,-0.7621191420000001
N952P,-0.130918008
N952Q,-1.529963912
N952R,-0.0107398889999999
N952S,-1.3634759909999998
N952T,-2.032965798
N952V,-3.717587919
N952W,0.952207797
N952Y,0.592052377
G953A,-2.589142975
G953C,-1.000857912
G953D,0.854229945
G953E,-1.725091581
G953F,1.7504033069999998
G953H,0.189289417
G953I,2.193827445
G953K,-0.000562873
G953L,0.995649524
G953M,0.700551172
G953N,0.5283834789999999
G953P,-0.5063552889999999
G953Q,0.426676615
G953R,1.7724773669999998
G953S,-1.067998632
G953T,-0.400620196
G953V,0.16905533
G953W,1.005408738
G953Y,0.989130572
P954A,0.471519398
P954C,-1.310891012
P954D,1.872372992
P954E,1.30833186
P954F,0.2687620289999999
P954G,0.190073223
P954H,0.239148981
P954I,-0.100329394
P954K,1.802088754
P954L,1.265224516
P954M,1.100829529
P954N,1.479201907
P954Q,0.614767656
P954R,1.400087514
P954S,-0.685664982
P954T,-0.4164456729999999
P954V,-2.289568286
P954W,1.13429082
A955C,-1.077652184
A955D,0.123636014
A955E,-0.074844389
A955F,-1.691466561
A955G,-0.151786487
A955H,-1.05982012
A955I,-0.855792551
A955K,-0.1467094169999999
A955L,-1.262713836
A955M,-2.09863367
A955N,-0.995303246
A955P,1.5455128180000002
A955Q,-1.396487799
A955R,2.037181041
A955S,-1.644943185
A955T,-2.707839777
A955V,-1.046627735
A955W,-0.981552688
A955Y,-1.126438294
K956A,1.972345339
K956C,0.256520026
K956D,2.143591277
K956E,1.6576840119999998
K956F,1.870641917
K956G,1.6590667019999998
K956H,-0.433709494
K956I,1.7570455230000002
K956L,1.894038475
K956M,1.620358929
K956N,1.072685959
K956P,1.77744218
K956Q,0.584801761
K956R,-0.815754028
K956S,0.231533668
K956T,1.264572516
K956V,1.414750684
K956W,1.856465509
K956Y,1.861015157
C957A,-0.620823021
C957D,-0.37729014
C957E,-1.870070262
C957F,-0.81339897
C957G,-1.1862418609999998
C957H,-2.121458338
C957I,-1.133008476
C957K,-1.164099883
C957L,-0.950852034
C957M,-1.3260484609999998
C957N,-0.6817155090000001
C957P,-1.647064293
C957Q,-1.056821109
C957R,-1.3353945459999998
C957S,-2.150024609
C957T,-2.056427401
C957V,-0.808241332
C957W,-0.8925851
C957Y,-1.16374086
K958A,-2.099462216
K958C,-2.130924427
K958D,-3.756110751
K958E,-0.519948219
K958F,-1.658380103
K958G,0.6420740460000001
K958H,-0.462112021
K958I,-2.091222063
K958L,-1.610441085
K958M,-1.136195469
K958N,-0.8623131009999999
K958P,-1.500399063
K958Q,-1.86164066
K958R,-1.314542759
K958S,-2.375419496
K958T,-2.877167059
K958V,-1.308225097
K958W,-2.272325831
K958Y,-1.161617351
E959A,-0.3835438089999999
E959C,-0.401319116
E959D,-0.613357698
E959F,-1.238589959
E959G,-0.131429886
E959H,-2.624383516
E959I,-1.296732152
E959K,-1.877446319
E959L,-1.185608683
E959M,-0.984711082
E959N,-0.702508018
E959P,-2.424350976
E959Q,-0.832037432
E959R,-0.6257196629999999
E959S,-1.882118829
E959T,-0.636960361
E959V,-0.857547242
E959W,-1.656866411
E959Y,0.07727038
L960A,-2.0264236490000003
L960C,-0.7061953040000001
L960D,-1.096111876
L960E,-0.8178920040000001
L960F,-0.985352232
L960G,0.179738079
L960H,-1.259095714
L960I,-1.491497334
L960K,-1.224878534
L960M,-0.949499083
L960N,-1.701931415
L960P,1.092127173
L960Q,-1.5599780680000002
L960R,-1.828838381
L960S,-0.313711075
L960T,-0.571606704
L960V,-0.529574246
L960W,-1.378300184
L960Y,-1.644262825
H961A,-1.003622512
H961C,-0.8478058470000001
H961D,1.7774190630000002
H961E,1.872260774
H961F,1.421753209
H961G,1.568820336
H961I,1.836390444
H961K,1.90655228
H961L,1.427989769
H961M,-0.974275756
H961N,-1.197718959
H961P,1.219824276
H961Q,0.320480758
H961R,2.011192961
H961S,0.19534994
H961T,-0.6884049729999999
H961V,0.7570637570000001
H961W,2.2756780080000003
H961Y,-0.0957913619999999
L962A,-2.295672461
L962C,-2.856022459
L962D,-1.226893772
L962E,-0.182851362
L962F,-2.6531191780000003
L962G,-0.751574704
L962H,-2.770490903
L962I,-2.146639143
L962K,-0.491202156
L962M,-2.745019262
L962N,-1.016816748
L962P,2.414658113
L962Q,-1.323911886
L962R,-1.289261294
L962S,-1.285867499
L962T,-0.667207816
L962V,-0.572243871
L962W,-1.141523243
L962Y,-1.145428755
Q963A,-1.57094558
Q963C,-1.666632141
Q963D,-1.69456999
Q963E,-1.440262158
Q963F,-1.014076981
Q963G,-0.513921731
Q963H,-0.657485745
Q963I,-2.52496097
Q963K,-0.6773284829999999
Q963L,-0.882302806
Q963M,-2.150430786
Q963N,0.200598377
Q963P,-1.843399372
Q963R,-0.282170414
Q963S,-5.297045096000001
Q963T,-2.180676694
Q963V,-0.6876378940000001
Q963W,-0.005253666
Q963Y,-0.386167084
T965N,-1.836642176
D966C,-3.993967966
D966E,0.168345938
D966G,-5.111309362
D966L,-2.709116717
D966Q,-2.637454554
D966R,-2.546891359
G967C,-2.356405417
G967D,-0.8347456440000001
G967H,-0.950060444
G967I,-0.86996248
G967L,-0.099213735
G967P,-2.01713764
G967V,-0.34989506
G967Y,-2.82661689
I968A,-1.045756373
I968C,-1.028339246
I968D,1.964345574
I968E,1.896178119
I968F,1.81988371
I968K,1.719659152
I968L,-0.849221235
I968M,-0.54441236
I968N,1.4809643869999998
I968P,2.1909089230000003
I968Q,1.187815993
I968R,2.168545767
I968S,0.84032233
I968T,0.012950416
I968V,-1.409378987
I968W,1.796103759
I968Y,1.217678573
V969A,-2.322677512
V969D,-0.517687669
V969E,-0.6795894509999999
V969F,-1.304626651
V969G,-2.553676902
V969H,-0.059063307
V969I,-3.936437173
V969M,-3.62780646
V969P,1.369394304
V969Q,-0.373124458
V969R,-4.36889391
V969T,-3.042555774
V969W,0.319729853
V969Y,-1.946894362
N970D,-2.569763106
N970E,-2.223449826
N970F,-1.61071534
N970G,-1.628075714
N970H,-2.556579892
N970I,-1.845302405
N970K,-1.209206099
N970M,-3.113407314
N970P,1.194223302
N970Q,-0.567118737
N970R,0.274777588
N970T,-5.211939994
N970V,-1.113697968
N970W,-1.248328161
N970Y,-0.979495127
E971A,1.699084527
E971C,1.4106935319999998
E971D,1.871648583
E971F,2.134408091
E971G,2.499625695
E971H,2.002589744
E971I,1.903004679
E971K,1.336581697
E971L,1.531868801
E971M,2.12383986
E971P,2.085931499
E971Q,-0.079584605
E971R,2.716180586
E971S,0.55552708
E971T,1.523223166
E971V,1.893213477
E971W,2.351380796
E971Y,1.970282795
F972A,-0.910250604
F972C,-1.460258728
F972D,2.17829925
F972E,1.728371317
F972G,0.6278336870000001
F972H,1.661831346
F972I,-1.012379899
F972K,2.232733898
F972L,-2.541101593
F972M,-0.988003566
F972P,2.022452836
F972Q,1.234229387
F972R,2.160528643
F972S,0.368760301
F972T,-1.27500144
F972V,-2.249283633
F972W,-0.145124814
F972Y,1.980402039
Y973A,-2.179141375
Y973C,-2.8564053080000003
Y973D,0.381902495
Y973E,-1.162616097
Y973F,-1.329909407
Y973G,-0.175147053
Y973H,-0.87142185
Y973K,0.075551094
Y973L,-3.612042541
Y973M,-1.528056309
Y973N,-1.306705808
Y973P,1.650711825
Y973Q,-1.543692548
Y973R,-0.90219143
Y973S,-3.983142902
Y973T,-3.326300777
Y973V,-0.0302894529999999
Y973W,-1.033776174
E974A,-1.249535976
E974C,-0.1888024439999999
E974D,-1.187936916
E974F,-0.835880085
E974G,-0.879152782
E974H,-0.85247759
E974I,-2.737651296
E974K,-2.38958594
E974L,-0.874861441
E974M,-1.5637437669999998
E974N,-1.077847751
E974P,-1.0071426209999998
E974Q,-0.4707918029999999
E974R,-0.846593032
E974S,-1.734653412
E974T,-1.30288026
E974V,-1.62533686
E974W,-0.628326631
E974Y,-1.355378948
Q975A,0.79763137
Q975C,1.174042693
Q975D,1.765841931
Q975E,-0.380240271
Q975F,2.621352876
Q975G,1.641722577
Q975H,-0.271282327
Q975I,0.857571628
Q975K,2.589518463
Q975L,1.7057832119999998
Q975M,-1.13111443
Q975N,1.219220768
Q975P,1.314937616
Q975R,2.136639347
Q975S,2.071773427
Q975T,1.866096751
Q975V,2.141565164
Q975W,2.083579194
Q975Y,2.143822135
G976A,-0.1205047569999999
G976C,0.7339587040000001
G976D,1.942037492
G976E,1.7906959619999998
G976F,1.477242633
G976H,1.182329433
G976I,1.880498732
G976K,1.364688886
G976L,0.889368787
G976M,1.109348493
G976N,1.882218071
G976P,1.846952523
G976Q,1.670497509
G976R,1.707730576
G976S,-0.0605452259999999
G976T,1.925615194
G976V,1.514070884
G976W,1.560739856
G976Y,1.298034903
D977A,-0.937912029
D977C,-1.121473372
D977E,-0.691263243
D977F,-0.6737820529999999
D977G,-1.7577433830000002
D977H,-0.819559464
D977I,-2.158835004
D977K,-1.869620801
D977L,-2.001128784
D977M,-1.606815988
D977N,-1.361004299
D977P,1.162446315
D977Q,-0.331422906
D977R,-3.211913848
D977S,-1.870350772
D977T,-0.994412669
D977V,-1.415990894
D977W,-0.73238178
D977Y,-0.3151820369999999
E978A,-1.538070266
E978C,-1.7200983230000002
E978D,-0.7847288809999999
E978F,-1.751407755
E978G,-0.913874808
E978H,-1.212220488
E978I,-1.640149856
E978K,-1.12891631
E978L,-1.821291034
E978M,-0.726689357
E978N,-0.923999633
E978P,2.036218463
E978Q,-1.181510472
E978R,-1.434389995
E978S,-0.416913947
E978T,-0.079896316
E978V,-0.102323976
E978W,-0.477362124
E978Y,-0.6130922670000001
E979A,-1.00597827
E979C,-1.358247025
E979D,1.82062533
E979F,1.753988268
E979G,1.142438066
E979H,1.396612695
E979I,0.6256211970000001
E979K,1.991154119
E979L,-0.314955563
E979M,-1.994761638
E979N,1.332878461
E979P,2.030786886
E979Q,-0.591125285
E979R,1.81300519
E979S,0.000605285
E979T,-0.85435457
E979V,0.5702521229999999
E979W,1.622191701
E979Y,0.969371664
A980C,-1.251797324
A980D,-1.632525196
A980E,-1.3920438430000002
A980G,-1.051776923
A980H,-2.133306166
A980I,-2.8124285280000003
A980K,-0.8093473809999999
A980L,-1.5080701159999998
A980M,-1.890209152
A980N,-0.5342374129999999
A980P,-0.421127702
A980Q,-0.652810398
A980R,-1.892722192
A980S,-1.543454928
A980T,-1.73798129
A980V,-0.414891417
A980W,-0.234499475
A980Y,-1.91240332
S981A,-2.551454123
S981C,-1.814234335
S981D,-0.57400449
S981E,-1.204863463
S981F,-1.7076376080000002
S981G,-0.966325111
S981H,-1.180355207
S981I,-2.517527254
S981K,-1.5265641019999998
S981L,-1.022647866
S981M,-0.808620901
S981N,-0.276289333
S981P,-1.324911254
S981Q,-0.994365255
S981R,-2.709883717
S981T,-0.854707743
S981V,-2.541501109
S981W,-1.579889666
S981Y,-1.694054327
L982A,-1.442732909
L982C,-1.977168697
L982D,-0.5564871889999999
L982E,-0.767812905
L982G,-0.77281397
L982H,-2.265728369
L982I,-0.71500125
L982K,-1.1069143999999995
L982M,-0.188252515
L982N,-0.7858723120000001
L982P,1.858255319
L982Q,-1.213754476
L982R,-1.220216473
L982S,-2.8748365110000003
L982T,-0.936625298
L982V,-2.304765139
L982W,-1.4977732030000002
L982Y,-2.884625358
G983A,-1.3760888
G983C,-0.269210894
G983D,-1.102634087
G983E,-0.5377543610000001
G983F,-1.134055698
G983H,-1.231672846
G983I,-0.814289666
G983K,-0.550460287
G983L,-0.569566712
G983M,-0.357321638
G983N,-1.125325336
G983P,-0.772927647
G983Q,-1.191668853
G983R,-2.560563889
G983S,-1.567388441
G983T,-1.526398286
G983V,-0.8631536459999999
G983W,-1.283182845
G983Y,-2.42361193
L984C,-1.492468599
L984D,-1.434722284
L984E,-1.6992388369999998
L984F,-1.054942225
L984G,-1.248643007
L984H,-1.093524448
L984I,-2.000016774
L984K,-1.205409311
L984M,-1.291068446
L984N,-1.245860974
L984P,1.1997294859999998
L984Q,-0.270550439
L984R,-1.368604203
L984S,-1.401375557
L984T,-1.567247265
L984V,-1.888647409
L984W,-2.477499025
L984Y,-2.216309383
P985A,-0.4412565879999999
P985C,-2.507164016
P985D,-0.594877588
P985E,-1.691627548
P985F,-1.331111365
P985G,-1.383584842
P985H,-1.675828666
P985I,-1.174217185
P985K,-0.22674113
P985L,-0.5605929789999999
P985M,-2.219805949
P985N,-1.06336714
P985Q,-0.913647261
P985R,-1.768710136
P985S,-1.2359972609999998
P985T,-2.469892426
P985V,-1.159255111
P985W,-0.662817066
P985Y,-1.927596549
I986A,-0.838144893
I986C,-0.332589338
I986D,1.145040856
I986E,0.067018034
I986F,-0.523845505
I986G,-0.631069258
I986H,-0.515693769
I986K,-1.583589453
I986L,-0.710697923
I986M,-0.140380223
I986N,-0.797700304
I986P,-1.290033273
I986Q,-1.850116042
I986R,-0.986774582
I986S,-0.480368416
I986T,-0.728681974
I986V,-1.51162219
I986W,-0.669094655
I986Y,-1.560989449
S987A,-0.7103375209999999
S987C,-0.003113204
S987D,-0.7813978090000001
S987E,-1.428474935
S987F,2.119276502
S987G,-1.906340935
S987H,-0.6959950420000001
S987I,1.325513688
S987K,1.399793819
S987L,2.042042651
S987M,-0.432240826
S987N,0.5774425320000001
S987P,0.486451696
S987Q,-0.170021781
S987R,1.7347327469999998
S987T,-1.088139545
S987V,0.894013761
S987W,1.449651394
S987Y,1.4804968530000002
P988A,-1.032970589
P988C,-1.808903826
P988D,0.901253801
P988E,1.908326634
P988F,-0.8474208000000001
P988G,-0.659069217
P988H,-0.969225242
P988I,0.218482601
P988K,0.8452220159999999
P988L,1.365523587
P988M,0.028895952
P988N,-1.310543604
P988Q,1.7299357569999998
P988R,1.537798617
P988S,-1.907365013
P988T,-0.276087649
P988V,-0.5783965179999999
P988W,-0.859034548
P988Y,-2.533700617
F989A,-0.271461364
F989C,-1.017077584
F989D,2.009651437
F989E,2.591410233
F989G,0.900769041
F989H,-2.018439016
F989I,1.012564707
F989K,1.934700999
F989L,-0.70192582
F989M,-1.428898439
F989N,1.433203541
F989P,1.853041896
F989Q,1.873365787
F989R,2.375105141
F989S,0.1207374369999999
F989T,-0.5879375929999999
F989V,0.259797757
F989W,-0.3485277989999999
F989Y,-1.285674138
M990A,-0.958930474
M990C,0.501301595
M990D,1.899165939
M990E,1.832774809
M990F,-0.793177483
M990G,-1.24808973
M990H,-0.406174647
M990I,0.367030662
M990K,1.938052942
M990L,0.330661721
M990N,1.487952806
M990P,1.931564409
M990Q,0.965454356
M990R,1.989184152
M990S,-0.4072518229999999
M990T,0.800008336
M990V,1.948193931
M990W,2.0367098930000003
M990Y,1.649975365
D991A,-1.90055627
D991C,-1.712094443
D991E,-1.164716948
D991F,-0.947082681
D991G,-2.135175585
D991H,-0.389128598
D991I,-0.7776251059999999
D991K,-0.547049491
D991L,-1.27866785
D991M,-1.130673695
D991N,-1.842469041
D991P,2.362339279
D991Q,-0.496727391
D991R,-0.592637031
D991S,-2.304094331
D991T,-1.422248943
D991V,-0.520260204
D991W,-0.3866854729999999
D991Y,-0.624250951
R992A,-2.087370665
R992C,-1.783875526
R992D,-0.577165481
R992E,-0.251167135
R992F,-0.7867400609999999
R992G,-0.393241006
R992H,-1.314920217
R992I,-0.973615221
R992K,-1.281815518
R992L,-1.21015556
R992M,-0.021880645
R992N,-1.235707957
R992Q,-0.778439304
R992S,-1.768905906
R992T,-0.8795466009999999
R992V,-0.569014724
R992W,-1.336287592
R992Y,-3.954731462
S993A,-1.4535067430000002
S993C,-2.60952976
S993D,-0.5059496410000001
S993E,-1.299606538
S993F,-1.012860316
S993G,-2.961211731
S993H,-3.172629859
S993I,-1.539104306
S993K,-2.161523782
S993L,-3.261284554
S993M,-1.489467775
S993N,-1.004769468
S993P,-0.715133655
S993Q,-2.204493932
S993R,-1.950619039
S993T,-1.512849932
S993V,-1.897242735
S993W,-0.988543709
S993Y,0.064863399
A994C,-2.06537022
A994D,-1.872470344
A994E,-1.5439670559999998
A994F,-0.8947330790000001
A994G,-1.147356261
A994H,-2.195994912
A994I,-1.814826274
A994K,-1.219395901
A994L,-0.127962573
A994M,-1.029550922
A994N,-0.816693546
A994P,-0.201861906
A994Q,-1.208796718
A994R,-1.071380915
A994S,-1.317357543
A994T,-1.201177559
A994V,-1.101830717
A994W,-1.4752104869999998
A994Y,-1.619722307
P995A,-1.5354938969999998
P995C,-0.378548026
P995D,-1.6407338619999998
P995E,-2.70639824
P995F,-0.8450871390000001
P995G,-1.368875839
P995H,-0.123093413
P995I,-0.858630122
P995K,-1.700542293
P995L,-0.629004729
P995M,-0.941327846
P995N,-0.987445229
P995Q,-2.198980981
P995R,-1.637789301
P995S,-0.895385975
P995T,-0.470309557
P995V,-2.482516575
P995W,-1.557562896
P995Y,-1.063943178
Q996A,-2.547004094
Q996C,-1.169913269
Q996D,-1.578277685
Q996E,-0.687339844
Q996F,-1.7500105680000002
Q996G,-1.045083388
Q996H,-0.7341431209999999
Q996I,-0.86249789
Q996K,-0.448927351
Q996L,-0.520216297
Q996M,-1.463574882
Q996N,-1.131883264
Q996P,-0.425581675
Q996R,-0.906269307
Q996S,-1.005537528
Q996T,-2.333995099
Q996V,-1.034276959
Q996W,-0.771717777
Q996Y,-1.075778021
L997A,-1.233485468
L997C,-0.614889465
L997D,0.038072483
L997E,-1.0204063490000002
L997F,-1.714082958
L997G,0.2058479319999999
L997H,0.013908111
L997I,-2.453238492
L997K,-1.779369253
L997M,-0.406461797
L997N,-1.035497874
L997P,-2.070690985
L997Q,-1.664942646
L997R,-2.40072159
L997S,-1.829712736
L997T,-1.004412986
L997V,-1.894038067
L997W,-0.297549457
L997Y,-0.902781967
A998C,-0.92114312
A998D,-1.536054293
A998E,-0.5672062489999999
A998F,-0.388728354
A998G,0.3242088469999999
A998H,-2.037471056
A998I,-0.4316172139999999
A998L,-0.231634973
A998M,-0.446697179
A998N,-0.423417011
A998P,-0.9906401
A998Q,-0.398303956
A998R,0.018902453
A998S,-1.011810413
A998T,-1.125995158
A998V,-0.006969948
A998W,-0.325222662
A998Y,-2.029996266
N999A,-1.44361515
N999C,-2.334507122
N999D,-0.354983751
N999E,-1.863110192
N999F,-1.39294859
N999G,-1.057502639
N999H,-3.0892597580000003
N999I,-0.858755582
N999K,-0.58123083
N999L,-0.142806362
N999M,-0.813432478
N999P,-1.608000425
N999Q,-2.09825018
N999R,-0.249432373
N999S,-2.013736255
N999T,-2.395670952
N999V,-0.7747147
N999W,-1.4208182459999998
N999Y,-0.70692246
L1000A,1.109134835
L1000C,-0.115941611
L1000D,1.50159503
L1000E,2.2400743
L1000F,-1.502199031
L1000G,1.822004377
L1000H,0.62483185
L1000I,-3.039493556
L1000K,0.769437223
L1000M,-1.096793101
L1000N,0.044488133
L1000P,1.971407486
L1000Q,0.334847764
L1000R,1.6259963430000002
L1000S,1.683088775
L1000T,0.9516527
L1000V,-0.963594592
L1000W,-0.8641850109999999
L1000Y,1.3945672690000002
Q1001A,0.65771057
Q1001C,1.13184872
Q1001D,1.747163592
Q1001E,-0.81986278
Q1001F,0.893931716
Q1001G,1.477382925
Q1001H,0.0121243269999999
Q1001I,0.995360552
Q1001K,0.911610934
Q1001L,1.534268606
Q1001M,0.518406099
Q1001N,1.017221758
Q1001P,2.38087309
Q1001R,2.098495008
Q1001S,0.923356764
Q1001T,1.973173627
Q1001V,1.478550152
Q1001W,1.261268011
Q1001Y,1.763706293
E1002A,-1.3447307569999998
E1002C,-1.586949265
E1002D,-0.984287206
E1002F,0.101896454
E1002G,-0.820521493
E1002H,-0.803388104
E1002I,-0.588294057
E1002K,-1.137705125
E1002L,-0.406489978
E1002M,-1.402554677
E1002N,-2.700918563
E1002P,2.139692939
E1002Q,-1.465101604
E1002R,-0.1326545469999999
E1002S,-0.453742531
E1002T,-0.1745066519999999
E1002V,-0.648831417
E1002W,-0.331384843
E1002Y,-0.74332383
S1003A,-1.7212817809999998
S1003C,-1.341862272
S1003D,-1.186466187
S1003E,-2.520847425
S1003F,-0.707310769
S1003G,-2.264234025
S1003H,-0.4058609529999999
S1003I,-0.836550008
S1003K,-1.286683563
S1003L,-0.403660491
S1003M,-0.5323075039999999
S1003N,-0.769677993
S1003P,-2.228184246
S1003Q,-1.817063114
S1003R,-0.572267823
S1003T,-2.224353645
S1003V,-0.352303111
S1003W,2.036559967
S1003Y,-0.18122143
F1004A,1.933716063
F1004C,0.700008583
F1004D,1.712340538
F1004E,2.322475943
F1004G,2.448458484
F1004H,1.917387145
F1004I,0.420357941
F1004K,1.4557059140000002
F1004L,-1.492860724
F1004M,1.287886368
F1004N,1.969510612
F1004P,1.953839329
F1004Q,1.762996837
F1004R,2.145913818
F1004S,1.928091292
F1004T,0.90988803
F1004V,-0.708155512
F1004W,1.294799377
F1004Y,1.153801748
I1005A,-0.25423065
I1005C,-0.26850222
I1005D,2.038426465
I1005E,1.930076491
I1005F,-0.7760118770000001
I1005G,1.47240597
I1005H,0.610835915
I1005K,1.428445529
I1005L,-1.40278969
I1005M,-0.702989662
I1005N,-0.2736364169999999
I1005P,2.177767046
I1005Q,0.327633957
I1005R,2.042741954
I1005S,0.147446635
I1005T,-0.189927714
I1005V,-0.926077419
I1005W,2.082293684
I1005Y,-0.003527154
S1006A,-1.258238227
S1006C,-2.164384121
S1006D,-2.082768275
S1006E,-1.240754641
S1006F,-1.21053039
S1006G,-2.469306371
S1006H,-2.552657119
S1006I,-1.324878573
S1006K,-0.5624453629999999
S1006L,-1.696520272
S1006M,-1.7632523830000002
S1006N,-1.299642225
S1006P,1.447506062
S1006Q,-0.7967861190000001
S1006R,-0.607242011
S1006T,-2.300387768
S1006V,-0.037764488
S1006W,0.500608944
S1006Y,0.171716809
H1007A,-0.134745432
H1007C,0.302739878
H1007D,0.1928206089999999
H1007E,-0.056791243
H1007F,-0.4680479829999999
H1007G,-0.481977666
H1007I,-1.299639955
H1007K,0.127741025
H1007L,-1.567417787
H1007M,-0.947099308
H1007N,-2.701618351
H1007P,1.7029292
H1007Q,-0.983845002
H1007R,-0.961413138
H1007S,-1.957504497
H1007T,-0.093323224
H1007V,-0.485232035
H1007W,-0.655791891
H1007Y,-1.02547171
I1008A,0.7512082179999999
I1008C,-0.8822135870000001
I1008D,1.697179584
I1008E,2.168050924
I1008F,-1.506614123
I1008G,2.156377622
I1008H,2.585870908
I1008K,1.925898774
I1008L,-1.437633468
I1008M,-0.7182338509999999
I1008N,2.155771977
I1008P,1.686741534
I1008Q,1.974980479
I1008R,2.150255447
I1008S,2.0127857280000003
I1008T,1.867688742
I1008V,-0.582535256
I1008W,2.004405837
I1008Y,1.915297881
V1009A,-1.442573707
V1009C,-0.937803455
V1009D,1.405259183
V1009E,-0.009375565
V1009F,-2.377924607
V1009G,-0.7391493809999999
V1009H,-0.549287431
V1009I,-0.660312682
V1009K,1.266641431
V1009L,-1.15618779
V1009M,-0.042487055
V1009N,0.372768161
V1009P,1.37476142
V1009Q,-1.241148096
V1009R,2.056296445
V1009S,-0.2214159389999999
V1009T,-0.79390641
V1009W,-0.199121617
V1009Y,-0.167752722
G1010A,-0.5094117220000001
G1010C,-2.594811217
G1010E,-1.718694945
G1010F,-1.482629041
G1010H,-1.188579607
G1010I,-0.3927660189999999
G1010K,-1.194752212
G1010L,-1.1086208359999998
G1010M,-2.347775409
G1010N,-0.5676937879999999
G1010P,2.3378144990000003
G1010Q,-0.879579067
G1010R,-1.282538098
G1010S,-0.824362438
G1010T,-0.668077734
G1010V,-1.3438301519999998
G1010W,-0.508310892
G1010Y,-2.328705658
P1011A,-1.087045387
P1011C,-0.8929447
P1011D,0.004142814
P1011E,-0.837711387
P1011F,-0.512329248
P1011G,-1.219708376
P1011H,-0.932003194
P1011I,0.249337019
P1011K,-0.8636467729999999
P1011L,-0.892346695
P1011M,0.1006697169999999
P1011N,-1.356342512
P1011Q,-0.745071468
P1011R,0.076127047
P1011S,-1.020343155
P1011T,-0.250375852
P1011V,-0.585797271
P1011W,-0.0798264009999999
P1011Y,-0.073227523
L1012A,-1.410216968
L1012C,-1.447876069
L1012D,1.066438082
L1012E,1.604086371
L1012F,-1.710290731
L1012G,-0.15192105
L1012H,0.014983498
L1012I,-0.938223987
L1012K,2.003520893
L1012M,-0.427983024
L1012N,1.129194998
L1012P,0.953889714
L1012Q,-1.287101291
L1012R,2.028242967
L1012S,-0.867738639
L1012T,-0.794701034
L1012V,-0.6168757260000001
L1012W,0.901783239
L1012Y,0.189890085
C1013A,-0.577221459
C1013D,1.018187193
C1013E,-0.7482022070000001
C1013F,-1.878427475
C1013G,-0.581920525
C1013H,-1.674798384
C1013I,-0.611239409
C1013K,-0.687320422
C1013M,-1.935121592
C1013N,-0.632359584
C1013P,1.98150485
C1013Q,0.07885226
C1013R,-1.118351253
C1013S,-0.480455531
C1013T,-1.6632156480000002
C1013V,-0.6131363120000001
C1013W,-1.390227545
C1013Y,-3.436425095
N1014A,-2.465868849
N1014C,-0.440945262
N1014D,-0.083226894
N1014E,0.224339079
N1014F,-1.470038643
N1014G,-1.571773488
N1014H,-1.013313969
N1014I,-1.194666793
N1014K,-0.932531812
N1014L,-2.250880117
N1014M,-0.499150215
N1014Q,-1.321154308
N1014R,-0.902650638
N1014S,-1.468992876
N1014T,-0.253709016
N1014V,-0.258825641
N1014W,-0.131201017
N1014Y,-0.0363571679999999
S1015A,-1.882649628
S1015C,-0.727668027
S1015D,-1.3500528859999998
S1015E,-1.194281337
S1015F,-1.402010546
S1015G,-1.563983863
S1015H,-1.804040163
S1015I,-0.624203395
S1015K,-1.4437704530000002
S1015L,-1.338072977
S1015M,-1.786510656
S1015N,-0.92091854
S1015P,-0.99857505
S1015Q,-1.156881222
S1015R,-0.237210603
S1015T,-0.815825294
S1015V,-0.998368393
S1015W,-0.964629139
S1015Y,-0.818177278
Y1016A,-1.290070552
Y1016C,-0.948507914
Y1016D,2.003600797
Y1016E,1.834495848
Y1016F,-1.658187637
Y1016G,1.611860338
Y1016H,-1.661787795
Y1016I,-1.322730525
Y1016K,1.810015041
Y1016L,0.022368205
Y1016M,-1.3270560059999998
Y1016N,1.7668931630000002
Y1016P,2.112108678
Y1016Q,0.167559639
Y1016R,1.473254731
Y1016S,1.34635826
Y1016T,0.202553232
Y1016V,-0.681118144
Y1016W,-1.0729133240000002
D1017A,-3.233991209
D1017C,-1.874223978
D1017E,0.102761697
D1017F,-2.987110594
D1017G,-0.501470046
D1017H,-0.445637375
D1017I,-1.433058528
D1017K,-1.331746151
D1017L,-0.970471393
D1017M,-2.303144159
D1017N,-1.530729796
D1017P,2.151866268
D1017Q,-2.230263324
D1017R,-1.366868031
D1017S,-1.898432518
D1017T,-0.459473906
D1017V,-2.11692686
D1017W,-0.85980705
D1017Y,-2.470321901
S1018A,-1.234283548
S1018C,-1.963325485
S1018D,-1.15451089
S1018E,-2.097597035
S1018F,-1.514296875
S1018G,-0.955713892
S1018H,-1.851485003
S1018I,-1.31431595
S1018K,-1.378439881
S1018L,-0.316645859
S1018M,-0.70026547
S1018N,-1.758387814
S1018P,1.08658792
S1018Q,-0.1950911689999999
S1018R,-1.442929704
S1018T,-2.355345989
S1018V,-1.686573462
S1018W,-1.677785706
S1018Y,-0.781636628
A1019C,-1.412524672
A1019D,0.8713190470000001
A1019E,-0.492416786
A1019F,-0.778833852
A1019G,-0.3309393969999999
A1019H,-0.436560103
A1019I,-0.96366046
A1019K,-1.0568752259999998
A1019L,-2.685217583
A1019M,-2.189125055
A1019N,-0.540387899
A1019P,0.943192878
A1019Q,-1.33565888
A1019R,-0.6315371470000001
A1019S,-1.584416003
A1019T,-0.7939684659999999
A1019V,-0.8225358690000001
A1019W,-1.254535869
A1019Y,-0.655291841
G1020A,-0.412924155
G1020C,-0.626266261
G1020D,-1.81253683
G1020E,-1.048678391
G1020F,-0.635042115
G1020H,-0.812542546
G1020I,-0.6747536679999999
G1020K,-0.897826325
G1020L,-1.991350245
G1020M,-0.509674896
G1020N,-0.528620437
G1020P,1.560212943
G1020Q,-0.526579217
G1020R,-1.175558471
G1020S,-0.153516381
G1020T,-1.4184355780000002
G1020V,-0.280292569
G1020W,-0.7186635840000001
G1020Y,-0.638769671
L1021A,0.544950335
L1021C,-1.275979325
L1021D,1.342028143
L1021E,1.789372895
L1021F,-1.656920255
L1021G,1.388359142
L1021H,0.933395511
L1021I,-0.704602466
L1021K,1.417639502
L1021M,-0.983238431
L1021N,1.649278527
L1021P,1.86730173
L1021Q,1.489114852
L1021R,1.837799957
L1021S,1.651655326
L1021T,0.489417577
L1021V,-0.486872821
L1021W,0.358639741
L1021Y,-1.6265371569999998
M1022A,-0.101289868
M1022C,-0.604879614
M1022D,1.77181717
M1022E,1.608580021
M1022F,-0.950095582
M1022G,1.54913463
M1022H,-0.261373612
M1022I,-0.044919115
M1022K,1.300549715
M1022L,-1.296808215
M1022N,-0.3801717779999999
M1022P,1.446798227
M1022Q,-0.8811203590000001
M1022R,2.219303841
M1022S,-1.079552093
M1022T,-0.238284066
M1022V,-0.715048763
M1022W,-2.061334079
M1022Y,-0.493292332
P1023A,-1.089943411
P1023C,-1.958072731
P1023D,1.906349977
P1023E,1.69985942
P1023F,-0.076756091
P1023G,2.071416086
P1023H,2.247049773
P1023I,-1.313172379
P1023K,1.679052114
P1023L,0.234008816
P1023M,1.2881940040000002
P1023N,0.145737634
P1023Q,0.99700432
P1023R,2.191035616
P1023S,0.2711743219999999
P1023T,-0.623164046
P1023V,-0.6578654829999999
P1023W,1.937346813
P1023Y,1.834115144
G1024A,-1.149653939
G1024C,-1.370192865
G1024D,0.1336227569999999
G1024E,-0.327256596
G1024F,0.292798621
G1024H,-0.563783962
G1024I,-0.449183139
G1024K,1.359713999
G1024L,0.0491496379999999
G1024M,-0.417590164
G1024N,-1.116538377
G1024P,1.348922301
G1024Q,-0.983071655
G1024R,0.005372013
G1024S,-1.284797799
G1024T,-1.1951116940000002
G1024V,-0.884528385
G1024W,-1.100891772
G1024Y,-1.459612093
K1025A,-1.0164568040000002
K1025C,-1.056851038
K1025D,-0.5283972570000001
K1025E,-0.6972203770000001
K1025F,-1.166070397
K1025G,-1.195310833
K1025H,-0.451606721
K1025I,-1.320396471
K1025L,0.0887291009999999
K1025M,-1.956703089
K1025N,-2.069948366
K1025P,-0.817154281
K1025Q,-1.509865922
K1025R,-0.7063473370000001
K1025S,-2.89514846
K1025T,-2.900007469
K1025V,-0.887791435
K1025W,-0.973296039
K1025Y,-1.7119554280000002
W1026A,-0.875618109
W1026C,-0.36393068
W1026D,-0.820562187
W1026E,-0.886123287
W1026F,-0.718422738
W1026G,-0.865325178
W1026H,-0.546957685
W1026I,-1.106024682
W1026K,-0.988447954
W1026L,-0.539764017
W1026M,-1.079803072
W1026N,-0.062464092
W1026P,-1.08168888
W1026Q,-0.2240532589999999
W1026R,-1.4316862330000002
W1026S,-1.049327374
W1026T,-1.32433186
W1026V,-2.256547435
W1026Y,-2.272200256
V1027A,-1.133005426
V1027C,-1.448428223
V1027D,-1.03623715
V1027E,-0.405358807
V1027F,-0.432915454
V1027G,-1.48093557
V1027H,-0.6995648259999999
V1027I,-1.010190643
V1027K,-1.854997096
V1027L,-1.118477259
V1027M,0.0181620319999999
V1027N,-0.8349821270000001
V1027P,-1.618918419
V1027Q,-0.68964703
V1027R,-1.138507776
V1027S,-1.837337708
V1027T,0.120209839
V1027W,-2.205711832
V1027Y,-1.90014142
E1028A,-1.190675225
E1028C,-1.83381793
E1028D,-0.825513759
E1028F,-0.5290649510000001
E1028G,-3.723659728
E1028H,-1.318427414
E1028I,-2.013749102
E1028K,-1.636424487
E1028L,-1.55670062
E1028M,-0.159187487
E1028N,-1.152928731
E1028P,-3.746467083
E1028Q,-1.030913198
E1028R,-0.241569353
E1028S,-2.194195177
E1028T,-1.941010846
E1028V,-0.902589869
E1028W,-2.494716525
E1028Y,-0.892370708
D1029A,-0.2706034439999999
D1029C,-2.903256827
D1029E,-0.4998345329999999
D1029F,-2.298825385
D1029G,-0.7167342659999999
D1029H,-0.8196943740000001
D1029I,-0.286937517
D1029K,-1.016010317
D1029L,-0.7939078359999999
D1029M,-1.710833855
D1029N,-0.5335955520000001
D1029P,-1.215669729
D1029Q,-1.142648086
D1029R,-2.3927207740000003
D1029S,-1.106778633
D1029T,-0.637696689
D1029V,-0.951810694
D1029W,-0.163436465
D1029Y,-0.924809773
S1030A,-1.2006031190000002
S1030C,-0.3308720739999999
S1030D,-1.115922008
S1030E,-1.718247599
S1030F,-1.887210075
S1030G,-0.919728559
S1030H,-1.5460515190000002
S1030I,-1.144398906
S1030K,-1.839908678
S1030L,-1.58846718
S1030M,-1.479909601
S1030N,-1.729610709
S1030P,-2.066739177
S1030Q,-0.126223381
S1030R,-1.398844044
S1030T,-0.545067769
S1030V,-1.879581021
S1030W,-2.521447286
S1030Y,0.129356918
D1031A,-1.551801744
D1031C,-0.648383403
D1031E,-0.69345196
D1031F,-1.670146715
D1031G,-1.993729257
D1031H,-1.3829586
D1031I,-1.207440667
D1031K,-0.152961463
D1031L,-2.0075899880000003
D1031M,-1.383853028
D1031N,-1.1863079909999998
D1031P,-1.4655553140000002
D1031Q,-1.183285807
D1031R,-0.768397532
D1031S,-2.010551168
D1031T,-0.874388403
D1031V,-0.25534108
D1031W,-1.086161319
D1031Y,-1.378532298
E1032A,-0.256559283
E1032C,-2.475159318
E1032D,-0.011954846
E1032F,-0.991792625
E1032G,-2.253247892
E1032H,-0.757919291
E1032I,-1.7392962319999998
E1032K,-2.14317295
E1032L,-1.020951137
E1032M,-1.811594317
E1032N,-0.9950605
E1032P,-2.457177874
E1032Q,-1.216273936
E1032R,-0.536953547
E1032S,-0.672808242
E1032T,-1.500632299
E1032V,-0.67002623
E1032W,-0.804810818
E1032Y,-1.903478547
S1033A,-2.761845437
S1033C,-1.064775574
S1033D,-1.233595572
S1033E,-1.311787751
S1033F,-2.203193204
S1033G,-0.616969763
S1033H,-1.4005404890000002
S1033I,-2.635180721
S1033K,-1.488244252
S1033L,-1.11868007
S1033M,-1.274669768
S1033N,-2.005722153
S1033P,-3.528413731
S1033Q,-1.199895851
S1033R,-1.931546567
S1033T,-2.100947449
S1033V,-1.558327631
S1033W,-0.782055209
S1033Y,-1.525480554
G1034A,-1.068332799
G1034C,-1.14557344
G1034D,-1.754425463
G1034E,-1.215763104
G1034F,-0.481208585
G1034H,-1.472187094
G1034I,-1.256836634
G1034K,-1.3921819969999998
G1034L,-0.587963025
G1034M,-0.904953198
G1034N,-1.497735351
G1034P,-1.084443012
G1034Q,-0.741295994
G1034R,-0.878427517
G1034S,-1.379076151
G1034T,-1.415998153
G1034V,-0.564971538
G1034W,-1.800324614
G1034Y,-0.897570885
D1035A,-1.231998451
D1035C,-1.491898939
D1035E,-1.000309833
D1035F,-0.332061517
D1035G,-1.119778467
D1035H,-0.810670243
D1035I,-2.241976397
D1035K,-1.010206852
D1035L,-2.867724829
D1035M,-1.267398295
D1035N,-1.269791
D1035P,-1.038702292
D1035Q,-1.43868453
D1035R,-2.100446803
D1035S,-1.618094118
D1035T,-1.399310627
D1035V,-3.458283234
D1035W,-2.41783543
D1035Y,-0.928968653
T1036A,-1.935727666
T1036C,-1.282393911
T1036D,-2.386777787
T1036E,-1.7960982230000002
T1036F,-1.609615706
T1036G,-1.3739540959999998
T1036H,-0.298545809
T1036I,-0.8117948709999999
T1036K,-1.150322002
T1036L,-1.450662767
T1036M,-2.035931054
T1036N,-1.314026068
T1036P,-0.989375039
T1036Q,-2.265713414
T1036R,-0.927088071
T1036S,-2.152599059
T1036V,-2.110986593
T1036W,-0.264110774
T1036Y,-0.6902315520000001
D1037A,-2.181325825
D1037C,-1.086229961
D1037E,-0.296213635
D1037F,-0.99607469
D1037G,-1.365952083
D1037H,-2.043261847
D1037I,-1.025983718
D1037K,-1.766033104
D1037L,-1.12375494
D1037M,-0.854532092
D1037N,-1.102206704
D1037Q,-1.090893066
D1037R,-2.26485352
D1037S,-0.56151422
D1037T,-1.14825296
D1037V,-1.527196451
D1037W,-1.152381556
D1037Y,0.061350382
D1038A,-2.921326572
D1038C,-1.479028404
D1038E,-0.017666229
D1038F,-1.20610469
D1038G,-0.61118734
D1038H,-1.2007307390000002
D1038I,-1.755164551
D1038K,-1.097222271
D1038L,-1.157395733
D1038M,-0.078277239
D1038N,-0.983686859
D1038P,-1.760182089
D1038Q,-1.253115794
D1038R,-2.657552527
D1038S,-1.497435149
D1038T,-0.622267977
D1038V,-0.5028413970000001
D1038W,-0.891346587
D1038Y,-0.595328939
P1039A,-2.274270776
P1039C,-1.220405324
P1039D,-0.776191513
P1039E,-1.6905089009999998
P1039F,-0.282599238
P1039G,-1.609468944
P1039H,-0.193706666
P1039I,-1.916840319
P1039K,-0.8865438370000001
P1039L,0.18483809
P1039M,-1.422139261
P1039N,-1.426366579
P1039Q,-2.056343656
P1039R,0.025919364
P1039S,-0.700932331
P1039T,-1.682872825
P1039V,-1.7697931130000002
P1039W,-1.576874312
P1039Y,-1.105331986
E1040A,-2.020538713
E1040C,-1.5692047669999998
E1040D,-1.945092919
E1040F,-0.361431957
E1040G,-3.4544218410000003
E1040H,-1.26272699
E1040I,-0.584596685
E1040K,-0.5472737529999999
E1040L,-0.628131477
E1040M,-1.310306923
E1040N,-1.305098853
E1040P,-0.651976439
E1040Q,-2.925611965
E1040R,-1.980773582
E1040S,-0.600432725
E1040T,-1.041186303
E1040V,-1.809296135
E1040W,-0.765726392
E1040Y,-0.996230926
E1041A,-1.372088135
E1041C,-0.816927878
E1041D,0.4988217729999999
E1041F,-1.4824033980000002
E1041G,-1.839867407
E1041H,-1.4937054090000002
E1041I,-1.837527312
E1041K,-1.288732195
E1041L,-1.556434875
E1041M,-2.626659872
E1041N,-1.329417357
E1041P,-1.06750282
E1041Q,-1.237113601
E1041R,-0.883092412
E1041S,-0.170749238
E1041T,-1.205308358
E1041V,-1.434542491
E1041W,-1.1156128159999998
E1041Y,-4.377238935
E1042A,-0.60710678
E1042C,-1.024980675
E1042D,-0.253747095
E1042F,-0.7247083240000001
E1042G,-1.15946715
E1042H,-0.820300805
E1042I,-1.071624778
E1042K,-1.725729048
E1042L,-0.5106942210000001
E1042M,-0.576468275
E1042N,-2.058493392
E1042P,-0.924622344
E1042Q,-2.36331472
E1042R,-0.58377647
E1042S,0.341115946
E1042T,-1.45702131
E1042V,-0.834300762
E1042W,-2.0363112880000003
E1042Y,-1.435595323
E1043A,0.011166136
E1043C,-0.7635363490000001
E1043D,-0.07645479
E1043F,-1.200976559
E1043G,-0.349311291
E1043H,-1.267590667
E1043I,-1.719358252
E1043K,-0.351906432
E1043L,-1.57374363
E1043M,-1.560754995
E1043N,-0.8783729020000001
E1043P,-0.889181925
E1043Q,-0.973969977
E1043R,-0.920286352
E1043S,-1.877951419
E1043T,-1.054598921
E1043V,-0.860722833
E1043W,-0.93659672
E1043Y,-0.735385918
E1044A,-1.554571018
E1044C,-0.576824835
E1044D,-0.949102387
E1044F,-0.950139935
E1044G,-2.642117177
E1044H,-0.669995165
E1044I,-0.8943053459999999
E1044K,-1.316021364
E1044L,-0.8290035440000001
E1044M,-0.527755412
E1044N,-1.179567435
E1044P,-2.719562467
E1044Q,-1.14132348
E1044R,-1.247639134
E1044S,-1.678984214
E1044T,-1.38122969
E1044V,-1.26628832
E1044W,-0.1158386999999999
E1044Y,-1.3830191019999998
E1045A,-1.295247618
E1045C,-2.237018513
E1045D,-0.665869631
E1045F,-1.383467485
E1045G,-1.939458166
E1045H,-1.545855037
E1045I,-1.178970279
E1045K,-2.219124226
E1045L,-1.323855628
E1045M,-1.302597123
E1045N,-0.602529312
E1045P,-0.931094282
E1045Q,-1.380856995
E1045R,-0.92103264
E1045S,-0.919039389
E1045T,-1.88257742
E1045V,-1.55763325
E1045W,-0.346614273
E1045Y,-1.240430488
A1046C,-1.026647145
A1046D,-0.937144199
A1046E,-1.007795784
A1046F,-0.939243963
A1046G,-1.651688635
A1046H,-2.368592409
A1046I,-1.4395802480000002
A1046K,-1.28516096
A1046L,-0.998666007
A1046M,-1.376289104
A1046N,-1.073939812
A1046P,-1.727830357
A1046Q,-1.348616473
A1046R,-1.368224209
A1046S,-2.143437855
A1046T,-1.478245092
A1046V,-0.248466839
A1046W,-0.485952506
A1046Y,-2.568565961
P1047A,-1.808367857
P1047C,-0.312757658
P1047D,-2.558970512
P1047E,-1.165410791
P1047F,-1.829576823
P1047G,-1.219160123
P1047H,-0.846742733
P1047I,-1.65611796
P1047K,-1.934540485
P1047L,-1.378689726
P1047M,-0.450973637
P1047N,-0.5996931910000001
P1047Q,-0.544673176
P1047R,-1.252174239
P1047S,-2.092695416
P1047T,-1.455956637
P1047V,0.277375448
P1047W,-0.096676176
P1047Y,-3.23208256
A1048C,-1.101162374
A1048D,-1.229070696
A1048E,-0.564414626
A1048F,-1.456902954
A1048G,-1.409293856
A1048H,-0.991032771
A1048I,-1.572347348
A1048K,-1.296508768
A1048L,-0.320632897
A1048M,-2.737441347
A1048N,-1.083442315
A1048P,-0.38481783
A1048Q,-1.852699621
A1048R,-0.8138144709999999
A1048S,-0.989074599
A1048T,-0.639302453
A1048V,-0.987161378
A1048W,-2.677766301
A1048Y,-2.322677075
P1049A,-2.436144056
P1049C,-1.175414625
P1049D,-0.725736231
P1049E,-0.944909913
P1049F,-0.289015693
P1049G,-0.4881629839999999
P1049H,-0.881842615
P1049I,-1.843725494
P1049K,-0.8924820040000001
P1049L,-2.593085201
P1049M,-1.850267011
P1049N,-1.390836079
P1049Q,-0.281711493
P1049R,-0.601095132
P1049S,-1.7464609969999998
P1049T,-1.449856966
P1049V,-1.448826665
P1049W,-2.218398651
P1049Y,-0.724162803
N1050A,-2.836058537
N1050C,-1.3905188240000002
N1050D,-1.5941042769999998
N1050E,-1.691338024
N1050F,-3.396293488
N1050G,-0.581972982
N1050H,-1.708290018
N1050I,-1.536099566
N1050K,-1.419785717
N1050L,0.776669994
N1050M,-2.294525819
N1050P,-2.257357472
N1050Q,-1.782447364
N1050R,-2.274418396
N1050S,-1.752222378
N1050T,-0.2325036939999999
N1050V,-1.697501102
N1050W,-1.815985415
N1050Y,-1.665042663
E1051A,-0.617965698
E1051C,-0.678490622
E1051D,-1.145717157
E1051F,-0.560206989
E1051G,-1.47726485
E1051H,-1.495660812
E1051I,-1.6952381
E1051K,-1.979593261
E1051L,-1.227568353
E1051M,-0.5748980539999999
E1051N,-2.431754181
E1051P,0.15847384
E1051Q,-1.306178706
E1051R,-0.315257508
E1051S,-1.518991289
E1051T,-2.193904294
E1051V,-1.155852075
E1051W,-0.2293176039999999
E1051Y,-1.691022442
E1052A,-1.528124321
E1052C,-0.59100584
E1052D,-0.329087298
E1052F,-0.6899461729999999
E1052G,-2.097428404
E1052H,-1.128908563
E1052I,-1.704409417
E1052K,-0.74346305
E1052L,-0.755727325
E1052M,-1.5365393040000002
E1052N,-0.8686724990000001
E1052P,-1.366569671
E1052Q,-1.335363997
E1052R,-1.457662119
E1052S,-0.8060135270000001
E1052T,-1.6004776509999998
E1052V,-0.893413628
E1052W,-1.137817793
E1052Y,-1.676160705
E1053A,-1.699568891
E1053C,-1.037231626
E1053D,-0.716481692
E1053F,-1.131061592
E1053G,-0.987265945
E1053H,-1.965831606
E1053I,-0.206922907
E1053K,-0.369555432
E1053L,-1.870689996
E1053M,-0.685461841
E1053N,-1.626757038
E1053P,-1.590234802
E1053Q,-1.097255379
E1053R,-0.160220096
E1053S,-0.52905305
E1053T,-1.815639132
E1053V,-2.474436827
E1053W,-0.430910146
E1053Y,-2.031550004
T1054A,-1.103898593
T1054C,-3.054788695
T1054D,-1.052525992
T1054E,-1.112535366
T1054F,-1.058669197
T1054G,-0.461868972
T1054H,-1.488717342
T1054I,-2.196684646
T1054K,-2.425222137
T1054L,-1.318598675
T1054M,-1.540566118
T1054N,-2.695950163
T1054P,-1.201668452
T1054Q,-1.785859838
T1054R,-2.975811718
T1054S,-1.943112511
T1054V,-0.3924872929999999
T1054W,-0.378460983
T1054Y,-0.440620038
C1055A,-0.300003528
C1055D,-0.940326554
C1055E,-1.8005026030000002
C1055F,-1.876869208
C1055G,-2.328600206
C1055H,-2.059768712
C1055I,-0.23802646
C1055K,-1.4105737130000002
C1055L,-0.701800607
C1055M,-1.661014606
C1055N,-0.597165886
C1055P,-1.7421869680000002
C1055Q,-1.380560943
C1055R,-1.198690828
C1055S,-2.423668061
C1055T,0.068973775
C1055V,-1.140515873
C1055W,-0.115384024
C1055Y,-2.570153231
E1056A,-1.578248736
E1056C,-2.503023262
E1056D,-1.202256678
E1056F,-0.736183046
E1056G,-1.5853270659999998
E1056H,-5.571995603
E1056I,-2.1730434830000003
E1056K,-2.744129734
E1056L,-0.922991071
E1056M,-1.228871295
E1056N,-2.435730551
E1056P,-1.366866021
E1056Q,-4.272031939
E1056R,-2.605599438
E1056T,-0.7325295829999999
E1056V,-0.47759672
E1056W,-2.43942772
E1056Y,-0.261818665
N1057E,-1.244748218
N1057F,-4.5678277210000005
N1057K,-1.600572149
N1057L,-3.247413505
N1057V,-1.970161909
N1058A,-0.682652363
N1058K,-0.451785575
N1058P,-3.211892901
N1058Q,-2.920099567
N1058S,-1.439425493
K1062D,-3.379801794
K1062F,-2.67060889
K1062N,-1.547082672
K1062P,0.267798753
K1062R,-2.2304411930000003
K1062S,-2.987660478
K1062T,-3.5542256080000003
K1063N,0.607035256
K1064M,-0.799681986
K1064N,0.8782987329999999
T1065P,-2.067032413
T1065Y,-4.297028486
F1066C,-0.535228151
F1066D,-1.22209261
F1066G,-4.041382523999999
F1066H,-1.411825346
F1066K,-3.4725270860000004
F1066L,-1.866894654
F1066N,-1.344117726
F1066P,-2.832146903
F1066Q,-2.454449216
F1066V,-1.288340094
F1066W,-2.754132429
F1066Y,-2.559683185
K1067A,-2.7669385330000003
K1067F,-0.6922592540000001
K1067H,-0.986846931
K1067M,-0.74532233
K1067Q,-1.126465956
K1067R,-3.065146155
K1067W,-0.259791203
K1067Y,-3.428752555
R1068M,-0.091909991
R1068W,-1.050092263
R1069A,-3.696616953
R1069D,-0.723182995
R1069F,-0.979470951
R1069H,-3.5828555630000003
R1069I,-1.039921052
R1069K,-2.125856344
R1069L,-0.864434885
R1069M,-0.6404799720000001
R1069P,-2.048259917
R1069Q,-2.317876788
R1069S,-1.859301444
R1069W,0.508601133
K1070A,-1.618066044
K1070C,0.211378895
K1070D,-1.675404444
K1070E,-0.586074443
K1070F,-1.7687043219999998
K1070G,-0.248863538
K1070H,-0.7688061709999999
K1070I,-3.852417896
K1070M,-0.933384921
K1070N,-2.330952855
K1070P,-0.591248339
K1070Q,-1.695021914
K1070R,-0.821505701
K1070S,-1.163677624
K1070T,-1.584430825
K1070V,-3.392378319
K1070W,-1.821364476
K1070Y,-1.614186802
I1071A,-1.14391211
I1071C,-2.03400661
I1071D,0.110030434
I1071E,-0.981359112
I1071F,-0.65063789
I1071G,-0.238385985
I1071H,-1.821705775
I1071K,-0.683944972
I1071L,0.256111504
I1071M,-0.628650006
I1071Q,0.702211756
I1071R,-2.00570513
I1071S,0.317068971
I1071T,-2.587632314
I1071V,-1.546126935
I1071W,-2.296610387
Y1072A,-0.52708492
Y1072C,-1.005164182
Y1072D,-1.537898931
Y1072E,-0.5766269039999999
Y1072F,-1.533283621
Y1072G,-0.7744544790000001
Y1072H,-1.463309426
Y1072I,-1.083352916
Y1072K,0.546922632
Y1072L,-1.33175622
Y1072M,-1.085479242
Y1072N,-2.23604508
Y1072P,-1.574076526
Y1072Q,-0.266673967
Y1072R,-1.621576277
Y1072S,-0.986524897
Y1072T,-2.928470824
Y1072V,-0.218981669
Y1072W,-1.235485058
C1073A,0.477499268
C1073D,-0.79749766
C1073E,-0.265825383
C1073H,-1.727186764
C1073I,-1.213553206
C1073K,-2.12206449
C1073N,-1.839774486
C1073P,0.0531191529999999
C1073Q,0.019084119
C1073R,0.2565048219999999
C1073T,-1.930236899
C1073V,-3.814515304
C1073W,0.7145676879999999
C1073Y,-0.027370441
Q1074A,-3.139097516
Q1074C,-0.36304894
Q1074D,-0.8788915340000001
Q1074E,-2.282208046
Q1074F,-1.485492856
Q1074G,-0.32046999
Q1074H,-1.894845766
Q1074I,-3.945480808
Q1074K,-1.356847786
Q1074L,-0.516434365
Q1074M,-2.013940684
Q1074N,-1.0164576
Q1074P,-3.160332159
Q1074R,-1.648603464
Q1074S,-1.590775485
Q1074T,-1.193279915
Q1074V,-3.018029062
Q1074W,-0.7101252790000001
Q1074Y,-3.0680183
I1075A,-0.728535513
I1075C,-0.579457821
I1075D,1.848609378
I1075E,1.52390501
I1075F,-0.916760199
I1075G,-0.298011564
I1075H,-0.429566152
I1075K,1.4357174
I1075L,-1.757438433
I1075M,-0.239403375
I1075N,1.242414924
I1075P,-1.432696619
I1075Q,-0.66551181
I1075R,1.544656368
I1075S,-0.697962767
I1075T,-0.401726674
I1075V,-0.8117456679999999
I1075W,-0.2966785999999999
I1075Y,-0.818492514
T1076A,0.342457117
T1076C,-1.198017038
T1076D,-0.3035903339999999
T1076E,0.213223866
T1076F,-2.270750087
T1076G,0.301157621
T1076H,-1.150540145
T1076I,-0.685785863
T1076K,-2.974378737
T1076L,-1.3200543
T1076M,-1.379470101
T1076N,0.812130695
T1076P,-0.083800736
T1076Q,-0.254421861
T1076R,-0.7453518729999999
T1076S,-1.166773423
T1076V,-1.072522699
T1076W,-0.791363904
T1076Y,0.4827713939999999
Q1077A,-1.205622948
Q1077C,-0.4447435729999999
Q1077D,-0.8573862990000001
Q1077E,-0.708318923
Q1077F,-2.4630449480000003
Q1077G,-1.833615331
Q1077H,-0.140004209
Q1077I,-1.708317602
Q1077K,-1.426533945
Q1077L,-1.452654649
Q1077M,-1.077699089
Q1077N,-0.616295721
Q1077P,-0.23757255
Q1077R,-1.747002189
Q1077S,-1.316069999
Q1077T,-1.701880504
Q1077V,-0.64711566
Q1077W,-1.322477104
Q1077Y,-0.813512315
H1078A,-1.284572476
H1078C,-1.794004705
H1078D,-0.211870365
H1078E,-1.373153198
H1078F,-1.448489127
H1078G,-0.206055355
H1078I,0.032473599
H1078K,-0.652903235
H1078L,-0.41718345
H1078M,-2.159461899
H1078P,1.324145593
H1078Q,-0.7036772809999999
H1078R,-1.440343715
H1078S,-2.024301673
H1078T,-0.3619492479999999
H1078V,-1.631276002
H1078W,-1.233216576
H1078Y,-1.533068675
L1079A,-0.237328812
L1079C,-2.413412758
L1079D,2.102932936
L1079E,0.7143720159999999
L1079F,-0.385014846
L1079G,0.7447282040000001
L1079H,-1.099432059
L1079I,-1.886557431
L1079K,0.2157373169999999
L1079M,-0.446606524
L1079N,1.289401118
L1079P,1.121679138
L1079Q,-0.345713542
L1079R,-0.721983099
L1079S,0.1228454
L1079T,-1.843444712
L1079V,-0.675159762
L1079W,0.105711347
L1079Y,-2.410309247
L1080A,-1.867275621
L1080C,-1.154704314
L1080D,-0.4018067589999999
L1080E,-0.802775295
L1080F,-0.863277614
L1080G,-1.09643052
L1080H,-1.192495101
L1080I,-0.577827681
L1080K,-1.067464795
L1080M,-1.118683553
L1080N,-2.442277674
L1080P,-0.7322509709999999
L1080Q,-1.388044386
L1080R,-2.2681253690000003
L1080S,-1.117072453
L1080T,-2.193806693
L1080V,-0.881107043
L1080W,-0.019525992
L1080Y,-0.7448680809999999
Q1081A,-0.449223942
Q1081C,-0.7516227190000001
Q1081D,-1.180210959
Q1081E,-0.309405476
Q1081F,-1.348260842
Q1081G,-0.417592361
Q1081H,-1.378209293
Q1081I,-2.174906243
Q1081K,-1.114091379
Q1081L,-1.029533495
Q1081M,-1.313587757
Q1081N,-1.527128709
Q1081P,0.3829699039999999
Q1081R,-1.349153096
Q1081S,-0.727398999
Q1081T,-1.651795497
Q1081V,-1.474890956
Q1081W,-0.334343353
Q1081Y,-0.2449975639999999
N1082A,-0.233815566
N1082C,0.243571468
N1082D,1.282064545
N1082E,1.544601261
N1082F,1.704418952
N1082G,1.544079623
N1082H,0.400245217
N1082I,1.4662309669999998
N1082K,1.712054856
N1082L,1.809129467
N1082M,0.967757434
N1082P,1.900102116
N1082Q,0.087604716
N1082R,1.899664338
N1082S,-0.448920017
N1082T,-0.48592823
N1082V,1.33318798
N1082W,2.043246747
N1082Y,1.936935329
H1083A,-1.16906052
H1083C,-0.4686528889999999
H1083D,-0.222049035
H1083E,-0.683664578
H1083F,-0.1399643009999999
H1083G,-1.837315531
H1083I,-0.14894079
H1083K,-0.3943596829999999
H1083L,-2.312556972
H1083M,-1.061255034
H1083N,-1.427928609
H1083P,1.605700842
H1083Q,-1.288908386
H1083R,-0.087957963
H1083S,-0.800792753
H1083T,-1.434420645
H1083V,-1.15559703
H1083W,-0.7192129290000001
H1083Y,-0.584957121
K1084A,-1.369989182
K1084C,-0.624719211
K1084D,-0.822448381
K1084E,-1.357532089
K1084F,-1.310979345
K1084G,-1.958830317
K1084H,-3.497659734
K1084I,-2.289570887
K1084L,-1.816801999
K1084M,-1.242255642
K1084N,-0.21904875
K1084P,1.112660861
K1084Q,-1.939118377
K1084R,-1.644112422
K1084S,-1.569624277
K1084T,-0.328994032
K1084V,-1.378965621
K1084W,-1.667617655
K1084Y,-1.1808546
M1085A,-0.302078941
M1085C,-0.348071812
M1085D,-0.6854350990000001
M1085E,-0.6904685309999999
M1085F,-2.867042576
M1085G,-0.854445714
M1085H,0.213921221
M1085I,0.153764745
M1085K,-0.563244222
M1085L,-1.44534044
M1085N,0.0002387
M1085P,2.175141511
M1085Q,-0.980055863
M1085R,-0.777541602
M1085S,-0.999944947
M1085T,-1.077519053
M1085V,-0.847426488
M1085W,-0.705670736
M1085Y,-1.0628266000000002
W1086A,1.718884231
W1086C,0.620133484
W1086D,1.943915291
W1086E,1.646208151
W1086F,1.835516722
W1086G,2.183613437
W1086H,-1.462998766
W1086I,2.128865362
W1086K,2.262195547
W1086L,1.428373128
W1086M,1.164830698
W1086N,1.866537891
W1086P,2.566412019
W1086Q,1.469981011
W1086R,1.980686158
W1086S,1.517537746
W1086T,2.037677218
W1086V,2.203547716
W1086Y,-1.112376645
K1087D,-0.6717113109999999
K1087M,-0.731040218
K1087N,0.50773427
K1087P,0.5159040460000001
K1087Q,0.108882746
K1087R,-2.939868498
K1087T,0.926879821
K1088A,-1.021567687
K1088C,-1.430750296
K1088D,-1.23125405
K1088E,-2.056034173
K1088F,-0.514124064
K1088G,-1.241181627
K1088H,-1.899341951
K1088I,-2.846909004
K1088L,-2.7284175110000004
K1088M,-1.858020396
K1088N,-0.902803182
K1088P,-0.67720097
K1088Q,0.219021921
K1088R,-2.132543609
K1088S,-2.433799026
K1088T,-1.85131361
K1088V,-0.976039914
K1088W,-1.7835139130000002
K1088Y,0.00616094
V1089A,-1.963166484
V1089C,-2.20256967
V1089D,-2.228241492
V1089E,-0.417549424
V1089G,-0.566599641
V1089H,-2.0620660440000003
V1089I,-2.110086292
V1089K,-1.680253566
V1089L,-0.6667273810000001
V1089M,-2.309063438
V1089N,-1.276864615
V1089P,0.385150929
V1089Q,-0.862021377
V1089R,-0.767085406
V1089S,-0.956136068
V1089T,-1.528635205
V1089W,-2.163948212
V1089Y,-3.505932522
I1090A,-2.303564285
I1090C,-0.3739500739999999
I1090D,-1.426326136
I1090E,-2.294698477
I1090F,-0.864387505
I1090G,-2.280090829
I1090H,-2.328828814
I1090K,-1.346852936
I1090L,-2.758227303
I1090M,-0.306356645
I1090N,-0.590715588
I1090P,-0.15694216
I1090Q,-1.568240128
I1090R,-0.5632666000000001
I1090S,-0.534494957
I1090T,-1.352593748
I1090V,-2.055772412
I1090W,-0.494473359
I1090Y,-0.564455327
E1091A,-1.942803822
E1091C,-0.903543959
E1091D,-1.5309477180000002
E1091F,-0.216276663
E1091G,-0.696659617
E1091H,-2.0206632140000003
E1091I,-0.663723562
E1091K,-0.918138616
E1091L,-0.734515468
E1091M,-0.567655819
E1091N,-0.924063793
E1091P,-0.31353484
E1091Q,-1.466398197
E1091R,-1.070835065
E1091S,-0.8654339440000001
E1091T,-2.025763234
E1091V,-0.108346861
E1091W,-0.690381668
E1091Y,-1.546648185
E1092A,-1.532829882
E1092C,-1.148388247
E1092D,-0.316861011
E1092F,-1.152805798
E1092G,-1.171610988
E1092H,-0.704461309
E1092I,-0.413993685
E1092K,-1.294470645
E1092L,-1.760937275
E1092M,-3.168442635
E1092N,-1.288675769
E1092P,-1.310318527
E1092Q,-0.9396106
E1092R,-0.965083801
E1092S,-0.958998371
E1092T,-1.320940473
E1092V,-0.503863556
E1092W,-1.187356874
E1092Y,-1.948594317
E1093A,-0.26887339
E1093C,-0.604904835
E1093D,-1.204151918
E1093F,-0.951415264
E1093G,-3.198585881
E1093H,-2.342965514
E1093I,-0.516353519
E1093K,-0.880162837
E1093L,-1.172596908
E1093M,-0.2020443999999999
E1093N,-1.5214087859999998
E1093P,-0.121602215
E1093Q,0.041300274
E1093R,-1.250748964
E1093S,-1.796775484
E1093T,-1.176106244
E1093V,-1.027035056
E1093W,-1.327249084
E1093Y,-0.903582181
Q1094A,-0.444448157
Q1094C,-0.662528915
Q1094D,-0.8325044690000001
Q1094E,-1.375512122
Q1094F,-1.379604821
Q1094G,-1.245385008
Q1094H,-1.202043497
Q1094I,-3.154869382
Q1094K,-0.68584303
Q1094L,-0.7899986729999999
Q1094M,-0.988928593
Q1094N,-1.3712249630000002
Q1094P,-0.7800386140000001
Q1094R,-1.105589357
Q1094S,-1.144452642
Q1094T,-1.428163227
Q1094V,-1.068161341
Q1094W,0.953370768
Q1094Y,-1.6860004430000002
R1095A,-2.219026873
R1095C,0.638278334
R1095D,-0.855605796
R1095E,-1.096344828
R1095F,-0.457953477
R1095G,-0.4282097829999999
R1095H,-1.893340936
R1095I,-1.414598428
R1095K,-3.280162171
R1095L,-0.977941572
R1095M,-0.098081369
R1095N,-0.24864802
R1095P,-1.380021479
R1095Q,0.090424299
R1095S,-2.055268169
R1095T,-2.113749165
R1095V,-1.23964702
R1095W,-0.252123553
R1095Y,-0.844793971
L1096A,-1.276469447
L1096C,-0.843524644
L1096D,-2.191244544
L1096E,-1.5437579769999998
L1096F,-0.31558676
L1096G,-0.851081909
L1096H,-3.317839045
L1096I,-1.028316352
L1096K,-1.317049198
L1096M,-0.580882343
L1096N,-1.070467923
L1096P,-0.286916417
L1096Q,-0.751972104
L1096R,-2.729040007
L1096S,-1.674373823
L1096T,-4.592355663999999
L1096V,-1.789002042
L1096W,-0.831083492
L1096Y,-0.6214578620000001
A1097C,-0.658518849
A1097D,-1.040517634
A1097E,-1.084243789
A1097F,-0.572809137
A1097G,-1.379151881
A1097H,-0.4227261439999999
A1097I,-0.952695575
A1097K,-2.020751225
A1097L,-2.813210745
A1097M,-1.00725526
A1097N,-0.4248319989999999
A1097P,-1.241157355
A1097Q,-1.609769021
A1097R,-0.336286342
A1097S,-1.245957708
A1097T,-1.434841043
A1097V,-1.603363735
A1097W,-0.36336401
A1097Y,-1.077636504
G1098A,-1.245998802
G1098C,0.25098827
G1098D,-0.293359797
G1098E,-0.931616609
G1098F,-0.8917084120000001
G1098H,-1.528262395
G1098I,-1.573075187
G1098K,-0.020204583
G1098L,-0.7789009920000001
G1098M,-1.187425201
G1098N,-1.2235441
G1098P,-1.3924323719999998
G1098Q,-0.86905532
G1098R,-0.769643502
G1098S,-2.032124767
G1098T,-0.990619224
G1098V,0.006663014
G1098W,0.259761738
G1098Y,-1.187172473
I1099A,-1.108808291
I1099C,-1.368950731
I1099D,-0.953268644
I1099E,-1.438053361
I1099F,-2.094703751
I1099G,-0.8943678209999999
I1099H,-1.247258416
I1099K,-0.942243536
I1099L,-0.8193850570000001
I1099M,-0.089554
I1099N,-0.399312221
I1099P,-1.190640495
I1099Q,-1.802478866
I1099R,-0.397315177
I1099S,-2.293041664
I1099T,-1.370415783
I1099V,-1.478129943
I1099W,0.0870841109999999
I1099Y,-0.485537112
E1100A,-1.52194801
E1100C,-1.128725843
E1100D,-0.341051011
E1100F,-1.292579138
E1100G,-0.9190901
E1100H,-1.237613619
E1100I,-1.860174735
E1100K,-1.494690799
E1100L,-1.474094257
E1100M,-2.075752692
E1100N,-1.7406544430000002
E1100P,-1.889454647
E1100Q,-1.594903755
E1100R,-0.935629085
E1100S,-1.556800605
E1100T,-0.988957802
E1100V,-0.173706974
E1100W,-1.18517105
E1100Y,-0.542016266
N1101A,-1.00189565
N1101C,-1.770913693
N1101D,-0.054163309
N1101E,-1.313428328
N1101F,-0.168119784
N1101G,-1.306632478
N1101H,-1.238596001
N1101I,-2.154167531
N1101K,-0.872590175
N1101L,-0.327927623
N1101M,-1.046624904
N1101P,-1.422483905
N1101Q,-1.182816533
N1101R,-1.558631525
N1101S,-1.48514029
N1101T,-2.6209493740000003
N1101V,-0.394187046
N1101W,-1.7199862769999998
N1101Y,-0.5815992320000001
Q1102A,-2.4286236
Q1102C,-2.442580151
Q1102D,-1.343507615
Q1102E,-2.851674207
Q1102F,-0.828642422
Q1102G,-1.292783828
Q1102H,-1.96899155
Q1102I,-0.262250635
Q1102K,-0.309970723
Q1102L,-0.301612065
Q1102M,-1.446627871
Q1102N,-1.028133015
Q1102P,-2.121366898
Q1102R,-0.938460266
Q1102S,-1.417192507
Q1102T,-0.880266861
Q1102V,-0.231261026
Q1102W,-1.028441917
Q1102Y,-0.842286627
S1103A,-0.671435282
S1103C,-0.498975073
S1103D,-1.590821056
S1103E,0.004734402
S1103F,0.293224346
S1103G,-1.387237066
S1103H,-0.433415705
S1103I,-1.131740669
S1103K,-0.7406930159999999
S1103L,-0.4501750989999999
S1103M,-2.05102336
S1103N,-1.590747036
S1103P,-2.2635275000000004
S1103Q,-1.164670439
S1103R,-1.954656092
S1103T,-0.361963415
S1103V,-1.205399012
S1103W,-0.845979513
S1103Y,-0.916006471
L1104A,-1.04110362
L1104C,-1.086189627
L1104D,-1.362070053
L1104E,-0.742097844
L1104F,-1.535088036
L1104G,-2.195241259
L1104H,-1.277943884
L1104I,-0.748442895
L1104K,-1.098004489
L1104M,-0.235455546
L1104N,-1.797430741
L1104P,-0.880499968
L1104Q,-1.226936885
L1104R,-2.563701122
L1104S,-2.099588423
L1104T,-1.032267613
L1104V,-0.822413385
L1104W,-0.334018123
L1104Y,-0.7514762690000001
D1105A,-0.752561215
D1105C,-0.26048216
D1105E,-0.96495341
D1105F,-0.88772672
D1105G,-0.478483922
D1105H,-0.902732883
D1105I,-0.678789485
D1105K,-0.898935638
D1105L,-1.733849546
D1105M,-1.5907045119999998
D1105N,-1.089476457
D1105P,-1.613922319
D1105Q,-1.186302203
D1105R,-1.047363503
D1105S,-1.392282311
D1105T,-0.616154681
D1105V,-1.486731958
D1105W,-0.7744580190000001
D1105Y,-0.590982598
Q1106A,-1.87167973
Q1106C,-1.150411427
Q1106D,-0.7571686609999999
Q1106E,-1.873352538
Q1106F,-0.204279036
Q1106G,-0.903401511
Q1106H,-0.079396226
Q1106I,-1.884094594
Q1106K,-1.459697618
Q1106L,-1.152576165
Q1106M,-0.5916570489999999
Q1106N,-1.007249546
Q1106P,-1.093784414
Q1106R,-1.226071902
Q1106S,-0.462973906
Q1106T,-0.468965732
Q1106V,-0.687711808
Q1106W,-0.267640916
Q1106Y,0.045851324
T1107A,-2.122848711
T1107C,-0.513515281
T1107D,-1.621179044
T1107E,-1.477979625
T1107F,-1.054355458
T1107G,-0.694495413
T1107H,-0.591039516
T1107I,-1.881455427
T1107K,-2.0847275830000003
T1107L,0.663507365
T1107M,-1.029514652
T1107N,-1.201624687
T1107P,-0.8975846190000001
T1107Q,-2.5256088180000003
T1107R,-1.179739799
T1107S,-0.498500059
T1107V,-0.930895413
T1107W,-1.176432724
T1107Y,-1.848923452
P1108A,-1.057758338
P1108C,-1.444436923
P1108D,-1.6742468519999998
P1108E,-1.587331565
P1108F,-3.043779855
P1108G,-2.161804571
P1108H,-1.789179418
P1108I,-0.625897661
P1108K,-0.818840867
P1108L,-0.668701341
P1108M,-1.3939867330000002
P1108N,-0.568140353
P1108Q,-2.706134495
P1108R,-2.208941292
P1108S,-2.2686074830000003
P1108T,-0.8356673259999999
P1108V,-1.440220421
P1108W,-0.828949411
P1108Y,-1.173998554
Q1109A,-1.264029027
Q1109C,-3.193196815
Q1109D,-1.079508884
Q1109E,-1.928013896
Q1109F,-2.095481291
Q1109G,-2.722078762
Q1109H,-0.299113279
Q1109I,-0.54029296
Q1109K,-1.40359685
Q1109L,-0.5955589139999999
Q1109M,-1.822625041
Q1109N,-1.937439217
Q1109P,-1.0563246590000002
Q1109R,-1.224290984
Q1109S,0.120480814
Q1109T,-1.454006668
Q1109V,-2.188067541
Q1109W,-0.79401888
Q1109Y,-0.277211319
S1110A,-2.324678644
S1110C,-1.237223361
S1110D,-0.96263357
S1110E,-0.322551324
S1110F,-3.066889089
S1110G,0.138354689
S1110H,-1.669030354
S1110I,-0.646306771
S1110K,-1.487413765
S1110L,-1.135222215
S1110M,-2.204708194
S1110N,-0.643758219
S1110P,-0.881685246
S1110Q,-2.212195454
S1110R,-0.942842182
S1110T,-0.659870764
S1110V,-1.514942711
S1110W,-0.322952683
S1110Y,-1.238440497
H1111A,-1.230863154
H1111C,-1.605126865
H1111D,-2.003201818
H1111E,-0.780170272
H1111F,-0.175910358
H1111G,-3.171763769
H1111I,-1.158997716
H1111K,-0.015631914
H1111L,-0.956911228
H1111M,-0.464707693
H1111N,-0.225528501
H1111P,-1.194459079
H1111Q,-0.58186943
H1111R,-1.451104316
H1111S,-0.591880301
H1111T,-0.140457692
H1111V,-3.484471759
H1111W,0.641936518
H1111Y,-1.1911656940000002
S1112A,-1.745188411
S1112C,-1.041862653
S1112D,-1.707878365
S1112E,-1.313869386
S1112F,-2.731287165
S1112G,-1.269835092
S1112H,-1.776264964
S1112I,0.761832849
S1112K,-0.08720515
S1112L,-1.241261088
S1112M,-1.4327292580000002
S1112N,-2.3914718930000003
S1112P,-0.7705869759999999
S1112Q,-1.42159823
S1112R,-1.958221479
S1112T,-3.215190389
S1112V,-0.178675875
S1112W,-1.826032773
S1112Y,-2.4990987280000003
S1113A,-1.577545561
S1113C,-1.561338271
S1113D,-1.230479657
S1113E,-2.59291636
S1113F,-1.3704292480000002
S1113G,-0.741692481
S1113H,-1.111419271
S1113I,-0.125644961
S1113K,-0.614415999
S1113L,-0.719797585
S1113M,-1.557486624
S1113N,-0.40492612
S1113P,-1.0361531309999998
S1113Q,-1.010668255
S1113R,-2.415576809
S1113T,-1.455901018
S1113V,-0.716688145
S1113W,-1.64076034
S1113Y,-1.415262326
E1114A,-1.831750807
E1114C,-0.266680755
E1114D,-0.639083261
E1114F,-1.096923016
E1114G,-0.7826706379999999
E1114H,-2.721584441
E1114I,-0.611405301
E1114K,-1.151668035
E1114L,-1.521656354
E1114M,-0.211106237
E1114N,-0.237718399
E1114P,-1.561191023
E1114Q,-0.249675255
E1114R,-2.185822594
E1114S,-1.95639916
E1114T,-2.606750719
E1114V,-0.701433049
E1114W,-0.881954773
E1114Y,-0.709117219
Q1115A,-1.404296854
Q1115C,-0.459505231
Q1115D,-0.8179082320000001
Q1115E,-0.779799696
Q1115F,-1.892454615
Q1115G,-0.630877328
Q1115H,0.0312469279999999
Q1115I,-1.37112641
Q1115K,-1.242662361
Q1115L,-1.136067712
Q1115M,-2.632804923
Q1115N,-1.46997056
Q1115P,-0.8467775559999999
Q1115R,-0.8378633040000001
Q1115S,-0.719579821
Q1115T,-0.865607648
Q1115V,-1.599101874
Q1115Y,-2.152587649
I1116A,-0.500634884
I1116C,-1.646765636
I1116D,-1.040272459
I1116E,-0.848071026
I1116F,-0.094049276
I1116G,-0.663023596
I1116H,-1.242532386
I1116K,-1.222600992
I1116L,-1.059597897
I1116M,-0.1903445389999999
I1116N,-1.452882424
I1116P,-1.24552803
I1116Q,-1.207644658
I1116R,-0.8809498859999999
I1116S,-1.7960797080000002
I1116T,-0.7961464309999999
I1116V,-0.88079467
I1116W,-0.344443858
I1116Y,-1.047785701
Q1117A,-1.356292726
Q1117C,-0.064415794
Q1117D,-0.974402324
Q1117E,-2.1154920130000003
Q1117F,-1.025734605
Q1117G,-1.76574021
Q1117H,-1.522777583
Q1117I,-0.936315549
Q1117K,-0.943102199
Q1117L,-1.572158121
Q1117M,-0.191347696
Q1117N,-1.298174664
Q1117P,-0.110478831
Q1117R,-1.689112631
Q1117S,-2.194794752
Q1117T,-0.3635303239999999
Q1117V,-0.6599153320000001
Q1117W,-2.375922492
Q1117Y,-2.020929396
A1118C,-0.623927859
A1118D,-1.30533324
A1118E,-2.639214984
A1118F,0.334109108
A1118G,-1.4593005
A1118H,-1.828420495
A1118I,-0.831516475
A1118K,-1.276397317
A1118L,-1.699074286
A1118M,-1.994063705
A1118N,-1.021189883
A1118P,-0.841080176
A1118Q,-0.839306632
A1118R,-0.8829394559999999
A1118S,-0.207856558
A1118T,-0.267677695
A1118V,-1.111268572
A1118W,-1.653786061
A1118Y,-1.159484825
I1119A,-1.228625257
I1119C,-0.958816098
I1119D,-1.324819075
I1119E,-1.015857733
I1119F,-1.139743054
I1119G,-0.587591136
I1119H,-1.406534215
I1119K,-0.523093987
I1119L,-3.826582861
I1119M,-1.591114965
I1119N,-0.6747424390000001
I1119P,-2.4422955280000003
I1119Q,-1.665902548
I1119R,-1.166323479
I1119S,-1.201920564
I1119T,-1.587822597
I1119V,0.322872507
I1119W,-0.228997508
I1119Y,-0.924569606
K1120A,-0.3696001279999999
K1120C,-1.135655292
K1120D,-2.468874029
K1120E,-1.245644812
K1120F,-1.739180907
K1120G,-0.2774519
K1120H,-0.4024304139999999
K1120I,-1.202024542
K1120L,-1.256471987
K1120M,-1.332392201
K1120N,-0.934482489
K1120P,-0.971402104
K1120Q,-1.268622966
K1120R,-1.348890979
K1120S,-1.217841799
K1120T,-1.160093727
K1120V,-0.8864640909999999
K1120W,0.053554807
K1120Y,-1.653280163
E1121A,-0.73774602
E1121C,-0.909893838
E1121D,-1.167166241
E1121F,0.878924955
E1121G,-0.944478633
E1121H,-0.665301346
E1121I,-2.093416956
E1121K,-1.193694318
E1121L,-1.24041279
E1121M,-1.154491521
E1121N,-1.217994799
E1121P,-0.131983894
E1121Q,-1.078318731
E1121R,-1.125889158
E1121S,-0.587879277
E1121T,-1.4904697219999998
E1121V,-0.36978764
E1121W,-0.7490989020000001
E1121Y,-0.699176666
E1122A,-0.794572863
E1122C,-1.857609874
E1122D,-0.119335853
E1122F,-1.448494456
E1122G,-2.2862238930000003
E1122H,-0.277257042
E1122I,-0.361953463
E1122K,-2.351161078
E1122L,-0.775340791
E1122M,-1.923510637
E1122N,-2.18059232
E1122P,-0.605707219
E1122Q,-0.655828885
E1122R,-0.323672263
E1122S,-1.907129915
E1122T,-1.399213556
E1122V,-0.108542078
E1122W,-1.099524575
E1122Y,-0.25018891
E1123A,-0.051684917
E1123C,-0.508420413
E1123D,-0.2865091369999999
E1123F,-0.372989191
E1123G,-0.639628277
E1123H,-1.810605222
E1123I,-2.186366346
E1123K,-1.87506324
E1123L,-0.239933053
E1123M,-0.8683447740000001
E1123N,-1.5398465680000002
E1123P,-0.7728601959999999
E1123Q,-3.336985482
E1123R,-0.973838272
E1123S,-0.287127012
E1123T,-0.414224086
E1123V,-1.556360439
E1123W,-1.312403509
E1123Y,-1.443396153
E1124A,-1.092496247
E1124C,-2.019534728
E1124D,-1.323654671
E1124F,-0.143530379
E1124G,-0.468457607
E1124H,-1.024931312
E1124I,-0.068483557
E1124K,-1.373704283
E1124L,-0.957770538
E1124M,-1.252275385
E1124N,-1.068929636
E1124P,-0.587902505
E1124Q,-2.2968594
E1124R,-0.778349863
E1124S,-1.216633322
E1124T,-1.767310018
E1124V,-0.5644330670000001
E1124W,-1.105947459
E1124Y,-1.114865586
E1125A,-1.159257019
E1125C,-0.433928977
E1125D,-0.249871925
E1125F,-1.446254502
E1125G,-1.225897924
E1125H,-0.962811293
E1125I,-1.314733898
E1125K,0.111116069
E1125L,-1.498177071
E1125M,-0.550221392
E1125N,-1.099521107
E1125P,-1.050631455
E1125Q,-0.479343061
E1125R,-0.7637059340000001
E1125S,-1.7191012719999998
E1125T,-0.720536088
E1125V,-1.125679475
E1125W,-1.162648271
E1125Y,-1.485603917
K1126A,-0.73839537
K1126C,-1.079772475
K1126D,-0.740686055
K1126E,-0.393926797
K1126F,-0.809446144
K1126G,-0.644148782
K1126H,-0.6063114279999999
K1126I,-1.4672328069999998
K1126L,-0.948365065
K1126M,-1.213247044
K1126N,-0.908683235
K1126P,-0.417772084
K1126Q,-0.628222233
K1126R,-1.320676593
K1126S,-0.8305657609999999
K1126T,-1.2303429890000002
K1126V,-1.518736515
K1126W,-0.774841362
K1126Y,-1.886747164
G1127A,-2.344021783
G1127C,-1.007880991
G1127D,-0.769443055
G1127E,-0.665105243
G1127F,-1.380715299
G1127H,-0.448868036
G1127I,-1.64363475
G1127K,-1.026636334
G1127L,-1.382491844
G1127M,-0.8699330470000001
G1127N,-1.566559269
G1127P,-3.048316632
G1127Q,-2.007448314
G1127R,-1.308245179
G1127S,-1.171229869
G1127T,0.180700313
G1127V,-0.992886421
G1127W,-0.321082722
G1127Y,-0.554267217
K1128A,-0.983722801
K1128C,-0.8306716140000001
K1128D,-0.5294338279999999
K1128E,-0.389031576
K1128F,-1.11153577
K1128G,-0.409712908
K1128H,-0.26855585
K1128I,-0.8101803470000001
K1128L,-1.6045105169999998
K1128M,-1.576452434
K1128N,-0.7808640179999999
K1128P,-1.37871852
K1128Q,-0.385146196
K1128R,-0.97753188
K1128S,-0.288525044
K1128T,-0.703570039
K1128V,-1.057086637
K1128W,-1.00995781
K1128Y,-1.735134004
P1129A,-0.66502836
P1129C,-1.516181986
P1129D,-1.68796686
P1129E,-1.417643692
P1129F,-1.327011395
P1129G,-1.510982385
P1129H,-0.262848217
P1129I,-0.95181982
P1129K,-1.188909755
P1129L,-0.087606939
P1129M,-1.145700947
P1129N,-0.94065656
P1129Q,-0.817728687
P1129R,-2.245930408
P1129S,-1.2203262259999998
P1129T,-1.084475306
P1129V,-0.968534531
P1129W,-3.991825329
P1129Y,-0.950065541
R1130A,-0.206271459
R1130C,-0.586460241
R1130D,0.27229919
R1130E,-2.183805464
R1130F,-2.088783324
R1130G,-2.386944954
R1130H,-3.0630799810000005
R1130I,-1.249555466
R1130K,-1.676565948
R1130L,-0.734813697
R1130M,-1.346182261
R1130N,-0.5436293529999999
R1130P,-0.8360565609999999
R1130Q,-0.975930134
R1130S,-1.695880717
R1130T,-1.817338838
R1130V,-1.144443538
R1130W,-0.937227194
R1130Y,-1.102987855
G1131A,-0.406335105
G1131C,-0.321778238
G1131D,-1.319129252
G1131E,-1.200677051
G1131F,-0.779951123
G1131H,-0.788224723
G1131I,-0.809869655
G1131K,-1.164608629
G1131L,-0.556675386
G1131M,-1.4652253240000002
G1131N,-1.839390246
G1131P,-1.256236597
G1131Q,-1.338028141
G1131R,-1.1143852159999998
G1131S,-1.771021985
G1131T,-0.46232612
G1131V,-1.184619085
G1131W,-1.954149146
G1131Y,-0.84193798
E1132A,-1.4657281290000002
E1132C,-1.735686034
E1132D,-0.299580286
E1132F,-1.151455927
E1132G,-0.634855521
E1132H,-1.838709269
E1132I,-0.381850426
E1132K,-0.328567404
E1132L,-2.595691235
E1132M,-1.235997465
E1132N,-1.729391546
E1132P,-1.814333502
E1132Q,-1.048673236
E1132R,-1.4960924569999998
E1132S,-1.155438734
E1132T,-1.015940524
E1132V,-0.84568931
E1132W,-1.160693996
E1132Y,-0.392743778
E1133A,-1.148448878
E1133C,-1.22691791
E1133D,-0.57999922
E1133F,-1.962218835
E1133G,0.032210556
E1133H,-1.512032185
E1133I,-2.12068816
E1133K,0.001550736
E1133L,-0.248820049
E1133M,-2.128963099
E1133N,-1.321557237
E1133P,-0.278832307
E1133Q,-0.7811519379999999
E1133R,-1.945561011
E1133S,-0.795020217
E1133T,-1.002228331
E1133V,-1.743516689
E1133W,-0.972968515
E1133Y,0.305025488
I1134A,-1.033180244
I1134C,-0.55786314
I1134D,0.065490786
I1134E,-0.495992163
I1134F,-0.714445278
I1134G,-0.873144268
I1134H,-1.550570304
I1134K,-0.430792126
I1134L,-1.175686475
I1134M,-0.163683243
I1134N,-0.490697279
I1134P,-1.164894437
I1134Q,-0.8920746629999999
I1134R,-0.787846022
I1134S,0.026520056
I1134T,-0.470879797
I1134V,-0.3797854129999999
I1134W,-0.7691840609999999
I1134Y,0.560838142
P1135A,-1.734266524
P1135C,-2.054530373
P1135D,-2.236633443
P1135E,-2.16348903
P1135F,-0.344987162
P1135G,-1.652686989
P1135H,-0.810417985
P1135I,-2.090178358
P1135K,-0.301175404
P1135L,-1.459587344
P1135M,-0.870541537
P1135N,-1.178480893
P1135Q,-2.8511633780000003
P1135R,-0.7184573670000001
P1135S,-2.394537358
P1135T,-2.093068504
P1135V,-1.076287704
P1135W,-0.6241448829999999
P1135Y,-1.157359862
T1136A,-1.034482851
T1136C,-0.077239184
T1136D,-0.848304851
T1136E,-0.371524219
T1136F,-0.565448289
T1136G,-0.749999665
T1136H,-1.906437007
T1136I,-0.32968059
T1136K,-1.876494196
T1136L,-0.7261112540000001
T1136M,-1.727733761
T1136N,-0.8649352370000001
T1136P,-0.33347787
T1136Q,-0.072410922
T1136R,-2.759321378
T1136S,-1.110480103
T1136V,-1.08562923
T1136W,-1.78231205
T1136Y,-1.486960929
Q1137A,-0.86982774
Q1137C,-1.515849364
Q1137D,-0.726350079
Q1137E,-1.366457419
Q1137F,-2.216018931
Q1137G,-1.156322159
Q1137H,-1.1274929340000002
Q1137I,-1.5196285390000002
Q1137K,-0.585750519
Q1137L,-0.553588949
Q1137M,-1.258484752
Q1137N,-2.529230253
Q1137P,-0.949246159
Q1137R,-2.2914823230000003
Q1137S,-2.175474886
Q1137T,-2.013248206
Q1137V,-0.227675256
Q1137W,-1.085892469
Q1137Y,-2.474573429
K1138A,-0.104921389
K1138C,-2.750750379
K1138D,-0.7066721979999999
K1138E,-1.329715555
K1138F,-0.403373182
K1138G,0.155367653
K1138H,-0.282342362
K1138I,-1.969391446
K1138L,-2.293057894
K1138M,-0.555793379
K1138N,-0.49941731
K1138P,-2.038889296
K1138Q,-0.554986386
K1138R,-1.5122506059999998
K1138S,-3.912507007
K1138T,0.098688199
K1138V,-0.000679306
K1138W,-0.425354791
K1138Y,-1.276111589
P1139A,-1.079335991
P1139C,-0.71896343
P1139D,-1.089048457
P1139E,-1.015449109
P1139F,-1.450021414
P1139G,-1.100026901
P1139H,-1.920653436
P1139I,-0.605430118
P1139K,-0.999656685
P1139L,-0.653113002
P1139M,0.3749325189999999
P1139N,-1.069654455
P1139Q,-1.4441204580000002
P1139R,-1.704914263
P1139S,-1.553566856
P1139T,-1.214852576
P1139V,-0.747198622
P1139W,-0.37675248
P1139Y,-0.7871320629999999
D1140A,-0.4712082039999999
D1140C,-0.55301768
D1140E,-0.301983956
D1140F,-1.298140628
D1140G,-0.637370271
D1140H,-1.664404038
D1140I,-1.6055869459999998
D1140K,-0.301852871
D1140L,-0.239415653
D1140M,-0.7707287509999999
D1140N,-0.513260634
D1140P,-0.8006135
D1140Q,-0.634480394
D1140R,-0.643467968
D1140S,-0.3989362489999999
D1140T,-1.166501473
D1140V,-0.787470036
D1140W,-0.96045951
D1140Y,-0.7330556779999999
Q1141A,-0.858458033
Q1141C,-0.928466318
Q1141D,-1.214277497
Q1141E,-0.197085425
Q1141F,-1.242099681
Q1141G,-1.417129337
Q1141H,-0.7516727740000001
Q1141I,-0.200029139
Q1141K,-1.654420847
Q1141L,-0.990489188
Q1141M,-1.094134039
Q1141N,-1.233155992
Q1141P,-2.751638558
Q1141R,-2.184524033
Q1141S,-1.833733661
Q1141T,-1.140571567
Q1141V,-0.69308081
Q1141W,-1.369873885
Q1141Y,-2.764733459
