variant,score
M1I,0.865926530992498
M1L,0.906823593354938
I2A,0.9491256828161422
I2C,1.02793523174
I2D,0.997024305781162
I2E,1.18458811247486
I2F,0.9221671569847808
I2G,0.814432150516365
I2H,1.02802598467648
I2K,1.029755096483
I2L,0.9904907513566208
I2M,1.0026658484129398
I2N,1.08744524276987
I2P,0.999045892863584
I2Q,1.01659595081992
I2R,1.00896473060461
I2S,1.00997407303329
I2T,1.05381746557942
I2V,1.05166077080884
I2W,0.8556933548795849
I2Y,0.968743650792814
V3A,0.146090386469144
V3C,0.61183979756743
V3D,0.3316874234562429
V3E,0.250834198872022
V3F,0.719552898435629
V3G,-0.0085555352774035
V3H,0.256370753484135
V3I,1.08105096758945
V3K,0.278589236657278
V3L,1.06580256117965
V3M,0.854965189362002
V3N,0.405843067010274
V3P,0.576661768295308
V3Q,0.292668659970593
V3R,0.190676155236914
V3S,0.0404952625269901
V3T,0.342633384258009
V3W,0.0644026059049337
V3Y,0.184794564096782
F4A,0.5485854683954761
F4C,0.811640483902504
F4D,0.7046516502686221
F4E,0.943564352882239
F4G,0.843860292788703
F4H,0.9527425124563068
F4I,0.858245021648097
F4K,1.024378739263
F4L,0.947088999796987
F4M,0.9239556250090368
F4N,0.958750799591435
F4P,0.7476665863123009
F4Q,0.997652861178341
F4R,1.1173018750236
F4S,0.8316436373742929
F4T,0.891334560060592
F4V,0.676811767277496
F4W,1.01126144063491
F4Y,0.998853697640988
V5A,0.8374661679008041
V5C,1.0224100423967
V5D,0.4844342591965129
V5E,0.302791120883237
V5F,0.032348850622223
V5G,0.0867326905906492
V5H,0.223845882792076
V5I,0.926409125137427
V5K,0.0414187496865834
V5L,0.473420490634669
V5M,0.2766983669721311
V5N,0.185969509948808
V5P,0.217436007533668
V5Q,0.0514709372605086
V5R,-0.0160170486251998
V5S,0.1670105541063259
V5T,0.399319489798354
V5W,-0.0064230050113313
V5Y,0.8287675647459541
R6A,0.399990343009208
R6C,0.689761224452416
R6D,0.5382853030828549
R6E,0.534504472348466
R6F,0.738604223757701
R6G,0.357944193903617
R6H,0.7635595158052779
R6I,0.397810312671119
R6K,1.2005410800744498
R6L,0.8010973566739209
R6M,0.814103962537998
R6N,0.416803637178424
R6P,0.677791447612887
R6Q,0.6239657008108139
R6S,0.4905986092083341
R6T,0.363156485618228
R6V,0.538942289543807
R6W,0.340770346734525
R6Y,0.592266149848156
F7A,0.175675377248194
F7C,0.3912680239309641
F7D,0.383750084745424
F7E,0.3673855952125829
F7G,0.311760656282445
F7H,0.680217400138917
F7I,0.275687206991766
F7K,0.0201974753720649
F7L,0.3691371226893979
F7M,0.806794722903134
F7N,0.19783683278671
F7P,0.110955552653155
F7Q,0.154596788072289
F7R,-0.0085251182982627
F7S,0.14971455036423
F7T,0.100078399572319
F7V,0.213468982637847
F7W,0.669381714728391
F7Y,0.868517653997519
N8A,0.100587024624693
N8C,0.150781973152415
N8D,0.840463539380548
N8E,0.611149282704826
N8F,-0.0269517214158918
N8G,0.473997378279471
N8H,0.0859837215188047
N8I,-0.0199433185608949
N8K,0.0510021068281518
N8L,0.0008271596780798
N8P,-0.0192460179695195
N8Q,0.310440674752593
N8R,-0.0185205160691546
N8S,0.22976442950358
N8T,-0.0169763826356212
N8V,-0.0249492417549964
N8Y,0.0529766247171699
S9A,0.575864416077835
S9C,0.490771811453569
S9D,0.765493490598078
S9E,0.737073726875673
S9F,0.475893924778317
S9G,0.555424369310654
S9H,0.611756206154365
S9I,0.0150664242670109
S9K,0.367265923622796
S9L,0.436663582943811
S9M,0.5909362910519661
S9N,0.890917329956875
S9P,-0.0252836615335538
S9Q,0.58462306818833
S9R,0.306765007709692
S9T,0.654550432111698
S9V,0.0224031730875485
S9W,0.243370436843698
S9Y,0.5433106232339759
S10A,0.8200744578255871
S10C,0.94557764074708
S10D,0.7782788016587501
S10E,0.685959626300603
S10F,0.907568207338038
S10G,0.601374114886899
S10H,1.05593196130579
S10I,0.438552065004103
S10K,0.490723893187786
S10L,0.385248206005652
S10M,0.973899560619885
S10N,1.0143819172221602
S10P,0.845546549196157
S10Q,0.7599401644710501
S10R,0.438241219294944
S10T,0.8928276031649759
S10V,0.5457038607956339
S10W,0.922559933975298
S10Y,1.05407184185928
H11A,0.6729344179394878
H11C,0.6496220246152171
H11D,0.658082903439839
H11E,0.7173941608775001
H11F,0.566022665527116
H11G,0.384975858041932
H11I,0.726909190059092
H11K,0.5500925151141149
H11L,0.498296366142757
H11M,0.5391903198512229
H11N,0.688872064340668
H11P,0.495368546325994
H11Q,0.7089279097331099
H11R,0.631804327738966
H11S,0.734546792644044
H11T,0.8726650209039101
H11V,0.7786869213870748
H11W,0.654741950272082
H11Y,0.8264336884978492
G12A,1.07695091413825
G12C,0.8089294108458659
G12D,0.688363656307027
G12E,0.885221494922789
G12F,0.588104614930428
G12H,0.877808369095783
G12I,0.529474700312337
G12K,0.828836796655485
G12L,0.545767441906035
G12M,0.6531214994929871
G12N,0.651922566570595
G12P,0.8906530291267221
G12Q,0.9402833659353248
G12R,0.605888297357188
G12S,0.948069418099717
G12T,0.855301700398597
G12V,0.688364850672105
G12W,0.400622628008604
G12Y,0.7022548522566371
F13A,0.378096923014518
F13C,0.4223346352655301
F13D,0.249000281870431
F13E,0.553272462456635
F13G,-0.0234488276442343
F13H,0.320895049487297
F13I,0.847386725999758
F13K,0.0054195194179825
F13L,0.422469224229029
F13M,0.8595803649188142
F13N,0.0386078968908985
F13P,-0.0278565131446332
F13Q,0.6920443946501701
F13R,0.1205998405693669
F13S,0.5223998808581239
F13T,0.674075391432272
F13V,0.679818330310055
F13W,0.724354354262404
F13Y,0.925274078980038
P14A,0.571541562931264
P14C,0.250677270052343
P14D,0.0225460289106971
P14E,0.364760833945221
P14F,0.228617508338355
P14G,0.504048941739424
P14H,0.430353060610435
P14I,0.0540167439507339
P14K,0.638129139682779
P14L,0.0762749648559137
P14M,0.318230607379168
P14N,0.2421300874582769
P14Q,0.433248764556498
P14R,0.625832483092242
P14S,0.468762068356443
P14T,0.344215327853524
P14V,0.156519622493428
P14W,0.271818057468854
P14Y,0.324946653886628
V15A,-0.0060570415504335
V15C,0.661366343114795
V15D,-0.0264202628652768
V15E,-0.0280916714742535
V15F,0.114237927067982
V15G,-0.0275474576482754
V15H,-0.0124619694961035
V15I,0.987093233560086
V15K,-0.0246087217390694
V15L,0.958546182696346
V15M,0.746738202962638
V15N,-0.0296408395470762
V15P,-0.0230314650015273
V15Q,0.148354627180708
V15R,-0.0195810730001924
V15S,-0.0274834526473065
V15T,0.0336414081411268
V15W,-0.0239718494870051
V15Y,0.227719204704105
E16A,0.799853577788822
E16C,0.866889495395634
E16D,0.5263421452864451
E16F,0.7936636202207829
E16G,0.7695168587070991
E16H,0.994111711031658
E16I,0.671722852482706
E16K,0.959572477092517
E16L,0.62563111401646
E16M,0.8644493970641659
E16N,0.834898223844706
E16P,0.9982533163734107
E16Q,0.9657611993269308
E16R,0.913154306834976
E16S,0.935813038556685
E16T,0.863150797990547
E16V,0.7529568251632119
E16W,0.762680543789802
E16Y,0.9400749817970409
V17A,0.0804350611944668
V17C,0.8701820615487359
V17D,-0.0280044451517508
V17E,0.0021913550182942
V17F,0.0807503915379579
V17G,-0.024951258891442
V17H,-0.0326871790755193
V17I,0.939476883419139
V17K,-0.0277285718701298
V17L,0.9242691708816742
V17M,0.566426110544308
V17N,-0.0299376160877058
V17P,-0.0218130615675634
V17Q,-0.0176453233025402
V17R,-0.0234959751507075
V17S,-0.0181289242836118
V17T,0.197209068782924
V17W,-0.0258988392810296
V17Y,0.179534198541625
D18A,0.9885502449191842
D18C,0.941871219927907
D18E,0.960854530782193
D18F,0.9581446671975832
D18G,0.9307406019076708
D18H,0.970052648916206
D18I,0.507392026188654
D18K,0.953670108650956
D18L,0.889453817980173
D18M,0.94989967367492
D18N,0.9909677920263572
D18P,0.909704086364258
D18Q,0.9714802114201492
D18R,0.8526364233115781
D18S,1.02287498189717
D18T,1.02128031698578
D18V,0.740578629183232
D18W,0.99285581890971
D18Y,1.01961782437071
S19A,1.02455186999108
S19C,0.941183108112865
S19D,0.848453118602972
S19E,0.960154965272751
S19F,0.7960289546946401
S19G,1.0115910612855
S19H,0.959694026290741
S19I,0.726113372785492
S19K,0.960906051537095
S19L,0.905522664922121
S19M,0.945740341003445
S19N,0.968247920787095
S19P,1.00532116225706
S19Q,1.02201203476445
S19R,0.98090412107319
S19T,0.95785909963423
S19V,0.8303276863503539
S19W,0.816000613163016
S19Y,0.8550720412790792
D20A,0.8962636107199571
D20C,0.857302819648577
D20E,0.96873287813608
D20F,0.731146958344816
D20G,0.910013087757024
D20H,0.921117525763272
D20I,0.27515062005108
D20K,0.908468967213992
D20L,0.760750397349364
D20M,0.8934669860383401
D20N,0.9554812389620292
D20P,-0.0026509941142529
D20Q,0.96542867347893
D20R,0.846420307813925
D20S,0.94884495353944
D20T,0.9382858347005872
D20V,0.490936139203265
D20W,0.54945698451005
D20Y,0.7229754318733679
T21A,0.970450610836257
T21C,0.9051049263753992
T21D,0.907853353766073
T21E,0.520720139018574
T21F,0.811285539686183
T21G,0.784727914176233
T21H,0.633213687435396
T21I,0.556747387513218
T21K,0.528127459938664
T21L,0.7155746183303141
T21M,1.10023929032816
T21N,0.6748330607634591
T21P,-0.0240136606673284
T21Q,0.9357767931323292
T21R,0.273579391259951
T21S,0.974562816753344
T21V,0.5947318012666429
T21W,1.06135830180619
T21Y,0.8018019629020608
S22A,0.7872475750621791
S22C,0.9259489717903808
S22D,0.545814938712872
S22E,0.7898186818264109
S22F,0.555391216855588
S22G,0.288296385724535
S22H,0.927587748419732
S22I,0.179803132622727
S22K,1.0446798201965402
S22L,0.6783342390604878
S22M,0.7836470801730641
S22N,0.866010541394195
S22P,1.01811244607751
S22Q,0.984889299761834
S22R,0.978101683878962
S22T,1.05864084411157
S22V,0.289110139872754
S22W,-0.0216231183577603
S22Y,0.9307572982989748
I23A,0.0280889830775099
I23C,0.0256847095567227
I23D,-0.0255907416122923
I23E,-0.0220123758249115
I23F,-0.0109841825124722
I23G,-0.0316652346382787
I23H,-0.0228418719631717
I23K,-0.0248913497210327
I23L,-0.0214612038820333
I23M,0.8230858382235129
I23N,-0.0270408195224677
I23P,-0.0289576707531146
I23Q,-0.0213691799641021
I23R,-0.0269485139520266
I23S,-0.0226501429928552
I23T,-0.0172796006571816
I23V,0.8790369380747719
I23W,-0.0290307922419194
I23Y,-0.0134837397760661
F24A,1.03334375232777
F24C,0.901412590233626
F24D,0.78772299919727
F24E,0.9508383199468058
F24G,0.975532525307064
F24H,0.95194548413436
F24I,0.95533157459179
F24K,0.932681892481098
F24L,1.01610444153806
F24M,1.00969950904174
F24N,0.842117347750708
F24P,-0.0107370830913981
F24Q,0.983074189133568
F24R,0.945610299297368
F24S,0.972809913150644
F24T,0.8350229596566221
F24V,0.8489229204469341
F24W,1.00904045814536
F24Y,1.00734375352406
Q25A,0.908150604735525
Q25C,0.7391422688698359
Q25D,0.955133710519212
Q25E,1.1146367469041
Q25F,0.569087018730631
Q25G,0.840460256322184
Q25H,0.861404597713435
Q25I,0.109197614566088
Q25K,0.8635740392761271
Q25L,0.26253751155384
Q25M,0.822868629386027
Q25N,0.8862710315124741
Q25P,-0.0220822384376646
Q25R,0.8014928855251591
Q25S,0.845746639747317
Q25T,0.8736875157431321
Q25V,0.453165243794239
Q25W,0.704281751845167
Q25Y,0.8289511339587851
L26A,-0.028679782789612
L26C,-0.0224097488469271
L26D,-0.0232343525981022
L26E,-0.0297087724051569
L26F,0.8633159697343159
L26G,-0.0297201572586986
L26H,-0.0278916189002703
L26I,0.909580609450498
L26K,-0.020579042661749
L26M,0.685497284087612
L26N,-0.0166734891647893
L26P,-0.0168092022207411
L26Q,-0.0241536316664198
L26R,-0.0295101645241743
L26S,-0.0339210763328439
L26T,-0.0159702763137981
L26V,0.5756710454351309
L26W,-0.025980619180559
L26Y,-0.0263158135976565
K27A,0.319312122448486
K27C,0.556219013072473
K27D,-0.0204770644932093
K27E,-0.0268407114936089
K27F,-0.0229573510288762
K27G,-0.0183505888610074
K27H,-0.0117880492536953
K27I,0.421947413501276
K27L,0.361765429374909
K27M,0.0238264162402042
K27N,-0.0154241628184456
K27P,-0.0180979761037593
K27Q,-0.0295787199798295
K27R,0.509726274293441
K27S,-0.0066532513724623
K27T,0.292487341723413
K27V,0.345130524631922
K27W,-0.0201231833689435
K27Y,-0.0201426832936271
E28A,0.8297622542354091
E28C,0.840914919619478
E28D,0.924975793487269
E28F,0.0262236564937074
E28G,0.6891039832189498
E28H,0.7891022807717719
E28I,0.0727470391610861
E28K,0.8539282850284869
E28L,0.623354892766715
E28M,0.781766545211537
E28N,0.909392276285803
E28P,-0.0330692656956511
E28Q,0.969359411446714
E28R,0.7462837415366089
E28S,0.904244620658571
E28T,0.911791883189454
E28V,0.3896663177373879
E28W,0.378935649986634
E28Y,0.367473436433777
V29A,0.999799228703512
V29C,0.944219006699148
V29D,0.7320062857420251
V29E,0.9768627554991608
V29F,1.0423679657134202
V29G,0.573905039577119
V29H,1.05817533381913
V29I,1.01208232657939
V29K,0.970856185642774
V29L,1.11488063848406
V29M,1.07455985855312
V29N,0.8223085864394291
V29P,-0.027808047152931
V29Q,0.9640677706043492
V29R,0.918301282654957
V29S,0.8853599189778579
V29T,0.972860843355515
V29W,0.988167076296974
V29Y,1.06110907987864
V30A,0.548134179677398
V30C,0.821360308011263
V30D,-0.0251343834128792
V30E,-0.0177244070338684
V30F,0.586765992322736
V30G,-0.0256250774810468
V30H,-0.0229458139783661
V30I,0.835377293718655
V30K,-0.024002443082821
V30L,0.43365802898317
V30M,0.367107684352906
V30N,-0.026209908622952
V30P,-0.029434770642817
V30Q,-0.0199335688308513
V30R,-0.020068268558686
V30S,-0.0264933285886892
V30T,0.24245770981944
V30W,0.521760067659915
V30Y,-0.0256969547994766
A31C,0.264059703449024
A31D,-0.025189634059148
A31E,0.7094923598202701
A31F,-0.0048941114313278
A31G,0.94353206596249
A31H,0.0685470594264294
A31I,-0.0284550490770857
A31K,-0.0237821261176695
A31L,-0.0251562587331415
A31M,0.134446952242292
A31N,-0.017099347070404
A31P,-0.0370320924258752
A31Q,0.4593758819664311
A31R,-0.0152359459794761
A31S,0.9834368022832992
A31T,0.2840816892755461
A31V,-0.0224526339091186
A31W,-0.0206978701900421
A31Y,-0.017950985458046
K32A,1.08933117315563
K32C,0.9831053010252392
K32D,0.8481072080298209
K32E,0.9677829173127328
K32F,0.9660318798740692
K32G,0.860136818194633
K32H,1.04267431893856
K32I,0.9210510820597908
K32L,1.15567830372896
K32M,1.01006265623389
K32N,0.969950445551067
K32P,-0.0335092065946458
K32Q,1.03004743534427
K32R,1.01620945660175
K32S,0.979009275312963
K32T,0.9654298372781752
K32V,1.02094183719418
K32W,0.947479137400788
K32Y,1.0140159797569102
R33A,0.74362744935135
R33C,0.5918438579340101
R33D,0.455929414581177
R33E,0.6144844822715849
R33F,0.487637068328296
R33G,0.5698282494441489
R33H,0.670611648999938
R33I,0.7427825181360028
R33K,0.9470511787122752
R33L,0.808364386885895
R33M,0.951691847017234
R33N,0.6660585563717111
R33P,-0.0202372112596655
R33Q,0.838149053345901
R33S,0.831154655530637
R33T,0.7261583888520842
R33V,0.5699954357390711
R33W,0.519891069051682
R33Y,0.6906914294007801
Q34A,0.9084225977505608
Q34C,0.990551776644524
Q34D,0.576026031660208
Q34E,1.0634888058151
Q34F,1.00922591395912
Q34G,0.6985098346913678
Q34H,1.04790242417146
Q34I,1.07773926508381
Q34K,0.7603980756780921
Q34L,0.905110036952754
Q34M,0.8624428078507801
Q34N,1.02923375915058
Q34P,-0.0255098292029841
Q34R,0.8970758992614789
Q34S,0.975990623319654
Q34T,1.01973210244069
Q34V,1.06977549752167
Q34W,1.00319193935765
Q34Y,1.01819163948002
G35A,0.868007940271117
G35C,0.877413565545657
G35D,0.8314625666335641
G35E,0.713777401243506
G35F,0.4283217678979209
G35H,0.821377262948482
G35I,0.0583175004339716
G35K,0.853298956670433
G35L,0.6582171503380739
G35M,0.7700003371223628
G35N,0.990171578582735
G35P,-0.0216092084083999
G35Q,0.869327596905551
G35R,0.7976167712645309
G35S,0.883902864939396
G35T,0.4185149731941501
G35V,0.258098120087633
G35W,0.0127163259546554
G35Y,0.292769819082379
V36A,0.528198083885603
V36C,0.797206039348617
V36D,-0.015530711563737
V36E,0.0595466973170118
V36F,0.423648567333789
V36G,-0.0191185733167238
V36H,0.0947154146873082
V36I,0.981382819404365
V36K,0.3811323002222971
V36L,0.904191556371609
V36M,0.731255010119784
V36N,-0.0254877665916246
V36P,-0.0178261432579475
V36Q,0.334890372056086
V36R,0.160393648613165
V36S,0.0393968977135043
V36T,0.623378209218648
V36W,0.1476756987927099
V36Y,0.53264718762212
P37A,0.944811534408066
P37C,0.9100082900514068
P37D,1.0063352776395602
P37E,1.02285004118264
P37F,0.741667522838693
P37G,0.7695040934753621
P37H,0.923879155902217
P37I,0.755707167090304
P37K,0.875270635441615
P37L,0.804933092281774
P37M,0.8650341274252691
P37N,0.94636652212444
P37Q,0.947059937348262
P37R,0.949696238165648
P37S,0.962641700476365
P37T,0.8997278019806909
P37V,0.835603446367885
P37W,0.56883925282509
P37Y,0.743398630332544
A38C,0.849067437128101
A38D,0.188154154247261
A38E,0.7601199235698721
A38F,0.4168383025271961
A38G,0.6729649319210289
A38H,0.761486470743981
A38I,0.8909024062773059
A38K,0.466938130875521
A38L,0.8224014084683829
A38M,0.777530860122625
A38N,0.5418027006251129
A38P,0.9594916469445148
A38Q,0.7003510287750301
A38R,0.655778391705771
A38S,0.938834375428295
A38T,0.951566742093717
A38V,1.01970124675426
A38W,0.598559154873614
A38Y,0.329268838635024
D39A,0.852069552688231
D39C,0.7381064977631829
D39E,1.00859610316197
D39F,0.1629981511469649
D39G,0.799331065913256
D39H,0.8356200581587958
D39I,0.211790779214886
D39K,0.7365020410626679
D39L,0.201607223590692
D39M,0.397513130552242
D39N,0.932499375395235
D39P,0.4441005067661229
D39Q,0.892683588445001
D39R,0.629905210986907
D39S,0.881004835786062
D39T,0.818862186903901
D39V,0.334011282507626
D39W,0.643610109510217
D39Y,0.502075959408698
Q40A,0.892062449598971
Q40C,0.856593203264208
Q40D,1.06548468322371
Q40E,1.07793484760672
Q40F,0.7053836168866969
Q40G,0.9608224002291328
Q40H,0.9045437689322592
Q40I,0.640804480309809
Q40K,0.6635419366122
Q40L,0.8132430616035059
Q40M,0.924280073139277
Q40N,0.928240911473107
Q40P,0.233491945841727
Q40R,0.7956443201878829
Q40S,0.9869566742582802
Q40T,0.999541846562351
Q40V,0.667880267866984
Q40W,0.681259563333334
Q40Y,0.772286915120499
L41A,-0.0276652725224454
L41C,0.4067964909786989
L41D,-0.0292456284346424
L41E,-0.0228180951772284
L41F,0.462386452931576
L41G,-0.0204013743290032
L41H,-0.0213614010221456
L41I,0.307044471066201
L41K,-0.0231270889944556
L41M,0.772267560088871
L41N,-0.0227326914869447
L41P,-0.0219349341631243
L41Q,0.4088406709264929
L41R,-0.0260514099274489
L41S,-0.0165241459579137
L41T,-0.0263213393751862
L41V,-0.0175557379039395
L41W,-0.0174212845314028
L41Y,0.0166663271343819
R42A,1.056053936209
R42C,1.02017505639924
R42D,0.849525384093367
R42E,0.7924367083114459
R42F,0.314919365343019
R42G,0.6375611596813959
R42H,0.9191758149228678
R42I,0.97005756926372
R42K,0.901809800102029
R42L,0.7908805313148422
R42M,0.948393895203446
R42N,0.5687165783807671
R42P,-0.0208111864129388
R42Q,0.93440026457769
R42S,1.03172988680261
R42T,1.0054171794968498
R42V,1.01362159987816
R42W,0.0889349242909206
R42Y,0.498841840901298
V43A,0.992978256004432
V43C,1.04588283723259
V43D,-0.0258221734199999
V43E,-0.015812208934011
V43F,0.4204944435023889
V43G,-0.019857368112659
V43H,-0.0212357445881501
V43I,0.6722296267482221
V43K,-0.0301662335024087
V43L,0.794220198827309
V43M,0.590233744339187
V43N,-0.0140356220188644
V43P,-0.0258202947733884
V43Q,-0.0179765594612969
V43R,-0.0191197583095786
V43S,-0.02544125430797
V43T,0.290034294689786
V43W,-0.0296862857240709
V43Y,-0.0238008419224295
I44A,0.3529952384485129
I44C,0.793428095606855
I44D,-0.0230308397988679
I44E,0.3320045656826779
I44F,0.732985539289165
I44G,-0.015663644631127
I44H,0.291373532814921
I44K,-0.0208410098249907
I44L,0.8596086088057591
I44M,0.8574600671758079
I44N,0.0160129677689459
I44P,-0.0233676427985925
I44Q,0.110707493385125
I44R,-0.0153932341417764
I44S,0.3587842771297511
I44T,0.470228208809644
I44V,1.03088381491163
I44W,0.7510645870155109
I44Y,0.7097010567457092
F45A,1.01332822389478
F45C,0.975473920657936
F45D,-0.014068373261323
F45E,0.0319230907965812
F45G,0.8611573307905258
F45H,1.02303565311369
F45I,0.6485537343924941
F45K,0.881141159495569
F45L,0.8920114513253691
F45M,0.72937538554714
F45N,0.8086034935987769
F45P,-0.0267424827840661
F45Q,0.840719149197695
F45R,0.754015210571469
F45T,0.6762376461318069
F45V,1.02711914864768
F45W,0.7335101189320491
F45Y,1.0110578233443002
A46C,0.979798294160168
A46D,0.955952864032293
A46E,1.01754981872848
A46F,0.41967823758833
A46G,0.9718948468163991
A46H,1.03205689801828
A46I,0.0073277099430476
A46K,1.0268940687456
A46L,0.892751337160787
A46M,1.03218614771127
A46N,1.04480425278801
A46P,-0.0290161274623125
A46Q,1.1269373656415602
A46R,1.06845547524861
A46S,0.936471302038697
A46T,0.646604139791328
A46V,0.188128557680015
A46W,0.62453663370133
A46Y,0.6191446648746429
G47A,-0.0121868286258951
G47C,0.262935856874624
G47D,0.5887546042215129
G47E,0.0363505549428523
G47F,0.196382488339221
G47H,0.191374106916311
G47I,-0.0268358528833183
G47K,-0.0332842409413474
G47L,0.7359491326285401
G47M,0.973644856340796
G47N,0.671861332244903
G47P,-0.0306363311879807
G47Q,0.188811360002077
G47R,-0.0217781928687486
G47S,0.0712148258177156
G47T,-0.0217391477802531
G47V,-0.0289003723783204
G47W,-0.0198386917479233
G47Y,0.3910589196733811
K48A,0.433104751668881
K48C,0.435823816609053
K48D,-0.0051555983189571
K48E,0.38680411664716
K48F,0.0379409284367034
K48G,0.135231286521894
K48H,0.814424506663177
K48I,0.337363965321545
K48L,0.320031956753436
K48M,0.557449564583533
K48N,0.536225117430819
K48P,-0.026722116198322
K48Q,0.8294767816958051
K48R,1.01376244520907
K48S,0.420218924302504
K48T,0.6180554273935269
K48V,0.542468235056944
K48W,-0.0302504112071427
K48Y,0.2105205031407
E49A,-0.0041583239805344
E49C,0.0245428520138294
E49D,0.361145123914256
E49F,-0.024014394581739
E49G,-0.0245482304395863
E49H,0.0012251272144819
E49I,0.492424654310621
E49K,-0.0059252191435048
E49L,0.209066291325764
E49M,-0.0086226864021923
E49N,-0.0122682507317484
E49P,0.1452379116727399
E49Q,0.333434509297138
E49R,-0.0287945125022204
E49S,-0.0171499012090259
E49T,0.0847775539430783
E49V,0.3245418209056839
E49W,-0.0207008521480247
E49Y,-0.0176286316738453
L50A,0.224610722704754
L50C,0.533436433840017
L50D,-0.0215879557132472
L50E,-0.0194827246193722
L50F,-0.0148668732735557
L50G,-0.0194536776874522
L50H,-0.023186698258786
L50I,0.053294911853644
L50K,-0.0234645805030414
L50M,0.7323330594871821
L50N,-0.0241738655789331
L50P,-0.0246798678181929
L50Q,0.202662236086227
L50R,-0.0171951429054589
L50S,-0.0217065687154936
L50T,-0.0284864611067951
L50V,0.0727374881462549
L50W,-0.0060012684718062
L50Y,-0.0153964942580889
R51A,0.9796972679289472
R51C,0.925014234541264
R51D,0.9471559827675872
R51E,0.974634985917076
R51F,0.9262546241125592
R51G,0.6607203623505121
R51H,1.06190534092217
R51I,0.7190267330482459
R51K,1.03904868148587
R51L,1.00943376059922
R51M,1.04228271999844
R51N,0.967825626429234
R51P,0.9717176568274308
R51Q,1.06822591707118
R51S,0.8985702895240809
R51T,0.591878968890768
R51V,0.6797052072920949
R51W,0.6039749575118001
R51Y,0.885146734597779
N52A,0.6377277836622679
N52C,0.3091128079624389
N52D,1.04545813953189
N52E,0.982654866563613
N52F,-0.0291383468344559
N52G,0.7757323546688041
N52H,0.35424939293664
N52I,-0.0282019479832223
N52K,-0.0094908689100963
N52L,-0.0233967140470919
N52M,0.0110142711221277
N52P,0.7860826067017321
N52Q,0.577711141975171
N52R,-0.0215269607588385
N52S,0.8357666935014259
N52T,0.163003191788123
N52V,-0.028569864056971
N52W,-0.0124053679241864
N52Y,-0.0183448502534595
D53A,0.728035677351144
D53C,0.7455359705989459
D53E,1.04803925307263
D53F,0.286727117584913
D53G,0.628947273543874
D53H,0.967183452024764
D53I,0.126568580492029
D53K,0.44235792859307
D53L,0.14852461108932
D53M,0.3801313367125441
D53N,0.962578785724245
D53P,0.449691540151341
D53Q,0.8551492275159809
D53R,0.407961871530262
D53S,0.930471541606105
D53T,0.805123638266765
D53V,0.22742925597364
D53W,0.562282877675434
D53Y,0.534932024327318
W54A,1.01727011634115
W54C,0.916667613152728
W54D,1.00475046278815
W54E,0.985189990346746
W54F,0.8092652614518849
W54G,0.5779343771747739
W54H,0.835715917853717
W54I,0.742495135934762
W54K,0.8344099372194491
W54L,0.986537382409034
W54M,1.02198530983104
W54N,0.733574595825273
W54P,-0.0259473203991816
W54Q,1.03143563659791
W54R,0.8480788580387
W54S,0.9174654064819352
W54T,0.82107958927073
W54V,0.8548223693042549
W54Y,0.8146584166306821
T55A,0.625903157489201
T55C,0.7561890797047
T55D,0.252616842163772
T55E,0.5488931378032679
T55F,0.601063051601834
T55G,0.195881188835388
T55H,0.626269000225656
T55I,0.94480602775466
T55K,0.8905763068973829
T55L,1.00885120962508
T55M,0.8567102299489879
T55N,0.7709545996452459
T55P,0.508400337843755
T55Q,0.799343984304457
T55R,0.854176896535033
T55S,0.916675148667912
T55V,0.8184380549638308
T55W,0.086643974815937
T55Y,0.559545514759349
V56A,0.5791390834464799
V56C,0.8624962508379309
V56D,-0.0237539601189242
V56E,-0.0284002429410579
V56F,0.6599675535976639
V56G,-0.0202466820096581
V56H,-0.0181463644635295
V56I,1.0553086754655698
V56K,-0.0199563226945928
V56L,1.00097279683725
V56M,1.0140470004200002
V56N,-0.0247619621002663
V56P,0.0827903249674248
V56Q,-0.0214613547833683
V56R,-0.0229187564550347
V56S,-0.0224537039623487
V56T,0.288322622913056
V56W,0.5701096817382659
V56Y,-0.0087671925502847
Q57A,1.02396789850238
Q57C,0.855159309411184
Q57D,0.944546847952752
Q57E,0.957510883434003
Q57F,0.7650761775083961
Q57G,1.02631891732277
Q57H,0.855339478645319
Q57I,0.768235557704887
Q57K,1.00331173981208
Q57L,0.8302223046696908
Q57M,0.909196593022792
Q57N,0.927493191645468
Q57P,0.450868946150204
Q57R,1.0117643365725402
Q57S,1.00419372593646
Q57T,0.959433212383399
Q57V,0.7696286082666058
Q57W,0.647138947208745
Q57Y,0.7442013720341221
N58A,1.04025984983504
N58C,0.8714505852546061
N58D,1.06279698076765
N58E,1.07673361872866
N58F,0.9776812550212371
N58G,1.00114695537541
N58H,0.990922732963954
N58I,0.6403785051621751
N58K,1.01061115657086
N58L,0.7736419285022891
N58M,1.08797692025198
N58P,-0.0218898979708618
N58Q,1.05810345162175
N58R,0.98671229537702
N58S,1.01612343291769
N58T,0.943775788968606
N58V,0.6928350246499029
N58W,0.6075951512612889
N58Y,0.9604756343040708
C59A,0.8260823054467159
C59D,-0.0215262668475176
C59E,-0.0239540779520885
C59F,0.249002634048246
C59G,0.0342056699851439
C59H,0.0224028789196973
C59I,0.595770658651528
C59K,-0.0097914430068099
C59L,0.7335627151938949
C59M,0.617391166862354
C59N,-0.0175470374518843
C59P,-0.0133562428159034
C59Q,0.0127420830017741
C59R,-0.0287443139793466
C59S,0.8638977648522891
C59T,0.861045170478148
C59V,0.5911470202835489
C59W,-0.0034980411339851
C59Y,0.5597841183832349
D60A,0.953569530697212
D60C,0.94104275200615
D60E,1.02850517289051
D60F,0.7605440026719341
D60G,1.06393433782765
D60H,1.02080660092305
D60I,0.8062933395648021
D60K,1.0639038567710402
D60L,0.889645589464995
D60M,0.895659888867072
D60N,1.07047482138839
D60P,0.647953240656589
D60Q,1.1282319180495302
D60R,1.03414212328952
D60S,0.966208091775004
D60T,0.702000864566596
D60V,0.764444062688638
D60W,0.357553221596205
D60Y,0.5916683249426999
L61A,-0.0072802035557112
L61C,0.154820455239661
L61D,-0.012871681567105
L61E,-0.0242293550282095
L61F,0.900800728926024
L61G,0.0024525536035419
L61H,-0.0148494380339006
L61I,1.00860402037914
L61K,-0.0237309476807188
L61M,0.969368239342701
L61N,-0.0255849219909235
L61P,-0.014418974791164
L61Q,-0.0123527724600622
L61R,-0.0216381370147001
L61S,-0.020219816528044
L61T,0.000674060811451
L61V,0.7462678555392941
L61W,0.29550131337764
L61Y,-0.0073650188128647
D62A,1.04312796813456
D62C,0.970270328546874
D62E,1.06304521586337
D62F,0.888130269635894
D62G,1.00328410294216
D62H,1.07420138517458
D62I,0.930753470065976
D62K,1.04993170913175
D62L,0.9005498995362831
D62M,1.0195824426829498
D62N,1.03479781298654
D62P,1.0416419069150602
D62Q,1.0870900359389302
D62R,1.03091692513439
D62S,1.024063316399
D62T,1.04441818218346
D62V,1.0160419250768
D62W,0.708275134356415
D62Y,0.941900257465642
Q63A,1.00246372390277
Q63C,0.962248793695511
Q63D,1.11915268188876
Q63E,1.0413044093006298
Q63F,0.8322843890978471
Q63G,0.905263151122122
Q63H,1.07443971817433
Q63I,0.565585673734702
Q63K,0.9387256943997208
Q63L,0.603488301216045
Q63M,0.9545432756522528
Q63N,1.07637357766836
Q63P,1.07613706028665
Q63R,0.909563491749452
Q63S,1.01563060818926
Q63T,0.983299683520505
Q63V,0.7880397948789141
Q63W,0.8537002477287858
Q63Y,0.92716840445449
Q64A,1.0269370418880002
Q64C,1.02666996197031
Q64D,1.02387979715708
Q64E,1.01703526484403
Q64F,1.05151873644107
Q64G,1.01940119384204
Q64H,1.06671729519173
Q64I,0.3551621628289621
Q64K,1.054772106193
Q64L,0.94242328276403
Q64M,0.997244499176518
Q64N,1.0540288241539302
Q64P,0.810657287200893
Q64R,1.09233346199431
Q64S,1.05850118369595
Q64T,0.925588422976158
Q64V,0.5560857982287509
Q64W,0.9123899470688208
Q64Y,1.01957367325393
S65A,0.990677575400833
S65C,0.904651990147536
S65D,0.8826193328082881
S65E,0.469972319671631
S65F,0.2314986380671689
S65G,0.764006567348463
S65H,0.58178964807308
S65I,0.197558279037018
S65K,0.656257141866922
S65L,0.2677792854136219
S65M,0.49756293034342
S65N,0.77083849569727
S65P,0.9582175108559292
S65Q,0.7200213420868321
S65R,0.69156241226531
S65T,0.649410527178722
S65V,0.355091829353158
S65W,-0.0021208047123627
S65Y,0.235047379022716
I66A,0.714191643437641
I66C,0.9669210169812048
I66D,0.189988766183457
I66E,0.719867062407326
I66F,0.5852085843994521
I66G,0.2352256979899969
I66H,0.8752912648120269
I66K,0.146903969360574
I66L,0.821923318515097
I66M,0.81164584233463
I66N,0.3856385011564249
I66P,0.5811363636312471
I66Q,0.560608799415318
I66R,0.590035530897547
I66S,0.7541945930413481
I66T,1.022192913806
I66V,1.07507002430321
I66W,0.8081238951312341
I66Y,0.94578072779412
V67A,-0.0239374089973372
V67C,0.433487836590366
V67D,-0.0224421574885374
V67E,-0.0247379409715076
V67F,0.827335070134511
V67G,-0.0225786336442645
V67H,0.0059955899482089
V67I,0.952898202316155
V67K,-0.027366862527686
V67L,0.949805658276325
V67M,0.517303623145662
V67N,-0.0266229607805192
V67P,-0.0233206546487912
V67Q,-0.0171547384650546
V67R,-0.0270458325581502
V67S,-0.0234161916611759
V67T,-0.0155044391812112
V67W,-0.012181668306234
V67Y,0.154065291026912
H68A,0.192141304303562
H68C,0.412423980030826
H68D,1.03847724014521
H68E,0.748239618830131
H68F,0.0173839029789993
H68G,-0.0237736868677009
H68I,0.0942779524300834
H68K,-0.0170107990786935
H68L,-0.0239203427837973
H68M,0.230956705636282
H68N,0.893612931751102
H68P,-0.0219939091624057
H68Q,0.4665524501901749
H68R,-0.0184772605527942
H68S,0.570713558934577
H68T,0.473572005393787
H68V,0.361328102692136
H68W,0.0368658102407015
H68Y,0.171989052645119
I69A,0.896501598400044
I69C,0.9831482343843108
I69D,-0.017871503729196
I69E,-0.028824241449304
I69F,0.6069952086010589
I69G,-0.0236920561440604
I69H,-0.0201292028918355
I69K,-0.0298143169512406
I69L,0.521613092781973
I69M,0.897856905881627
I69N,-0.0311792917033953
I69P,-0.0273817412604359
I69Q,-0.0253041436578839
I69R,-0.021158457705778
I69S,-0.0258387697779159
I69T,-0.0214506809909055
I69V,1.0485537116095
I69W,-0.0249004247604024
I69Y,-0.0277013583598966
V70A,0.145344227536832
V70C,0.483207336543707
V70D,0.3625595644889649
V70E,0.562473322499859
V70F,0.4598682688557079
V70G,-0.0232748234232052
V70H,0.189428102378453
V70I,0.9924051401545892
V70K,0.0264375614416361
V70L,0.6441631263566661
V70M,0.5065116258974
V70N,0.0358626547952425
V70P,-0.0255610117237737
V70Q,0.298435443137094
V70R,-0.0045475012384402
V70S,0.136257335828249
V70T,0.367186338798128
V70W,0.098337300502243
V70Y,0.4834450609949171
Q71A,0.805801489608498
Q71C,0.7540749335514451
Q71D,0.8319919480005971
Q71E,1.00818894711041
Q71F,0.505906475059531
Q71G,0.491849163468151
Q71H,0.828158415019272
Q71I,0.535263167291985
Q71K,0.843417734950402
Q71L,0.699997602426043
Q71M,0.854940158354456
Q71N,0.797905499036867
Q71P,0.7115271349137321
Q71R,0.9019407432863092
Q71S,0.837100052871055
Q71T,0.921505964388356
Q71V,0.718942063376279
Q71W,0.636336939015842
Q71Y,0.657527472886577
R72A,1.00659517632395
R72C,1.04143608284433
R72D,1.07085666857896
R72E,1.00637320336976
R72F,1.01786748850448
R72G,0.979145701532214
R72H,1.06254913718849
R72I,1.02839009254675
R72K,1.04460718311308
R72L,1.12433770434966
R72M,1.12714029954852
R72N,1.0719309583786898
R72P,0.736815208165461
R72Q,1.0715599421177
R72S,1.05868579713047
R72T,1.04210526829697
R72V,1.0108726798408
R72W,1.04132350722922
R72Y,1.05451310792432
P73A,0.8985335638793801
P73C,0.8187180109990871
P73D,0.9841928849387868
P73E,0.945975824700026
P73F,0.6654052417102649
P73G,0.863910984210746
P73H,0.864109570767007
P73I,0.7520016087030359
P73K,0.7978791328276801
P73L,0.838156642645177
P73M,0.77417153382997
P73N,0.91661327499765
P73Q,0.972561006804122
P73R,0.7466811970908059
P73S,0.813097833870944
P73T,0.931853652493902
P73V,0.8818776908816139
P73W,0.520285510749311
P73Y,0.822061584140126
W74A,1.04549695225536
W74C,1.00862035417695
W74D,0.984210816490711
W74E,1.04208217097126
W74F,1.02311787273636
W74G,0.991858755454128
W74H,0.99183221961001
W74I,0.95989281409538
W74K,0.955093821726297
W74L,1.02778548463789
W74M,0.987252946122445
W74N,1.01112557143997
W74P,1.03178014745135
W74Q,1.01598988756099
W74R,0.988681718001485
W74S,1.01336848677494
W74T,1.01564306929069
W74V,1.0285336674317802
W74Y,0.946444873859554
R75A,0.96512680487807
R75C,0.938531448789258
R75D,1.0113264375758002
R75E,1.03347965761056
R75F,1.02668124643484
R75G,1.00614608074726
R75H,0.9872487475297
R75I,1.02122778191444
R75K,1.01358329388063
R75L,0.964296853132347
R75M,1.01267723230993
R75N,1.0396857756005
R75P,1.0194116344771802
R75Q,1.04421700484141
R75S,1.01660628850696
R75T,1.02217468048504
R75V,0.996159764657264
R75W,1.00700633921847
R75Y,0.99052778109947
K76A,1.03611706759345
K76C,1.03055662241291
K76D,1.04459207897123
K76E,1.09600678783073
K76F,1.05361552363765
K76G,1.06161257290013
K76H,1.05892475589213
K76I,1.10733792705907
K76L,1.11255553796927
K76M,1.070088075306
K76N,1.03418586111418
K76P,1.09277750220939
K76Q,1.02782313006
K76R,1.03817950059343
K76S,1.05678270238685
K76T,1.05038444932073
K76V,1.0658456444539
K76W,1.03867639579051
K76Y,1.01971668796429
G77A,0.969269869240021
G77C,1.02717786267656
G77D,1.05974363863409
G77E,0.983036426404703
G77F,1.02392568710257
G77H,0.994170595030696
G77I,1.03969326982352
G77K,0.905250895886052
G77L,1.03757828446104
G77M,1.01709568418558
G77N,0.983347628750045
G77P,1.0252631994560502
G77Q,0.9886339809316188
G77R,0.8827539396645001
G77S,0.9989827163513108
G77T,0.9856901597668772
G77V,1.00505870135547
G77W,1.01012398897499
G77Y,0.99682610741937
Q78A,1.06574425312963
Q78C,1.03399139459943
Q78D,1.0846386535560602
Q78E,1.08274151339958
Q78F,1.03821741200495
Q78G,1.01234776803702
Q78H,0.980866166862124
Q78I,1.05358825589882
Q78K,0.9653699157586412
Q78L,1.04471833156375
Q78M,1.00987576948981
Q78N,0.998313384847047
Q78P,1.05980105228078
Q78R,0.967326694914368
Q78S,1.02209432606125
Q78T,1.00129633368391
Q78V,1.03207643622866
Q78W,1.05515915817852
Q78Y,1.04478233378716
E79A,0.941297905125488
E79C,0.9245507883905508
E79D,1.01840239240205
E79F,0.97040142947524
E79G,1.00249229912845
E79H,1.00030361313711
E79I,0.97161695256751
E79K,0.9248475824996312
E79L,1.01810993164677
E79M,0.96883929521625
E79N,0.953897533225114
E79P,0.995163283792994
E79Q,0.965340601599175
E79R,0.9200552455605352
E79S,1.0060173281691
E79T,1.00909408047704
E79V,0.9497630974798872
E79W,0.9532770298927372
E79Y,0.92264768741624
M80A,1.00997099328857
M80C,0.955094362587644
M80D,1.04091875740795
M80E,1.03524191488347
M80F,1.02537745651962
M80G,1.03305246144669
M80H,0.988585500648322
M80I,1.00773637037082
M80K,0.964782332342427
M80L,1.03625887733876
M80N,0.966394360977627
M80P,1.02140100520282
M80Q,1.00200568220531
M80R,0.9340681277591508
M80S,0.969789471706187
M80T,0.968652042967518
M80V,1.00539173575097
M80W,0.9790978503131228
M80Y,0.9877673829781172
N81A,1.05523155848157
N81C,1.08572882256062
N81D,1.06549570464071
N81E,1.07819422033705
N81F,1.0758176193121198
N81G,1.06581427201071
N81H,1.0515917350560602
N81I,1.04736459504491
N81K,0.992850667773502
N81L,1.07177284059992
N81M,1.02874176175963
N81P,1.04783806895113
N81Q,1.01588298904692
N81R,0.97521889934192
N81S,1.05739951572919
N81T,1.04429722796028
N81V,1.04095033895558
N81W,1.05246905630208
N81Y,1.07782766013748
A82C,0.9430345358091468
A82D,0.922810867289414
A82E,1.02799069704756
A82F,0.9847133759266072
A82G,0.827769643540183
A82H,0.835253956150328
A82I,0.995238127538093
A82K,1.01284321579318
A82L,1.05147748882705
A82M,1.01322472554244
A82N,0.936466807512723
A82P,1.0513053049617
A82Q,1.01786799529828
A82R,0.990956499296964
A82S,0.971632548944591
A82T,1.00126169536383
A82V,1.03621723848035
A82W,1.02746174874164
A82Y,0.9991912271760992
T83A,0.992434580739328
T83C,0.972579370296536
T83D,1.00145350659606
T83E,1.04749144303743
T83F,1.04392461930753
T83G,0.9920919227407
T83H,0.950074062133255
T83I,1.0411119298474
T83K,0.9720229420034908
T83L,1.0399371861214302
T83M,1.03410417054398
T83N,0.966447724427065
T83P,1.02712478723736
T83Q,1.03754838155472
T83R,0.967001849830597
T83S,1.01341247469981
T83V,1.03262042528377
T83W,1.01731786545921
T83Y,1.03519494895644
G84A,1.02541078384387
G84C,1.0011974568233002
G84D,0.9929040881173852
G84E,0.987034388389758
G84F,1.02513035601298
G84H,0.9287572177582312
G84I,1.00031306495961
G84K,0.985195062944449
G84L,0.992453322263522
G84M,0.9974708484249292
G84N,0.949635103507596
G84P,1.01813960805773
G84Q,0.957067101086802
G84R,0.966281257139129
G84S,0.9810844317869608
G84T,0.9971630579759392
G84V,1.02068820384454
G84W,0.987946698678013
G84Y,0.9866623019898572
G85A,1.00389150632744
G85C,0.989714863160346
G85D,1.0533312515584998
G85E,1.00323817403175
G85F,1.00926184292608
G85H,1.0135615305298802
G85I,0.987394307208216
G85K,0.975400840963123
G85L,1.0203980595514002
G85M,1.00231630575244
G85N,1.00076129001641
G85P,0.9785979429469372
G85Q,0.973261736712749
G85R,0.934770575918958
G85S,0.987939337675822
G85T,1.00660394350587
G85V,0.97515407045248
G85W,0.962701554198897
G85Y,1.01755734699128
D86A,0.972393795150263
D86C,0.917915328782631
D86E,1.00673878034184
D86F,0.9834474356702622
D86G,0.989025639055854
D86H,0.935064856541685
D86I,0.9962113435535328
D86K,0.9475051231416872
D86L,0.984991666868924
D86M,0.980186509945453
D86N,1.00545898011606
D86P,0.94042893952816
D86Q,0.9312059311653472
D86R,0.948817857272463
D86S,0.983567390197009
D86T,0.996779575734227
D86V,0.98497173635182
D86W,1.01292412565342
D86Y,0.994811633322067
D87A,0.949098080149696
D87C,0.986915190181172
D87E,1.03868523112373
D87F,1.00422263406065
D87G,0.959522540888348
D87H,0.955210448257772
D87I,1.00396818962429
D87K,0.9811244896814392
D87L,0.993869424935024
D87M,0.9619334085786948
D87N,0.908682014427345
D87P,0.96638292412349
D87Q,1.00299375788197
D87R,0.93287368727452
D87S,1.01681225688458
D87T,0.976225684947818
D87V,0.990995373872257
D87W,1.01069670320176
D87Y,0.947809171633502
P88A,0.928496075991503
P88C,0.919813753624094
P88D,1.02083236973001
P88E,0.9949881138757488
P88F,0.7085584605051171
P88G,0.98351268169304
P88H,0.815543625851121
P88I,0.99829906415288
P88K,0.932634957981256
P88L,1.00857404257811
P88M,0.957459455772428
P88N,0.9490547780091072
P88Q,0.964426380583726
P88R,0.929394081315562
P88S,0.953903853472215
P88T,1.01512713045563
P88V,0.979309684460511
P88W,0.874558159558015
P88Y,0.7434903851780491
R89A,1.04277913623781
R89C,1.0060645743053
R89D,1.05688296909391
R89E,1.06303288214672
R89F,1.01379539395222
R89G,1.03535424867165
R89H,1.0032166823166
R89I,1.0161325700299
R89K,1.00613763923661
R89L,1.02100308499628
R89M,1.03812397114024
R89N,1.0439043246846
R89P,1.01520304686947
R89Q,1.03893132891213
R89S,1.00702439333983
R89T,1.04341995477777
R89V,1.01911812089382
R89W,1.02202848622585
R89Y,1.02672943516282
N90A,0.89553769631511
N90C,0.9789449690339592
N90D,1.01870193578898
N90E,1.01459202721895
N90F,1.02957136115547
N90G,1.06079124802547
N90H,0.988144520088636
N90I,1.0032878946029
N90K,0.990492044970354
N90L,1.02031085286456
N90M,1.02858671060438
N90P,1.00725984448617
N90Q,0.989289971871642
N90R,0.986380736571735
N90S,1.02335519237888
N90T,0.992478394190607
N90V,1.02781953957942
N90W,0.918073197507914
N90Y,1.01611454924351
A91C,0.829346512290996
A91D,0.979998376107933
A91E,0.996614315515788
A91F,0.971776346332678
A91G,0.989014543844163
A91H,0.956544973895907
A91I,0.9994879089716942
A91K,0.939417783579934
A91L,1.00467161361898
A91M,0.964247685898361
A91N,1.00705129113497
A91P,1.00888012948183
A91Q,0.9856503813511728
A91R,0.9411488557015542
A91S,0.925109609025288
A91T,0.950132671625897
A91V,0.9901670499807328
A91W,0.920673584696034
A91Y,0.979134874897863
A92C,0.97537359265544
A92D,1.00435830988212
A92E,1.06410597592657
A92F,0.997850646215842
A92G,0.6809130130558281
A92H,1.01544943565979
A92I,1.01660330942345
A92K,1.01321317639077
A92L,1.03224636211204
A92M,1.01889563486259
A92N,1.00691400663678
A92P,0.993513172343012
A92Q,1.01184056410569
A92R,1.02214991600635
A92S,1.01238907968623
A92T,1.02665819714055
A92V,0.9744600199472632
A92W,1.0326917185018398
A92Y,0.975782762229554
G93A,1.03149078892312
G93C,0.9248031577834492
G93D,0.980937869899016
G93E,1.03132407210686
G93F,0.99750240286946
G93H,1.02588633632785
G93I,1.0324648419363198
G93K,0.955199923226947
G93L,0.9719885986907428
G93M,0.994019651096536
G93N,0.9921062110256028
G93P,0.9974262450846751
G93Q,0.995521778094711
G93R,0.9973287330889828
G93S,1.02312871885816
G93T,1.04970172533525
G93V,1.00924992994944
G93W,0.9862976006950028
G93Y,0.983436158386067
G94A,1.02245992961147
G94C,1.00125113992275
G94D,0.9879619423387908
G94E,1.03968105212801
G94F,1.01188192443902
G94H,1.0182537494432902
G94I,1.0045145802014102
G94K,0.974843942322723
G94L,1.03532890957503
G94M,1.00617213208778
G94N,0.9819542216755992
G94P,0.8627200460409549
G94Q,0.9631393154157571
G94R,0.98982457928751
G94S,0.9884284063162092
G94T,1.02438815417752
G94V,1.00164230989513
G94W,0.9824922893425432
G94Y,1.03363203786165
C95A,1.01950709483562
C95D,1.05253244567243
C95E,1.10285950527611
C95F,1.05899445236831
C95G,1.02198660815579
C95H,0.984300750077574
C95I,1.02100218958803
C95K,1.00909436352012
C95L,1.06959237109788
C95M,1.03903315297966
C95N,0.9936802898998508
C95P,1.06409891467048
C95Q,1.05051459186113
C95R,1.00754925522129
C95S,1.02556361139771
C95T,0.9644693081005709
C95V,1.0525000557353
C95W,1.01888769240679
C95Y,1.00187997108613
E96A,0.960225991810697
E96C,0.932323359971582
E96D,0.972183652181309
E96F,0.924754130198138
E96G,0.973213375794778
E96H,0.9526775674078292
E96I,0.934611901793228
E96K,0.912117381892524
E96L,0.973308220140456
E96M,0.986967828264034
E96N,0.937245016794263
E96P,0.985664864364964
E96Q,0.9893959085383548
E96R,0.895420104043261
E96S,0.9787205087146248
E96T,0.9580153409176708
E96V,0.96276440873432
E96W,0.916929345415754
E96Y,1.1793655128191898
R97A,1.03348545420154
R97C,0.929932415453899
R97D,1.0037824468686098
R97E,0.967058266990353
R97F,0.973021974306885
R97G,1.0621560928485
R97H,0.993184393033788
R97I,1.0196533103955
R97K,1.03505524258718
R97L,1.00156264879438
R97M,1.01492517171321
R97N,1.00448548492732
R97P,0.989087548066882
R97Q,1.01843039556053
R97S,1.0049898407780602
R97T,1.0062287802202
R97V,1.00175771341095
R97W,0.942786182935055
R97Y,0.966379452273612
E98A,0.9486521311060552
E98C,0.8512628979343109
E98D,0.982093580932996
E98F,0.939973013353808
E98G,0.9948519116283672
E98H,0.93592441429447
E98I,0.898033586787867
E98K,0.951964705652221
E98L,0.931571222845212
E98M,0.94096838863075
E98N,0.985093154976096
E98P,0.970995452029688
E98Q,0.97315435126032
E98R,0.930474492387962
E98S,0.979709157297016
E98T,0.935686985601396
E98V,0.95070279537126
E98W,0.88766804594817
E98Y,0.9060335811383092
P99A,1.02180239421836
P99C,0.948475239377629
P99D,1.07973554417771
P99E,1.08017889795743
P99F,0.959211942809946
P99G,1.03973922287145
P99H,1.01834377942646
P99I,0.9834535924821892
P99K,1.04509178829314
P99L,0.99165828437089
P99M,1.05064652961183
P99N,1.04249060136802
P99Q,1.0501921371795502
P99R,1.04673480043741
P99S,1.0442598074117
P99T,0.9906753271541032
P99V,0.984492137040586
P99W,0.965899959038665
P99Y,0.934440052441885
Q100A,1.00332477803438
Q100C,0.938242565029709
Q100D,1.02465200811173
Q100E,0.9878869074612578
Q100F,0.9198010518344092
Q100G,1.01690470046911
Q100H,0.984069865383888
Q100I,0.9130631917395048
Q100K,0.9910512944805492
Q100L,0.9805633132249272
Q100M,0.970511596100515
Q100N,1.01044135132518
Q100P,0.97159457514238
Q100R,0.982696333359686
Q100S,1.00713547584482
Q100T,0.98344798671863
Q100V,0.951205850818609
Q100W,0.938926945312782
Q100Y,0.921392137889827
S101A,0.978221954851676
S101C,0.918336732785058
S101D,1.04562560066401
S101E,1.04818810199603
S101F,0.8947961217254041
S101G,0.9780554834538407
S101H,0.9368797508400528
S101I,0.902145875073896
S101K,0.926805183988829
S101L,0.947423233425282
S101M,0.958366267416438
S101N,1.00145255930642
S101P,0.9993804816462908
S101Q,0.977299098626114
S101R,0.933971028604042
S101T,0.957754293711003
S101V,0.9392806189240892
S101W,0.8421776908069191
S101Y,0.9002142916071241
L102A,0.994608929466482
L102C,0.96210478362262
L102D,0.980746110161069
L102E,1.02944706717923
L102F,0.960722930874728
L102G,0.976861104658371
L102H,0.986525844796706
L102I,0.987418043172726
L102K,0.987821429011335
L102M,0.983062806250779
L102N,0.9976388498483272
L102P,0.990999908564192
L102Q,1.03263079176127
L102R,0.963680177292484
L102S,0.956114955318773
L102T,0.954867902505626
L102V,0.982619473487619
L102W,0.875743930891529
L102Y,0.900019611679347
T103A,1.00737993383896
T103C,0.968772738368348
T103D,1.02714173386473
T103E,1.06175096581481
T103F,0.8643100762199971
T103G,0.9943861480404368
T103H,0.9963901358834152
T103I,0.7920226494036959
T103K,0.9883679044701909
T103L,0.8660729046674269
T103M,0.931883136649437
T103N,1.01698920526832
T103P,1.00632751885015
T103Q,1.05229270633614
T103R,0.970157855501865
T103S,0.985474002842437
T103V,0.901213272998647
T103W,0.8102762020580941
T103Y,0.9170854640342893
R104A,0.999021972377241
R104C,1.01560547096958
R104D,1.02001559122146
R104E,0.9849012324309652
R104F,0.8541944415035378
R104G,1.0799222643215
R104H,1.01286334335112
R104I,0.7470881290097959
R104K,1.02110164613203
R104L,0.8896407416273421
R104M,0.927796336073916
R104N,1.01880743859871
R104P,1.01374836444659
R104Q,1.03109225549397
R104S,1.03225750205963
R104T,1.00870273188897
R104V,0.888753473126595
R104W,0.855572361103162
R104Y,0.924407689615367
V105A,1.10039661588201
V105C,1.07087247113878
V105D,1.05892008946618
V105E,1.01069676152928
V105F,0.9718591312901932
V105G,0.978065709890344
V105H,0.991015524046073
V105I,0.965376358882493
V105K,1.04371426827041
V105L,1.01641167519839
V105M,1.03752640911051
V105N,1.02774262369316
V105P,1.05191776409363
V105Q,1.04746337680603
V105R,1.01134457535272
V105S,1.05132289524332
V105T,1.04370234328613
V105W,0.9565106719455608
V105Y,1.0084234499061602
D106A,0.969419562669033
D106C,0.8210550940918441
D106E,0.95746198900289
D106F,0.561158022915655
D106G,0.989905142094137
D106H,0.940758474504193
D106I,0.5774975318936939
D106K,0.932345622166314
D106L,0.7122967948102379
D106M,0.810090231704897
D106N,0.9998397559236708
D106P,0.96696654700671
D106Q,0.928895404832176
D106R,0.8291578572918069
D106S,0.9676590511508628
D106T,0.8828456457608679
D106V,0.7073640149648571
D106W,0.47004890814115
D106Y,0.573473100069686
L107A,1.0568544823619002
L107C,1.07867934206144
L107D,1.08099254177897
L107E,1.06980240260716
L107F,0.993637771557163
L107G,1.0478741968958
L107H,1.05686271570869
L107I,0.951053426262807
L107K,1.0385079858612
L107M,1.0177011367850302
L107N,1.07815078469193
L107P,1.0510472817313
L107Q,1.05603270732899
L107R,1.05223605406688
L107S,1.06600078761652
L107T,1.07147638657753
L107V,0.991066289077611
L107W,0.9548055325065672
L107Y,1.03154363038942
S108A,0.962410741408022
S108C,0.955358810329372
S108D,1.04485713021852
S108E,1.04053466051704
S108F,0.770985410403866
S108G,0.9863272282433722
S108H,0.9518858221125592
S108I,0.7776552093441229
S108K,0.974309347816936
S108L,0.86030091391177
S108N,1.00932003520164
S108P,1.02309639873336
S108Q,0.999522485948532
S108R,0.954498967441754
S108T,0.9628319893324708
S108V,0.9188273282471828
S108Y,0.7574941227993791
S109A,0.915657516225264
S109C,0.74998921202463
S109D,1.04699548837886
S109E,0.9841992792682808
S109F,0.142262514115724
S109G,1.03142934350961
S109H,0.9910309091356552
S109I,0.0557067697193707
S109K,1.02551362148596
S109L,0.351719199174176
S109M,0.6137435719813149
S109N,0.990174373699563
S109P,1.02330917570736
S109Q,1.02099432991071
S109R,0.98809526835197
S109T,0.962900729483476
S109V,0.36805191422003
S109W,0.382572984766391
S109Y,0.6584058044375121
S110A,1.00325440112638
S110C,0.940225183406501
S110D,1.04527076187935
S110E,1.01168976847684
S110F,0.655800912125628
S110G,0.965879883734813
S110H,0.94109290671214
S110I,0.8131413947951249
S110K,0.996183591082556
S110L,0.8473324782268571
S110M,0.8823722003159091
S110N,0.984855409668481
S110P,1.02371219558079
S110Q,0.98713761451648
S110R,0.922798219515842
S110T,0.970437337186632
S110V,0.872982262798629
S110W,0.570013679977522
S110Y,0.7901971395356071
V111A,1.00451804236998
V111C,0.991012090016732
V111D,1.01098952786081
V111E,1.05376904530986
V111F,0.974263240928934
V111G,0.9842479936449052
V111H,1.01669368507715
V111I,0.999987644429297
V111K,1.01649675731051
V111L,0.942114364836235
V111M,1.02553160762701
V111N,1.04252448084835
V111P,1.03622624331771
V111Q,1.01264598682534
V111R,0.9854911416971892
V111S,0.994494487140852
V111T,1.06218664317846
V111W,0.9057229113401908
V111Y,0.9909484275197208
L112A,1.0706275212688698
L112C,1.02133589355938
L112D,1.05912390332964
L112E,1.05226336825786
L112F,0.971080111326
L112G,1.00308456127168
L112H,1.00261237778047
L112I,1.0108051387029
L112K,1.01186015368583
L112M,1.0334714565572098
L112N,1.0224241983573
L112P,1.01961229016759
L112Q,1.03155473050229
L112R,1.00749398303459
L112S,1.03722182758017
L112T,1.03667173832166
L112V,1.04091002567791
L112W,0.9267031238027628
L112Y,0.969767936808919
P113A,0.97089445794634
P113C,0.968340620549588
P113D,1.04769662240689
P113E,1.01023866040933
P113F,0.8571422317172371
P113G,1.0029849112097902
P113H,0.938657114228836
P113I,0.876950541955864
P113K,1.0116241157088002
P113L,0.902512088325793
P113M,0.950475098955586
P113N,0.940039822006558
P113Q,1.02357895202231
P113R,0.9347564486055748
P113S,0.97482260768453
P113T,1.01626347328257
P113V,0.903915934808663
P113W,0.779346025031027
P113Y,0.9153212716141
G114A,1.00621686400453
G114C,0.9878164003355172
G114D,1.05489916297557
G114E,1.05535558865026
G114F,0.88487098065973
G114H,1.01170277666535
G114I,0.9114187825417128
G114K,1.03504383638513
G114L,0.924325387820749
G114M,0.911120904036024
G114N,0.9943252330071608
G114P,1.03285911153652
G114Q,1.01549075355891
G114R,1.0081284641057902
G114S,1.02075364607749
G114T,1.02511601614315
G114V,0.97225046844363
G114W,0.8158347334468059
G114Y,0.957545673977473
D115C,0.74145147651152
D115E,1.03555888852319
D115F,0.531612523471129
D115G,0.8323120692491222
D115I,0.625350797612684
D115K,0.9041207999566808
D115L,0.6326170297914511
D115M,0.7048908054386291
D115N,0.952415021226087
D115Q,1.0153998119564498
D115R,0.834931870893738
D115S,0.7817165057171479
D115T,0.950216589944671
D115V,0.7254209624145491
D115W,0.44367895265985
D115Y,0.6634459796950091
S116A,1.04389081737975
S116C,0.808253904358652
S116D,1.1030214058333898
S116E,1.05045652018173
S116F,0.661180907814013
S116G,1.01001209669063
S116H,0.9780705685024008
S116I,0.57144297068572
S116K,0.987456157616632
S116L,0.584115196227072
S116M,0.878483175741034
S116N,1.0434569585645102
S116P,0.987275825044619
S116Q,0.933503811122855
S116R,0.965612365463248
S116T,0.974415747884237
S116V,0.6912760656695229
S116W,0.4936453555359721
S116Y,0.779854601693859
V117A,1.01149589788498
V117C,1.0484431878309
V117D,1.14810932959873
V117E,1.11889106454342
V117F,0.98774507364324
V117G,1.08735682268123
V117H,1.11415621024844
V117I,0.9485432730975129
V117K,1.06458973608494
V117L,0.999590824428472
V117M,1.00122727518965
V117N,1.14378562746996
V117P,1.02126058579264
V117Q,1.11552533180118
V117R,1.02676726273252
V117S,1.12254379692101
V117T,0.9965165555522868
V117W,0.816821455084672
V117Y,0.990370420192672
G118A,0.888687907896829
G118C,0.684429580544271
G118D,1.0366105255782
G118E,0.9954985594750028
G118F,0.1744667171909749
G118H,0.8789300950506941
G118I,0.11209214886724
G118K,0.974601789196598
G118L,0.29959979348714
G118M,0.511961770538677
G118N,1.03765803323137
G118P,1.03162759357028
G118Q,0.9557279876987528
G118R,0.9037132131011508
G118S,0.943607782650168
G118T,0.791894735105563
G118V,0.341725594348353
G118W,0.167435541740906
G118Y,0.3850261177426679
L119A,1.06983516622917
L119C,1.0349359469488
L119D,1.1075425288291
L119E,1.11149951547845
L119F,0.8387470526386859
L119G,1.09983401068685
L119H,1.08720999487066
L119I,0.978242360304042
L119K,1.14017640684364
L119M,1.05401852348131
L119N,1.11692142629016
L119P,1.1160752143021
L119Q,1.1241709781099198
L119R,1.09258655608226
L119S,1.1035387536814198
L119T,1.09024561064593
L119V,0.971965613841568
L119W,0.94888796243512
L119Y,1.01649000378677
A120C,0.8562353054423459
A120D,1.13556581522286
A120E,1.07093437898884
A120F,0.54535732464919
A120G,1.07059433453951
A120H,0.997082344520461
A120I,0.266652155911612
A120K,1.06929239685113
A120L,0.4525279157007871
A120M,0.755091486373128
A120N,1.05507683553483
A120P,1.13546588192432
A120Q,1.0214251208207
A120R,0.979309258224176
A120S,1.05556421573973
A120T,0.959219113852636
A120V,0.549167349978966
A120W,0.5342710419139021
A120Y,0.7021600526533329
V121A,1.05550068313257
V121C,1.05293217614131
V121D,1.09752439578024
V121E,1.1102496194219298
V121F,0.9908661937024827
V121G,1.10762221066092
V121H,1.12500788674174
V121I,0.912403756419322
V121K,1.09087854962582
V121L,0.973462566859958
V121M,1.0874181431194598
V121N,1.12887506894333
V121P,1.1149806310793702
V121Q,1.1334730357016
V121R,1.0717474044171
V121S,1.0916291989678102
V121T,1.11635569138225
V121W,1.02966327472935
V121Y,0.9974282631945832
I122A,1.12477977054839
I122C,1.01638077822055
I122D,1.13693993996496
I122E,1.12220020772214
I122F,1.02650451118845
I122G,1.11772161683378
I122H,1.0839535540797298
I122K,1.10638475500067
I122L,1.03450164249564
I122M,1.08608031693618
I122N,1.10682112259245
I122P,1.10661520619389
I122Q,1.1400254139743302
I122R,1.05628055193475
I122S,1.07749325831113
I122T,1.110438720743
I122V,1.04851886474698
I122W,0.986073012444725
I122Y,1.0481676975139
L123A,1.17983358007363
L123C,1.01993773096983
L123D,1.13685609829819
L123E,1.1220643454963402
L123F,0.9372567014660792
L123G,1.12304412983495
L123H,1.07542350630564
L123I,0.9080261281064408
L123K,1.09458892221817
L123M,1.01260754284904
L123N,1.01433720486245
L123P,1.13064364671587
L123Q,1.11035065401118
L123R,1.05459989820221
L123S,1.10286457663831
L123T,1.08171700171514
L123V,0.968769546684879
L123W,0.9715691873456428
L123Y,1.030912942124
H124A,1.05578972973319
H124C,0.913113922743314
H124D,1.06850499403046
H124E,1.03015673423923
H124F,0.5479366657978211
H124G,1.04579384261409
H124I,0.421430409901791
H124K,1.0380832220669598
H124L,0.694814343765307
H124M,0.8546127708024069
H124N,1.05225882510703
H124P,1.11178518896175
H124Q,1.00604150183408
H124R,0.961234302920254
H124S,1.05140617889987
H124T,0.9703035003154308
H124V,0.6424863970593699
H124W,0.525196989494119
H124Y,0.72072262710988
T125A,1.02707933686632
T125C,0.916922119077235
T125D,1.0597135727247
T125E,1.039838003514
T125F,0.5934019464952479
T125G,1.05634246776738
T125H,0.996665169459417
T125I,0.6543610854352161
T125K,1.01119203863
T125L,0.698743196977522
T125M,0.838285046031518
T125N,1.01106583518726
T125P,1.03610601242874
T125Q,1.01850051747111
T125R,0.9463615157968408
T125S,0.994209706472348
T125V,0.8078298427922378
T125W,0.6288381546924979
T125Y,0.8268022332723759
D126A,0.919726477551434
D126C,0.75679274607764
D126E,0.9610485232513
D126F,0.719760667055329
D126G,0.920227578580484
D126H,0.890542115388096
D126I,0.7278014735909709
D126K,0.946874458511466
D126L,0.872108956469223
D126M,0.8630231812126831
D126N,0.96601506568309
D126P,0.948650677711225
D126Q,0.9243934369744532
D126R,0.826321097382022
D126S,0.869916569622486
D126T,0.8889537294737611
D126V,0.7826540911249201
D126W,0.6853597417390229
D126Y,0.7379448822106609
S127A,1.0317651339528
S127C,0.8776311355365141
S127D,1.03324349834465
S127E,1.06177101153823
S127F,0.952284559640632
S127G,1.00346009947436
S127H,0.98435983484208
S127I,0.9553324583311108
S127K,1.00419941162358
S127L,0.9878080896319972
S127M,0.981110641628
S127N,1.0149029950638
S127P,0.9904800202184372
S127Q,1.0061924012375698
S127R,0.960034911476042
S127T,0.9961147796008272
S127V,0.9777300794951008
S127W,0.8826969461701151
S127Y,0.948245914687516
R128A,1.01692164500077
R128C,0.9428684889978248
R128D,1.08681765021012
R128E,1.04009780404438
R128F,0.991946214612292
R128G,1.02949694940741
R128H,0.9850348090522958
R128I,0.972152289369542
R128K,1.04768988850343
R128L,0.9994396005925472
R128M,1.01707639468906
R128N,1.02506952880477
R128P,1.0069451162520502
R128Q,1.03198676448899
R128S,0.978427073255569
R128T,1.02279656762085
R128V,1.0396542263694302
R128W,0.961688881520722
R128Y,1.01439834292812
K129A,0.976331550096406
K129C,0.962928791200809
K129D,0.965533127974376
K129E,1.01173008691787
K129F,0.927499994326615
K129G,0.97553354924841
K129H,1.00362740536236
K129I,0.983644251321412
K129L,1.00349555696137
K129M,0.9949660325474092
K129N,0.99871710149597
K129P,0.989053252794134
K129Q,0.9921488529473927
K129R,0.960466081755853
K129S,1.01202103436746
K129T,0.9240579871178548
K129V,0.973996065713412
K129W,0.8788643506257579
K129Y,0.8498843060610479
D130A,1.01294845567057
D130C,0.9433258317349408
D130E,0.982083281220212
D130F,0.930139276838826
D130G,0.95844723884757
D130H,0.932546835716763
D130I,0.940978462679092
D130K,0.972529611761264
D130L,0.943809628060426
D130M,0.956991096629688
D130N,0.9579084722976072
D130P,0.971163703374253
D130Q,0.980303298764614
D130R,0.92538819263699
D130S,0.98063263697676
D130T,0.976782583337049
D130V,0.950039382436147
D130W,0.9001238298133599
D130Y,0.9108030175127272
S131A,1.00398072131603
S131C,0.978570882509434
S131D,1.01997938623211
S131E,1.045145822952
S131F,0.962817850681822
S131G,1.0091031325461
S131H,0.940812521996158
S131I,0.983943344249074
S131K,0.966304825729992
S131L,0.98586937874388
S131M,0.971973730205114
S131N,0.996447110984646
S131P,0.986101939015666
S131Q,0.984538735635402
S131R,0.9305101015564208
S131T,0.988963686374657
S131V,0.99642679889313
S131W,0.950040891904114
S131Y,0.945081310328487
P132A,1.00432843287483
P132C,0.965130109032129
P132D,1.0075087047121898
P132E,1.0281923549234202
P132F,0.952695164761457
P132G,1.00044562802815
P132H,0.967215204123804
P132I,0.9592448727004258
P132K,0.966223044746004
P132L,0.958104998375886
P132M,0.975777355242606
P132N,0.9841391028079108
P132Q,0.9891250942638192
P132R,0.992064389502853
P132S,1.02283877782517
P132T,0.966714857152472
P132V,0.993437169184628
P132W,0.9216589933781372
P132Y,0.9541543666296828
P133A,0.986541243035423
P133C,0.9562259080459152
P133D,0.985093554955282
P133E,1.0058552007794
P133F,0.97817480688432
P133G,0.977746217465484
P133H,0.973749721686816
P133I,0.9654180946671272
P133K,0.93907779624087
P133L,0.980190429607574
P133M,0.984250446365986
P133N,0.9640350637234508
P133Q,1.0136081859841302
P133R,0.972493192556074
P133S,0.9743414017490593
P133T,0.96551334188038
P133V,0.97611076008294
P133W,0.960602008716405
P133Y,0.9634346721848828
A134C,0.920675421230726
A134D,0.96525688522976
A134E,1.00161024309598
A134F,0.947194584584767
A134G,0.974424795253376
A134H,0.953252280657244
A134I,0.967155994574694
A134K,0.977314870843155
A134L,0.963752844079482
A134M,0.971889323159765
A134N,0.915993748464835
A134P,0.969441855640422
A134Q,0.978772728311071
A134R,0.9739798722492008
A134S,0.971070433843282
A134T,0.960234853816324
A134V,0.983442168710162
A134W,0.859736806656318
A134Y,0.93500221506195
G135A,1.01212019429562
G135C,0.986166624974485
G135D,1.01471939884969
G135E,1.02838334585224
G135F,0.96529905421357
G135H,0.987256689899654
G135I,1.0060828453548198
G135K,1.00879850715964
G135L,1.00442353877813
G135M,0.994681542631198
G135N,0.994119249112724
G135P,0.991672455013378
G135Q,0.982683170430192
G135R,0.998677786401152
G135S,0.9844228350118792
G135T,1.01520443891567
G135V,0.99447127045401
G135W,0.936022124318442
G135Y,0.9746138259658872
S136A,1.01608197958463
S136C,0.9641669100024508
S136D,1.01899617837192
S136E,1.05794684997473
S136F,0.9998494808924808
S136G,1.06149119445704
S136H,0.986904559302465
S136I,1.00142161801199
S136K,0.9956626393567672
S136L,1.00058122110298
S136M,1.0028419520261
S136N,0.9983017416124372
S136P,0.9826327171869028
S136Q,0.9941515805111292
S136R,1.01247794657048
S136T,1.00237605004998
S136V,0.988799916265433
S136W,0.949604591819802
S136Y,0.960445762258552
P137A,0.9978611657434492
P137C,1.0026878670271
P137D,1.03256910040245
P137E,1.01651723916342
P137F,0.972975176459448
P137G,1.00805757223811
P137H,0.991718775139506
P137I,1.01133865710187
P137K,1.00493932236606
P137L,0.981620300302353
P137M,0.995676874985107
P137N,1.02301690554904
P137Q,1.0012300100749
P137R,1.0042646714663
P137S,1.00813414606151
P137T,1.01012749551228
P137V,1.01756620480762
P137W,0.957986916485803
P137Y,0.96399180454759
A138C,0.9657020411158728
A138D,1.02266179908261
A138E,1.00809966699372
A138F,0.99221157003706
A138G,0.9782197050892758
A138H,0.9343224507529628
A138I,0.999881563034532
A138K,0.985416675003316
A138L,1.00272244762134
A138M,1.01257929096336
A138N,0.982168429828008
A138P,0.995208131353904
A138Q,1.01836344324002
A138R,0.9887275886752628
A138S,0.993924468225935
A138T,1.01471086269333
A138V,0.988738249199567
A138W,0.9643597763941508
A138Y,0.973421466588127
G139A,0.9467489445133692
G139C,1.0242270418321
G139D,1.04162634878737
G139E,1.00725763989613
G139F,0.978008043812881
G139H,0.98124801558056
G139I,1.01249476554203
G139K,0.97161564578162
G139L,0.991145619259572
G139M,1.02217221721871
G139N,1.01723232866668
G139P,0.994070405901748
G139Q,1.00086388628437
G139R,0.979889666511564
G139S,1.02043576468703
G139T,1.01596684900417
G139V,0.9769221139904648
G139W,0.953886164027528
G139Y,0.9832780735271692
R140A,0.9852950796022408
R140D,0.996808821926104
R140E,1.00067682269153
R140F,0.965393512746262
R140G,0.998077615042063
R140H,0.964846926879235
R140I,0.928058936663307
R140K,0.987737593944948
R140L,0.9423897159427388
R140M,0.969127526161902
R140N,0.973478762200952
R140P,0.9731045183533028
R140Q,0.960027029246488
R140S,1.0158585298051
R140T,1.00619169759902
R140V,0.9685866373002758
R140W,0.96755226020737
R140Y,0.96741186898057
S141A,0.8897146054736831
S141C,0.9309248909860178
S141D,0.942004490245084
S141E,1.03561653016194
S141F,0.9564661370681272
S141G,0.993499731879684
S141H,1.02626228877111
S141I,0.916648937530704
S141K,1.03376892625613
S141L,0.98313122448304
S141M,0.96321858432328
S141N,0.974357896927827
S141P,0.829678716865157
S141Q,0.97346229389126
S141R,0.9997818009348198
S141T,0.981491727795176
S141V,0.920994813001332
S141W,0.8056307629681021
S141Y,0.868820135775745
I142A,0.998092591283162
I142C,0.97905711356688
I142D,1.0055171953004398
I142E,1.01945676777668
I142F,1.05485939295677
I142G,0.9873264262226352
I142H,1.0351511535513
I142K,0.987005330663922
I142L,0.976981642770066
I142M,0.989023246666226
I142N,1.03030654970876
I142P,0.9895016274007428
I142Q,1.04232011853506
I142R,0.962354445780512
I142S,1.00571270109246
I142T,0.9720012641699972
I142V,0.9547677328394352
I142W,0.957050458753912
I142Y,0.936186380626564
Y143A,0.884772333254537
Y143C,0.942110332283272
Y143D,0.693056686351563
Y143E,0.640863254006771
Y143F,1.09472007067181
Y143G,0.7916342447441921
Y143H,0.9006172611522901
Y143I,0.8908157335834742
Y143K,0.927715889864918
Y143L,1.03684676372114
Y143M,1.0119418387878198
Y143N,0.8904962783624231
Y143P,0.8236832043093578
Y143Q,0.943655989077013
Y143R,0.98278129269225
Y143S,0.9577794556378432
Y143T,0.904090771757554
Y143V,0.9224315815900008
Y143W,0.882755119560151
N144A,0.72741114700434
N144C,0.6739978500905078
N144D,0.561674020822736
N144E,0.821201364470822
N144F,0.8062660437500692
N144G,0.776275799607825
N144H,0.981938992634551
N144I,0.430376411242526
N144K,0.92895146179153
N144L,0.352774371815377
N144M,0.5589391915983629
N144P,0.951489644380169
N144Q,0.9586292588181708
N144R,0.91044311480076
N144S,0.900723676476385
N144T,0.9412705378320608
N144V,0.488548534759553
N144W,0.7907309743387009
N144Y,0.845954593529687
S145A,1.00744822731497
S145C,0.9214285355367692
S145D,-0.0311330372772984
S145E,0.291950134649136
S145F,0.388466502649291
S145G,0.70804810533685
S145H,0.837031200322227
S145I,0.4150138174917341
S145K,0.77847434362437
S145L,0.440604937571745
S145M,0.785119040548657
S145N,0.862211732958338
S145P,0.65441997925413
S145Q,0.929409636032317
S145R,0.8511205728683041
S145T,0.973905566381354
S145V,0.7819994341355581
S145W,0.0209821348034265
S145Y,0.4445677930304469
F146A,0.180863051080328
F146C,0.571036607846905
F146D,-0.022283977802873
F146E,-0.0289808176913115
F146G,0.0101939544606527
F146H,0.3476471239377399
F146I,0.7725334340470842
F146K,-0.0266689412700972
F146L,0.548459239303415
F146M,0.761596522627068
F146N,-0.0135674631963738
F146P,-0.0268900652998958
F146Q,-0.0092032447095366
F146R,-0.0164463632545846
F146S,-0.0197131412514101
F146T,0.372101199032243
F146V,0.506834874062162
F146W,0.7194850099097571
F146Y,0.9888561473462092
Y147A,0.0718326040861002
Y147C,-0.0132145111743587
Y147D,-0.0201547443655095
Y147E,-0.0277089111672121
Y147F,0.9972196695023772
Y147G,-0.0189041475182779
Y147H,0.856578670003947
Y147I,-0.0169110860662273
Y147K,-0.0107193948254616
Y147L,0.233562964436422
Y147M,0.3677805507226
Y147N,-0.0078617570819516
Y147P,-0.0193902801812775
Y147Q,0.0063313108213274
Y147R,0.0924967773645176
Y147S,0.0235761947874405
Y147T,0.0788209531893271
Y147V,-0.0035768482255003
Y147W,1.01246648960619
V148A,0.115924482684688
V148C,0.627756547189218
V148D,-0.0062964848219274
V148E,-0.0184339103401352
V148F,-0.0285678972304499
V148G,-0.0125817646746503
V148H,-0.0146416900543173
V148I,0.910255864729784
V148K,-0.0254698357583483
V148L,0.432685690402436
V148M,0.0992885782736689
V148N,-0.0123136014407014
V148P,-0.0110931175921949
V148Q,-0.0104528621195926
V148R,-0.0154506034689743
V148S,-0.025486444540915
V148T,0.492204100217283
V148W,-0.0171390835010201
V148Y,-0.0288712410745039
Y149A,0.308684042679984
Y149C,0.221795671606811
Y149D,0.2812778553405529
Y149E,-0.0045383375833806
Y149F,1.01475043451766
Y149G,-0.0194041423330715
Y149H,0.693745053388298
Y149I,0.53012749452287
Y149K,-0.00660852063321
Y149L,0.8306507590271609
Y149M,0.826448656949381
Y149N,-0.0072094824811872
Y149P,-0.0089697844346165
Y149Q,-0.0072383492037588
Y149R,-0.0128386245839866
Y149S,0.0290707625440502
Y149T,-0.0253221460623417
Y149V,0.276886050010574
Y149W,1.01753556989886
C150A,-0.0231341365418804
C150D,-0.0246988658105167
C150E,-0.0302277157835924
C150F,-0.0226161558835253
C150G,-0.0172209636969854
C150H,-0.023641887017952
C150I,-0.0132127772900448
C150K,-0.010235547259789
C150L,-0.0275649362588191
C150M,-0.0244691320697952
C150N,-0.0069668913911663
C150P,-0.0291390234474963
C150Q,-0.026978254105863
C150R,-0.0267288239287825
C150S,-0.0146854075374884
C150T,-0.0290158161697736
C150V,-0.0097887913308421
C150W,-0.0200297722715883
C150Y,-0.0276834957670348
K151A,1.0589682169463102
K151C,0.9737945709609528
K151D,1.11650356588608
K151E,1.06972876624433
K151F,1.05647620103717
K151G,1.06975979706115
K151H,1.03917239779019
K151I,0.926757044139354
K151L,0.974818170260184
K151M,1.0241292276056
K151N,1.07496034660518
K151P,1.03905450740838
K151Q,1.0073458760931502
K151R,1.03774000954551
K151S,1.05047225384108
K151T,1.05797270601762
K151V,0.932378447573501
K151W,1.0740245945978
K151Y,0.99526902522816
G152A,1.02571601936706
G152C,0.755868435989741
G152D,1.0606424907933198
G152E,1.01850401546901
G152F,1.02330217772165
G152H,1.06124058937392
G152I,0.7829483004258101
G152K,1.00266526930088
G152L,0.7945519912624991
G152M,0.965700024857516
G152N,1.04384679261292
G152P,-0.0220220101996574
G152Q,1.03250120278898
G152R,0.985828599041738
G152S,1.06079022798688
G152T,0.982144077734756
G152V,0.804836602450195
G152W,1.0587393790477602
G152Y,1.1109554333847
P153A,0.95534852903087
P153C,0.7934755301065161
P153D,0.959691571486302
P153E,0.999727469867751
P153F,0.8878084900132599
P153G,0.909225253683002
P153H,0.969971698623218
P153I,0.971895398867723
P153K,0.951071202369492
P153L,0.8440348606591809
P153M,0.937296557702477
P153N,0.9609800013933392
P153Q,0.965479995038882
P153R,0.982313196365696
P153S,0.989016085475444
P153T,0.967946935884827
P153V,0.995486048103036
P153W,0.7412760225601791
P153Y,0.891751974737737
C154A,-0.0208350532719802
C154D,-0.023410522346763
C154E,-0.0200224260799321
C154F,-0.0297760690986365
C154G,-0.0322705950726295
C154H,-0.0314650515565049
C154I,-0.0223649208308062
C154K,-0.0067131026565342
C154L,-0.0224977714099388
C154M,-0.0229364886024995
C154N,-0.0228855080623855
C154P,-0.0260833341306948
C154Q,-0.0130312290379698
C154R,-0.017237716764341
C154S,-0.0158854789656854
C154T,-0.0226045125940612
C154V,-0.0270038983622205
C154W,-0.024884653467031
C154Y,-0.0164767842704655
Q155C,0.93552022591594
Q155D,0.917234984409574
Q155E,0.932104182533978
Q155F,0.8381061555885481
Q155G,1.04456207363925
Q155H,1.01001489506532
Q155I,0.594582806983166
Q155K,1.05047500514219
Q155L,0.860892164121611
Q155M,0.995478861835876
Q155N,1.0066960574754
Q155R,1.1254128469080902
Q155S,0.968279845155102
Q155V,0.6960356785271611
Q155W,0.788009405486693
Q155Y,0.8704059156417758
R156A,1.09280041384027
R156C,1.04156393501308
R156D,1.00373866260739
R156E,0.9615191442266828
R156F,0.7851095254618441
R156G,1.04346916486799
R156H,0.892453425946088
R156I,0.800829865599589
R156K,0.988162841442979
R156L,0.8055980214443721
R156M,0.95936858919352
R156N,1.03109507880566
R156P,0.5331480102219189
R156Q,1.04388412836469
R156S,1.10892078389591
R156T,1.0628766328727
R156V,0.7970058923846189
R156W,0.83047833894768
R156Y,0.8320025690455459
V157A,0.837420045790348
V157C,0.76357913116782
V157D,0.0487860580185547
V157E,0.591256572787379
V157F,0.839388362405378
V157G,0.102162192923191
V157H,0.538938451548915
V157I,0.930523284429408
V157K,0.142381421257257
V157L,1.06648338512541
V157M,0.995095958952698
V157N,0.0411342139807965
V157P,0.7677912568876321
V157Q,0.4224046288791249
V157R,0.188130956107398
V157S,0.331507299958368
V157T,0.7279203265650269
V157W,0.99402217842716
V157Y,0.852335730861396
Q158A,0.947344275576353
Q158C,0.985416901398646
Q158D,-0.028473067886008
Q158E,0.8498475836581841
Q158F,0.218687220935388
Q158G,0.8124691474662259
Q158H,0.7240294775850409
Q158I,0.6990991407320429
Q158K,0.9192272930295842
Q158L,0.8342836042240881
Q158M,1.0378647487178
Q158N,0.914420125640139
Q158P,-0.0328311386212427
Q158R,0.965679037339054
Q158S,0.909124976143097
Q158T,1.04664325969189
Q158V,0.910321452258261
Q158W,0.332463995524742
Q158Y,0.346324833820844
P159A,0.909485342500822
P159C,0.793489236857381
P159D,0.174680837735091
P159E,0.7511000464243192
P159F,0.8825622341947099
P159G,0.662988034507635
P159H,0.8910748346239079
P159I,0.9518706885275692
P159K,0.922206027138408
P159L,0.8120388938566808
P159M,0.847105888290003
P159N,0.8049649157518449
P159Q,0.886891431568518
P159R,0.935892533838818
P159S,0.7881651190475669
P159T,0.9322056893626178
P159V,0.890161187669647
P159W,0.709324382931665
P159Y,0.8617497073587641
G160A,1.13530834093105
G160C,0.0365066479401475
G160D,-0.0276713395930054
G160E,-0.0247792269393971
G160F,-0.0158923671984311
G160H,-0.0242990694968139
G160I,-0.0295705582099751
G160K,-0.0301724308998939
G160L,-0.0237563897108239
G160M,-0.0270578654905079
G160N,-0.020024730606675
G160P,-0.0145646615079489
G160Q,-0.0210042025890686
G160R,-0.0137105661372297
G160S,0.480855954437877
G160T,-0.0265249871762057
G160V,-0.0250874219960299
G160W,-0.0260261065136419
G160Y,-0.011431479476463
K161A,0.931660353655475
K161C,0.967887910738408
K161D,0.534866040433512
K161E,1.03240201237757
K161F,0.918218756164324
K161G,0.604878000375623
K161H,0.9377042357147908
K161I,1.14563947137597
K161L,0.9735029776655708
K161M,0.899589097181941
K161N,0.93757989559216
K161P,-0.0323452589734407
K161Q,0.9696964318051792
K161R,1.0833024229416
K161S,0.929740827013499
K161T,0.9842029008201792
K161V,1.04311138834108
K161W,0.801866734023744
K161Y,0.966190135971164
L162A,0.46616579132997
L162C,0.82400406966748
L162D,-0.0224822962432677
L162E,-0.0276366384727851
L162F,0.0961447583938966
L162G,-0.0103983541685085
L162H,-0.0194570250338811
L162I,0.998811881027432
L162K,-0.0157736608220947
L162M,0.965386559809512
L162N,-0.0144108861550302
L162P,-0.0247541859172986
L162Q,-0.0222672183777608
L162R,-0.0274168980053999
L162S,-0.0119477917201789
L162T,-0.0212508774224107
L162V,0.906309055693726
L162W,-0.0266763279849563
L162Y,-0.0272746519465423
R163A,1.09498872303414
R163C,1.1041683363403798
R163D,1.06317757641441
R163E,1.09574186173
R163F,1.15035114857176
R163G,1.07855148929361
R163I,1.1114263312063202
R163K,0.97426568098823
R163L,0.983617633196708
R163M,1.01852755290537
R163N,1.00820155454079
R163P,-0.0110945221961903
R163S,1.07168119088125
R163T,1.02655257780068
R163V,1.10828298090629
R163W,0.999596056109956
R163Y,1.12745738251627
V164A,0.962826397984592
V164C,0.6926648303794621
V164D,0.24057237989779
V164E,0.45936757010522
V164F,0.957732683035744
V164G,0.3996173208219601
V164H,0.9359259215382671
V164I,1.0283648957722
V164K,0.0516016447746994
V164L,0.96000574839298
V164M,1.02468075479284
V164N,0.46589314041213
V164P,0.254718197927057
V164Q,0.7836099375841451
V164R,-0.0272001472767204
V164S,0.872844596916144
V164T,0.83870412321641
V164W,1.04929489460798
V164Y,1.00241659714661
Q165A,1.00389478121778
Q165C,0.919131159369902
Q165D,0.606843470535977
Q165E,0.940127487991642
Q165F,0.943777977288826
Q165G,0.8841681431173191
Q165H,0.918420495109226
Q165I,1.11909725533916
Q165K,1.04218081429609
Q165L,0.9084985014031128
Q165M,1.02667744094589
Q165N,0.95908016863173
Q165P,-0.019999582896209
Q165R,1.11710602901451
Q165S,0.90181703610407
Q165T,1.01757331470196
Q165V,1.07895355684817
Q165W,0.873878939322065
Q165Y,0.926781225169276
C166A,-0.0156150263358559
C166D,-0.0236258840275009
C166E,-0.0172456508221644
C166F,-0.0256332498301324
C166G,-0.0120872111957796
C166H,-0.0282305544227501
C166I,-0.0179109304274188
C166K,-0.0324889799431525
C166L,-0.027006204401962
C166M,-0.0261093302328988
C166N,-0.0157691287748916
C166P,-0.0238450720979192
C166Q,-0.0275496342382085
C166R,-0.0287844732907276
C166S,-0.0116952220614146
C166T,-0.0279127409738085
C166V,-0.0239850612922093
C166W,-0.0142277690016548
C166Y,-0.0269661284752167
S167A,1.0262135595808002
S167C,0.808576662043173
S167D,0.82347614274903
S167E,0.7332956998914641
S167F,0.8092900343874471
S167G,0.977467130535296
S167H,0.850846419454016
S167I,0.784492460572006
S167K,1.0151484307480698
S167L,0.780181615992625
S167M,0.8950429660801129
S167N,0.951965890644437
S167P,0.334914631803948
S167Q,0.9363143878317042
S167R,0.9932906270314772
S167T,1.00232452638215
S167V,0.873216371405189
S167W,0.525387409542369
S167Y,0.7612138411489642
T168A,0.895837584703723
T168C,0.858786777561266
T168D,0.957685596634604
T168E,0.980169373084721
T168F,0.834611734031657
T168G,0.7855652910965251
T168H,0.895674948291789
T168I,0.937673926790004
T168K,0.9143266020325352
T168L,0.993703551757803
T168M,0.927616429531166
T168N,0.940350029667288
T168P,-0.0119733269179549
T168Q,0.9006505623340949
T168R,0.902524705451534
T168S,0.946219437621021
T168V,0.927396552631587
T168W,0.7206221331350191
T168Y,0.90332607197641
C169A,-0.0188430203605642
C169D,-0.0307952228026476
C169E,-0.0154035035956072
C169F,-0.0266644261185136
C169G,-0.0155097833211217
C169H,-0.0271499682015981
C169I,-0.0310558312539272
C169K,-0.030258693546291
C169L,-0.0286142368476532
C169M,-0.0265232255368289
C169N,-0.0195605630281067
C169P,-0.0153681452295705
C169Q,-0.0230551344801726
C169R,-0.0180990030450409
C169S,-0.0299124144170893
C169T,-0.0289754911622339
C169V,-0.0257429605609457
C169W,-0.0309606863589208
C169Y,-0.0128810778744837
R170A,0.943757192509444
R170C,0.901693605814461
R170D,0.709301127382769
R170E,0.9053828395189828
R170F,0.798411884060795
R170G,1.03625171758689
R170H,1.14592182136026
R170I,0.323678242192539
R170K,1.0929510669496
R170L,0.883582017241922
R170M,0.8921016803086801
R170N,1.00969338565648
R170P,-0.0273890608004017
R170Q,0.9496857226284988
R170S,0.956087090738221
R170T,0.8036178415185
R170V,0.47681843496135
R170W,0.61770458944554
R170Y,0.792354475933881
Q171A,0.9593725856962392
Q171C,0.983428225326801
Q171D,0.94897884547514
Q171E,1.01392370948418
Q171F,0.71102475802764
Q171G,0.9621410091953
Q171H,0.873346689374114
Q171I,0.7627748650539491
Q171K,1.07297610102021
Q171L,0.804274765432604
Q171M,0.9885196318313928
Q171N,1.04760456925989
Q171P,-0.0205181490620143
Q171R,1.00346976096713
Q171S,0.975013319313285
Q171T,0.886523545931868
Q171V,0.8286577034303171
Q171W,0.489008160280644
Q171Y,0.695685304400138
A172C,0.9560426401112272
A172D,1.11090144526531
A172E,1.15373443353711
A172F,0.833873715538763
A172G,0.987620971003334
A172H,1.00137118364318
A172I,0.640356234935871
A172K,0.9893823221412328
A172L,0.8347869602657071
A172M,0.9799757564326428
A172N,1.05334591870563
A172P,1.06259582359927
A172Q,1.0563727198334
A172R,0.928610542203714
A172S,0.9908396520993
A172T,0.994788832323028
A172V,0.807855418392897
A172W,0.639972223919271
A172Y,0.901063428263408
T173A,0.979145606988704
T173C,0.910937104873898
T173D,1.00781571496794
T173E,0.99152062415663
T173F,0.7746055769515021
T173G,0.8985378991693359
T173H,0.91645278729101
T173I,0.7016955047970911
T173K,0.8972223983885791
T173M,0.818771156390647
T173N,0.978473270561372
T173P,0.98430729343781
T173Q,0.920830422055375
T173R,0.777253463387354
T173S,0.877235926221352
T173V,0.778003133331698
T173W,0.650641811495921
T173Y,0.7967803351967241
L174A,0.530942137713577
L174C,0.7253620695617091
L174D,-0.0329570589400347
L174E,-0.0035921166862672
L174F,1.14668059761193
L174G,-0.0258268850811593
L174H,0.260314092838211
L174I,1.03083154630876
L174K,-0.012728020399998
L174M,1.10266398430278
L174N,0.1292421834955069
L174P,0.701939286930999
L174Q,0.300403608134029
L174R,-0.0116914179104641
L174S,0.515004436411568
L174T,0.743902145240482
L174V,0.999496573410532
L174W,0.567425998736312
L174Y,0.9090226664075022
T175A,1.02776885268415
T175C,1.00819888321061
T175D,0.9741909275845352
T175E,1.00671880318255
T175F,0.8805143751813699
T175G,0.843306101532307
T175H,0.8647532132891931
T175I,1.06862668819335
T175K,1.07643309161087
T175L,0.89338390461346
T175M,0.984092550141676
T175N,1.00128609984345
T175P,0.65325543994511
T175Q,0.9782126151269308
T175R,1.01910849293538
T175S,1.03219904188918
T175V,1.01890059037821
T175W,0.8625943879264442
T175Y,0.888645026803424
L176A,0.386092629550466
L176C,0.859534558549646
L176D,-0.0015958722475485
L176E,0.0175287265699586
L176F,0.871129542504494
L176G,0.0943118843671379
L176H,0.0944509499431558
L176I,0.905257275440874
L176K,0.0862846190077908
L176M,0.938138102282962
L176N,0.313602447528486
L176P,0.8710089771408019
L176Q,0.172311325167428
L176R,-0.0037871891222898
L176S,0.313301243535561
L176T,0.8024737186620391
L176V,0.92096872879343
L176W,0.13646026853025
L176Y,0.0968187912517201
T177A,1.0363750398385798
T177C,0.92987064423506
T177D,1.07259552835677
T177E,1.03395646014187
T177F,1.01607547503803
T177G,0.9988065655024108
T177H,1.02454955592743
T177I,0.952405598413929
T177K,1.06524119037857
T177L,0.8386666273672521
T177M,0.979337081334216
T177N,1.02086885440615
T177P,0.992177701580807
T177Q,1.01197893300857
T177R,0.952716905929474
T177S,1.03354929774034
T177V,0.949109438246376
T177W,0.909195928097298
T177Y,1.02033410134398
Q178A,1.00174260927331
Q178C,0.86466335067706
Q178D,1.03312946573671
Q178E,1.0220501484975402
Q178F,0.790051129729429
Q178G,0.9584239828195072
Q178H,0.982443815760934
Q178I,0.88406703700313
Q178K,1.03822948935466
Q178L,0.7741482486260441
Q178M,0.8742931977988242
Q178N,1.01799485806836
Q178P,0.88072887761082
Q178R,1.01830387695019
Q178S,1.01825021494167
Q178T,1.03229175589475
Q178V,0.857086963297102
Q178W,0.667497617731916
Q178Y,0.9001603669740759
G179A,0.9949711999486052
G179C,0.50186586826358
G179D,1.01672350524383
G179E,1.11148139122849
G179F,0.6790273558462679
G179H,0.958064883208777
G179I,0.267014677534155
G179K,0.819203118418718
G179L,0.464253738089058
G179M,0.86167628159862
G179N,0.9330435725281898
G179P,1.0578960054102098
G179Q,1.0560046350708598
G179R,0.781629455008125
G179S,1.00048410146195
G179T,0.721178839513422
G179V,0.570230352462911
G179W,0.490869437125376
G179Y,0.758106819362535
P180A,0.366613744737024
P180C,-0.0237256134857353
P180D,-0.0005305678099268
P180E,-0.0206149467364268
P180F,-0.0280799798308537
P180G,-0.0228751367158806
P180H,-0.0190687170322472
P180I,0.0436768425637671
P180K,-0.0238849872524622
P180L,0.0653265897858138
P180M,-0.0109570057673074
P180N,-0.0286459233942958
P180Q,-0.0131069374988348
P180R,-0.0215549505188769
P180S,-0.0237781861591939
P180T,-0.0252128299441622
P180V,0.3999996814147279
P180W,-0.0209131987706031
P180Y,-0.0201527562362546
S181A,1.01913983075599
S181C,0.853835630741721
S181D,0.966264822289213
S181E,0.996929688961775
S181F,0.508100291065817
S181G,0.946407407001884
S181H,0.916890854066662
S181I,0.789306132522288
S181K,0.98241996513048
S181L,0.7573565406434221
S181M,0.9524280457493342
S181N,0.993022422868896
S181P,-0.0182035405852716
S181Q,1.01288066067714
S181R,0.988813610987626
S181T,1.00034956544847
S181V,0.8938610129789141
S181W,0.365357594706728
S181Y,0.585309724476668
C182A,0.882910557413473
C182D,0.979342360762104
C182E,0.9382906387429442
C182F,0.436741902515942
C182G,0.961216511591706
C182H,0.816590334411361
C182I,0.671553236142454
C182K,0.893295263620229
C182L,0.535002284353407
C182M,0.79917944371242
C182N,1.00021407968899
C182P,-0.0271841406990554
C182Q,0.878324549244379
C182R,0.8169933261190679
C182S,1.00503672425742
C182T,0.9632727900791708
C182V,0.8462999523145258
C182W,0.0714638969228031
C182Y,0.511675438746336
W183A,-0.0203770076744574
W183C,-0.0202717048437923
W183D,-0.0325278838877306
W183E,-0.0283639217502537
W183F,0.768078497098999
W183G,-0.0183678859298264
W183H,-0.0112627473791903
W183I,-0.0239708643884999
W183K,-0.0159986767317553
W183L,-0.0016549600368198
W183M,0.275017285355122
W183N,-0.0155579983690867
W183P,-0.020928970907964
W183Q,-0.0288558602980789
W183R,-0.0272564330764501
W183S,-0.0222636569073687
W183T,-0.0235575300788481
W183V,-0.0106463977952428
W183Y,0.805173599751893
D184A,0.915271951825426
D184C,0.249792013208343
D184E,1.00618420795604
D184F,0.4751540318194501
D184G,0.819425956428391
D184H,0.6779802505656422
D184I,0.382814561761359
D184K,0.8909011287430351
D184L,0.76815847080737
D184M,0.8259874591166111
D184N,0.931593881249834
D184P,0.781029099907726
D184Q,0.8914412388895241
D184R,0.7428843351498531
D184S,0.9314501646804642
D184T,0.8086988152407779
D184V,0.393863679736029
D184W,0.447833719146702
D184Y,0.5372040462326839
D185A,-0.026529947706734
D185C,0.010697998034675
D185E,0.7463223151028641
D185F,-0.0320953574635033
D185G,-0.0282984014480115
D185H,0.3888933777497021
D185I,-0.022088288048129
D185K,-0.0038532876441267
D185L,-0.0245017207435938
D185M,-0.0114351059181916
D185N,0.0463996675080282
D185P,-0.0133324485483614
D185Q,0.3896603137842991
D185R,-0.0161342728813714
D185S,0.0361258393501821
D185T,-0.0194622326139595
D185V,-0.0192382614891445
D185W,-0.0321977348489567
D185Y,-0.020527303528098
V186A,0.582355305473136
V186C,0.7475920709116579
V186D,-0.0206983502385083
V186E,-0.020167117044886
V186F,-0.0230346135095457
V186G,-0.0226926547595974
V186H,-0.0169370837702572
V186I,1.03115494691692
V186K,-0.0168311345249319
V186L,0.8438004081964939
V186M,0.0484895728750331
V186N,-0.0144100188917545
V186P,-0.0281264874679742
V186Q,-0.0203377115817035
V186R,-0.0231267676504053
V186S,-0.0183574387770023
V186T,0.379656983767361
V186W,-0.0193934554832235
V186Y,-0.0225199541272594
L187A,0.679490635854473
L187C,0.75183316050247
L187D,0.3661985827217829
L187E,0.7407083888904069
L187F,0.796762068542514
L187G,0.230808744972745
L187H,0.501767735731111
L187I,0.9014823239930172
L187K,0.8010349976815091
L187M,0.991302173914874
L187N,0.748652909980103
L187P,-0.0189192805794816
L187Q,0.8469635280056059
L187R,0.88005883541459
L187S,0.8294211714513579
L187T,0.8657892956258051
L187V,0.852121273933979
L187W,0.3784931266731789
L187Y,0.478179585534632
I188A,0.8809049364918521
I188C,0.8826957526286501
I188D,0.786994675446756
I188E,0.9620374962339808
I188F,0.950096506162306
I188G,0.83835716033726
I188H,0.9272932128773448
I188K,0.9696980718078
I188L,0.9774388749191928
I188M,0.961342837230754
I188N,0.9474459494271
I188P,0.7232921275807729
I188Q,0.99407353569716
I188R,0.9038678377052608
I188S,1.00444195434341
I188T,0.9384613612235
I188V,0.973243372169418
I188W,0.8570071977028141
I188Y,0.905231503079724
P189A,0.9190990717703028
P189C,0.7228001481310551
P189D,0.784918972032318
P189E,0.8674913763270881
P189F,0.459540689300342
P189G,0.7776183139158259
P189H,0.7385244974813391
P189I,0.530268924531493
P189K,0.934577895312049
P189L,0.682333539939103
P189M,0.680212019150744
P189N,0.8012291496273559
P189Q,0.856765609614358
P189R,0.830999323205167
P189S,0.8732421068169021
P189T,0.8105448993604301
P189V,0.6621823031732761
P189W,0.377404143808503
P189Y,0.5334191791737971
N190A,0.90328621841381
N190C,0.8953877096419771
N190D,0.97150731975292
N190E,0.957018902785744
N190F,0.902208967048687
N190G,1.05956522562031
N190H,0.994368627674768
N190I,0.4500060848017121
N190K,0.9610448099941958
N190L,0.870687127240328
N190M,0.894842243960496
N190P,-0.0124947035402007
N190Q,0.9330273969731152
N190R,0.9599235181585258
N190S,0.973452881693715
N190T,0.835171037792765
N190V,0.602537808417001
N190W,0.8499742996210079
N190Y,0.89780440870113
R191A,0.9415321848723348
R191C,0.7992374934628491
R191D,0.0652818508325605
R191E,0.610117122548579
R191F,0.68965125611265
R191G,0.6284377276839929
R191H,0.8529846529543591
R191I,0.8265788509286421
R191K,0.9813685997396728
R191L,0.762654880448872
R191M,0.965510669147158
R191N,0.827135753040944
R191P,-0.0026260721631032
R191Q,0.902478334543657
R191S,0.924331205548518
R191T,0.905150154018645
R191V,0.8986802329368601
R191W,0.5347142546054571
R191Y,0.74135190805135
M192A,0.6351471678933039
M192D,-0.032686125162701
M192E,-0.0009985998808529
M192F,0.7065643797212879
M192G,0.367238683824573
M192H,0.431567276535405
M192I,1.01543390604511
M192K,0.691951209764182
M192L,1.01632440563838
M192N,0.174168288923969
M192P,-0.0092227196507877
M192Q,0.5581974335507621
M192R,0.653017571683287
M192S,0.542200700627848
M192T,0.6476129043334039
M192V,0.97194571077201
M192W,0.0485613595233279
M192Y,0.221778495877598
S193A,0.989418303512002
S193C,0.82113646042539
S193D,0.921612276092872
S193E,0.9912582672975871
S193F,1.00149232228192
S193G,0.8918784728614799
S193H,1.02003047598722
S193I,0.970836805423578
S193K,1.03752528117669
S193L,0.984712972578254
S193M,0.935076891778928
S193N,0.95111242803199
S193P,0.90883701861225
S193Q,0.987346784595035
S193R,1.0656446754940698
S193T,1.0231711001549102
S193V,0.986744059439763
S193W,0.964145607963349
S193Y,0.982297364337757
G194A,0.8754804755864921
G194C,0.7099015514436241
G194D,-0.0253804903215609
G194E,-0.0056824330414445
G194F,0.221145592181024
G194H,0.4233255668508709
G194I,0.868798163922181
G194K,-0.0193741111725748
G194L,0.645337396882478
G194M,0.74708258743609
G194N,-0.0130077081502725
G194P,-0.0081827981620342
G194Q,0.271790617047355
G194R,-0.0158330521980916
G194S,0.755626894437068
G194T,0.316311473541334
G194V,0.666147831151328
G194W,-0.0118500093450463
G194Y,0.112539506147528
E195A,0.992953823990378
E195C,0.880197462803236
E195D,0.905462552964893
E195F,0.951735174537545
E195G,0.8174803203083791
E195H,0.9897569702373008
E195I,0.9989585634450648
E195K,1.00875020269155
E195L,0.927390375309277
E195M,0.963564878720823
E195N,0.9767951021260628
E195P,0.6238543201918512
E195Q,0.9916197977244592
E195R,0.996261170761002
E195S,0.9854171331533952
E195T,1.02279258891946
E195V,0.996826991261355
E195W,0.907221562296205
E195Y,0.9571020947393192
C196A,-0.0167613136457334
C196D,-0.0237027316334582
C196E,-0.0152208356314417
C196F,-0.0253332426470082
C196G,-0.0134765766897857
C196H,-0.0191181212523882
C196I,-0.0262976363514886
C196K,-0.0208870545733799
C196L,-0.0312809702845093
C196M,-0.0204582204575843
C196N,-0.0274918829711913
C196P,-0.0205436058638692
C196Q,-0.0269128135865369
C196R,-0.0128533251236834
C196S,-0.0235319529378452
C196T,-0.0212975245388084
C196V,-0.0266078274738534
C196W,-0.0198172771245776
C196Y,-0.0100476173407846
Q197A,1.03470361477833
Q197C,0.936657044711156
Q197D,1.02649789871222
Q197E,0.977117655966368
Q197F,0.905557052927213
Q197G,0.9541040377148192
Q197H,0.967974143757311
Q197I,0.956807053144138
Q197K,0.996308090120869
Q197L,1.02017670474832
Q197M,0.989893349818218
Q197N,0.994004372042211
Q197P,0.8283316632253249
Q197R,0.909359628388064
Q197S,1.02889222114421
Q197T,1.02689593926607
Q197V,0.9616029914042792
Q197W,0.847061079855394
Q197Y,0.88847240727862
S198A,0.9623231823695608
S198C,0.714063540639025
S198D,0.95513212884133
S198E,0.9844611395931592
S198F,0.880018811616201
S198G,0.8968661414563341
S198H,0.900636084071098
S198I,0.8700049949980441
S198K,0.915106968901624
S198L,0.8984367662341372
S198M,0.8962804657431708
S198N,1.06124095622861
S198P,0.0940573463405465
S198Q,1.00767247259399
S198R,0.8962061885804721
S198T,1.0197449144296802
S198V,0.8976917679468391
S198W,0.79610504063458
S198Y,0.9085849899873
P199A,0.929521151639103
P199C,0.8401977665221791
P199D,0.999812537733453
P199E,0.95033033661546
P199F,0.786559034230955
P199G,0.8605050896406979
P199H,0.85658995880894
P199I,0.8780133565383179
P199K,0.941340761575258
P199L,0.945231940431851
P199M,0.849599522706462
P199N,0.8787570139380809
P199Q,0.921886574797609
P199R,0.8587374146491841
P199S,0.902226721017164
P199T,0.962292066989053
P199V,0.8079876987951259
P199W,0.6196581478311689
P199Y,0.8080559386917471
H200A,1.02436153405086
H200C,0.9326488107640308
H200D,1.03703186360332
H200E,1.0640388095606998
H200F,0.946496828401512
H200G,1.10249692182018
H200I,0.8594108654184159
H200K,0.9897733957277752
H200L,0.9883691327125852
H200M,0.992106438815596
H200N,1.05624120146726
H200P,0.720575973119358
H200Q,1.03541285826265
H200R,0.9473858561966668
H200S,1.0464050516363002
H200T,1.01090362651172
H200V,0.940100241129324
H200W,0.884217001055828
H200Y,0.90499596273813
C201A,-0.0200516969720556
C201D,-0.0240570964367931
C201E,-0.0289023869099226
C201F,-0.0228381934447259
C201G,0.0920253826862482
C201H,-0.0264733741438697
C201I,-0.0181029094959578
C201K,0.0100621502474712
C201L,-0.0292856599428003
C201M,-0.0205790210156358
C201N,-0.0156662891558749
C201P,-0.0107936239777165
C201Q,-0.0306594966398092
C201R,-0.0259648935066512
C201S,-0.0322192105471155
C201T,-0.0214386125128456
C201V,-0.0319743891397052
C201W,-0.0150799255948767
C201Y,-0.0223670261899231
P202A,1.0003376742469898
P202C,0.890464691526303
P202D,1.0451395760787
P202E,1.02154841895561
P202F,0.898081703390865
P202G,1.02046663452169
P202H,0.975002829160915
P202I,0.9169979322493728
P202K,1.0328975087061198
P202L,0.94500042008712
P202M,1.00264996369108
P202N,1.02601058126092
P202Q,0.94778429773298
P202R,0.969557636814618
P202S,1.01845587362335
P202T,0.998610741212884
P202V,0.937136110448571
P202W,0.831715640105374
P202Y,0.9174374024182348
G203A,0.340724347222235
G203C,0.112218180190939
G203D,0.147195559458132
G203E,0.201542904729228
G203F,-0.0125145502266945
G203H,0.0588169986681084
G203I,-0.0076911258934089
G203K,0.188827374760718
G203L,-0.0120207539837093
G203M,0.0014342805241546
G203N,0.406551412789433
G203P,0.0172949610814185
G203Q,0.18973090998949
G203R,0.0962309374288183
G203S,0.5399476353692929
G203T,0.149517550886252
G203V,0.0351723697288065
G203W,-0.0301424282477907
G203Y,-0.0078032476300684
T204A,0.8907904688372371
T204C,0.674763006658352
T204D,0.906216732846438
T204E,0.9248717942112472
T204F,0.667347774687963
T204G,1.03403520184377
T204H,0.7770771957532309
T204I,0.8280097944305791
T204K,0.969670442789511
T204L,0.805684045574657
T204M,0.8598503145807429
T204N,0.943433459992341
T204P,0.21697125788179
T204Q,0.94046216800837
T204R,0.905536508046429
T204S,0.943795574852618
T204V,0.906846358160978
T204W,0.462836560170845
T204Y,0.693522889118564
S205A,0.972933921182028
S205C,0.898106902773937
S205D,0.916223145160584
S205E,0.9766779510221892
S205F,1.02667015496459
S205G,0.938042889486607
S205H,0.962290186502346
S205I,1.02686617141106
S205K,1.03381667976908
S205L,0.969222244865532
S205M,1.02317974529209
S205N,1.00159772282781
S205P,-0.0075144132571535
S205Q,0.998458309508926
S205R,0.9658713211298712
S205T,1.08381864639469
S205V,1.0851832624914202
S205W,0.917922048918353
S205Y,0.9657144257401792
A206C,0.7071497913972521
A206D,-0.0228624854090122
A206E,-0.0073175374224435
A206F,0.365782131998347
A206G,0.9068417577534158
A206H,-0.0190721601606178
A206I,0.294280177820245
A206K,-0.0238732953915308
A206L,0.197505951560055
A206M,0.240274259593366
A206N,-0.0243044115241017
A206P,0.9309695234634392
A206Q,-0.0238826216329225
A206R,-0.0244861544252433
A206S,0.578078582735313
A206T,0.1781728906933219
A206V,0.672906900361059
A206W,-0.0238548839899656
A206Y,0.095992242621987
E207A,0.829873275405989
E207C,0.7482264246408621
E207D,0.91367508194899
E207F,0.737924006419325
E207G,0.6111995903444251
E207H,0.8126942379081279
E207I,0.710187699165161
E207K,0.873728072391746
E207L,0.7560069260794158
E207M,0.7901117471374871
E207N,0.835960112452121
E207P,-0.0287121772998012
E207Q,0.923643631094847
E207R,0.8457962744853741
E207S,0.8661477337418071
E207T,0.8475447754417041
E207V,0.811311482761434
E207W,0.570196929134084
E207Y,0.8212930223146141
F208A,0.638976949651399
F208C,0.7959776151925859
F208D,-0.0240196830136752
F208E,-0.0257681601776315
F208G,-0.0085011653242175
F208H,-0.0125145133546306
F208I,0.7915624148113671
F208K,-0.0257559374076334
F208L,0.4008787560511579
F208M,0.4437606103138579
F208N,-0.0128800643080075
F208P,0.0079220128911215
F208Q,-0.0254667662875297
F208R,-0.0243450744506324
F208S,0.0512598528062602
F208T,0.189563258208042
F208V,0.74293416501963
F208W,0.7087701938759381
F208Y,0.654336415328746
F209A,1.01099429554755
F209C,0.830718303614822
F209D,0.958922285137217
F209E,1.01213557746239
F209G,0.839235809577875
F209H,0.972332283402182
F209I,1.0916139210569302
F209K,1.03504363711818
F209L,1.05360136680335
F209M,1.0137255431329302
F209N,0.974362127266429
F209P,0.0334232720955994
F209Q,1.04620408987806
F209R,0.973295871217968
F209S,1.05465252000296
F209T,1.03522198860008
F209V,1.10991571880006
F209W,0.9177703089161
F209Y,1.01068140893722
F210A,0.0278157795004581
F210C,0.0219238639072395
F210D,-0.0230485100420381
F210E,-0.0260366515435823
F210G,-0.0097447282352699
F210H,-0.0001292102321429
F210I,0.736807129632895
F210K,-0.021878842463983
F210L,0.919280955942042
F210M,0.7892739992418121
F210N,-0.0297438382905787
F210P,-0.0184008426812593
F210Q,-0.0270917244046705
F210R,-0.0239555757911551
F210S,-0.023699361823474
F210T,0.3366450147542381
F210V,0.7351033024188509
F210W,0.873295711765542
F210Y,0.586419497464611
K211A,1.05127518917714
K211C,1.0370674480700202
K211D,1.0414987278843
K211E,1.12771007686175
K211F,0.988528692409082
K211G,0.9751314623431708
K211H,1.11864095029274
K211I,1.01469504913131
K211L,0.9877097774608607
K211M,1.01496505508564
K211N,1.01300275507527
K211P,0.14594185120001
K211Q,1.14565647588534
K211R,0.9224005817557892
K211S,1.05752998017146
K211T,1.06172044337735
K211V,1.1042219676558
K211W,0.729855636168665
K211Y,1.1327544044325502
C212A,-0.0213864445174006
C212D,-0.0219593607622832
C212E,-0.0186576336203399
C212F,-0.0219249668006524
C212G,-0.0222080510613695
C212H,-0.0311645874651391
C212I,-0.0186812802389206
C212K,-0.0233227146612849
C212L,-0.0147051259303525
C212M,-0.0238619191524017
C212N,-0.0156107422992007
C212P,-0.0266360302582096
C212Q,-0.0048026891977817
C212R,-0.0234168139154413
C212S,-0.0167618400313513
C212T,-0.009573223191621
C212V,-0.0051797676106756
C212W,-0.0260144514799881
C212Y,-0.0116238891069556
G213A,1.05522649448718
G213C,0.830767059409836
G213D,0.88406779050219
G213E,0.841015806932769
G213F,0.700697232338722
G213H,0.7865117823036641
G213I,0.7883039806850721
G213K,0.83240076661119
G213L,0.670146240106745
G213M,0.8338446156599181
G213N,0.955243761488001
G213P,0.560481176059324
G213Q,0.868641932279162
G213R,0.801279428271037
G213S,0.997587040389805
G213T,0.928441439357614
G213V,0.789208234653655
G213W,0.710346332128185
G213Y,0.774893827658968
A214C,0.8598293422698321
A214D,0.799652700823265
A214E,0.9437769428518292
A214F,0.821374452650084
A214G,0.977371032300718
A214H,0.839313535279914
A214I,0.900264427974057
A214K,0.927770003358185
A214L,0.838067399227972
A214M,0.9637945823413672
A214N,0.8872506969574291
A214P,0.135411812257178
A214Q,0.930763265651951
A214R,0.8620812678926391
A214S,0.93987242364261
A214T,0.860707602284351
A214V,0.9368592888926452
A214W,0.646088229881816
A214Y,0.8217590268320191
H215A,0.0360832066724448
H215C,0.975425556334457
H215D,0.187809845054489
H215E,0.367362390367319
H215F,-0.0214085793479962
H215G,-0.0074982966511696
H215I,-0.0264240648415634
H215K,-0.0219831195815048
H215L,-0.019181228925181
H215M,-0.0199125368895183
H215N,0.0122427067288456
H215P,-0.0083131429201237
H215Q,-0.0032585225765567
H215R,-0.0244197505501677
H215S,0.0390028686300537
H215T,-0.0306912786960772
H215V,-0.0127563032151926
H215W,-0.0268387800264045
H215Y,-0.0253670512678484
P216C,0.937307290853478
P216D,1.03676074327007
P216E,1.00055964187149
P216F,0.907108306997624
P216G,0.9539281706465328
P216H,0.982378112064223
P216I,0.922606700311628
P216K,0.903525220966806
P216L,0.9085947668952148
P216M,0.8405444882464351
P216N,0.9879728266370792
P216Q,0.942798061950152
P216R,0.7513703893054229
P216S,0.8842553177400041
P216T,0.958498926365368
P216V,0.924675658634312
P216W,0.8162123908380591
P216Y,0.9161503869927172
T217A,1.0224185303925
T217C,0.9989901679055972
T217D,1.0275120439154
T217E,1.09154196854902
T217F,0.8815938063306551
T217G,0.944791555514397
T217H,0.972505967035504
T217I,0.908192908367476
T217K,0.8855231611947251
T217L,0.891161218128956
T217M,0.957972769631093
T217N,0.97886910272413
T217P,0.914546170466438
T217Q,0.97602990046944
T217R,0.8525619718277191
T217S,1.01629825916906
T217V,0.919815566912063
T217W,0.902576246673124
T217Y,0.934992250125434
S218A,1.03683462192435
S218C,0.972196503456139
S218D,1.04752005217842
S218E,1.01883961148395
S218F,0.948993735095609
S218G,0.952406455252053
S218H,1.00356625037541
S218I,0.931370168323246
S218K,0.941382191806395
S218L,0.938435597263004
S218M,0.893703014842292
S218N,0.9771621160834228
S218P,0.93319715829723
S218Q,0.9673479048480308
S218R,0.907040132079625
S218T,1.02244653520247
S218V,0.9655127948231949
S218W,0.82183233630833
S218Y,0.913285211649853
D219A,0.946949211776835
D219C,0.882928552715516
D219E,0.975582853617002
D219F,0.823637449177551
D219G,0.861170728560293
D219H,0.927502491243759
D219I,0.854538656330317
D219K,0.9131658494887872
D219L,0.8557242470314731
D219M,0.8785822056349691
D219N,0.961339389543522
D219P,0.9317985921585842
D219Q,0.8988154455588341
D219R,0.847444099053775
D219S,0.942082659354702
D219T,0.934653416974902
D219V,0.882938301082723
D219W,0.7794264180150681
D219Y,0.844581324016591
K220A,1.0267173790209
K220C,0.9511518810071832
K220D,1.02669835587994
K220E,1.06243718305974
K220F,0.934774449471947
K220G,1.01339584323994
K220H,0.996306160924895
K220I,0.915307784860266
K220L,0.981828078993052
K220M,0.988235430674893
K220N,0.97719205330439
K220P,0.9435142124428472
K220Q,0.969481952604292
K220R,0.9500958542130268
K220S,0.985812272558778
K220T,1.0286360628091
K220V,0.9948555987584508
K220W,0.928093670863434
K220Y,0.927633152390502
E221A,0.81887474476454
E221C,0.897847488368479
E221D,0.9785344933538672
E221F,0.8607853385722279
E221G,0.885697548510604
E221H,0.96544810284512
E221I,0.8064826624313871
E221K,0.8516479318404009
E221L,0.842657474214401
E221M,0.8511011663877359
E221N,0.862660578279512
E221P,0.7746236690418961
E221Q,0.93789018675875
E221R,0.822856627129841
E221S,0.923820854418827
E221T,0.889000310694129
E221V,0.8557663895006808
E221W,0.7994412461648158
E221Y,0.8978032141646579
T222A,0.93088145550488
T222C,0.91014395554437
T222D,0.954795308717736
T222E,0.957395284805142
T222F,0.954040341910591
T222G,0.910124253949245
T222H,0.983999335415102
T222I,0.934996535431574
T222K,0.985359006998083
T222L,0.8794433086133221
T222M,0.8856224477138309
T222N,0.973996497727494
T222P,0.8912927017520159
T222Q,1.0056059550125698
T222R,0.94502777966457
T222S,0.9293954119546493
T222V,0.852975193916365
T222W,0.8304880634365269
T222Y,0.9391806436300772
S223A,1.09194831892539
S223C,1.02124547580033
S223D,0.960367639113774
S223E,0.921633189689192
S223F,0.81542393755187
S223G,0.859196380245787
S223H,0.920518589766595
S223I,0.8589660859531391
S223K,0.3682702364254361
S223L,0.809883661097034
S223M,0.836413743195259
S223N,0.866566655834472
S223P,0.953828000280332
S223Q,0.871796889467068
S223R,0.468416632215478
S223T,0.986387397244948
S223V,0.93547211546666
S223W,0.2432172690262569
S223Y,0.8263662021429821
V224A,1.02618620113165
V224C,0.926459121052434
V224D,0.9943933566323108
V224E,1.05611430186432
V224F,0.976084130602771
V224G,0.8756208685141791
V224H,0.9278780624186852
V224I,1.02703497791841
V224K,1.00732772524659
V224L,0.963714222404514
V224M,1.0039993006948
V224N,0.920298666012584
V224P,1.01293708951184
V224Q,1.00551870150478
V224R,0.936573069554539
V224S,0.961412579943223
V224T,1.00241087314208
V224W,0.92398239245072
V224Y,1.02988960229083
A225C,0.781606642268447
A225D,0.0009955353492498
A225E,0.487884588708781
A225F,0.288385653983687
A225G,0.8747116478881751
A225H,0.382531580196984
A225I,0.8782841860591221
A225K,0.0055394943430437
A225L,0.8953432097765408
A225M,0.350252096585339
A225N,0.3420991782350889
A225P,1.15524946621884
A225Q,0.625683550292819
A225R,0.063761914756108
A225S,0.8609808670819341
A225T,0.7050172883079959
A225V,0.945245906213366
A225W,0.444980627087584
A225Y,0.486050158239164
L226A,0.102386870871836
L226C,0.898188477254762
L226D,-0.0101716419052333
L226E,-0.0169197391517817
L226F,0.432180421279085
L226G,-0.0212166751862566
L226H,-0.0122344829200053
L226I,0.188917199095936
L226K,-0.0280662194452621
L226M,0.958235318868175
L226N,-0.024073021774471
L226P,-0.0224051512087895
L226Q,-0.0139084021589691
L226R,-0.0183578530455524
L226S,-0.0266883299226073
L226T,0.3938505708422949
L226V,0.6867829811565339
L226W,-0.0261937022627675
L226Y,0.0758205795662813
H227A,1.0304481478533298
H227C,1.01743635280818
H227D,1.01950901780227
H227E,1.21121626383449
H227F,0.97272363845681
H227G,1.0756431762612
H227I,0.8690812715788481
H227K,1.08902710205512
H227L,0.682744573556846
H227M,0.9408741009678347
H227N,1.17210939478332
H227P,1.25533511747876
H227Q,1.19124776486122
H227R,1.04521961775163
H227S,1.14361782755376
H227T,1.13733880245269
H227V,0.927923580448215
H227W,0.9652162942866128
H227Y,1.02040826772972
L228A,0.6063894904347901
L228C,0.8931978626353609
L228D,0.5125881887756599
L228E,0.0486900157834835
L228F,0.686015169219915
L228G,0.3641883196662461
L228H,0.9020786469438492
L228I,0.24298031061907
L228K,0.3069592113626569
L228M,1.0522883686595
L228N,0.884006343016986
L228P,-0.0254367135538357
L228Q,1.014269057273
L228R,0.7563754616504399
L228S,0.66429260021863
L228T,0.092964135395078
L228V,-0.0160249905107075
L228W,0.4647237476492621
L228Y,0.98022915286349
I229A,0.2947136109185349
I229C,0.8226001998218561
I229D,-0.0266132391361051
I229E,-0.036678785552596
I229F,0.721057752955128
I229G,-0.0278827135908273
I229H,-0.0204423390182009
I229K,0.0086497555186753
I229L,0.982372856201
I229M,0.948096736787609
I229N,-0.0272577522258662
I229P,-0.0320799827619815
I229Q,0.0597832080582697
I229R,-0.0175212460725621
I229S,-0.0249166906488697
I229T,0.19414782831828
I229V,1.07921264871803
I229W,0.0046814592819065
I229Y,0.0106894572423806
A230C,0.968658720726228
A230D,-0.0186356390759661
A230E,0.172955561751315
A230F,0.8223809124806021
A230G,0.755033147118509
A230H,1.07958476503188
A230I,0.833022369696842
A230K,1.11775706253683
A230L,0.8006318867523199
A230M,0.964240733170964
A230N,0.967437973627938
A230P,-0.0110613578770386
A230Q,1.00687885594412
A230R,1.05590197549047
A230S,1.00705877465681
A230T,0.981405911883014
A230V,0.922783402429885
A230W,0.7910247852419899
A230Y,0.934499486387314
T231A,0.9954702654425992
T231C,0.933901474969545
T231D,0.925005856789944
T231E,0.979716885009263
T231F,0.8912427958939001
T231G,0.9227605306100228
T231H,0.9750375238457908
T231I,0.850022215070482
T231K,0.9707048084251658
T231L,0.765229064175566
T231M,0.843177740982967
T231N,1.0392679112583298
T231P,1.02461999637125
T231Q,0.957615433783438
T231R,0.98489452909363
T231S,0.9589058930569172
T231V,0.8963699978804059
T231W,0.8156336969081801
T231Y,0.915056583676452
N232A,-0.0329055386292538
N232C,-0.0263402904914563
N232D,-0.0236354050813515
N232E,-0.0188362397961387
N232F,-0.0243380624293332
N232G,-0.0191763025032305
N232H,-0.0292999162185202
N232I,-0.0274041766444384
N232K,-0.0231850748288393
N232L,-0.025154186697001
N232M,-0.0270952606016584
N232P,-0.0189565763007555
N232Q,-0.0216739675058905
N232R,-0.0171375508377405
N232S,-0.0136732919253534
N232T,-0.0256152531335808
N232V,-0.0175653932466864
N232W,-0.0254147645419915
N232Y,-0.022522275807974
S233A,0.9543127160514658
S233C,0.8910097422062759
S233D,1.02721386639049
S233E,0.894759912570553
S233F,0.8967170032198779
S233G,0.856634098819273
S233H,0.987643558706998
S233I,0.933429477439942
S233K,0.9795149599614158
S233L,0.863901521479139
S233M,0.8864350152242141
S233N,1.02830203796932
S233P,0.772638861153207
S233Q,0.967987975116224
S233R,0.94485516143676
S233T,1.07439419637207
S233V,0.9713533567430808
S233W,0.9679854343824692
S233Y,0.981365739780947
R234A,0.914461025710482
R234C,0.779430711570232
R234D,0.725327964493991
R234E,0.7565917014729351
R234F,0.7259227735954559
R234G,0.7525390713381441
R234H,0.912695116368404
R234I,0.578498737386731
R234K,1.0432563642217398
R234L,0.8720930785348471
R234M,0.8849036157309921
R234N,0.954684570000325
R234P,0.6910571369783031
R234Q,0.949426140014516
R234S,0.8653595574601228
R234T,0.7308656104587821
R234V,0.489723685134891
R234W,0.7366877327411991
R234Y,0.846625817397253
N235A,0.929614561987088
N235C,0.825142106776537
N235D,0.930267125994257
N235E,0.916574518634505
N235F,0.799775611161289
N235G,1.03846154894712
N235H,0.9431117950805072
N235I,0.333351784912308
N235K,1.00716679578469
N235L,0.8176708805602521
N235M,0.9384014862844828
N235P,0.0854080042355538
N235Q,0.951612539461986
N235R,1.00087443632967
N235S,1.0210061923171398
N235T,0.5987300269276539
N235V,0.45079437789597
N235W,0.6495615423104211
N235Y,0.81149710979519
I236A,0.942107635971231
I236C,0.74935056738787
I236D,0.0232003888551919
I236E,0.1101753155622259
I236F,0.3847720537134509
I236G,0.120407421424235
I236H,0.613681681318393
I236K,0.91796974486438
I236L,0.871428889476735
I236M,0.781018082828673
I236N,0.47147506758976
I236P,-0.0298340945295322
I236Q,0.5782204984080029
I236R,0.8858191091308759
I236S,0.8163978235681899
I236T,0.930752222247837
I236V,0.995977028474582
I236W,0.116425865500417
I236Y,0.588867029226515
T237A,1.04234344688744
T237C,0.9593426222753808
T237D,0.7066812895090699
T237E,1.02852656859834
T237F,0.6166003581047571
T237G,0.978913932519699
T237H,0.9886726242914672
T237I,0.909629350197918
T237K,1.08041899026547
T237L,0.8169733776898379
T237M,0.981524785241547
T237N,1.00079297813732
T237P,1.1783238040871298
T237Q,1.05193207467136
T237R,1.06003042559848
T237S,1.06049444888119
T237V,0.932654201143296
T237W,0.377775719092151
T237Y,0.6440058133241341
C238A,-0.0253036868538619
C238D,-0.0162892550078015
C238E,-0.0208129979159433
C238F,-0.0305479928883391
C238G,-0.0219374292423637
C238H,-0.0176003375226302
C238I,-0.0202581891569996
C238K,-0.0204756899606892
C238L,-0.0208159757284595
C238M,-0.0201961608437856
C238N,-0.0283880819142857
C238P,-0.0151225224747975
C238Q,-0.0153932320933216
C238R,-0.027266412034257
C238S,-0.0255205390265062
C238T,-0.0140566456721961
C238V,-0.0180083401800639
C238W,-0.0198513968042647
C238Y,-0.0157852528214382
I239A,0.8993116355925679
I239C,0.7480978768058308
I239D,-0.0257957382400254
I239E,-0.027006837672816
I239F,0.6974640335247528
I239G,0.136374634150888
I239H,0.0223464098011419
I239K,-0.0233237520520605
I239L,0.7921485990050179
I239M,0.927082435152804
I239N,-0.0223001727115929
I239P,0.043838959492388
I239Q,-0.0031548617596067
I239R,-0.0317203508154334
I239S,0.710595466824461
I239T,0.7942604181167411
I239V,0.953576797995358
I239W,0.120344947204424
I239Y,0.7650066975194509
T240A,1.05645071737267
T240C,1.04960394756593
T240D,0.411521894791618
T240E,0.8004093030739671
T240F,0.8947847139726959
T240G,1.0396409168975
T240H,0.766269198802038
T240I,1.06905254350392
T240K,0.905614120294805
T240L,0.974936935783362
T240M,1.11947529061934
T240N,1.05981699357412
T240P,-0.0204287087105322
T240Q,1.10319906345232
T240R,0.8262387551419921
T240S,1.08988364621659
T240V,1.08707875890051
T240W,0.926032516531531
T240Y,0.807776114726054
C241A,-0.0252926481421668
C241D,-0.0121180829680613
C241E,-0.0262628884510199
C241F,-0.0342303350362499
C241G,-0.0189659158498989
C241H,-0.0210987700733385
C241I,-0.0251305643976854
C241K,-0.0222498537888712
C241L,-0.0201679627898675
C241M,-0.0204364932431205
C241N,-0.0240433732659827
C241P,-0.0110855209661874
C241Q,-0.0153729098522408
C241R,-0.0284291683875411
C241S,-0.0168638109883013
C241T,-0.0325959046948287
C241V,-0.0234088527397773
C241W,-0.0285049196121107
C241Y,-0.0207469966708369
T242A,1.07584167771232
T242C,1.0833565168181
T242D,1.06910753310864
T242E,1.0574609173544
T242F,1.02766100844825
T242G,1.06528391633028
T242H,1.08047605808633
T242I,0.767789691558888
T242K,0.987614348114295
T242L,1.05144988360766
T242M,1.0483627067584
T242N,1.08419296823464
T242P,0.131906818374644
T242Q,1.06489780008447
T242R,0.977479357790825
T242S,1.0756138017876
T242V,0.8330044612487372
T242W,0.969794135988615
T242Y,1.03489784846824
D243A,1.01992778914789
D243C,1.0102341375720698
D243E,1.12984167612902
D243F,0.960236542669955
D243G,0.966161744654945
D243H,1.02333224866328
D243I,0.8866006674278
D243K,1.00031198126615
D243L,1.01794292377201
D243M,1.03201967838161
D243N,1.0692913767214
D243P,-0.0194567914285325
D243Q,1.08857777599673
D243R,0.998620861276215
D243S,1.04056208145209
D243T,1.01312009555038
D243V,0.919111979027652
D243W,0.9008569843288208
D243Y,0.977427927326345
V244A,0.8011029364344681
V244C,0.537021148329717
V244D,0.376362376597252
V244E,0.557450812950962
V244F,0.605665325885163
V244G,0.124677705002626
V244H,0.5571398963153671
V244I,1.00733181436387
V244K,0.808407939968598
V244L,0.7560940941219672
V244M,0.689831236826811
V244N,0.730261857917646
V244P,0.570349393290626
V244Q,0.7476649058061992
V244R,0.8234712349575691
V244S,0.7192682487324549
V244T,0.858220822471768
V244W,0.377638817872771
V244Y,0.6476977870098779
R245A,0.98040545510965
R245C,0.981147122219836
R245D,0.4501391205695949
R245E,0.474295996505772
R245F,0.3703004057962979
R245G,0.596927623088409
R245H,0.894003525991935
R245I,0.585436863512273
R245K,1.00786562461104
R245L,0.620812543153338
R245M,0.6949733550798699
R245N,0.7823393973770408
R245P,0.016013711582074
R245Q,0.8277269003948471
R245S,0.9459585507965
R245T,0.9005527607695151
R245V,0.884302146155256
R245W,0.287188464735427
R245Y,0.4505999002531911
S246A,0.327570499301299
S246C,0.7237677347227479
S246D,0.915939573275468
S246E,0.82031436202131
S246F,0.0516200354422291
S246G,0.331287910117428
S246H,0.681647652314363
S246I,-0.0232712534307041
S246K,0.407728502234984
S246L,-0.0201130239159208
S246M,0.117404739556715
S246N,0.977831510277234
S246P,-0.0169399028502119
S246Q,0.7114219082727241
S246R,0.4933798109543
S246T,0.933246608735332
S246V,0.0310821007941937
S246W,0.0515340809980959
S246Y,0.310649117980456
P247A,0.5231906209988779
P247C,0.536058928818087
P247D,0.0242597952301176
P247E,0.7116696227459829
P247F,0.323113350503175
P247G,-0.0138184676444837
P247H,0.7876535530746241
P247I,0.78634652620268
P247K,0.7205734119252579
P247L,0.735569211778053
P247M,0.737829344824913
P247N,0.3921738748314621
P247Q,0.759962198754375
P247R,0.666215231703776
P247S,0.476232611974498
P247T,0.788771348894141
P247V,0.7988327474519991
P247W,0.262157826056131
P247Y,0.436002096693363
V248A,0.270276858767635
V248C,0.7420824496570121
V248D,-0.023758425014075
V248E,-0.0222306876702501
V248F,-0.0140681017538514
V248G,-0.0320749628314364
V248H,-0.0202587774341929
V248I,0.923484781791192
V248K,-0.0072770724696572
V248L,0.6319029546395301
V248M,0.4216744070617
V248N,-0.0179614548372564
V248P,-0.0303136116334036
V248Q,-0.0107895501523467
V248R,-0.0350867831382425
V248S,0.113692576666811
V248T,0.1964086967605049
V248W,-0.0130360350994532
V248Y,-0.0266491305942989
L249A,0.0029158972198138
L249C,0.3658377902993229
L249D,-0.0248745906401368
L249E,-0.0250035331340441
L249F,1.00975636426131
L249G,-0.0179596150950709
L249H,-0.0065034594690854
L249I,1.0052064954597
L249K,-0.0163522406151782
L249M,0.9414767946260972
L249N,-0.0227033216209207
L249P,-0.0154680402098621
L249Q,-0.0310789043728725
L249R,-0.0199970782036391
L249S,-0.0143994274975214
L249T,-0.0272831998706824
L249V,0.8877698506437222
L249W,-0.0081975066563853
L249Y,0.174008396429779
V250A,0.3973576026354049
V250C,0.603352991213651
V250D,-0.0236944321903825
V250E,-0.027811630712231
V250F,0.0531111792603363
V250G,-0.0091930616570286
V250H,0.190317958724971
V250I,1.0208378779192802
V250K,0.7049090211120251
V250L,1.03432947750144
V250M,0.916812907797585
V250N,0.0321497155589999
V250P,-0.0156058122244951
V250Q,0.432838587647965
V250R,0.923901438479396
V250S,0.127183181722318
V250T,0.750738136362593
V250W,-0.0184056798535329
V250Y,0.0881131637776146
F251A,-0.0026139976736861
F251C,-0.0163059721189145
F251D,-0.0154284342947124
F251E,-0.024869282641091
F251G,-0.0180471662252464
F251I,-0.0154898999269381
F251K,-0.0228354516368965
F251L,0.0709084073932238
F251M,0.5867075359684311
F251N,0.271523137340312
F251P,-0.0442091687482288
F251Q,0.3059745064244519
F251R,-0.0192018955262365
F251S,0.0785384673035574
F251T,-0.0118720097177249
F251V,-0.0144442924783524
F251W,0.847866368720899
F251Y,0.591643553083754
Q252A,0.9774399921968572
Q252C,0.8313047870561899
Q252D,0.93901677651724
Q252E,1.0077005649053
Q252F,0.264708501740157
Q252G,0.987211961271168
Q252H,0.8562420757302991
Q252I,0.307646550027669
Q252K,0.9028200474441692
Q252L,0.65787529785467
Q252M,0.829651453725045
Q252N,0.9946874622812892
Q252P,1.09267614268062
Q252R,0.8920957820667729
Q252S,0.999319944999976
Q252T,1.00227970289902
Q252V,0.5037894588842889
Q252W,0.3399952961298869
Q252Y,0.484744920346921
C253A,-0.0197627059181444
C253D,-0.0232076977271939
C253E,-0.0214569938575517
C253F,-0.023070064118189
C253G,-0.0191774458610443
C253H,-0.0217312131364561
C253I,-0.0188463993812498
C253K,-0.0179896901464665
C253L,-0.0222077328858982
C253M,-0.0151762164810831
C253N,-0.0298349637903495
C253P,-0.0260585926840212
C253Q,-0.0228730183334183
C253R,-0.0280446194346945
C253S,-0.0256227114494588
C253T,-0.0311765623140739
C253V,-0.0220809712129276
C253W,-0.0188670622125916
C253Y,-0.0307989463791483
N254A,1.05627076480661
N254C,0.83037802924447
N254D,1.03989889984618
N254E,1.0609382827435
N254F,0.921183600756861
N254G,0.961410589422515
N254H,0.964291626320415
N254I,0.935998025704206
N254K,1.02881079691629
N254L,0.9460933850958992
N254M,0.9615865488285648
N254P,1.01477063008697
N254Q,1.03517665794695
N254R,0.937363835708179
N254S,0.982253408460388
N254T,0.959214711881211
N254V,0.959319863995356
N254W,0.8050011868582471
N254Y,0.9050322779885
S255A,0.9935370737764128
S255C,0.827634950120028
S255D,1.08773236911346
S255E,1.060703274066
S255F,0.931869187597816
S255G,0.8001685472519009
S255H,0.880664816357235
S255I,0.479595086926576
S255K,1.0116883103203
S255L,0.9182852710959192
S255M,0.916654671378302
S255N,0.95791066650333
S255Q,0.9803181813780392
S255R,0.893137101275898
S255V,0.823383684594321
S255W,0.864665052472575
S255Y,0.9315575767925428
R256A,0.9018228741175992
R256C,0.535553834325303
R256D,0.0093837675462983
R256E,0.558245657180924
R256F,0.619042234453264
R256G,0.8207168392451809
R256H,0.938310725883386
R256I,-0.0281317670086166
R256K,1.0585012106224798
R256L,0.818091351409833
R256M,0.8981886114600341
R256N,0.927493780917428
R256P,-0.0209090791580735
R256Q,0.977056326337346
R256S,0.868285449526329
R256T,0.7229821659316801
R256V,-0.0185108922185646
R256W,0.128110937085551
R256Y,0.616908998451627
H257A,-0.0286213588195594
H257C,-0.0087178953869767
H257D,-0.022882968462273
H257E,-0.0294922512578217
H257F,-0.01968231568326
H257G,-0.0296618764166628
H257I,-0.0334864710070192
H257K,-0.0359456713788617
H257L,-0.021991340226486
H257M,-0.02092983237663
H257N,-0.0348681772181798
H257P,-0.0269983587429173
H257Q,-0.0085140463707414
H257R,-0.0239343992552619
H257S,-0.0213395387254771
H257T,-0.028916857900567
H257V,-0.021885838405816
H257W,-0.0258181768564963
H257Y,-0.0196588655830382
V258A,0.84764417730968
V258C,0.9348739628417858
V258D,-0.0091025200437733
V258E,-0.027870337781521
V258F,-0.0268603207120823
V258G,-0.0127290614330676
V258H,0.0057192885674036
V258I,0.7391614514179251
V258K,-0.0234221794731559
V258L,0.35551701365086
V258M,0.15314232615475
V258N,-0.0030090476732066
V258P,-0.0166359094390113
V258Q,-0.0196081917489633
V258R,-0.018600135487346
V258S,0.7240750826505039
V258T,0.8994986585822741
V258W,-0.0110128425431183
V258Y,-0.0214578811801796
I259A,0.264026338613758
I259C,0.7347582599727249
I259D,-0.0187425612324473
I259E,-0.0264575180076875
I259F,-0.0220036242601566
I259G,-0.0219622933383527
I259H,-0.0270121003988434
I259K,-0.0267808040942949
I259L,0.8668633881386151
I259M,0.92653038749945
I259N,-0.0136148027179366
I259P,-0.0270705743942763
I259Q,0.91671449719298
I259R,-0.0345160877063504
I259S,0.3760619701104289
I259T,0.5099044947190561
I259V,0.8547837124854191
I259W,-0.0174290290606493
I259Y,-0.0194794249881054
C260A,-0.0177138009806464
C260D,-0.0321606164139392
C260E,-0.0286827570106669
C260F,-0.0202838130312659
C260G,-0.0187681398395825
C260H,-0.0168754265104167
C260I,-0.02912311507707
C260K,-0.0283705687982868
C260L,-0.0345254842655788
C260M,-0.019622289498196
C260N,-0.0210864144699213
C260P,-0.0303374973598573
C260Q,-0.0188480805674406
C260R,-0.0229508064521446
C260S,-0.026335265159423
C260T,-0.0227876286372818
C260V,-0.015525178370167
C260W,-0.0293623398146725
C260Y,-0.0226794200010497
L261A,0.367119715597995
L261C,0.653755979719045
L261D,-0.0151296557346775
L261E,0.392146683249887
L261F,0.8768846673820371
L261G,0.0536294068224974
L261H,0.2168445636354489
L261I,0.963033852725008
L261K,0.0154001990902043
L261M,0.91361452459399
L261N,-0.0040680181901355
L261P,0.0485942073667769
L261Q,0.352703429201111
L261R,-0.0131147204100545
L261S,0.166391224086232
L261T,0.751524001460726
L261V,0.874436880265229
L261W,0.421088214900141
L261Y,0.44383001536769
D262A,0.484417935070887
D262C,0.333384735162734
D262E,0.9424708097254172
D262F,0.347321562252091
D262G,0.485079305214618
D262H,0.43209133832261
D262I,0.392578470238243
D262K,0.428276862016377
D262L,0.39807637587332
D262M,0.437412489338452
D262N,0.547833481223948
D262P,0.607412724793177
D262Q,0.5248206241647121
D262R,0.422082875045755
D262S,0.575928628722275
D262T,0.487502184202926
D262V,0.4267132866745871
D262W,0.5004578410541051
D262Y,0.445199505109857
C263A,-0.0249865132392535
C263D,-0.0320226236122193
C263E,-0.0205838028049624
C263F,-0.0277403671557223
C263G,-0.0272047775624853
C263H,-0.0250999268578052
C263I,-0.0166512593311588
C263K,-0.0281951546916554
C263L,-0.0322394152617628
C263M,-0.0283156388114196
C263N,-0.0218097333321103
C263P,-0.0177533279638499
C263Q,-0.0237502921237426
C263R,-0.0239064638257744
C263S,-0.0242298977089764
C263T,-0.023549558751599
C263V,-0.0213362052951161
C263W,-0.0303307334931457
C263Y,-0.0230370531849145
F264A,-0.0103660741855095
F264C,-0.0170744732564304
F264D,-0.02249639262177
F264E,-0.0231456633592811
F264G,-0.0297625583453367
F264H,-0.0156338085560223
F264I,-0.0169072148120196
F264K,-0.021316298057119
F264L,0.417188324147492
F264M,0.3248852733986081
F264N,-0.0284711596903496
F264P,-0.0274783253250164
F264Q,-0.0285355453032597
F264R,-0.0251900293598999
F264S,-0.0129638632395879
F264T,-0.0165454999806667
F264V,0.0057140001115262
F264W,0.7916292179276649
F264Y,0.568017223687364
H265A,0.8898515771253149
H265C,0.7959314638184309
H265D,0.912786240937057
H265E,0.992492476715593
H265F,1.05933301743298
H265G,0.8917209082315171
H265I,0.824872426256089
H265K,0.546034962217356
H265L,0.861056205053646
H265M,0.9466837900508148
H265N,0.840177820945294
H265P,0.348558488156762
H265Q,0.8472927757975641
H265R,0.53526977012386
H265S,0.8265398698895592
H265T,0.830300215677228
H265V,0.8604007840773109
H265W,0.975571817904102
H265Y,1.05792640346333
L266A,0.987388458646557
L266C,0.9651203994346628
L266D,1.1439823906205402
L266E,0.542473836457693
L266F,0.974401412512084
L266G,0.70199203418274
L266H,0.7729658236510929
L266I,1.09316812280481
L266K,0.506396483420874
L266M,0.990618344776277
L266N,1.0803218012474
L266P,0.244155122135926
L266Q,0.723102443631313
L266R,0.4721471307507421
L266S,0.960313368843574
L266T,1.01491980759517
L266V,1.03743183002361
L266W,0.7346676758374742
L266Y,0.956257666735149
Y267A,0.290173060787423
Y267C,0.0612903868207625
Y267D,-0.0275396088326996
Y267E,0.0706643768050335
Y267F,0.795068518962614
Y267G,-0.0171200792682911
Y267H,0.632944188797147
Y267I,0.3147250415919
Y267K,-0.0205539348809328
Y267L,0.598505743434216
Y267M,0.70624805438495
Y267N,0.115099894861358
Y267P,-0.0164039111420122
Y267Q,0.290157319617001
Y267R,-0.0156607627491681
Y267S,0.0115567658392869
Y267T,0.350745145332489
Y267V,0.411227630259409
Y267W,0.7227142346193441
C268A,1.0405379581471998
C268D,-0.0277610973576439
C268E,-0.0152605182370198
C268F,0.776464019199492
C268G,0.958175583973831
C268H,-0.0211504139143537
C268I,0.620148019889841
C268K,-0.0246777661965073
C268L,0.558400912815079
C268M,0.670555358067857
C268N,-0.0214963179275947
C268P,-0.0304396941547638
C268Q,-0.0151200287822817
C268R,-0.031675159776995
C268S,0.8864959976119742
C268T,0.760002247995718
C268V,0.940667596085024
C268W,-0.0061280630758134
C268Y,0.0179890081933613
V269A,0.6052978292885101
V269C,0.683802977525724
V269D,0.265199967885434
V269E,0.790830305702854
V269F,0.0474007656056168
V269G,0.240799847386441
V269H,0.385497579742257
V269I,0.90719088188577
V269K,0.3640186096746009
V269L,0.518579919755514
V269M,0.517527565024677
V269N,0.47673875796085
V269P,-0.0159314104288423
V269Q,0.7102131576580308
V269R,0.352214786301792
V269S,0.469300851769325
V269T,0.679763770170999
V269W,0.279184957544226
V269Y,0.377698943075213
T270A,0.708821501869282
T270C,0.935113313023811
T270D,0.366506711492302
T270E,0.7009269348331961
T270F,0.428355906338992
T270G,0.53637815755781
T270H,0.406405398340383
T270I,0.938633519579863
T270K,0.42441603193793
T270L,0.726064058434335
T270M,0.8899400335195149
T270N,0.4309484946844771
T270P,0.0318024014319112
T270Q,0.667319812079476
T270R,0.426340248006755
T270S,0.7681708957241321
T270V,1.00007460678147
T270W,0.5511958061723511
T270Y,0.560692118462611
R271A,1.04704162348468
R271C,0.9651186525985028
R271D,-0.0099967956674275
R271E,0.649243776106789
R271F,0.805096964689427
R271G,0.796407360733624
R271H,1.03120986698154
R271I,0.37663426622533
R271K,1.11266471284084
R271L,0.823488628378767
R271M,1.0439418265223102
R271N,0.991800086632131
R271P,-0.0239143294264136
R271Q,1.05067333013665
R271S,1.04830499455149
R271T,0.844400296051496
R271V,0.6155639104410079
R271W,0.310949639877564
R271Y,0.8164760756071329
L272A,-0.0099923773143321
L272C,0.0974043628431474
L272D,-0.0161348411270089
L272E,-0.0137302939968638
L272F,0.119781424294214
L272G,-0.0252529412645683
L272H,0.0965841393067364
L272I,0.906344813795214
L272K,-0.024555196079693
L272M,0.996236931526524
L272N,-0.0238118694389906
L272P,-0.0153119631133191
L272Q,0.0268788516864191
L272R,-0.0086254706414452
L272S,-0.0199258869319973
L272T,-0.0269843351834943
L272V,0.108534384364651
L272W,-0.0266899536598194
L272Y,-0.0132607865522219
N273A,0.409750396412816
N273C,0.336576766031373
N273D,0.579710431168984
N273E,0.320328276801114
N273F,0.5442877188347189
N273G,0.259250912952965
N273H,0.3705775808995301
N273I,0.429239247747694
N273K,0.371365433738177
N273L,0.4131649388135229
N273M,0.55740617626704
N273P,-0.0234249299217985
N273Q,0.406038157460281
N273R,0.39885565036994
N273S,0.416933346188891
N273T,0.366221844784625
N273V,0.349019112986266
N273W,0.6675498767875849
N273Y,0.6539775361433678
D274A,0.522206564101928
D274C,0.597253454347655
D274E,0.8903043858454179
D274F,0.442599730874711
D274G,0.4928165899757141
D274H,0.430798232698735
D274I,0.438440797348473
D274K,0.39287752324299
D274L,0.759798981947667
D274M,0.8050166387939559
D274N,0.669689579912052
D274P,-0.0256596243647165
D274Q,0.512218096674795
D274R,0.3519110794806889
D274S,0.556392890040205
D274T,0.5662447545830389
D274V,0.493439570410873
D274W,0.310845627215091
D274Y,0.388145732312959
R275A,-0.0265711523118205
R275C,-0.0053112577358103
R275D,-0.0256578336802277
R275E,-0.0333375719090145
R275F,-0.0015317657946422
R275G,0.0483245696809296
R275H,0.449859155783041
R275I,-0.0249437043830623
R275K,0.508447163807609
R275L,0.0060446146204196
R275M,0.168358629732011
R275N,0.0413422589857913
R275P,-0.0112999576775119
R275Q,0.0865893847821383
R275S,-0.0148682664390488
R275T,-0.0227083944497793
R275V,-0.0236531121292386
R275W,-0.0220033164772082
R275Y,-0.0208468108925522
Q276A,1.06767599672027
Q276C,1.00303526269858
Q276D,0.9255219280147028
Q276E,0.9857448464409592
Q276F,0.762570135131491
Q276G,1.00734138521491
Q276H,0.870908977978352
Q276I,0.690212775221148
Q276K,0.926380877337906
Q276L,0.9558193129131852
Q276M,0.998128672463013
Q276N,0.9201554578932308
Q276P,-0.033841289688719
Q276R,0.892776108854484
Q276S,0.9370493352377328
Q276T,0.9489652576194292
Q276V,0.853972808896154
Q276W,0.511536640815553
Q276Y,0.708921741839341
F277A,-0.023935449786116
F277C,0.116791900672904
F277D,-0.0105839745743121
F277E,-0.021504615553679
F277G,-0.0120634302305748
F277H,-0.0241491606429279
F277I,0.687499084665069
F277K,-0.0234253116429451
F277L,0.990260764827312
F277M,0.898189093554991
F277N,-0.0220640768418429
F277P,-0.0046922404454099
F277Q,-0.0297673410338487
F277R,-0.0292181175257958
F277S,-0.0294395700050106
F277T,-0.0188425041768958
F277V,0.446601862307831
F277W,0.947512965789191
F277Y,0.989321242978177
V278A,0.9416376774159828
V278C,0.966781183459654
V278D,0.8792808409003721
V278E,0.9569379655359608
V278F,0.893804457373739
V278G,0.525785252138327
V278H,0.971771789719665
V278I,1.001541968169
V278K,0.902995929631015
V278L,0.940305416897341
V278M,0.949799502839188
V278N,0.821309384178549
V278P,0.195644535514981
V278Q,0.983571766870262
V278R,0.841626925221753
V278S,0.918103325441706
V278T,0.9286844842594548
V278W,0.837166782732737
V278Y,0.941264468611667
H279A,0.91160515726225
H279C,0.909488212192087
H279D,0.82776980724727
H279E,0.9634313697336792
H279F,1.00815630211577
H279G,0.899537115925785
H279I,0.709760238619616
H279K,1.01913565905434
H279L,0.92906695946151
H279M,0.91656497738028
H279N,0.94931459005404
H279P,0.9244405256746558
H279Q,0.934239792400085
H279R,0.99924663833862
H279S,0.9018487001598948
H279T,0.7722276445055041
H279V,0.802506101135508
H279W,0.9583763563118092
H279Y,1.04053105326375
D280A,0.919110484285318
D280C,0.931545872625756
D280E,0.973399412555439
D280F,0.8049530788585891
D280G,0.7746801144156329
D280H,0.94871916391946
D280I,1.01950556403254
D280K,0.94271567643429
D280L,1.00429980482799
D280M,0.976672799605976
D280N,0.9411172800473472
D280P,-0.0274823751622824
D280Q,0.967782258902771
D280R,0.8283525837567371
D280S,0.950984987161002
D280T,0.981941806253952
D280V,1.0206086218419002
D280W,0.82353165953712
D280Y,0.92029556549479
P281A,0.9377538485706908
P281C,0.820174378453881
P281D,1.00448301993079
P281E,0.948626572816083
P281F,0.788763742626871
P281G,0.9614606397378248
P281H,0.878154304501231
P281I,0.858411426606252
P281K,0.965472767715684
P281L,0.889394212424662
P281M,0.856947447499988
P281N,0.914735953836332
P281Q,0.872143365111797
P281R,0.859723489833242
P281S,0.96033512649261
P281T,0.95882331730275
P281V,0.823925365588575
P281W,0.7584332204140559
P281Y,0.813604429023554
Q282A,1.00849348549011
Q282C,0.973307840858976
Q282D,1.00415982724682
Q282E,0.989764837271569
Q282F,0.932006128987424
Q282G,0.640440360953621
Q282H,0.962556736254909
Q282I,0.995134523513961
Q282K,1.01244221692892
Q282L,0.9740472294621692
Q282M,0.964827590009259
Q282N,1.03329865613277
Q282P,0.930632690669266
Q282R,0.915274638898722
Q282S,1.01870929491465
Q282T,0.997369451934159
Q282V,0.966188574309312
Q282W,0.8206510119199929
Q282Y,0.917174704606692
L283A,0.931211188243132
L283C,0.941478953493058
L283D,0.8228645347022241
L283E,0.88729942029797
L283F,1.00751377297419
L283G,0.979416095237138
L283H,0.975333855904303
L283I,1.10304432595856
L283K,0.8478210209861701
L283M,0.962276541637961
L283N,1.01146454676616
L283P,0.0224736315518406
L283Q,0.920466715533351
L283R,0.930805059536175
L283S,0.982655338816625
L283T,0.93506287740701
L283V,1.00638658731413
L283W,0.8749430542208341
L283Y,1.02096699100296
G284A,0.286234158446023
G284C,0.109321060677682
G284D,0.257255826372737
G284E,0.335126989464722
G284F,0.289214904402604
G284H,0.363426614333374
G284I,-0.0212882934670167
G284K,0.378613564511082
G284L,-0.0036380936471724
G284M,0.1381599029960609
G284N,0.646914393942119
G284P,-0.0171146348268856
G284Q,0.517211593763219
G284R,0.437946780535632
G284S,0.497637949229156
G284T,0.3003982842132869
G284V,-0.0066146263097386
G284W,0.0057471874555156
G284Y,0.388904112307751
Y285A,0.301361964974808
Y285C,0.284924983949162
Y285D,0.039548014010295
Y285E,-0.0195152987036136
Y285F,0.932174214701244
Y285G,-0.0148373769606727
Y285H,0.686479993857126
Y285I,0.6497125370666171
Y285K,-0.0240496189510303
Y285L,0.5769949068639311
Y285M,0.488942502506581
Y285N,0.199054848562218
Y285P,0.47000849495858
Y285Q,0.0010792621634488
Y285R,0.0437463311968954
Y285S,0.171009422720567
Y285T,0.4488331972732829
Y285V,0.535102620788254
Y285W,1.01928243074748
S286A,0.184859613197883
S286C,0.0555932431836421
S286D,-0.0269895135786203
S286E,-0.026396451090897
S286F,-0.0343669694334269
S286G,-0.0254441745994597
S286H,-0.0161114579145901
S286I,-0.0261958412360039
S286K,-0.0236641964074511
S286L,-0.0178118855523411
S286M,-0.0221604344554273
S286N,-0.0236789355285138
S286P,-0.0114238572618988
S286Q,-0.020781252914232
S286R,0.0029198914368993
S286T,1.05224834914349
S286V,0.0992058529344392
S286W,-0.0161323806519265
S286Y,-0.0227110507826486
L287A,0.231889608490118
L287C,0.212244631917861
L287D,-0.0262957113267879
L287E,-0.0216762586552169
L287F,-0.0169036926690855
L287G,-0.017916920149181
L287H,-0.0121964807679815
L287I,0.939453290847348
L287K,-0.0218992252601924
L287M,0.152020453994349
L287N,-0.0234198639460128
L287P,-0.0247560534296352
L287Q,-0.0275560615559406
L287R,-0.0106750009477485
L287S,-0.0194516722908109
L287T,0.2866058432458859
L287V,0.98845159209398
L287W,-0.0264033274188966
L287Y,-0.0234628560125717
P288A,0.904418688563334
P288C,0.7365010354881321
P288D,0.8008605123374691
P288E,0.8900546377944242
P288F,0.544526235567198
P288G,1.05443349510434
P288H,0.718721850556522
P288I,0.427286320069574
P288K,0.7471258887681099
P288L,0.6007397745349661
P288M,0.8315034366822259
P288N,0.903583750545772
P288Q,0.8611534217668321
P288R,0.778353051686389
P288S,0.949315009108343
P288T,0.8448099103322511
P288V,0.342301192800507
P288W,0.231755277771252
P288Y,0.6300276906711351
C289A,-0.0318716837717902
C289D,-0.0427593829284985
C289E,-0.0237575438202914
C289F,-0.0227788824428573
C289G,-0.0256858558562026
C289H,-0.0463398713239935
C289I,-0.0148356944280599
C289K,-0.0045967894633855
C289L,0.0485894508506168
C289M,-0.0298387491348497
C289N,-0.0480932484123505
C289P,-0.0140125278621538
C289Q,-0.0332912399673683
C289R,-0.0397361972525362
C289S,-0.0051020993178816
C289T,-0.0052284695488094
C289V,-0.0198695335963452
C289W,-0.0312829848513886
C289Y,0.0063580945407344
V290A,0.994093756870292
V290C,0.9404756132772768
V290D,-0.0223967458867941
V290E,-0.029785831694106
V290F,0.742142654114713
V290G,0.0177978978210718
V290H,-0.0249571565759713
V290I,0.949395836989536
V290K,0.413276299928455
V290L,0.82072890260928
V290M,0.7217254103756809
V290N,0.393546544727103
V290P,1.1133213037228
V290Q,0.280641921803242
V290R,0.523855944665032
V290S,0.6483642962532711
V290T,0.836354617967211
V290W,0.5672192537837271
V290Y,0.813013621073743
A291C,0.99182846119836
A291D,0.7000640843575101
A291E,0.37181898281266
A291F,0.9169550215195892
A291G,0.8829819448647159
A291H,0.778756932778783
A291I,0.7294269086262891
A291K,0.9746941469005492
A291L,0.894644141735107
A291M,1.02725020317829
A291N,0.9755883301391152
A291P,-0.0195472731619449
A291Q,0.756635544335587
A291R,0.8824253057864291
A291S,0.8759375286054921
A291T,0.6948152437351851
A291V,0.8936890431558829
A291W,0.6823034928762929
A291Y,0.963147175317948
G292A,0.892990219986407
G292C,0.6441516185999101
G292D,0.842914693349495
G292E,0.843564186341678
G292F,0.441800708168485
G292H,0.779417664493763
G292I,0.112071644568216
G292K,0.769551921939908
G292L,0.759462146973428
G292M,0.8214930596025991
G292N,0.9282697084024008
G292P,-0.0211639357592915
G292Q,0.910420835134035
G292R,0.743772551354803
G292S,0.8953210397355759
G292T,0.67968556821786
G292V,0.229472226810062
G292W,0.284697775348611
G292Y,0.528483790820345
C293A,-0.0276210552996959
C293D,-0.0135207668654092
C293E,-0.0109791532940038
C293F,-0.0390186011469982
C293G,-0.0211949801327274
C293H,-0.0290001699785406
C293I,-0.0014049975245479
C293K,-0.0331900175041597
C293L,-0.0134161312515433
C293M,-0.0011159590255456
C293N,-0.0217425035509585
C293P,-0.0251371313580272
C293Q,-0.026538986633886
C293R,-0.0167421766521725
C293S,-0.0265859150539093
C293T,-0.0175864067534184
C293V,-0.0330436678363185
C293W,-0.029073972898632
C293Y,-0.0275946408564325
P294A,1.04039580596865
P294C,0.8555184108847339
P294D,1.02329483614609
P294E,0.993536640258856
P294F,0.7590652371925091
P294G,1.00752778747556
P294H,0.94218027659393
P294I,0.841016440350102
P294K,0.8525990577557411
P294L,0.631441746252106
P294M,0.8549410677964151
P294N,0.873939245436929
P294Q,0.926336529265388
P294R,0.834239520147015
P294S,0.9947257466444548
P294T,0.997822824321518
P294V,0.9739050125876172
P294W,0.4930138105154661
P294Y,0.810721612772104
N295A,0.8615542636624691
N295C,0.6360041355277429
N295D,1.02352090187816
N295E,1.00869779757018
N295F,0.7914548163413291
N295G,0.93753569883034
N295H,0.839139195584869
N295I,0.286427300410227
N295K,0.927449140068436
N295L,0.7038524194190301
N295M,0.878297892451114
N295P,-0.0236248307320819
N295Q,0.905572028324604
N295R,0.8409893616824609
N295S,0.951286785539838
N295T,0.7982075691354671
N295V,0.568047305330453
N295W,0.46771809122795
N295Y,0.73131612074416
S296A,0.235644833119775
S296C,-0.0277950760255233
S296D,-0.0231843416027869
S296E,-0.0212170835904545
S296F,0.282381168859963
S296G,0.174887048963653
S296H,-0.0142008473904863
S296I,-0.0308363527243924
S296K,-0.0169162946354016
S296L,-0.0206403848210176
S296M,-0.0281143832140222
S296N,-0.0108268867971469
S296P,-0.0196756147868072
S296Q,-0.0230342211832502
S296R,-0.0243180538279323
S296T,0.328381496390571
S296V,-0.0141075154529584
S296W,0.25234017002829
S296Y,0.8164438195128891
L297A,0.6882678396306379
L297C,0.7486757828214909
L297D,0.436271885088214
L297E,0.7372364169360981
L297F,0.750428187313202
L297G,0.221008917417562
L297H,0.64509504503117
L297I,0.9367486302579308
L297K,0.362543201222418
L297M,0.922738552153479
L297N,0.768070863329144
L297P,-0.0200470142480556
L297Q,0.7078163994249851
L297R,0.376812442977634
L297S,0.6292757266174829
L297T,0.8867129402032009
L297V,0.8782568657521189
L297W,0.478241613103009
L297Y,0.7185884515934999
I298A,-0.0131932973075424
I298C,-0.0182673112091702
I298D,-0.0194073361256154
I298E,-0.0246903180071127
I298F,-0.0215238145522035
I298G,-0.0235415625849243
I298H,-0.0108032332589799
I298K,-0.0296623920797281
I298L,0.834276520803061
I298M,0.7827740162376259
I298N,-0.0237191633505182
I298P,-0.0321597499947518
I298Q,-0.026355636393981
I298R,-0.0193404529276296
I298S,-0.0097469441284473
I298T,-0.0147737712383408
I298V,0.831729077440149
I298W,-0.0214503346119296
I298Y,-0.0174448966762211
K299A,0.8508626228298009
K299C,0.7209948373698101
K299D,0.90847368000641
K299E,0.900407600099837
K299F,0.5891041171544179
K299G,0.8080701249369849
K299H,0.866839076750322
K299I,0.6249313065643289
K299L,0.6344779759742939
K299M,0.7912900731763659
K299N,0.9475109742768508
K299P,0.6838917154030439
K299Q,0.93066989833746
K299R,0.9685518354985893
K299S,0.973200194338694
K299T,0.9713618705099208
K299V,0.6786129232601589
K299W,0.7074932710348628
K299Y,0.7737526817096079
E300A,0.9829539752921272
E300C,0.831908547847047
E300D,1.00783102810993
E300F,0.647155181327158
E300G,0.9205227478143
E300H,0.851415536197505
E300I,0.397903229642921
E300K,0.661905539696926
E300L,0.4482808586054721
E300M,0.66387894211221
E300N,0.968067788249131
E300P,1.05596797072027
E300Q,0.900917995054825
E300R,0.535694047577588
E300S,0.972775967582959
E300T,0.8681803486635781
E300V,0.7142835905793199
E300W,0.595377799227206
E300Y,0.764006231195977
L301A,0.9360511552907288
L301C,0.844176335330066
L301D,0.8752957419623859
L301E,0.937858777599488
L301F,0.8997048957214409
L301G,0.8672381252827929
L301H,0.903353464308081
L301I,0.982606499802015
L301K,0.9158106559063393
L301M,0.9691795436888552
L301N,0.914417353708232
L301P,0.9395057038154458
L301Q,0.887700707994518
L301R,0.7897533738325401
L301S,0.8963702481111311
L301T,1.02010756500088
L301V,0.924457793253645
L301W,0.641188176988133
L301Y,0.836765263516755
H302A,1.04133320440616
H302C,0.957533308992408
H302D,1.14944244682259
H302E,1.17938923497946
H302F,0.885849828223272
H302G,0.961238712434359
H302I,0.9005184884107509
H302K,0.95924589181233
H302L,0.910181740518732
H302M,0.946027620602981
H302N,1.06802802003281
H302P,0.7450431032975401
H302Q,1.09773722858482
H302R,0.904945736508264
H302S,1.02995238587181
H302T,1.03594332988538
H302V,0.93111240479807
H302W,0.8269401912280708
H302Y,0.9455253021157172
H303A,0.372709316593511
H303C,0.62332549857057
H303D,-0.0329397745943152
H303E,-0.0220251185547189
H303F,0.402202651348721
H303G,-0.0194402619717461
H303I,0.920597862499487
H303K,-0.0206587134299884
H303L,0.8131637272777621
H303M,0.8128070467386691
H303N,0.0473027196566536
H303P,-0.0162228074366183
H303Q,0.0694408616747259
H303R,-0.0234190906212242
H303S,0.4188562417334361
H303T,0.998249815815672
H303V,0.9301824913127208
H303W,-0.0196414855573496
H303Y,0.811866927594617
F304A,-0.0073031116986542
F304C,-0.0226174637931073
F304D,-0.0208558340254835
F304E,-0.0183356208577145
F304G,-0.0080476136871138
F304H,-0.0221120298457465
F304I,0.0018383224233618
F304K,-0.0236052934981948
F304L,0.6457845537988671
F304M,0.6373295329828349
F304N,-0.0242914490367603
F304P,-0.0269638655428453
F304Q,-0.0123309886020449
F304R,-0.0157387094633627
F304S,-0.0144615728748934
F304T,-0.0309364413379018
F304V,-0.0191240855219532
F304W,-0.0118129241196565
F304Y,0.870057929038569
R305A,0.9793142632970372
R305C,0.836048729560596
R305D,0.7304373687826898
R305E,1.01044701292308
R305F,0.7720828835684259
R305G,0.849645541333558
R305H,0.8747638407618521
R305I,0.8454774451489679
R305K,0.992145843542269
R305L,0.883057038915706
R305M,1.012960917847
R305N,0.8949712253205829
R305P,-0.0103187020437619
R305Q,0.981002937269119
R305S,0.958549228891085
R305T,0.9417268898040828
R305V,0.8532132918894529
R305W,0.8047097204673871
R305Y,0.8157104345296959
I306A,0.9144994851081272
I306C,0.747103614480309
I306D,-0.0306034956262111
I306E,-0.0209531573243889
I306F,0.504278996436522
I306G,0.25034185600252
I306H,0.1645078783550919
I306K,-0.0239887262149351
I306L,0.943845576082381
I306M,0.8893465235414209
I306N,0.005722464454318
I306P,-0.0049177131862693
I306Q,0.3161180136508029
I306R,-0.0248969625977261
I306S,0.660606829791296
I306T,0.7386578665142042
I306V,0.883853264723175
I306W,0.175884335314996
I306Y,0.229315220074522
L307A,0.9731267802941208
L307C,0.989517717952335
L307D,-0.0232505502582854
L307E,-0.0253938738565879
L307F,0.5152362392508271
L307G,0.5692632899672421
L307H,0.0167488647232525
L307I,1.01558565094753
L307K,-0.0131154245019862
L307M,0.8833176411111521
L307N,0.515905428540144
L307P,0.542134657500608
L307Q,-0.0174751992397595
L307R,-0.0252957255719791
L307S,0.6154682114644661
L307T,0.7737327088670319
L307V,0.8435511197502521
L307W,0.0726718634275238
L307Y,-0.0143038665125914
G308A,0.6220375361927111
G308C,0.6986237605275699
G308D,1.05581582302345
G308E,1.0208163396765
G308F,0.220009393878975
G308H,0.615767381454037
G308I,0.325681789242454
G308K,0.375259323714353
G308L,0.292468315157807
G308M,0.50093067098917
G308N,0.765312600172648
G308P,0.989348082651818
G308Q,0.658869889449574
G308R,0.395161904645512
G308S,0.715661953168546
G308T,0.721881237051027
G308V,0.465756483957264
G308W,0.183985962653313
G308Y,0.4203279050383571
E309A,0.9958038289083871
E309C,0.918211080084191
E309D,1.06315187313148
E309F,0.958502148253611
E309G,0.922693129723535
E309H,1.03972924848039
E309I,0.940670810938924
E309K,0.909179072448183
E309L,1.0160858851568
E309M,0.9717400892190352
E309N,1.10272422144919
E309P,1.17976810086992
E309Q,1.0190818726149
E309R,1.03667576005326
E309S,1.01302923390999
E309T,1.02299275660089
E309V,0.8768405435332229
E309W,0.844800913177041
E309Y,0.9542958698038622
E310A,0.8781939286963292
E310C,0.78345448185468
E310D,0.985006443813105
E310F,0.982514522348572
E310G,0.6928888162856789
E310H,0.800723090484986
E310I,0.8845169952684301
E310K,0.796180487686764
E310L,0.897857856758481
E310M,0.8437796585199641
E310N,0.777487003799874
E310P,0.8242642314218
E310Q,0.937365851092159
E310R,0.6744893021866479
E310S,0.818628899444408
E310T,0.913754598216635
E310V,0.8668570201181359
E310W,0.67246065441241
E310Y,0.970286372542266
Q311A,0.751171201105857
Q311C,0.72251629500808
Q311D,0.781479691175624
Q311E,0.763412629355305
Q311F,0.8452022338748281
Q311G,0.7064614133754941
Q311H,0.654283530715873
Q311I,0.6838196296860649
Q311K,0.358692833900561
Q311L,0.584950131480789
Q311M,0.651560469172526
Q311N,0.767500891967636
Q311P,0.5534524998730551
Q311R,0.340021236145021
Q311S,0.7287124328900251
Q311T,0.7469976184478392
Q311V,0.739100738730605
Q311W,0.5384319121553621
Q311Y,0.556811512840114
Y312A,0.4537317145014679
Y312C,0.519606340163642
Y312D,0.0145586336960679
Y312E,0.180806186510511
Y312F,1.02107503703634
Y312G,0.172391396325314
Y312H,0.990497867741798
Y312I,0.380041610615266
Y312K,-0.0161119902972132
Y312L,0.56694895074101
Y312M,0.6242611235307199
Y312N,0.5215942264961451
Y312P,0.0040070858617161
Y312Q,0.218042930122983
Y312R,0.0154578151017792
Y312S,0.4149263696231989
Y312T,0.341326173431985
Y312V,0.4374457938428111
Y312W,1.03000435088151
N313A,0.95328081453096
N313C,0.921118400948633
N313D,0.8620328320730241
N313E,0.922879654208219
N313F,1.07369660930794
N313G,0.908068642404638
N313H,1.0186561915460202
N313I,0.924318524503733
N313K,1.01575822999229
N313L,1.01136855768395
N313M,0.9940500650747192
N313P,0.8295635573857221
N313Q,1.02327479065625
N313R,1.00007290254061
N313S,0.950045918820595
N313T,0.9449679028722728
N313V,0.89248863810774
N313W,1.16410075826956
N313Y,1.09164720302504
R314A,0.226374569485159
R314C,0.119008443450645
R314D,-0.0001326613982753
R314E,0.055023471493601
R314F,0.0139364123238265
R314G,-0.0264775417558189
R314H,0.267684338136851
R314I,0.290311426674992
R314K,0.456215590565622
R314L,0.34436133664748
R314M,0.350761165438018
R314N,0.159363180492945
R314P,-0.0281923663241433
R314Q,0.387357087545898
R314S,0.163883502418794
R314T,0.194686710347461
R314V,0.308035386583603
R314W,0.0146896563368136
R314Y,0.050711564013743
Y315A,0.5231442019360371
Y315C,0.898001871867617
Y315D,-0.0264111797775855
Y315E,-0.0272270649273776
Y315F,0.9842032071691628
Y315G,-0.0338492049267831
Y315H,0.555791162609699
Y315I,0.97089001014806
Y315K,0.0066550273272134
Y315L,0.963312693562586
Y315M,0.7795030949240731
Y315N,-0.0196053752457849
Y315P,-0.0241594860298375
Y315Q,0.460879319519239
Y315R,-0.0132295998309553
Y315S,0.401527405545766
Y315T,0.986869760679465
Y315V,1.00831159301872
Y315W,0.9309332834308373
Q316A,0.964474609393314
Q316C,0.9743303939194332
Q316D,0.9738708402399652
Q316E,0.98487989860521
Q316F,0.8492617366272809
Q316G,0.8618694637928671
Q316H,0.9547837182610308
Q316I,1.0351036232105502
Q316K,1.0256601093753002
Q316L,1.02773951054029
Q316M,0.990639052969149
Q316N,0.98861190572386
Q316P,-0.0245140538297956
Q316R,0.9812337216334468
Q316S,0.98510679654548
Q316T,1.01995030213675
Q316V,0.984847456716789
Q316W,0.823869188172978
Q316Y,0.898370022771971
Q317A,1.04003711806224
Q317C,0.9922770542234258
Q317D,0.870014768250452
Q317E,0.970515226505395
Q317F,0.800527538423063
Q317G,0.950535683369705
Q317H,0.955014417201434
Q317I,0.8502797558059331
Q317K,1.03094599050171
Q317L,0.8998132864341909
Q317M,0.991658733399409
Q317N,1.04168941817611
Q317P,-0.0199712897546091
Q317R,1.11388594660556
Q317S,1.06864847470201
Q317T,1.03176780895979
Q317V,0.866125821450897
Q317W,0.775955023052728
Q317Y,0.782783621973073
Y318A,0.138007329225836
Y318C,0.1900716371275369
Y318D,-0.0253555802940153
Y318E,0.0117563793774729
Y318F,0.7967057527651891
Y318G,-0.0303093737255628
Y318H,0.115098024777055
Y318I,0.9380143379953392
Y318K,-0.0100193740988757
Y318L,0.7856049831112859
Y318M,0.550177682604249
Y318N,-0.0175514534070328
Y318P,-0.0135872584045816
Y318Q,0.411320953125532
Y318R,0.0593085721256704
Y318S,-0.0026174809106854
Y318T,0.149203122941387
Y318V,0.481605674283989
Y318W,0.0027851736595676
G319A,0.926694195440886
G319C,0.7683000386708578
G319D,0.964295281125862
G319E,0.99084989708038
G319F,0.792903014905962
G319H,0.973283884303436
G319I,0.6544376095992189
G319K,0.8383247727889991
G319L,0.6809957812310389
G319M,0.8635306716369631
G319N,0.926819288305857
G319P,0.959921443467102
G319Q,0.881805389280352
G319R,0.8831092310493229
G319S,0.962964047679368
G319T,0.8732573073463971
G319V,0.651830500974172
G319W,0.7192242660314999
G319Y,0.872565293467626
A320C,0.8096595614744889
A320D,1.0660059807265698
A320E,1.03347947549465
A320F,0.946116456687628
A320G,0.945183452512545
A320H,0.970841184005088
A320I,1.04159205564442
A320K,0.983965277834953
A320L,0.9399387741440608
A320M,0.991982954757241
A320N,1.02543519514563
A320P,0.939368229805736
A320Q,0.968836359549062
A320R,0.953681289125188
A320S,1.0015292156482098
A320T,1.0027016894534
A320V,0.958849328282332
A320W,0.8934586897295139
A320Y,0.967389164541306
E321A,0.98762254378707
E321C,0.833456343139688
E321D,0.8798755356690301
E321F,0.534557234773554
E321G,0.95547481381834
E321H,0.79182937371582
E321I,0.7437284108426149
E321K,0.7329340952127109
E321L,0.873147707257645
E321M,0.849543018470895
E321N,0.924629975402195
E321P,0.361220134582049
E321Q,1.24280678784623
E321R,0.867563113065511
E321S,0.9552281975044092
E321T,0.897766182927613
E321V,0.7813457231281221
E321W,0.663960449705753
E321Y,0.5719983307651221
E322A,0.7357206918183571
E322C,0.564954577020221
E322D,0.8002288357285892
E322F,0.381771270390967
E322G,0.366462222449072
E322H,0.606211060429376
E322I,0.4008564808991961
E322K,0.4542681609274571
E322L,0.4592502609505039
E322M,0.586136081786356
E322N,0.6212123989070489
E322P,0.259539684850651
E322Q,0.8681158163929771
E322R,0.4946375775628479
E322S,0.6486244146766871
E322T,0.6067670143286751
E322V,0.6521824692781639
E322W,0.3582479378004329
E322Y,0.442875521488988
C323A,1.07547723873107
C323D,1.0686937690963
C323E,1.10494116309174
C323F,0.975074102542965
C323G,1.00427491593704
C323H,1.11044152551842
C323I,1.03847160286755
C323K,1.1060202727909498
C323L,1.01509060246592
C323M,1.04121898528121
C323N,1.06518345676135
C323P,0.521962672380298
C323Q,1.10024924847051
C323R,1.09970424739011
C323S,1.07110313802018
C323T,1.05089799822387
C323V,0.976075301246952
C323W,0.909092626593384
C323Y,1.01169284637177
V324A,0.9491860101991808
V324C,1.0051235317403802
V324D,0.455280938101225
V324E,0.4150887785351551
V324F,0.696766539191947
V324G,0.436740643233667
V324H,0.80066873618404
V324I,1.02495061184829
V324K,0.81761555344201
V324L,0.8323238288593661
V324M,0.8937243028151078
V324N,0.687045868390359
V324P,0.3096333023880029
V324Q,0.6619976613678901
V324R,0.575054541516951
V324S,0.7589589808200421
V324T,1.02714883392594
V324W,0.597592478209074
V324Y,0.896414860260718
L325A,0.5427425851347609
L325C,0.479192024691165
L325D,0.419361523853074
L325E,0.534428619264689
L325F,0.5748175695751221
L325G,0.464133606144606
L325H,0.4494977312720511
L325I,0.956260792224303
L325K,0.636252228347728
L325M,0.8675551410030641
L325N,0.504911104572593
L325P,0.397038807557875
L325Q,0.618991133692699
L325R,0.614075792235522
L325S,0.519523812270185
L325T,0.6384211630152521
L325V,0.864481114829647
L325W,0.4280090600725129
L325Y,0.548642449767394
Q326A,0.993182811826725
Q326C,0.6730278621872211
Q326D,0.943820311520678
Q326E,1.0261797878876
Q326F,0.79893615044428
Q326G,0.956377248630896
Q326H,0.915138334406544
Q326I,0.8325728360270691
Q326K,1.03861274048844
Q326L,0.878886589268922
Q326M,0.94926265520176
Q326N,0.954830586128519
Q326P,0.37655647205392
Q326R,1.0128720493252
Q326S,0.980916443558325
Q326T,0.922751502405419
Q326V,0.814783416789795
Q326W,0.722913041855395
Q326Y,0.7791357259243029
M327A,1.02841845620585
M327C,0.963187757850844
M327D,0.968149500752878
M327E,1.02120237471771
M327F,0.842706325503045
M327G,0.9301741846578108
M327I,0.8850800660119921
M327K,1.07837137479222
M327L,0.916490883328546
M327N,1.05614610829252
M327P,0.3868552943018821
M327Q,1.02805287498725
M327R,1.00021707023824
M327S,0.981623031867553
M327T,0.9153563665779672
M327V,0.906816689981783
M327W,0.805440394898179
M327Y,0.875236741942939
G328A,0.5824292384197
G328C,0.480590715485357
G328D,0.766222733484279
G328E,0.639456901795562
G328F,0.325417031130817
G328H,0.69609130963649
G328I,0.062529138940954
G328K,0.768612074683502
G328L,0.322719138493106
G328M,0.5445555941557151
G328N,0.8770394907984459
G328P,0.236259542642639
G328Q,0.7260703630445621
G328R,0.655656830195549
G328S,0.61878585998921
G328T,0.37897241766569
G328V,0.11425142294974
G328W,0.15754913424798
G328Y,0.344535757945274
G329A,0.415417907216641
G329C,0.288617603068076
G329D,0.2857795512987089
G329E,0.337287207536935
G329F,0.3902135357091121
G329H,0.3551048081644539
G329I,0.280278461172491
G329K,0.382488262623975
G329L,0.320298752688101
G329M,0.4351902271845589
G329N,0.342498830454443
G329P,0.316748353241715
G329Q,0.401443610693671
G329R,0.396820457353255
G329S,0.344516888564383
G329T,0.351853750509041
G329V,0.33748352433287
G329W,0.3640009686562609
G329Y,0.413330589438882
V330A,0.748966714793304
V330C,0.8708190238930359
V330D,0.5329530835499671
V330E,0.903998203652924
V330F,0.7673739134677281
V330G,0.271355109909238
V330H,0.621792439475635
V330I,1.01932631502399
V330K,0.4096564681136369
V330L,0.9628345127883968
V330M,0.9666650167647408
V330N,0.440881717101122
V330P,0.1952456697921269
V330Q,0.841308449562908
V330R,0.431387126920788
V330S,0.639034588513184
V330T,0.9680915474258291
V330W,0.5799503650729321
V330Y,0.7997008138276279
L331A,0.443930693861446
L331C,0.7137277476293179
L331D,0.253625664143929
L331E,0.37959774339513
L331F,0.5897068580561121
L331G,0.310612406940294
L331H,0.455395684999752
L331I,0.8513188631586371
L331K,0.475851564320654
L331M,0.6871698882065078
L331N,0.460980477459683
L331P,0.356011749315162
L331Q,0.7894466357576629
L331R,0.495430060092676
L331S,0.476999121303615
L331T,0.7158916882395691
L331V,0.690383759165457
L331W,0.456912731426123
L331Y,0.395839540277503
C332A,0.226182864833307
C332D,0.213931266416136
C332F,0.0615384807955148
C332G,0.202953779800767
C332H,0.166663947732077
C332I,0.0989616081260432
C332K,0.237883531060244
C332L,0.124985875307782
C332M,0.123664692655211
C332N,0.228130686219211
C332P,0.218798384296843
C332Q,0.2169265955798148
C332R,0.177733103900276
C332S,0.2156873667233
C332T,0.224505095683543
C332V,0.156074009517442
C332W,0.0164122060087548
C332Y,0.104452417550518
P333A,0.39326778589644
P333C,0.225328731561488
P333D,0.161041812867873
P333E,0.199349504960911
P333F,0.0663902690770063
P333G,0.280505501159946
P333H,0.166998397108759
P333I,0.257630681608345
P333K,0.229847806654248
P333L,0.108877934343249
P333M,0.179123138342396
P333N,0.247160079056506
P333Q,0.235051389154844
P333R,0.221412692138867
P333S,0.480939720708111
P333T,0.389822956746562
P333V,0.463449040659717
P333W,0.102158925636306
P333Y,0.0696710516269318
R334A,0.8742976069297321
R334C,0.475790566859496
R334D,0.443948552989092
R334E,0.8264344165339319
R334F,0.808638434381482
R334G,0.753594662878106
R334H,0.795155696685269
R334I,0.993780584276277
R334K,0.948945233776785
R334L,0.861060163555974
R334M,1.03749931759531
R334N,0.8642141292214179
R334P,0.2404643952024889
R334Q,1.04353956949938
R334S,0.887341284729958
R334T,1.02195524711888
R334V,0.86478466216795
R334W,0.773773818687621
R334Y,0.7814992293617159
P335A,0.952694135529638
P335C,0.6250468809959351
P335D,0.692542272919768
P335E,0.735947571072199
P335F,0.831197468445255
P335G,0.7823532698160001
P335H,0.821128494298093
P335I,0.9304972222652728
P335K,0.591004041113478
P335L,0.7935534307416791
P335M,0.910531464409024
P335N,0.929320938580293
P335Q,0.8894873448349829
P335R,0.742815137623973
P335S,1.00653268560239
P335T,0.938055767819777
P335W,1.00584028776382
P335Y,0.967387949721208
G336A,0.8493057990752471
G336C,0.871558834027652
G336D,0.8333758396676431
G336E,0.825041083836279
G336F,0.9594059754690072
G336H,0.882435534637852
G336I,0.7839326734141929
G336K,0.843477904089252
G336L,0.923203678728103
G336M,0.953469443104971
G336N,0.982415828979418
G336P,0.6202581787133901
G336Q,0.868430959545135
G336R,0.847491965201485
G336S,0.8972964812439058
G336T,0.824542492450207
G336V,0.786608875175578
G336W,0.882391994501863
G336Y,0.923279340836521
C337A,0.165133787819184
C337D,0.254690050928996
C337E,0.269024528840862
C337F,0.135200337955288
C337G,0.231077776730427
C337H,0.195463166623366
C337I,0.183178722550741
C337K,0.207045098576737
C337L,0.162112908457821
C337M,0.161734392605396
C337N,0.222249842141389
C337P,0.223387999120794
C337Q,0.252971362801022
C337R,0.1986822462184668
C337S,0.284844028392736
C337T,0.215017335704591
C337V,0.227107971077301
C337W,0.116117805409383
C337Y,0.146166174284559
G338A,0.9079973707865432
G338C,0.8511857012305001
G338D,0.626294168776829
G338E,0.892085001153005
G338F,0.7605699976382941
G338H,0.780560507751772
G338I,0.580641799926218
G338K,0.479724340858371
G338L,0.693575947204303
G338M,0.7290459577068951
G338N,0.9294585060582528
G338P,0.521847596620563
G338R,0.53151071320273
G338S,1.01806456979256
G338T,0.894442050794312
G338V,0.764011839184539
G338W,0.726844675857558
G338Y,0.89982835698524
A339C,0.912664900985907
A339D,0.7348684499218041
A339E,0.9651780944693672
A339F,1.02801573503386
A339G,0.937971437464148
A339H,0.9306273676476658
A339I,1.0072276312594102
A339K,1.06065146329715
A339L,0.996420420272398
A339M,1.08149965051535
A339N,1.04048455088646
A339P,0.236328073943423
A339Q,0.96517245668161
A339R,1.04290963915491
A339S,1.00355887898706
A339T,1.07373339806477
A339V,1.02720187269118
A339W,0.9211272949398528
A339Y,1.09975198189967
G340A,0.968197378683382
G340C,0.8041456547532899
G340D,0.59811164382783
G340E,0.592622866258756
G340F,0.6613146019482851
G340H,0.6532008814913229
G340I,0.578539945369722
G340K,0.83187318681101
G340L,0.5635130509161059
G340M,0.8679418652506791
G340N,0.6604689466706141
G340P,1.11828812052767
G340Q,0.887662291406826
G340R,0.766106332380449
G340S,0.933709853075106
G340T,0.8198488308485641
G340V,0.5521327737245171
G340W,0.5655029825104261
G340Y,0.6972543096663649
L341A,0.92744488332038
L341C,1.00294295665021
L341D,0.29268045043146
L341E,0.4380033888136369
L341F,0.90987233906214
L341G,0.8133676571690109
L341H,0.972381274685884
L341I,1.00891695237832
L341K,0.7931370797521959
L341M,1.00288558244278
L341N,1.02720156406342
L341P,0.3815085083721699
L341Q,0.998348937672807
L341R,0.858948451475645
L341S,0.987744425452094
L341T,0.962721739674832
L341V,1.00391508555835
L341W,0.850738708655663
L341Y,0.864510698152307
L342A,0.890921962719446
L342C,0.90627819136125
L342D,0.6810643704521481
L342E,0.780808645701719
L342F,0.953592296013308
L342G,0.599821589462576
L342H,0.918174575011542
L342I,0.960972314168692
L342K,0.88149423481695
L342M,0.966996880409707
L342N,0.949510425159386
L342P,0.4779069519557279
L342Q,0.887577230372092
L342R,0.909409387439952
L342S,0.841330208089876
L342T,0.941222505702732
L342V,0.9450729787432852
L342W,0.95631413306515
L342Y,0.934098950829754
P343A,0.9391470381616592
P343C,0.935115539111004
P343D,0.617594370310278
P343E,0.696496784378293
P343F,0.79793532935058
P343G,0.8701661168896501
P343H,0.7742379943997499
P343I,0.9060735693429448
P343K,0.8498124088914899
P343L,0.935808368173234
P343M,0.8989819240373179
P343N,0.809308987055636
P343Q,0.8742729238641891
P343R,0.793414520056787
P343S,0.848568112764405
P343T,0.929404718483684
P343V,0.95136772437025
P343W,0.5815650917615639
P343Y,0.761001383632461
E344D,1.11609511813963
P345L,0.932532798242284
P345Q,0.9685626284901708
P345S,1.02310368018992
D346A,0.993155707624853
D346C,0.9123648821495808
D346E,0.9751677411348952
D346F,0.990358960570292
D346G,0.923563142971186
D346H,0.939990556259302
D346I,0.953531552057724
D346K,0.935944110284848
D346L,0.919315614811361
D346M,0.915933225082652
D346N,0.980730205073545
D346P,0.8485366919995841
D346Q,0.926213332012114
D346R,1.01077107240121
D346S,0.976005257819557
D346T,0.9684425911912472
D346V,0.913904857569256
D346W,0.8344295773209359
D346Y,0.905321713386826
Q347A,0.982840513531116
Q347C,0.8740650042850999
Q347D,0.995016476123768
Q347E,0.9939765209957708
Q347F,0.856273132782263
Q347G,0.9235004004634152
Q347H,0.755487967774266
Q347I,0.942418644404654
Q347K,1.0163022000280502
Q347L,0.968381289083848
Q347M,1.00496359500509
Q347N,0.978076832839724
Q347P,0.67718230889965
Q347R,0.948990453673852
Q347S,0.9566969617345852
Q347T,0.919338013136987
Q347V,1.02687622684607
Q347W,0.803172422766153
Q347Y,0.837707779200756
R348A,0.8966346694629499
R348C,0.7772166701241089
R348D,0.723560344436188
R348E,0.702003567216439
R348F,0.6825282189829339
R348G,0.641758153896689
R348H,0.831431816811119
R348I,0.8217351869511309
R348K,0.995032537630172
R348L,0.8960746684769949
R348M,0.917951261298928
R348N,0.805221622916657
R348P,0.714052209569502
R348Q,0.906372793378948
R348S,0.784009891841087
R348T,0.8145154431202559
R348V,0.86230643269332
R348W,0.650419594552148
R348Y,0.7264261759483929
K349A,0.8399306262411029
K349C,0.646684639194367
K349D,0.6583614775028791
K349E,0.911575347912792
K349F,0.860699709596505
K349G,0.752898427557275
K349H,0.838926186382996
K349I,0.971257666272876
K349L,0.9271477265275948
K349M,0.9944669678409508
K349N,0.8898829981041808
K349P,0.500089749764774
K349Q,0.7925350325645609
K349R,1.017770781341
K349S,0.9251734427948792
K349T,0.8216609233995721
K349V,0.823344471836963
K349W,0.358703877644483
K349Y,0.133562150239391
V350A,0.7823821095775451
V350C,0.8442782075427491
V350D,0.174843170516841
V350E,0.18365026066619
V350F,0.4239739750855689
V350G,0.254014782919096
V350H,0.238823740647986
V350I,1.06064933523878
V350K,0.228916281912358
V350L,0.968322593696176
V350M,0.907784483230903
V350N,0.2636248640662589
V350P,0.164286467466979
V350Q,0.529053679960994
V350R,0.289639238924167
V350S,0.3418872189458289
V350T,0.671316477927569
V350W,0.470671523223795
V350Y,0.483247031331715
T351A,0.870122807925715
T351C,0.983287173169718
T351D,0.8926578718571191
T351E,0.882102806639958
T351F,0.9483942357925892
T351G,0.483861891897323
T351H,0.884292926959716
T351I,1.04300410090652
T351K,0.85533478999276
T351L,0.8853170398426141
T351M,0.828560411044087
T351N,0.9005089703285749
T351P,0.6534078805445711
T351Q,0.857598739351227
T351R,1.21701492588227
T351S,0.974940382599971
T351V,0.8734765023765341
T351W,0.703461738266408
T351Y,0.909075230725278
C352A,0.155420575739133
C352D,0.188257206969753
C352E,0.126567906997714
C352F,0.0928420998944023
C352G,0.1505288595041219
C352H,0.490636180617629
C352I,0.103111741899429
C352K,0.0922365100099422
C352L,0.0478474610147038
C352M,0.052845020776491
C352N,0.143276083999164
C352P,0.155803251259641
C352Q,0.108812355700763
C352R,0.115905136368607
C352S,0.1439039374369339
C352T,0.157593318586738
C352V,0.0972175987825112
C352W,0.011665228221581
C352Y,0.0787535930033569
E353A,0.9012850890036428
E353C,0.8081317131133241
E353D,0.972328739544524
E353F,0.810799940928441
E353G,0.936389157820825
E353H,0.8902063828907021
E353I,0.9028921629365352
E353K,0.930102875339829
E353L,0.8191071214316741
E353M,0.894438860338971
E353N,0.922040620747766
E353P,0.74172921503831
E353Q,0.860852716892383
E353R,0.872227098189772
E353S,0.90426344652501
E353T,0.896276274245475
E353V,0.9301852903014892
E353W,0.7655371105283679
E353Y,0.868164100269225
G354A,0.9167486445294192
G354C,0.8383197035913069
G354D,1.07931113902033
G354E,0.920150181556952
G354F,0.945799175205422
G354H,0.923995768747189
G354I,0.9516187258836551
G354K,0.90496342895744
G354L,0.952217604121084
G354M,0.964742487418116
G354N,1.00065938109438
G354P,0.987678850081012
G354Q,0.9028224025044672
G354R,0.925115627663704
G354S,0.945039759238968
G354T,0.999432518605756
G354V,0.8318158502115458
G354W,0.8400128170590949
G354Y,0.9783276479345792
G355A,1.03592131482898
G355C,0.936221504851877
G355D,1.0483649686543
G355E,1.05858790297656
G355F,0.953231116870446
G355H,0.996250072751818
G355I,0.970837800066476
G355K,0.919054042216518
G355L,0.942316884460987
G355M,1.0033560261019798
G355N,1.03493486592446
G355P,1.04117722565795
G355Q,0.996015002509256
G355R,0.9783751548468128
G355S,1.03253030054887
G355T,0.98868235642099
G355V,0.974419613260652
G355W,0.921056111259161
G355Y,0.93195564877628
N356A,1.00154989037598
N356C,0.8991199559580841
N356D,1.02236825991764
N356E,0.939289495166142
N356F,1.00561761426872
N356G,0.8886602844865089
N356H,0.920880226535944
N356I,1.00016767698327
N356K,0.894599001500735
N356L,0.8572137511956459
N356M,0.8556314975640509
N356P,0.919624961665546
N356Q,0.878614752937222
N356R,0.969573778830736
N356S,0.9890157347455972
N356T,1.0710835644402
N356V,0.759532996270465
N356W,0.7229960774179491
N356Y,0.9321117753843008
G357A,0.9976724213281593
G357C,0.9058293677804392
G357D,0.9849333168504648
G357E,1.02456049078367
G357F,1.06339358432514
G357H,1.01515913437803
G357I,1.00859030762057
G357K,1.0427040306655402
G357L,1.00363912140501
G357M,1.05405448965055
G357N,1.02843195417553
G357P,0.8965075582432959
G357Q,1.06618415350567
G357R,1.00082446626933
G357S,0.956154682935125
G357T,1.07597406554562
G357V,1.04865619264223
G357W,0.993885074484828
G357Y,0.98796403942042
L358A,1.09006254964457
L358C,1.03616206317322
L358D,1.10170893214371
L358E,1.13323214414037
L358F,1.02451765200841
L358G,1.07336141636727
L358H,1.0755709868086
L358I,1.10814460641055
L358K,1.06483571404312
L358M,1.08708750671924
L358N,1.11636414036221
L358P,1.05787297193498
L358Q,1.05146779594045
L358R,1.05056731786304
L358S,1.06645120028999
L358T,1.05269068972126
L358V,1.1047867858739298
L358W,0.8907165520689921
L358Y,1.0566108604083702
G359A,0.951540437523015
G359C,0.96421847790754
G359D,0.89365676669745
G359E,0.923018758650773
G359F,1.04222674786326
G359H,1.04129398403531
G359I,0.866329425152501
G359K,0.986830985341743
G359L,0.7846844965841341
G359M,0.916688190828649
G359N,0.9594368441188148
G359P,0.8408007874099069
G359Q,0.922824693445472
G359R,1.02385926867083
G359S,0.9546495614213308
G359T,1.00718940771822
G359V,0.884868428347001
G359W,0.786696473989007
G359Y,1.01479002300188
C360A,0.166931346088318
C360D,0.226358024291948
C360E,0.205792854663377
C360F,0.11884447112719
C360G,0.184038241804502
C360H,0.188995325207185
C360I,0.153285408296367
C360K,0.205681065395882
C360L,0.123556133279992
C360M,0.144866564670749
C360N,0.1574947870785319
C360P,0.166648706915728
C360Q,0.1754072990549069
C360R,0.211264791915718
C360S,0.17988714071686
C360T,0.195930050837888
C360V,0.140426449909137
C360W,0.0485485784363709
C360Y,0.102992154566895
G361A,0.840285734958022
G361C,0.7421127954481139
G361D,0.7480491825290709
G361E,0.652615192772173
G361F,1.07751516184711
G361H,0.922431279300512
G361I,0.187483491147232
G361K,0.644958711096102
G361L,0.844059242344981
G361M,0.895093015782916
G361N,0.825427309726027
G361P,0.0753375767562449
G361Q,0.8692186336155251
G361R,0.8237854571487742
G361S,0.857976356003427
G361T,0.7609474688623771
G361V,0.234592914142974
G361W,0.912392750437006
G361Y,0.9673259847638672
F362A,0.7520462990293559
F362C,0.5003835834306911
F362D,0.467237317424582
F362E,0.694538940175695
F362G,0.633884500881854
F362H,0.8648567103010759
F362I,0.8697985550750391
F362K,0.619023036319187
F362L,0.904650159831044
F362M,0.8945240855680491
F362N,0.765829823806708
F362P,0.338132394772031
F362Q,0.789775795932006
F362R,0.601038429780509
F362S,0.677672439984563
F362T,0.8228588302951519
F362V,0.7075659969457181
F362W,0.823568748523024
F362Y,0.9656570076512572
A363C,1.00473018259879
A363D,1.05345046267103
A363E,1.05326271368512
A363F,0.92054923115009
A363G,0.913749227917265
A363H,1.01659191730296
A363I,1.08307489667624
A363K,1.0332250113406198
A363L,0.998164559357907
A363M,1.05080510630037
A363N,1.06384653247585
A363P,0.8109098539617869
A363Q,1.05994813703177
A363R,0.942885178472972
A363S,1.05142920267119
A363T,1.09448792660253
A363V,1.02557678507761
A363W,0.7538411239754641
A363Y,0.91352515060813
F364A,0.338338105413154
F364C,0.333724442798895
F364D,0.2126501072693229
F364E,0.167508805841545
F364G,0.1832497423534549
F364H,0.645886717870788
F364I,0.502480938321134
F364K,0.186295766373985
F364L,0.494792447554633
F364M,0.7138977055419748
F364N,0.20273706666267
F364P,0.129699610977128
F364Q,0.260013286521202
F364R,0.133540918424322
F364S,0.446257884324845
F364T,0.304533499814876
F364V,0.3559836688059989
F364W,0.6108135475513871
F364Y,0.713459380576742
C365D,0.214682481646256
C365E,0.2395713126297
C365F,0.0538806524917442
C365G,0.185731685172075
C365H,0.145261594819962
C365I,0.102732274690254
C365K,0.171503014863483
C365L,0.0861782565915376
C365M,0.124820620233354
C365N,0.163754569174102
C365Q,0.1724995527575419
C365R,0.153670745202412
C365S,0.188315016569686
C365V,0.09852099959822
C365W,0.0406201478140872
C365Y,0.154216160049173
R366A,0.95242851646209
R366C,0.8415882229291891
R366D,0.302307239760523
R366E,0.400110357275314
R366F,0.8565910566139291
R366G,0.8340541063954879
R366H,0.842413804611197
R366I,0.945993754660756
R366K,1.03088743814853
R366L,0.94145050233994
R366M,0.8530853775586049
R366N,0.8870859683046171
R366P,0.5630305705063471
R366Q,0.8794075640471279
R366S,0.929589391406725
R366T,0.752608022153313
R366V,0.974383649212986
R366W,0.7403701921277259
R366Y,0.864290888213962
E367A,0.863944885744328
E367C,0.807680016874852
E367D,0.996762854286391
E367F,0.934852313747606
E367G,0.856688890095467
E367H,0.8847929310763148
E367I,1.086856731652
E367K,1.00709457114622
E367L,0.974906324204112
E367M,0.9759692941299152
E367N,0.996643883143588
E367P,0.543647878750759
E367Q,0.969887869011756
E367R,0.99068304943669
E367S,0.870821083596098
E367T,0.97518333511676
E367V,0.970487166548466
E367W,0.791243673208422
E367Y,0.8997835853443231
C368A,0.135680463967629
C368D,0.210820512673036
C368E,0.185351016177346
C368F,0.0789548430556181
C368G,0.122867333763323
C368H,0.1507031905010299
C368I,0.107537812806855
C368K,0.1726040862660469
C368L,0.0819052333176333
C368M,0.120003121502883
C368N,0.1628784841836539
C368P,0.150322671006843
C368Q,0.1091992672510399
C368R,0.134408514715848
C368S,0.140743104941522
C368T,0.158211226636883
C368V,0.101388684405467
C368W,0.0570396602196209
C368Y,0.0990539245007922
K369A,0.8021389475233771
K369C,0.8627166034293989
K369D,0.610234591323931
K369E,0.8128341304157759
K369F,1.0123459847131
K369G,0.9791922715527508
K369H,0.894505128921575
K369I,0.540401613168635
K369L,0.877315194115635
K369M,0.947624780505696
K369N,0.869126852618962
K369P,0.0685303391434409
K369Q,0.923744592835652
K369R,0.8060660391433672
K369S,0.8526962250765421
K369T,0.639491192962299
K369V,0.5440383164688211
K369W,0.7843139048094492
K369Y,0.985185851243766
E370A,0.8641041732767808
E370C,0.716101230069407
E370D,0.9618295549624528
E370F,0.700235519740385
E370G,0.806581734398895
E370H,0.7198111859846251
E370I,0.6048155616434859
E370K,0.521686634010048
E370L,0.8350760299363591
E370M,0.85445184268537
E370N,0.8727762067471379
E370P,0.137228553167352
E370Q,0.8532009847522409
E370R,0.572811584272446
E370S,0.8274946537777309
E370T,0.750402568138443
E370V,0.634640094016769
E370W,0.561554850961897
E370Y,0.479146056240397
A371C,0.91269187555777
A371D,1.01192171744028
A371E,1.02830996114109
A371F,0.959489607885295
A371G,0.8917566988157171
A371H,0.96081930044365
A371I,1.01159376190892
A371K,0.924442201000402
A371L,0.903100682044379
A371M,1.02276416743654
A371N,0.955432872951583
A371P,1.02506677139774
A371Q,1.0156226619714002
A371R,0.904019102493548
A371S,0.959678467996044
A371T,0.960135514263392
A371V,0.946293588875679
A371W,1.2834262796494498
A371Y,0.9602010419869992
Y372A,0.961271499396355
Y372C,0.8811710208355931
Y372D,0.8677575045494591
Y372E,0.844667156016912
Y372F,0.9657713031688822
Y372G,0.530304349283014
Y372H,0.8465691440935041
Y372I,0.8308612968164549
Y372K,0.389415746224781
Y372L,0.733611080858892
Y372M,0.9610558540790628
Y372N,0.6553020509458499
Y372P,0.975585344878035
Y372Q,0.763385819544735
Y372R,0.319516344212654
Y372S,0.90743975773829
Y372T,0.795750329308816
Y372V,0.912811534909412
Y372W,0.860160993320083
H373A,0.0988645665723865
H373C,0.399289358576743
H373D,0.0871402365365585
H373E,0.0893977182705899
H373F,0.0422635229119715
H373G,0.112555678157524
H373I,0.0619260336356284
H373K,0.170712265209374
H373L,0.0643463606028135
H373M,0.0803824610634525
H373N,0.139807092015524
H373P,0.127344968616366
H373Q,0.129403771175897
H373R,0.150547756936849
H373S,0.113432962448737
H373T,0.122923994129878
H373V,0.107132474206795
H373W,0.021725286157805
H373Y,0.0452318781411665
E374A,0.8900774588134029
E374C,0.685678302229334
E374D,0.933438118079929
E374F,0.796457015528817
E374G,0.738237178598871
E374H,0.736311941404859
E374I,0.76383155594951
E374K,0.852238526694438
E374L,0.9136773934095792
E374M,0.8006804368568661
E374N,0.807401695828568
E374P,0.908014559889409
E374Q,0.8901070070494079
E374R,0.7814780563245921
E374S,0.83722982618327
E374T,0.810150577337867
E374V,0.867664951815169
E374W,0.6917009266993039
E374Y,0.796089108156477
G375A,0.884350400323845
G375C,0.5563116965368249
G375D,1.03064518011203
G375E,0.952575119910508
G375F,0.760214021207057
G375H,0.577656620074913
G375I,0.374689616853888
G375K,0.9385187447203008
G375L,0.751053785145515
G375M,0.795979542185148
G375N,0.987185862115984
G375P,0.471413780938713
G375Q,0.8706633926642959
G375R,0.850717750506486
G375S,0.8798178210979709
G375T,0.8381278928980441
G375V,0.4917669269278901
G375W,0.7085148849920799
G375Y,0.79626352023847
E376A,1.03385594054439
E376C,0.921919408157025
E376D,1.03657657446114
E376F,0.8994120509612871
E376G,0.948906585359568
E376H,0.984308441561331
E376I,0.975387576898683
E376K,1.01757821074384
E376L,0.9210349830764708
E376M,0.961361047766342
E376N,1.003997667804
E376P,0.961543543174009
E376Q,1.027336035127
E376R,0.967791691962557
E376S,1.020012569016
E376T,0.986548901386354
E376V,0.937556710791678
E376W,0.82338113811978
E376Y,0.866195762344208
C377A,0.10884004593647
C377D,0.139292604091251
C377E,0.166152923452516
C377F,0.105371004652404
C377G,0.128192198215813
C377H,0.4370099899855151
C377I,0.101938212748157
C377K,0.143741044216048
C377L,0.101589506297559
C377M,0.123755897853586
C377N,0.131948948939674
C377P,0.116105177286699
C377Q,0.127018000221349
C377R,0.146610901367852
C377S,0.1544263488642169
C377T,0.123003337228122
C377V,0.0895513851351841
C377W,0.066354103427122
C377Y,0.0967020074966731
S378A,0.904339438811875
S378C,1.02219498185021
S378D,1.05201075709228
S378E,0.965806108676415
S378F,1.01447923971762
S378G,0.972638015416414
S378H,0.969128074172053
S378I,1.0059017799655998
S378K,1.04261057364192
S378L,0.8833057792625579
S378M,0.965407169205224
S378N,1.0834871377081
S378P,1.0121140780526
S378Q,0.970238143328328
S378R,0.943595872963644
S378T,0.9817034277409792
S378V,0.940610606973557
S378W,0.9680321621915172
S378Y,1.06686968850405
A379C,0.8701143799103829
A379D,1.00258398985433
A379E,0.932607723931001
A379F,0.979195657460298
A379G,0.9872593306612628
A379H,0.905972931484812
A379I,0.999011447728818
A379K,0.9023683527673728
A379L,0.975525788803313
A379M,0.973379284699009
A379N,0.994163461302467
A379P,0.8773081361581241
A379Q,0.931202783926458
A379R,0.918565794933326
A379S,0.9767961907189092
A379T,1.00966578569251
A379V,0.991642891936728
A379W,0.919519255397898
A379Y,1.059729710234
V380A,0.9052712275194807
V380C,0.908858710419828
V380D,0.822791872682508
V380E,0.8218854729273659
V380F,0.8990476586995849
V380G,0.831846052354082
V380H,0.963072115663316
V380I,1.06384181740809
V380K,0.952542604993828
V380L,0.9199602845768
V380M,0.936307603157966
V380N,0.8693969683647691
V380P,0.928049704795612
V380Q,0.796680628611637
V380R,0.913107840127536
V380S,0.895558194205982
V380T,0.8930632928277941
V380W,0.894914785966754
V380Y,0.979653866966845
F381A,0.8429974680081709
F381C,0.8850635626126659
F381D,0.697588991607573
F381E,0.815289829477934
F381G,0.723388741148083
F381H,0.8348099934744209
F381I,0.835667991610188
F381K,0.846211494369715
F381L,0.94637182566837
F381M,0.9169106630372028
F381N,0.8128840014983709
F381P,0.814202133080794
F381Q,0.8462586040550071
F381R,0.89892696361191
F381S,0.824348796793247
F381T,0.8810420835471441
F381V,0.865485610351206
F381W,0.8639085337719481
F381Y,1.02878410392543
E382A,1.01086925825199
E382C,1.03536555857997
E382D,1.00095713452418
E382F,1.01776692930902
E382G,0.9624026184875192
E382H,1.04628629056954
E382I,1.03218885452217
E382K,1.03268360221043
E382L,1.04078176945479
E382M,1.04751018944358
E382N,1.0285268068671
E382P,0.934916153162302
E382Q,1.02157961073182
E382R,1.01243965248265
E382S,1.00935040967585
E382T,0.992553558370605
E382V,0.979514504358506
E382W,0.932931822950468
E382Y,0.9864842725523008
A383C,0.979793747621862
A383D,0.958509437254065
A383E,0.9978571013421872
A383F,1.0243148609872
A383G,0.94832579036797
A383H,0.999252396017952
A383I,1.01823434729689
A383K,1.02119164439829
A383L,0.9540077929168588
A383M,0.9858988145353952
A383N,0.963050447813878
A383P,0.98325950891645
A383Q,0.9776401474313332
A383R,1.0176296306534498
A383S,0.974452818114458
A383T,1.00568997044989
A383V,0.9516227336098092
A383W,0.9225100235288248
A383Y,0.993863362522972
S384A,0.997448738785096
S384C,0.961775087741119
S384D,0.9011241883116808
S384E,0.7804244756592479
S384F,0.960770759164048
S384G,0.8519111718579409
S384H,0.962428792584471
S384I,0.99547946884995
S384K,0.8907962113795089
S384L,0.92823182879274
S384M,0.9469852934266072
S384N,0.9212136738526758
S384P,0.9677730456993492
S384Q,0.895604209796076
S384R,0.950652297775345
S384T,1.00478093949164
S384V,0.825251301662805
S384W,0.813987027191432
S384Y,0.960279162896064
G385A,0.947476551396577
G385C,0.871514694135098
G385D,0.876290896031432
G385E,0.914702277311624
G385F,0.880305510190458
G385H,0.867427429163868
G385I,0.911216407089812
G385K,0.957687347269532
G385L,0.918621181975346
G385M,0.9160122166743891
G385N,0.929731468886638
G385P,0.8912609612193849
G385Q,0.8927669942371892
G385R,0.891148698355357
G385S,0.8933880007466771
G385T,0.9017755524437672
G385V,0.8831679211128409
G385W,0.889049148554495
G385Y,0.86318910065525
T386A,1.0491823467060302
T386C,1.01376120255586
T386D,0.999772010997097
T386E,0.99649039126792
T386F,1.0017210252009598
T386G,0.956446573546045
T386H,0.9430892386313592
T386I,1.0448692630239
T386K,1.03842125591402
T386L,1.00801369726732
T386M,1.03876061613201
T386N,1.02227942685101
T386P,0.9642319062315392
T386Q,0.974306347158288
T386R,1.0284402735497
T386S,1.02292483224272
T386V,0.998003060823723
T386W,1.00425057711764
T386Y,1.01290278171314
T387A,0.982192584917378
T387C,0.9621783998142042
T387D,0.980981217453322
T387E,0.996489771538109
T387F,0.9214347241909442
T387G,0.94753088983645
T387H,0.999419511055538
T387I,1.02431491565583
T387K,1.06040467725981
T387L,0.993171514523517
T387M,1.02507833900766
T387N,1.03353004585712
T387P,1.02602425056757
T387Q,0.977420092143153
T387R,0.9704985372596008
T387S,1.01305629151931
T387V,0.9898349627760692
T387W,0.886384952720764
T387Y,0.9823831733677008
T388A,1.01478233719083
T388C,0.938416937186787
T388D,1.00820298962373
T388E,1.04527701973682
T388F,0.910211620044879
T388G,0.998036374327768
T388H,0.966297931719129
T388I,1.0108821466952098
T388K,0.9996771865465328
T388L,1.0137457363759002
T388M,1.05451585692972
T388N,1.01401419296278
T388P,1.0116318807529
T388Q,0.993687086037954
T388R,1.00490271927945
T388S,1.04629426366499
T388V,1.04653279336303
T388W,0.927785355034025
T388Y,0.97606025515342
Q389A,1.07583801954737
Q389C,1.02519685424858
Q389D,1.01602921095125
Q389E,1.01246973133587
Q389F,0.948033251470052
Q389G,1.0370497566746
Q389H,1.04641959425499
Q389I,1.05678063497611
Q389K,1.05008652258137
Q389L,1.0731454667634
Q389M,1.04547413938305
Q389N,1.07841042855474
Q389P,1.09379217714053
Q389R,0.99771899896366
Q389S,1.09547858695194
Q389T,1.06658398087463
Q389V,1.03030084622744
Q389W,0.903568024411452
Q389Y,1.06582656952013
A390C,0.990034490443417
A390D,1.03249515379963
A390E,1.11583445870441
A390F,0.800408018699272
A390G,0.94932733186292
A390H,1.01279670340923
A390I,0.999479618818678
A390K,1.00044697966576
A390L,1.0133730270374302
A390M,0.983452619025586
A390N,1.03409962061563
A390P,1.04761254434282
A390Q,1.03986463013942
A390R,0.995816183557674
A390S,1.0284392324761
A390T,1.02173682926655
A390V,0.985159882060022
A390W,0.8782703262822551
A390Y,0.998402611281636
Y391A,0.819296150248404
Y391C,0.726520963130634
Y391D,0.6982440136589461
Y391E,0.7580208703890919
Y391F,0.972085874739694
Y391G,0.697437271757731
Y391H,0.859210016892827
Y391I,0.8335606907066708
Y391K,0.6330449264329621
Y391L,0.72827485163462
Y391M,0.8338475145660229
Y391N,0.840574706721505
Y391P,0.824563775570978
Y391Q,0.773447041605902
Y391R,0.6822310137242641
Y391S,0.7518351140091859
Y391T,0.779086470482855
Y391V,0.761921716347766
Y391W,1.1047716334973705
R392A,0.999575562119829
R392C,0.9566141198753232
R392D,0.8740808710079899
R392E,0.921278543634228
R392F,0.96039162072417
R392G,0.9264386439033722
R392H,0.9851310953990609
R392I,0.9851730161081792
R392K,1.06671546395206
R392L,1.02614910634665
R392M,0.9530557496046552
R392N,0.942260432127399
R392P,0.9827352502298872
R392Q,0.929520702545456
R392S,0.939596449055072
R392T,0.961041249463512
R392V,0.943080953543037
R392W,0.9901428258162148
R392Y,1.0024863296691802
V393A,0.84426241886884
V393C,0.894909235308832
V393D,0.349103257473085
V393E,0.502824009673271
V393F,0.853093358141218
V393G,0.6208540921144878
V393H,0.767507838588945
V393I,1.00919284838741
V393K,0.7143990541166371
V393L,0.961876988380722
V393M,0.90537226415329
V393N,0.6315844937634161
V393P,0.901224113350125
V393Q,0.783480722847403
V393R,0.689156018640344
V393S,0.791861958861398
V393T,0.848687926285097
V393W,0.747524534869982
V393Y,0.5201952768674319
D394A,0.795302890345463
D394C,0.8491116944592092
D394E,0.960963960342175
D394F,0.559729116623678
D394G,0.69498737322209
D394H,0.789474945704891
D394I,0.651278246529715
D394K,0.7495650695954008
D394L,0.739270954287029
D394M,0.7616639114720859
D394N,0.8548786270562729
D394P,0.795494128810488
D394Q,0.8098480764401551
D394R,0.6886308200029171
D394S,0.8482098692216601
D394T,0.789329868865779
D394V,0.739576397574272
D394W,0.6024610404916689
D394Y,0.6413087829835811
E395A,0.97547000428558
E395C,0.932760501752257
E395D,0.986564943129833
E395F,0.961786854279606
E395G,0.883427843519175
E395H,0.99122230165544
E395I,0.9582642025682768
E395K,0.9980471816536872
E395L,0.99326206559579
E395M,0.977334339429504
E395N,0.97048035500364
E395P,1.04622395229138
E395Q,1.01005161362216
E395R,0.970373177951279
E395S,0.935187245692778
E395T,0.9703293741355792
E395V,0.9328523470930128
E395W,0.941547557027982
E395Y,1.0626786883878498
R396A,0.9782428003138508
R396C,0.957112570540088
R396D,1.03042257678828
R396E,1.06765638894059
R396F,1.01336039265943
R396G,0.952057298137147
R396H,0.9944414438061208
R396I,0.98619086907452
R396K,0.990699075708349
R396L,0.970990986969746
R396M,0.983459885804509
R396N,0.959466310733648
R396P,0.974811943540288
R396Q,0.966992029863064
R396S,1.02939843896245
R396T,0.982676950656201
R396V,0.9363007336685308
R396W,0.906877784763612
R396Y,1.0050810363174798
A397C,0.980689810409699
A397D,1.01690676704231
A397E,1.00170250559551
A397F,0.964672893904798
A397G,0.915222027942204
A397H,0.939309031778194
A397I,0.980116126056778
A397K,0.8687859397908101
A397L,0.955872200528798
A397M,0.970279546854327
A397N,1.01662008339288
A397P,0.725968134865208
A397Q,0.934119950061895
A397R,0.8654276840051299
A397S,1.00414966211942
A397T,0.945328550660586
A397V,1.00192231248294
A397W,0.9140304091416172
A397Y,0.930899729324094
A398C,0.976346321604008
A398D,0.8798622145592341
A398E,1.02759432170535
A398F,0.974512545498054
A398G,0.865485455347265
A398H,0.9329799794965048
A398I,1.01156516141311
A398K,1.0815131045112
A398L,1.00722180608803
A398M,1.06975092841996
A398N,0.957466421106063
A398P,0.513389053303011
A398Q,1.0378719463092
A398R,1.02185045382308
A398S,0.998884972675456
A398T,0.959579734667603
A398V,0.992963419941863
A398W,0.951327607829725
A398Y,0.8953480469481899
E399A,0.983262825524356
E399C,0.909732960451397
E399D,1.0012422789413198
E399F,0.955379231035234
E399G,0.952809108934695
E399H,0.968693961825684
E399I,0.9923070060326328
E399K,0.9205845986376808
E399L,0.9982834630975358
E399M,1.05153310408443
E399N,1.01592447356422
E399P,0.678667214069168
E399Q,0.970031041159749
E399R,1.05132810297789
E399S,1.03779185867919
E399T,0.9987045499213052
E399V,0.949647223316275
E399W,0.975089667069878
E399Y,0.96908193235359
Q400A,1.03212048302578
Q400C,1.04527553910209
Q400D,1.07007403324211
Q400E,1.12931519783672
Q400F,1.00707915916729
Q400G,1.04298423448183
Q400H,1.02723879221763
Q400I,1.03313985828641
Q400K,1.06800389031305
Q400L,1.01709994733117
Q400M,1.07462118383061
Q400N,1.08344575372691
Q400P,0.63170098416961
Q400R,1.04713925922259
Q400S,1.06840977031402
Q400T,1.01549642030133
Q400V,1.08136873685403
Q400W,1.00018769243472
Q400Y,0.979928820290643
A401C,0.883842795542523
A401D,0.028309320062921
A401E,0.0355710728879998
A401F,0.116911041349619
A401G,0.856325813225784
A401H,0.468864188480175
A401I,-0.0135086250437601
A401K,0.0228404851988984
A401L,0.0252012454433333
A401M,0.0448946528978241
A401N,0.241765773605614
A401P,0.100625344801488
A401Q,0.20186267507032
A401R,0.0071626510465532
A401S,0.926250374533903
A401T,0.138866492709259
A401V,-0.0246685581387171
A401W,0.419641654258024
A401Y,0.143569013814321
R402A,0.8542558091653979
R402C,0.9594658931535508
R402D,0.15245108784284
R402E,0.905816611883015
R402F,0.455047363169645
R402G,0.6953549735220329
R402H,0.755594486563966
R402I,0.951190182870099
R402K,1.00959961715457
R402L,0.690646209072406
R402M,0.94607015242933
R402N,0.801717789743807
R402P,0.0671800693354613
R402Q,0.964618817156215
R402S,0.991379151191597
R402T,0.943720323596146
R402V,0.895806432554233
R402W,0.319898707011678
R402Y,0.3664609198624071
W403A,0.345739945490405
W403C,0.2956205861078129
W403D,0.206336142698268
W403E,0.113024414077625
W403F,0.8687308295893091
W403G,0.169190753817466
W403H,0.3073298766170549
W403I,0.4416442634913289
W403K,0.228288239715014
W403L,0.7835989295942449
W403M,0.8101517537424159
W403N,0.15991883589082
W403P,0.125754057345948
W403Q,0.1412141312362519
W403R,0.171029938431348
W403S,0.296329757059404
W403T,0.161053944952234
W403V,0.3840631792532529
W403Y,0.8200275474187851
E404A,0.930065610759452
E404C,0.90487445332206
E404D,0.9953211943068192
E404F,0.9126979230081752
E404G,0.898017736358553
E404H,0.92649391664641
E404I,1.01867928956708
E404K,0.925052131145815
E404L,0.943616050917234
E404M,0.9669653385307672
E404N,1.00556346756349
E404P,1.00917485461616
E404Q,0.913600596051071
E404R,0.8814550766092
E404S,0.9489696114916558
E404T,0.949303980035315
E404V,0.8977510348654351
E404W,0.7480572697853031
E404Y,0.8952544884512741
A405C,0.9873186337720392
A405D,1.01076434166956
A405E,1.07696654620442
A405F,0.973027686850784
A405G,0.9501317644391272
A405H,0.946315693554872
A405I,1.04099920282611
A405K,1.0531023020505998
A405L,1.00358867654011
A405M,1.01816122488601
A405N,1.02837034767024
A405P,1.01822839152928
A405Q,0.9334290484470228
A405R,1.01310055362813
A405S,1.03079532360126
A405T,1.02617355311612
A405V,1.00996972303662
A405W,0.8464684748160299
A405Y,1.00490607446474
A406C,0.9421417187510428
A406D,1.11390636220574
A406E,1.0046520607849598
A406F,0.9849628198099408
A406G,0.9525109322871852
A406H,0.987701188426816
A406I,0.9927389688333532
A406K,1.02985290110484
A406L,0.918925889419312
A406M,1.03605177440957
A406N,1.03459215371291
A406P,1.01859904462604
A406Q,1.00066601555824
A406R,1.02495297212771
A406S,1.03980429267005
A406T,1.03729388271579
A406V,0.951246995827386
A406W,0.917418871525598
A406Y,1.02140468276002
S407A,0.963666703450996
S407C,0.968092679129537
S407D,0.986198772844615
S407E,0.991755270841564
S407F,0.9191952151737892
S407G,0.8714499366223091
S407H,1.00008104455861
S407I,0.947742060798298
S407K,0.997910635889445
S407L,0.913018784189412
S407M,0.9363156930396078
S407N,1.05010822387592
S407P,1.01548801371051
S407Q,0.940179158257446
S407R,0.969386759318338
S407T,1.0109847811807802
S407V,0.841831900825679
S407W,0.8558254571534809
S407Y,0.9456563096934972
K408A,0.9496286788938628
K408C,0.89765930438834
K408D,0.98936032214292
K408E,1.01768084875072
K408F,0.91377257541693
K408G,0.962380266895848
K408H,0.966170871118299
K408I,0.968325033370832
K408L,1.00584854831507
K408M,0.976226487958216
K408N,1.00014967069148
K408P,0.955399251201628
K408Q,0.9755123262167692
K408R,0.8835989955023981
K408S,0.9473002751274672
K408T,0.972223604232671
K408V,1.0055456805032
K408W,0.881381462858372
K408Y,0.941590977713704
E409A,0.9034462196523207
E409C,0.927756942405568
E409D,1.04402459942016
E409F,0.934314249803095
E409G,0.8077212658523271
E409H,0.9884868826264128
E409I,0.926464438316844
E409K,0.908484449085985
E409L,0.9078298752682592
E409M,0.940254528527251
E409N,0.9694976207056608
E409P,0.921462546578004
E409Q,0.9104818446164208
E409R,0.920610482660417
E409S,0.9374690357498392
E409T,0.937826634405498
E409V,0.906347711358551
E409W,0.9386908747122392
E409Y,0.98448565228561
T410A,0.94578719500451
T410C,0.963560738081077
T410D,1.02792101344599
T410E,1.01072564886273
T410F,0.91228574153804
T410G,0.90186021391741
T410H,0.958306758728612
T410I,0.891355141527785
T410K,0.923683066309126
T410L,0.8739439022360401
T410M,0.975744218286068
T410N,0.9390065894214128
T410P,0.902890282728658
T410Q,0.94100897365685
T410R,0.936693287842962
T410S,0.9361321431866
T410V,0.9521784167832452
T410W,0.938172524920601
T410Y,0.9439294382127932
I411A,0.922711661222859
I411C,0.911071323406433
I411D,1.0780362615946
I411E,0.996655786750692
I411F,0.966036857862807
I411G,0.880687029800428
I411H,0.966307527463478
I411K,1.03248886751256
I411L,0.9706210868200368
I411M,0.98691186933461
I411N,1.03396450147807
I411P,0.909599199465543
I411Q,1.01145172516755
I411R,0.957328548360828
I411S,1.01713792520867
I411T,0.970207915145533
I411V,0.959483757446763
I411W,0.9151570798229608
I411Y,0.96364325913378
K412A,0.9597859722513348
K412C,0.977960047587647
K412D,0.979184163079632
K412E,0.951799213986871
K412F,0.9439200327800128
K412G,0.96485037912446
K412H,0.979097214808467
K412I,1.00052853725831
K412L,0.986150210305931
K412M,0.9865922905955492
K412N,1.0245968640328
K412P,0.928251233424681
K412Q,0.954222043323575
K412R,0.9533143620814748
K412S,1.00132393636397
K412T,1.00724885467757
K412V,0.9671951244857429
K412W,0.95350701295672
K412Y,0.972257599682732
K413A,1.05152545015815
K413C,1.0080370321727
K413D,1.10529836034053
K413E,1.05354905130159
K413F,1.08431630787682
K413G,1.01056896872049
K413H,1.09612202154485
K413I,1.03826779207972
K413L,0.991269758307265
K413M,0.983959888123658
K413N,1.0172891958881
K413P,1.01967505459317
K413Q,1.00782291699424
K413R,0.992225227241006
K413S,1.0454376319865402
K413T,1.03096202009331
K413V,1.21215735820846
K413W,0.953897908917294
K413Y,1.0327472145061
T414A,0.955268745640336
T414C,0.92794423020827
T414D,0.9728078645323828
T414E,1.03715541326259
T414F,0.9468734071602242
T414G,0.942736430166961
T414H,1.00653147116082
T414I,0.940950679496826
T414K,0.947869571428316
T414L,0.915226866415727
T414M,0.924533199644951
T414N,0.903192856079928
T414P,1.02244520800763
T414Q,0.957515148951149
T414R,1.02055948982476
T414S,0.9873057912989648
T414V,1.02846772488264
T414W,0.9751850863305308
T414Y,1.00034012319584
T415A,0.9437573681182893
T415C,0.954771195189246
T415D,0.962973215450341
T415E,0.97953483953739
T415F,0.9666548707155408
T415G,0.843669694677756
T415H,0.9907584663667108
T415I,0.976881316839098
T415K,0.946917111293968
T415L,0.910658453619489
T415M,0.978081905591107
T415N,1.01686763053824
T415P,0.922733637131336
T415Q,0.9171319554946692
T415R,0.962451688598875
T415S,0.963450442161217
T415V,0.96819407156848
T415W,1.00552410921643
T415Y,1.00595813871593
K416A,0.8691394632930609
K416C,0.745455395100181
K416D,0.746683409124966
K416E,0.8996042252070441
K416F,0.7282464486719449
K416G,0.8562134341066271
K416H,0.7361957661363709
K416I,0.7697922935610101
K416L,0.832464616535535
K416M,0.9980104653540908
K416N,0.757862547973854
K416P,0.4346046619770561
K416Q,0.920852046655382
K416R,0.852222689390277
K416S,0.8614269792510171
K416T,0.8009135495406509
K416V,0.926260660233137
K416W,0.8477316900148891
K416Y,0.823340611092193
P417A,0.963872451124315
P417C,0.973821278775892
P417D,1.13220273055147
P417E,1.05733340639123
P417F,0.910604382776235
P417G,0.945202152580799
P417H,0.9904149783458052
P417I,0.868409407368712
P417K,1.0005207760439
P417L,0.906744428572036
P417M,0.947090084193366
P417N,1.07074410755288
P417Q,0.976581050750453
P417R,0.944768558836659
P417S,0.9839710506621352
P417T,0.939988259904664
P417V,1.17840846178503
P417W,1.01660218180774
P417Y,0.9718523606366928
C418A,-0.0187046435126326
C418D,-0.0152061087907538
C418E,-0.0170911849735503
C418F,-0.0210931701064616
C418G,-0.0188798899378549
C418H,-0.0078774446993569
C418I,-0.027189132316133
C418K,-0.0189070293408861
C418L,-0.0129261710487809
C418M,-0.0290602013168564
C418N,-0.0210256461249976
C418P,-0.0304959838264116
C418Q,-0.0112692665507324
C418R,-0.0166933001886705
C418S,-0.0013064784899658
C418T,-0.0222044713496069
C418V,-0.017505303937956
C418W,-0.0169082948475368
C418Y,-0.0202179748402982
P419A,0.592482993982266
P419C,0.282246028681819
P419D,-0.0076245197167882
P419E,0.167147790109778
P419F,0.445392165403024
P419G,0.331629206119117
P419H,0.310112794668793
P419I,0.842085756353226
P419K,0.474555133104394
P419L,0.672453672015803
P419M,0.608308273694103
P419N,0.292142046477233
P419Q,0.4155301742012909
P419R,0.419576130612489
P419S,0.461800289813992
P419T,0.53337921603423
P419V,0.666202362653837
P419W,0.268284568690273
P419Y,0.388194579691256
R420A,1.01609545525049
R420C,0.968037789643729
R420D,1.02350609812381
R420E,0.968077012584942
R420F,1.07766424442964
R420G,1.04486732961066
R420H,1.10433097748369
R420I,0.9819905775829258
R420K,1.09777812352255
R420L,1.03374814341881
R420M,1.03570720014559
R420N,1.15875586891342
R420P,-0.0217591597608965
R420Q,1.03327495709339
R420S,1.07214308452421
R420T,0.9337806519576692
R420V,0.89118478279259
R420W,0.8808702597179889
R420Y,1.06408686791663
C421A,-0.0169905034445972
C421D,0.0815554550572478
C421E,-0.0075787974591918
C421F,-0.0199748418844749
C421G,0.0513909689981711
C421H,-0.0235394902990085
C421I,-0.0119042152080434
C421K,-0.0231429049099221
C421L,-0.0210107870312123
C421M,-0.0250343600100051
C421N,-0.0267147921213243
C421P,-0.0239244957713751
C421Q,-0.0356581145677925
C421R,-0.0267826406683582
C421S,-0.0218812390607495
C421T,-0.03142644310286
C421V,-0.012010408640737
C421W,-0.0329853181121989
C421Y,-0.0210967191946949
H422A,0.8537204920614229
H422C,0.877107192754266
H422D,0.913358354035116
H422E,0.8754554508294671
H422F,0.947479105215012
H422G,0.927920175545353
H422I,0.8674184176922428
H422K,0.760014462317895
H422L,0.905518650690444
H422M,0.892639974077338
H422N,1.02128669323088
H422P,-0.0173952595289143
H422Q,0.8675119204750592
H422R,0.8172870870309471
H422S,0.988148623887621
H422T,1.0174175486685
H422V,0.654779629049675
H422W,0.761233679037088
H422Y,0.96283137344889
V423A,1.06280800500106
V423C,1.03574835888574
V423D,0.9984278882654058
V423E,1.10737817375754
V423F,0.975436619940374
V423G,1.06791206673375
V423H,1.0443480760002
V423I,1.021311866843
V423K,1.09550719659175
V423L,0.971884071522186
V423M,1.0996535664336398
V423N,1.11045419716646
V423P,-0.0327833639664906
V423Q,1.00766653634156
V423R,1.03775412360008
V423S,1.13590951707968
V423T,1.1413742819022
V423W,1.0081831734954398
V423Y,1.01109038630735
P424A,1.08506555201549
P424C,0.756307761085103
P424D,0.99264464402309
P424E,0.92605514395053
P424F,0.8856836176521079
P424G,0.9524408163337792
P424H,0.9890709781147592
P424I,0.936420375350537
P424K,0.9235074614204828
P424L,0.9272568325047692
P424M,0.9084370332148158
P424N,1.02598570253267
P424Q,0.952326234009668
P424R,0.840415804439753
P424S,0.7829949460910809
P424T,1.01123468424973
P424V,0.7927576404250871
P424W,0.541027057784726
P424Y,0.8548813108506641
V425A,1.07556081119424
V425C,0.9877102767421558
V425D,0.951972210506053
V425E,0.972049587444222
V425F,0.89707638753452
V425G,1.02300929146403
V425H,0.8541332408082141
V425I,1.02005716007109
V425K,0.809820265977692
V425L,0.9492014024592
V425M,0.998505372069051
V425N,1.09494486450651
V425P,0.135609096296724
V425Q,1.04218417805374
V425R,0.648917293013436
V425S,1.05721013913978
V425T,1.05728382247608
V425W,0.717725186258334
V425Y,0.852255513649919
E426A,1.00387715612123
E426C,0.874073702694
E426D,1.0023543181215
E426F,0.8943976546237241
E426G,0.917984208396163
E426H,1.00050250025141
E426I,0.9663498873677748
E426K,0.897077698393593
E426L,0.948144283491406
E426M,1.02212380144099
E426N,0.9828705379481548
E426P,0.9820269621915
E426Q,0.975657434945353
E426R,0.8231388415401819
E426S,0.927442197567243
E426T,1.03873439957145
E426V,0.9602094856783232
E426W,0.8045621912027471
E426Y,0.889227384487196
K427A,0.949407734728292
K427C,0.809432170588382
K427D,1.08368730449104
K427E,0.777430445431402
K427F,1.0574316286901502
K427G,0.9286096625218292
K427H,0.9444126051665028
K427I,0.91158903322677
K427L,0.865011344906628
K427M,0.8915373750373671
K427N,1.0953894877036898
K427P,1.05163082273007
K427Q,0.93118556484468
K427R,1.05325578859192
K427S,0.8926472187900122
K427T,0.8052490955345741
K427V,0.905495083117724
K427W,0.952459987793842
K427Y,1.25428523244252
N428A,1.10191581741495
N428C,0.999065152746662
N428D,1.1185960794803702
N428E,1.22607569203958
N428F,1.02686552276891
N428G,0.914242117653127
N428H,0.981202936068638
N428I,1.03023999776493
N428K,1.1650348080881598
N428L,1.00986314531068
N428M,1.09488680870788
N428P,1.04322145822325
N428Q,1.08906545607083
N428R,1.12680509710197
N428S,1.01883709787632
N428T,1.04535806669883
N428V,1.33526309833797
N428W,0.935420458862433
N428Y,1.01070477367635
G429A,1.06850931290866
G429C,1.0500743668367298
G429D,1.1068682391893
G429E,1.02681501895398
G429F,1.0757175256764
G429H,1.08296903360264
G429I,1.02920888204505
G429K,1.05182391868949
G429L,0.974609109161836
G429M,0.953080722107635
G429N,1.11597589476474
G429P,0.8717486115208442
G429Q,1.07427006461562
G429R,0.9911964506321328
G429S,1.06893207138114
G429T,1.12541368991906
G429V,0.906297446827593
G429W,0.7918320309863791
G429Y,1.02827561085384
G430A,1.23737238803558
G430C,0.8723114066478679
G430D,1.00150475709996
G430E,0.8923977637621691
G430F,1.04329326332295
G430H,1.12330336372824
G430I,0.545099506099193
G430K,1.07060444349498
G430L,0.96657371368408
G430M,1.13141922672026
G430N,1.18593812728909
G430P,1.08348337173183
G430Q,1.25006151263446
G430R,1.05682529238209
G430S,1.0820609504859902
G430T,1.15100415965603
G430V,0.44238661221087
G430W,0.816793447374246
G430Y,1.08441687016127
C431A,1.20169472615508
C431D,0.475090614563239
C431E,0.577947709474068
C431F,0.5792656361561921
C431G,0.9500053964207272
C431H,0.887661411459022
C431I,0.9855428075087288
C431K,0.7058150842052621
C431L,0.939537922030646
C431M,0.7671854458990429
C431N,1.09130999896728
C431P,0.8739261350420201
C431Q,0.76281630482666
C431R,0.805320725935368
C431S,1.05036516270635
C431T,1.2360697140713
C431V,0.6637675207560699
C431W,0.26483598503371
C431Y,0.8384386179082242
M432A,0.722953867718274
M432C,0.7005971305083759
M432D,0.0506370408116409
M432E,0.318789845108448
M432F,0.683529227888353
M432G,0.24333326235627
M432H,0.7765022416765679
M432I,0.407290357376233
M432K,0.5491778022196071
M432L,0.717054610792865
M432N,0.7490317884261559
M432P,-0.0167367080124169
M432Q,0.7054513314813871
M432R,0.3757088100510871
M432S,0.790327190351347
M432T,0.791639810540892
M432V,0.6000823045237379
M432W,0.549018562375131
M432Y,0.634700217178792
H433A,0.8083341301058959
H433C,0.619402724316298
H433D,0.5240142689238221
H433E,0.6484347131441071
H433F,0.6327215378393101
H433G,0.5962077825035911
H433I,0.355725713434997
H433K,0.6454840613049571
H433L,0.5297396498333921
H433M,0.6390927665050229
H433N,0.753822429471679
H433P,-0.0281555124348992
H433Q,0.5818355467035731
H433R,0.581527381889681
H433S,0.5925998172479051
H433T,0.60800218701222
H433V,0.416468461398524
H433W,0.578625576654911
H433Y,0.676850497016655
M434A,0.8749072153210209
M434C,0.650243945651339
M434D,-0.0179131844638992
M434E,0.422532718015016
M434F,0.476604381846898
M434G,0.189850914347242
M434H,0.651979752995548
M434I,0.993144831516774
M434K,0.860261091030128
M434L,0.771105654549935
M434N,0.492010090213714
M434P,-0.0165983709806186
M434Q,0.7963529422936819
M434R,0.513881085090497
M434S,0.767153814496111
M434T,1.1655265539633302
M434V,0.8128679309225508
M434W,-0.0231039151610592
M434Y,0.6814446533759699
K435A,1.04989019667482
K435C,0.7774937141894591
K435D,1.01853659694114
K435E,0.752815588908154
K435F,1.00137138405596
K435G,0.36754179627832
K435H,1.10009223349824
K435I,0.992060618764102
K435L,0.7513649063213981
K435M,0.7702287727094559
K435N,1.20277614399914
K435P,0.8634135155778679
K435Q,0.6221810318343629
K435R,0.807642800197228
K435S,0.8621022846615178
K435T,1.13231821903578
K435V,1.09740152883614
K435W,0.6834798260744751
K435Y,1.24532027832303
C436A,-0.0111708504168114
C436D,-0.0163424975393475
C436E,-0.0192344676594876
C436F,-0.0233842282612683
C436G,-0.0226730113116759
C436H,-0.0167641257139713
C436I,-0.0107780216412252
C436K,-0.0196522774428568
C436L,-0.0156042468273754
C436M,-0.0073233351924558
C436N,-0.0214713089683827
C436P,-0.0127560928703189
C436Q,-0.024183708078272
C436R,-0.0163584082175594
C436S,-0.024077108393833
C436T,-0.0291091140151635
C436V,-0.0123122304531537
C436W,-0.0276166579664921
C436Y,-0.0210860862998675
P437A,0.853140793364155
P437C,0.7894346916769591
P437D,0.86273102438404
P437E,0.782802164291226
P437F,0.7783420892299292
P437G,0.8746286810425079
P437H,0.9828710063124
P437I,0.690646589429353
P437K,0.550588385743074
P437L,0.870018920248376
P437N,0.945908361214804
P437Q,0.920571127576632
P437R,0.8113427488923629
P437S,0.8228804950025269
P437T,0.908494282664993
P437V,0.553965970138885
P437W,0.7514227062561591
P437Y,0.930275801943054
Q438A,0.46483862832709
Q438C,0.631968457232587
Q438D,0.595403149952073
Q438E,0.7430076194495171
Q438F,0.7767753892338229
Q438G,0.588777611893366
Q438H,0.639906897536215
Q438I,0.383276600204906
Q438K,0.8778971172265481
Q438L,0.738217799561502
Q438M,0.542508969870409
Q438N,0.5914687516703729
Q438P,-0.0146452795521773
Q438R,0.635269670141289
Q438S,0.5568594353511441
Q438T,0.4484627504025421
Q438V,0.595026399078252
Q438W,0.8008523901133872
Q438Y,0.511209125836924
P439A,1.00791975838663
P439C,0.616211776758656
P439D,0.862952027648869
P439E,0.690695570195855
P439F,0.881733980997231
P439G,0.8167575288002958
P439H,0.8664762516117579
P439I,0.8410231087234821
P439K,0.7308741490635641
P439L,0.9529124889819192
P439M,0.687040477625943
P439N,1.05933225117541
P439Q,0.954285767069695
P439R,0.878296619295395
P439S,0.968590254091025
P439T,0.915781676372932
P439V,1.16195356212587
P439W,0.7277323820553571
P439Y,0.866113242971562
Q440A,1.08774547633291
Q440C,0.981530182835005
Q440D,1.11992750567894
Q440E,1.0273060359775898
Q440F,1.07674555678504
Q440G,1.04303884820687
Q440H,1.12957016831818
Q440I,1.0449318394979
Q440K,1.08971367170742
Q440L,0.982921651698885
Q440M,0.98699246822153
Q440N,1.1243761458084298
Q440P,0.8874594022158341
Q440R,0.9351002571377288
Q440S,1.12305667613255
Q440T,1.00329059739589
Q440V,0.92694597074386
Q440W,0.8822745984791659
Q440Y,1.10335884436223
C441A,-0.0325985768085407
C441D,-0.0294058762693981
C441E,-0.0234915327725011
C441F,-0.0222485188828694
C441G,-0.0049949529019746
C441H,-0.0293766806828275
C441I,-0.0241854392168397
C441K,-0.0141222546333162
C441L,-0.0258571503170445
C441M,-0.0128451186242384
C441N,-0.0202106996724721
C441P,-0.0256756373166373
C441Q,-0.0210817030778443
C441R,-0.0240185340426112
C441S,-0.0207360247669119
C441T,0.0013110895005027
C441V,0.0228038144815546
C441W,-0.0155883113011708
C441Y,-0.0195418852172271
R442A,1.16269720094042
R442C,0.927916551934907
R442D,0.8266765644330379
R442E,0.886730810987554
R442F,0.866611074615978
R442G,0.9411239028823952
R442H,1.3172068964958
R442I,0.644972181726264
R442K,1.03271018109329
R442L,0.778859309930691
R442M,0.7557212625081808
R442N,0.9394874890099828
R442P,0.6827662411728249
R442Q,0.6325896432234971
R442S,0.968938188342941
R442T,1.24934578574201
R442V,0.673871496773754
R442W,0.7077897878005809
R442Y,0.8591273413663291
L443A,0.933504684050675
L443C,0.725998373049403
L443D,0.866776243112534
L443E,0.848045862062784
L443F,0.9346133713085693
L443G,0.6680016444695339
L443H,1.0573496757371998
L443I,0.8435758477388249
L443K,0.8084484849036101
L443M,0.891522194255155
L443N,0.97984106734129
L443P,-0.0087943840995171
L443Q,0.896865751767009
L443R,0.643212274999675
L443S,0.7843398534481629
L443T,1.01692420937864
L443V,0.716997902426212
L443W,0.6469366913838461
L443Y,0.880740752022226
E444A,1.03106950356772
E444C,0.8127780288819181
E444D,1.30412619963552
E444F,0.6770301089650022
E444G,0.782744142506976
E444H,1.18166028770038
E444I,0.7118975267042099
E444K,0.6072421555740249
E444L,0.507188192820918
E444M,0.8175618384144041
E444N,1.32197447254643
E444P,0.6196835897007199
E444Q,1.1305807881139398
E444R,0.751249327204524
E444S,1.14508917004149
E444T,0.9805754175352752
E444V,0.593929757372929
E444W,0.731892112885035
E444Y,0.66926689022486
W445A,0.0786168780207631
W445C,0.0022070204357344
W445D,-0.0167067778285591
W445E,-0.0268444584748596
W445F,1.12203589583774
W445G,-0.0052894412199701
W445H,0.72035824684417
W445I,0.300636905921543
W445K,-0.0230942991324664
W445L,0.259778500412082
W445M,0.6570372910826059
W445N,-0.0202060827133395
W445P,-0.0257632106784715
W445Q,-0.0071301697838133
W445R,-0.0221252695814933
W445S,0.466059817617609
W445T,0.377389104380277
W445V,0.7183451784757321
W445Y,1.18986137705616
C446A,-0.0212385368804029
C446D,-0.0290244140756922
C446E,-0.02831604109677
C446F,-0.0067243306926881
C446G,-0.013544253782419
C446H,-0.0307483391376539
C446I,-0.0160637273371145
C446K,-0.0143801527323317
C446L,-0.0264124307426215
C446M,-0.0184217969228276
C446N,-0.0277718957865828
C446P,-0.0265282364786174
C446Q,-0.018812080265749
C446R,-0.0229503970164974
C446S,-0.0156431633170547
C446T,-0.0241173211154162
C446V,-0.015250232446826
C446W,-0.0278051387162549
C446Y,-0.0194824282851307
W447A,0.8643375255485191
W447C,0.667840294416556
W447D,0.667414755554575
W447E,0.927393882752656
W447F,0.897490030604312
W447G,0.235371154006015
W447H,0.6167735306352161
W447I,0.6860217446237691
W447K,0.302924175266076
W447L,0.3993476696449289
W447M,0.7983750696443309
W447N,0.736033433307538
W447P,-0.0287107492886271
W447Q,0.6915624490707091
W447R,0.87293905173896
W447S,0.8304623553800491
W447T,0.43815525727203
W447V,0.589314022094211
W447Y,0.9495600479982192
N448A,0.890806250926595
N448C,0.8679956541945469
N448D,0.910421595121172
N448E,0.39018701561008
N448F,0.89630532630668
N448G,0.952701537267798
N448H,0.8357875366359121
N448I,0.8931341994829731
N448K,0.759993063987232
N448L,0.9751076062200508
N448M,0.542701962749734
N448P,0.499650937372348
N448Q,0.617886964814051
N448R,0.6764758407376801
N448S,0.887589296607363
N448T,0.610637016673302
N448V,0.242605456650828
N448W,0.413906251345813
N448Y,0.7143657751764559
C449A,-0.0117068949652409
C449D,0.508770288812312
C449E,0.238048678166355
C449F,-0.0216386709727195
C449G,-0.0237735931968472
C449H,0.363470137580401
C449I,-0.0202500510451092
C449K,-0.0054549163570903
C449L,-0.0256313294204319
C449M,-0.0271379676647339
C449N,-0.0156387838921928
C449P,-0.0211917277415084
C449Q,-0.0178123884092429
C449R,-0.0228418204415453
C449S,-0.0116379457125553
C449T,-0.0142618679418757
C449V,-0.0202040024482285
C449W,-0.0214824225691321
C449Y,-0.0195329201329775
G450A,1.03277895372759
G450C,0.494324474937989
G450D,0.572117402816725
G450E,0.106643870763171
G450F,0.416114328366378
G450H,0.8380722134976
G450I,0.400612093204707
G450K,0.0426656756899304
G450L,0.150150679585046
G450M,0.187992499226553
G450N,0.0518644483642842
G450P,-0.0074034994471235
G450Q,0.1730588909827519
G450R,0.138342548806623
G450S,0.659054176287329
G450T,0.7730903654908121
G450V,0.132812470361403
G450W,0.0991064079615369
G450Y,0.3172230715002089
C451A,1.37369071943971
C451D,1.3852795424973798
C451E,1.38926876952756
C451F,1.37722863109808
C451G,1.37559287020511
C451H,1.37826439345801
C451I,1.3777251984909695
C451K,1.35518993907744
C451L,1.3678982132700903
C451M,1.37578865174512
C451N,1.36914713876087
C451P,1.3713975319258702
C451Q,1.37454251049999
C451R,1.38873032219967
C451S,1.36613127203554
C451T,1.38112018255572
C451V,1.38435550010425
C451W,1.3754377636519295
C451Y,1.37493428347408
E452A,1.37878179106868
E452C,1.38414339687415
E452D,1.3902072218385602
E452F,1.37631229779515
E452G,1.38679014281373
E452H,1.3710055202812998
E452I,1.38409899713639
E452K,-0.005478381362588
E452L,1.376444948376
E452M,1.34949324120316
E452N,1.38236474768688
E452P,1.3733037160406203
E452Q,1.37347940816032
E452R,1.36631237685188
E452S,1.3838211356400505
E452T,1.3710029302750502
E452V,1.3734685131687598
E452W,1.3616760133897798
E452Y,1.3713017726806995
W453A,0.0063074940676095
W453C,-0.0213963041932583
W453D,-0.0189145715871411
W453E,0.0140837145921649
W453F,0.478710281493981
W453G,-0.0138586785489609
W453H,-0.0268265506709092
W453I,1.33306486653121
W453K,-0.0200080320241201
W453L,0.197284821997854
W453M,1.37541884112813
W453N,-0.0264779307733503
W453P,-0.0004770150460951
W453Q,0.231700221219787
W453R,-0.0169705161801667
W453S,-0.0097554817324808
W453T,-0.0202514916299183
W453V,0.2507397548938819
W453Y,-0.0284874751316288
N454A,0.818713192014916
N454C,0.7050948397205842
N454D,0.46258411896791
N454E,0.0165672799536485
N454F,-0.0159385519890299
N454G,0.0096333781584723
N454H,1.04383404754088
N454I,-0.0048017283976258
N454K,0.800313923906742
N454L,-0.0078522986254463
N454M,0.17652585834077
N454P,-0.0179389525645682
N454Q,0.6575607317489771
N454R,1.01650630706311
N454S,1.25357812691861
N454T,1.31639190054753
N454V,-0.0099848841022384
N454W,-0.0199641441345429
N454Y,-0.0146049383147509
R455A,1.32154685363655
R455C,1.274767786616
R455D,1.3543728846047398
R455E,1.3728443292371002
R455F,1.30708278280751
R455G,1.26422017027946
R455H,1.36929365392325
R455I,1.3457482242317802
R455K,1.3813010817329698
R455L,1.32528335077572
R455M,1.33216931824024
R455N,1.35892879328246
R455P,1.35696294882419
R455Q,1.37282534372269
R455S,1.33846093194624
R455T,1.35374027720673
R455V,1.2878118954932198
R455W,0.510285530759727
R455Y,1.34328775660099
V456A,1.36629705368278
V456C,1.36256650424111
V456D,1.3621241121311598
V456E,1.31696971155626
V456F,1.37450421977175
V456G,1.24073045502154
V456H,1.30840788190111
V456I,1.38265746451731
V456K,1.3781272854921898
V456L,1.36654146104529
V456M,1.37514354349888
V456N,1.38006691267828
V456P,1.3183561428336998
V456Q,1.37315370761207
V456R,1.37481981764229
V456S,1.38455223805232
V456T,1.3711387946792
V456W,1.35474825613169
V456Y,1.24304078172501
C457A,-0.0247127538558959
C457D,-0.026263893132889
C457E,-0.0149062144529425
C457F,-0.0138279908459667
C457G,0.0219249193023755
C457H,0.3024422654556
C457I,-0.0184105988018545
C457K,-0.0136069917065907
C457L,-0.017208131110617
C457M,-0.0194937405058125
C457N,-0.0248652502145915
C457P,-0.0147125828481525
C457Q,-0.0258600152629674
C457R,-0.0249100181017962
C457S,-0.0206113420373765
C457T,-0.0285017008137835
C457V,-0.0222116983173119
C457W,-0.0154960792826893
C457Y,-0.0188056754141281
M458A,1.3659600250512498
M458C,1.36323251623424
M458D,0.948990715490731
M458E,1.26957791113125
M458F,1.00225674569382
M458G,1.3606802891444498
M458H,1.00224633039373
M458I,1.35559648524161
M458K,1.26231231894559
M458L,1.13910994656872
M458N,1.3189199783045
M458P,1.3351552989068798
M458Q,1.3500553270803402
M458R,1.36526238776703
M458S,1.3769111879303797
M458T,1.3631721387442
M458V,0.43771760813508
M458W,0.25003967680267
M458Y,1.1772899224618605
G459A,1.3704258881399798
G459C,1.15694332662125
G459D,1.36623191172669
G459E,1.35203988829572
G459F,1.1952336666216998
G459H,1.32274249860548
G459I,1.26570082119149
G459K,1.34184771340155
G459L,1.27625787058802
G459M,1.30969783925039
G459N,1.33410836477621
G459P,0.100527640125619
G459Q,1.33059516462041
G459R,1.2295626936281598
G459S,1.31552991386075
G459T,1.36206927625785
G459V,1.13060774256109
G459W,0.210925228171936
G459Y,1.22249476087715
D460A,1.2202619051109398
D460C,0.725880732722223
D460E,0.609813711889947
D460F,0.807437260013167
D460G,0.4536313597983839
D460H,1.26787691795419
D460I,0.987185623779281
D460K,0.749807122715764
D460L,1.18250603751566
D460M,0.91196195909056
D460N,0.8331963386382429
D460P,-0.0076482773822206
D460Q,1.21418332214221
D460R,0.8076050325979058
D460S,1.11758851499323
D460T,1.33744810851164
D460V,0.559379252012517
D460W,0.1232063479365719
D460Y,0.6337219183262621
H461A,-0.0309380538398434
H461C,-0.0306043703921753
H461D,-0.0206260430893567
H461E,-0.0232495990858478
H461F,-0.0298720232023052
H461G,-0.0216018132537704
H461I,-0.0165723996920105
H461K,-0.0239612937033798
H461L,-0.0298196027360194
H461M,-0.0213371469853016
H461N,-0.0166885213094221
H461P,-0.0316955853376458
H461Q,-0.0116406300850881
H461R,-0.0184509948341365
H461S,-0.0363882576417873
H461T,-0.0201594214516557
H461V,-0.0125332060748535
H461W,-0.0230431743085624
H461Y,-0.025987963382507
W462A,1.36389202737827
W462C,1.34111141354875
W462D,-0.0215419925498599
W462E,-0.0182522737400323
W462F,1.33856578250547
W462G,1.3464813134691205
W462H,1.06795004346721
W462I,0.7965176808145329
W462K,-0.0241013988959917
W462L,1.06300511137163
W462M,0.913244228114203
W462N,0.167104374176507
W462P,1.33772693160307
W462Q,0.8471410780629208
W462R,-0.0253000550901147
W462S,1.2580154834480302
W462T,0.2948487657088381
W462V,0.54032196123071
W462Y,1.36447908074242
F463A,-0.0326577646081519
F463C,-0.0201803157965553
F463D,-0.0225348544074251
F463E,-0.0238638892491314
F463G,-0.0236126173701877
F463H,-0.0260847684420602
F463I,0.441392472131326
F463K,-0.0275678755083941
F463L,0.0645277519494229
F463M,0.478258577308647
F463N,-0.0175050764223184
F463P,-0.023283119454184
F463Q,-0.0131872822454881
F463R,-0.0188579093674908
F463S,-0.0338748609363035
F463T,-0.0229548852550866
F463V,-0.0174741287523244
F463W,-0.0038467054411434
F463Y,0.584785474555609
D464A,1.32710062948818
D464C,1.32870052913212
D464E,1.30989216368936
D464F,1.3353775705963
D464G,1.33434606888625
D464H,1.37258089288755
D464I,1.36144462277197
D464K,1.30148755270042
D464L,1.3118946596148502
D464M,1.02691731409964
D464N,1.35698346262895
D464P,-0.0227657240417172
D464Q,1.33407444220758
D464R,1.25270349993354
D464S,1.35964336948919
D464T,1.3761923584038502
D464V,1.17146045230948
D464W,0.17467824191746
D464Y,1.33707247632543
V465A,1.33722714146807
V465C,1.29914424087657
V465D,1.3594460731860605
V465E,1.28414771491382
V465F,1.24543334441749
V465G,1.24379647286949
V465H,1.32928005786207
V465I,1.21866269664948
V465K,0.7798604745401708
V465L,1.31105975805043
V465M,1.08688167478453
V465N,1.3108641350090902
V465P,1.23868430193118
V465Q,1.357423106791
V465R,0.462330880352509
V465S,0.7639777412696558
V465T,0.201423015671814
V465W,1.35335812620449
V465Y,1.27903788168912
