variant,score
S2A,0.566294027
S2C,-0.275621445
S2D,0.8166856090000001
S2E,0.160993544
S2F,0.484459056
S2G,-2.636838603
S2H,-0.414614617
S2I,0.08015004
S2K,0.135404858
S2L,1.231923472
S2M,0.516098764
S2N,-0.359658636
S2P,0.246306814
S2Q,-1.341251157
S2R,-0.062682982
S2T,-1.131882017
S2V,-0.498087321
S2W,0.715232668
S2Y,-0.064201817
S3A,0.032018466
S3C,-0.172853116
S3D,0.02659632
S3E,0.21726776
S3F,0.243896488
S3G,-0.070176011
S3H,0.435808047
S3I,1.045288334
S3K,-0.568386469
S3L,0.033107999
S3M,0.156485595
S3N,0.424847167
S3P,0.356224037
S3Q,0.283586108
S3R,0.297646151
S3T,0.5927082570000001
S3V,0.450033596
S3W,-0.019361361
S3Y,-0.027949729
S4A,0.047106976
S4C,1.189115726
S4D,0.195606138
S4E,-0.385080675
S4F,0.268089637
S4G,-0.571493044
S4H,-0.016775146
S4I,0.630068788
S4K,-0.7036465140000001
S4L,-0.006598304
S4M,-0.015455861
S4N,0.666892551
S4P,-0.156225493
S4Q,0.373406464
S4R,0.450993446
S4T,-0.437886695
S4V,-0.195543924
S4W,0.600257027
S4Y,-0.030055792
L5A,-0.167431834
L5C,0.317503473
L5D,-0.310190338
L5E,-0.551455664
L5F,0.020546199
L5G,0.042212677
L5H,-0.162585963
L5I,-0.277675056
L5K,0.296162773
L5M,-0.249520208
L5N,-0.292633497
L5P,0.319971531
L5Q,0.318140022
L5R,-0.082770624
L5S,-0.233264038
L5T,0.619530657
L5V,-0.397796444
L5W,0.147899982
L5Y,-0.694023698
G6A,-0.8264322409999999
G6C,-0.2252465310000001
G6D,-0.0540828
G6E,-0.8011503409999999
G6F,-0.187101368
G6H,-0.316774245
G6I,-0.233675706
G6K,-0.811451044
G6L,-0.090300613
G6M,-0.233065834
G6N,-0.5287048679999999
G6P,-0.55555302
G6Q,-0.289195957
G6R,-0.501245291
G6S,-0.391286749
G6T,-0.308680443
G6V,-0.028448466
G6W,-0.620257765
G6Y,-0.034337551
K7A,0.406520817
K7C,-0.158582638
K7D,-0.771514787
K7E,0.148003999
K7F,0.722371152
K7G,-0.214609398
K7H,-0.51452588
K7I,-0.245475703
K7L,-0.729203067
K7M,0.108976766
K7N,-0.30045626
K7P,0.052449043
K7Q,-0.339149393
K7R,-0.133016411
K7S,-0.7190049940000001
K7T,-0.5760484060000001
K7V,0.579322081
K7W,-0.1043333
K7Y,-0.522187439
E8A,-0.100504738
E8C,0.182247534
E8D,0.385097899
E8F,0.35569215
E8G,-0.434168942
E8H,0.17343855
E8I,0.264874778
E8K,0.624639242
E8L,0.433142399
E8M,0.323228463
E8N,-0.61999967
E8P,0.095637895
E8Q,0.354796758
E8R,-0.5166223329999999
E8S,0.359576771
E8T,-0.397862727
E8V,0.069464057
E8W,0.8442381240000001
E8Y,0.280915405
K9A,0.085085929
K9C,0.08730933
K9D,0.1372316
K9E,0.135654738
K9F,0.473823193
K9G,0.328890339
K9H,0.350989558
K9I,-0.391138418
K9L,0.443615309
K9M,-0.538847905
K9N,-0.435749144
K9P,-0.144544932
K9Q,-0.021204931
K9R,0.204581222
K9S,-0.315717117
K9T,0.443205518
K9V,0.6800125459999999
K9W,0.691814167
K9Y,0.083083309
D10A,-0.072129645
D10C,-0.009033943
D10E,-0.196421853
D10F,-0.276656474
D10G,-0.600234819
D10H,-0.378966928
D10I,-0.523874643
D10K,0.107410526
D10L,-0.082211995
D10M,-0.029606871
D10N,-0.231881223
D10P,0.004820788
D10Q,-0.516833147
D10R,0.040667973
D10S,-0.268988964
D10T,-0.149152623
D10V,-0.628689265
D10W,0.019326807
D10Y,-0.234020913
S11A,-0.536073744
S11C,-0.26817841
S11D,-0.484757329
S11E,0.053179873
S11F,-0.203965592
S11G,0.16607773
S11H,-0.091998226
S11I,-1.058708987
S11K,-0.42844328
S11L,0.106513967
S11M,-0.272783359
S11N,-0.487433708
S11P,-0.031285756
S11Q,-0.325707231
S11R,-0.307467119
S11T,-0.246930351
S11V,-0.355847929
S11W,-0.455062338
S11Y,-0.177265399
K12A,0.278399993
K12C,-0.429835867
K12D,-0.405367239
K12E,-0.090331142
K12F,0.691994091
K12G,-0.409603376
K12H,-0.40650191
K12I,-0.274060114
K12L,-0.223918887
K12M,-0.156074285
K12N,-0.106228191
K12P,0.063298151
K12Q,-0.155609621
K12R,-0.243569495
K12S,-0.373953095
K12T,-0.5365999
K12V,-0.654580002
K12W,-0.875186873
K12Y,0.152828215
E13A,0.209424051
E13C,0.832939345
E13D,-0.074141901
E13F,0.801234405
E13G,0.40736674
E13H,0.531421997
E13I,1.178916771
E13K,0.469491273
E13L,0.557996145
E13M,0.066667491
E13N,0.67379788
E13P,0.391962475
E13Q,0.63513296
E13R,0.651569237
E13S,0.481751495
E13T,0.85067051
E13V,0.96205066
E13W,0.547756983
E13Y,0.528113032
K14A,-0.234268494
K14C,-0.270636969
K14D,0.36623963
K14E,-0.314271707
K14F,0.446233468
K14G,0.02479326
K14H,0.300886872
K14I,-0.34309562
K14L,-0.251770624
K14N,-0.321944682
K14P,-0.09901883
K14Q,-0.422169328
K14R,-0.083802853
K14S,-0.47587933
K14T,0.248524107
K14V,0.327745507
K14Y,-0.0631979209999999
D15A,0.453373008
D15C,0.13902711
D15E,-0.665285485
D15F,-0.627758155
D15G,0.437067181
D15H,0.486276859
D15I,0.307310083
D15K,0.403804805
D15L,-0.116662159
D15M,-0.248827081
D15N,-0.184815777
D15P,0.309098537
D15Q,-0.8230896120000001
D15R,0.191776571
D15S,0.028644612
D15T,-0.029370637
D15V,-0.084743775
D15W,-0.32006631
D15Y,-0.22438012
P16A,-0.396958833
P16C,-0.408987691
P16D,-0.216986852
P16E,-0.359124009
P16F,0.123631266
P16G,-0.099269364
P16H,-0.048881031
P16I,0.054108524
P16K,0.094274317
P16L,0.151572621
P16M,-0.103741896
P16N,-0.110264956
P16Q,0.12867552
P16R,-0.368492513
P16S,-0.292105769
P16T,0.233144898
P16V,0.145314217
P16W,0.005804994
P16Y,-0.592138633
K17A,0.272843104
K17C,-0.066050934
K17D,0.314361865
K17E,-0.194770981
K17F,0.008432432
K17G,-0.091623386
K17H,0.935487985
K17I,0.36585661
K17L,0.217412415
K17M,0.221753749
K17N,-0.286933311
K17P,-0.183000642
K17Q,0.431556878
K17R,0.949989975
K17S,0.260873813
K17T,0.315195632
K17V,-0.039175923
K17W,-0.001851074
K17Y,-0.08362122
V18A,0.082915727
V18C,0.443768931
V18D,-0.030697663
V18E,-0.488290595
V18F,0.126846668
V18G,-0.424892125
V18H,-0.329182343
V18I,0.7933598620000001
V18K,-0.1302602719999999
V18L,0.243049482
V18M,0.390527753
V18N,0.211378042
V18P,0.721457152
V18Q,0.396073751
V18R,-0.262683715
V18S,0.481773034
V18T,0.403588603
V18W,-0.314381764
V18Y,-0.432139033
P19A,0.536650352
P19C,0.083050122
P19D,0.008252988
P19E,0.389514389
P19F,0.051326269
P19G,0.163371611
P19H,-0.065165542
P19I,1.090502705
P19K,0.098599241
P19L,0.096912971
P19M,0.158655463
P19N,0.064973843
P19Q,-0.11948678
P19R,0.184915967
P19S,0.4600363220000001
P19T,-0.002023956
P19V,-0.425594676
P19W,0.099189568
P19Y,-0.177298888
S20A,-0.409724021
S20C,0.597815639
S20D,-0.5472069829999999
S20E,0.0892929859999999
S20F,-0.079626789
S20G,0.241336489
S20H,-0.227237462
S20I,-0.556965536
S20K,0.271606845
S20L,0.273204225
S20M,0.4821083920000001
S20N,0.062815179
S20P,0.306383907
S20Q,-0.074892056
S20R,0.430160893
S20T,-0.047779948
S20V,-0.494181685
S20W,0.59870391
S20Y,-0.210902913
A21C,-0.293831742
A21D,0.004578354
A21E,-0.351270135
A21F,-0.00501357
A21G,-0.056402026
A21H,-0.180893398
A21I,-0.446706322
A21K,-0.400175845
A21L,0.05265378
A21M,-0.209651529
A21N,-0.380978307
A21P,0.103722335
A21Q,-0.375961954
A21R,-0.169970866
A21S,0.240613478
A21T,-0.448242584
A21V,-0.135009843
A21W,-0.575940584
A21Y,-0.346043334
K22A,0.052302918
K22C,0.114435254
K22D,-0.275236946
K22E,-0.249515335
K22F,0.22989623
K22G,0.210469041
K22H,0.082658818
K22I,0.023562731
K22L,-0.118921023
K22M,-0.033454597
K22N,-0.5567590929999999
K22P,0.738852078
K22Q,-0.391598724
K22R,-0.138223523
K22S,0.560121596
K22T,-0.214110892
K22V,0.333853557
K22W,0.318734337
K22Y,0.180578323
E23A,1.177576725
E23C,0.38634453
E23D,0.200403391
E23F,0.245831514
E23G,0.036559568
E23H,0.5153834979999999
E23I,-0.099895517
E23K,0.7377029620000001
E23L,0.253832407
E23M,0.223263855
E23N,0.8097408490000001
E23P,0.267747575
E23Q,0.49774606
E23R,-0.040893795
E23S,0.179479033
E23T,-0.6434507270000001
E23V,0.411991605
E23W,-0.3992599570000001
E23Y,0.7274129229999999
R24A,0.0876633469999999
R24C,0.159682994
R24D,0.171712796
R24E,0.07253896
R24F,0.221867955
R24G,0.033206717
R24H,0.0065642309999999
R24I,-0.045083766
R24K,0.387461463
R24L,-0.164437739
R24M,0.0899879169999999
R24N,0.36567394
R24P,0.018798406
R24Q,-0.07528983
R24S,0.003378589
R24T,-0.189309578
R24V,0.038948413
R24W,-0.012310359
R24Y,-0.076880377
E25A,0.443429574
E25C,0.410959369
E25D,-0.05897335
E25F,-0.311090786
E25G,0.549936875
E25H,0.412053598
E25I,0.242190586
E25K,0.169458392
E25L,0.347786697
E25M,0.47348917
E25N,-0.339334755
E25P,0.244026989
E25Q,0.6644197239999999
E25R,0.396020323
E25S,0.102565152
E25T,0.041045467
E25V,0.115126632
E25W,0.220005961
E25Y,0.464357225
K26A,-0.141527607
K26C,-0.518288638
K26D,0.069856383
K26E,-0.502391528
K26F,-0.422226578
K26G,0.264929444
K26H,-0.084497984
K26I,0.444205349
K26L,-0.133463633
K26M,-0.155845029
K26N,-0.405212382
K26P,0.024153226
K26Q,-0.114411046
K26R,-0.141075249
K26S,-0.088723064
K26T,0.252108862
K26V,-0.257838892
K26W,-0.350772682
K26Y,-0.154423027
E27A,-0.113278124
E27C,-0.17426237
E27D,-0.354506096
E27F,0.181154715
E27G,0.036085167
E27H,-0.140427063
E27I,-0.535248395
E27K,-0.332514756
E27L,-0.577865605
E27M,-0.617578439
E27N,0.18261171
E27P,-0.383185214
E27Q,0.057819549
E27R,-0.394543187
E27S,0.206302979
E27T,0.1818952
E27V,-0.045515798
E27W,-0.162558056
E27Y,0.119936979
A28C,-0.063003669
A28D,-0.111561783
A28E,-0.3770731470000001
A28F,-0.624073358
A28G,-0.118901009
A28H,0.264220402
A28I,0.166020974
A28K,0.240996983
A28L,-0.100738804
A28M,0.430928225
A28N,0.35796928
A28P,0.454375109
A28Q,-0.153294343
A28R,0.091084746
A28S,0.287928929
A28T,0.061352663
A28V,0.064182083
A28W,-0.586163267
A28Y,-0.901138258
K29A,-0.356224122
K29C,-0.178625576
K29D,-0.323775043
K29E,-0.088833614
K29F,0.585116785
K29G,0.235198384
K29H,0.017790601
K29I,0.274585207
K29L,0.027769887
K29M,-0.117902985
K29N,-0.101303725
K29P,0.42598997
K29Q,-0.13892104
K29R,0.623411368
K29S,0.000547548
K29T,-0.208348093
K29V,-0.432429054
K29W,-0.103399568
K29Y,0.465331166
A30C,0.052795233
A30D,0.290821901
A30E,-0.719233795
A30F,-0.125903058
A30G,-0.52053712
A30H,0.133515404
A30I,-0.114607289
A30K,0.153825104
A30L,-0.092787755
A30M,0.372965979
A30N,0.012571689
A30P,-0.540846842
A30Q,0.21831613
A30R,0.128946624
A30S,-0.550275254
A30T,-0.36595271
A30V,-0.037825386
A30W,0.404253866
A30Y,-0.238325058
S31A,-0.260271925
S31C,0.213567972
S31D,-0.4511166
S31E,-0.918153026
S31F,0.092546503
S31G,-0.756877913
S31H,0.227682648
S31I,-0.407639418
S31K,0.306330411
S31L,0.544990683
S31M,0.253651421
S31N,-0.363395018
S31P,-0.035850887
S31Q,-0.313528142
S31R,0.198454709
S31T,-0.311415461
S31V,0.039140477
S31W,-0.206164209
S31Y,0.236893912
G32A,-0.201986743
G32C,0.388031223
G32D,-0.276196709
G32E,0.003942587
G32F,-0.099291739
G32H,0.307458999
G32I,0.340675411
G32K,-0.180510786
G32L,0.273880775
G32M,0.95647799
G32N,-0.241595809
G32P,0.268001111
G32Q,-0.07932873
G32R,-0.013998991
G32S,0.299386538
G32T,-0.130252556
G32V,-0.028831272
G32W,0.590484078
G32Y,0.177001484
F34A,0.156820517
F34C,-0.769264603
F34D,-0.958954675
F34E,-0.416025725
F34G,-0.477877495
F34H,-0.263666567
F34I,-0.135096747
F34K,-0.0634884459999999
F34L,0.098411862
F34M,0.294591473
F34N,-0.345978908
F34P,0.29974453
F34Q,0.211015231
F34R,-0.059594807
F34S,-0.432761192
F34T,0.7800258870000001
F34V,-0.401754358
F34W,-0.40105183
F34Y,-0.141111644
G35A,0.210367507
G35C,0.244763544
G35D,0.6065373310000001
G35E,-0.4890582570000001
G35F,0.492279523
G35H,0.329262553
G35I,0.582791904
G35K,-0.222851881
G35L,0.337678624
G35M,-0.476267667
G35N,-0.301953701
G35P,0.221241016
G35Q,0.116121151
G35R,0.377905574
G35S,0.181091123
G35T,0.7214055890000001
G35V,-0.038206617
G35W,-0.618396316
G35Y,0.186999322
K36A,-0.071722516
K36C,-0.376312571
K36D,-0.6907728679999999
K36E,-0.666240938
K36F,0.481117164
K36G,-0.6817330070000001
K36H,-0.036237214
K36I,-0.312490309
K36L,0.037496696
K36M,0.110063321
K36N,-0.3996068720000001
K36P,-0.226727911
K36Q,0.137397302
K36R,-0.619252148
K36S,-0.24883867
K36T,-0.180104198
K36V,0.723927228
K36W,0.274632324
K36Y,-0.03130867
E37A,-0.276607508
E37C,-0.051447121
E37D,-0.034966998
E37F,0.450894281
E37G,0.103330267
E37H,-0.118775492
E37I,0.101360639
E37K,-0.10601169
E37L,-0.166164698
E37M,0.365564129
E37N,0.358676306
E37P,0.256488899
E37Q,0.536669477
E37R,0.338464691
E37S,-0.054444074
E37T,0.008692675
E37V,0.07050867
E37W,0.231953899
E37Y,0.027799909
S38A,0.038330125
S38C,-0.215981076
S38D,-0.043502578
S38E,-0.20713757
S38F,-0.459892304
S38G,-0.534113214
S38H,-0.894826107
S38I,-0.685305705
S38K,0.566879799
S38L,-0.460669951
S38M,-0.512441551
S38N,-0.071721441
S38P,-0.650990459
S38Q,0.290982776
S38R,0.327423334
S38T,0.046300472
S38V,0.053879103
S38W,-0.275622378
S38Y,0.265404954
K39A,-0.229479293
K39C,-0.124235116
K39D,-0.634954928
K39E,-0.880634185
K39F,-0.303904081
K39G,-0.14166489
K39H,-0.267157504
K39I,-0.150643942
K39L,-0.147845498
K39M,-0.215789312
K39N,-0.7595880909999999
K39P,-0.188282978
K39Q,-0.259752432
K39R,-0.498449627
K39S,-0.100639776
K39T,-0.341383273
K39V,0.175854611
K39W,-0.326194367
K39Y,0.2462475160000001
E40A,0.35901028
E40C,0.177483862
E40D,-0.192913485
E40F,0.754830023
E40G,0.158307874
E40H,-0.019978404
E40I,0.331443125
E40K,0.590690148
E40L,0.7132232279999999
E40M,0.595274916
E40N,-0.0058770019999999
E40P,0.402504755
E40Q,0.7628796999999999
E40R,0.715440092
E40S,0.333114568
E40T,0.289448119
E40V,0.521118428
E40W,-0.014524661
E40Y,0.131445471
K41A,-0.010051876
K41C,0.099021113
K41D,-1.022792919
K41E,0.074144342
K41F,0.318633065
K41G,0.338037937
K41H,-0.419365878
K41I,-0.381969902
K41L,-0.111247675
K41M,0.136502448
K41N,-0.413980231
K41P,-0.178866131
K41Q,0.1432910369999999
K41R,0.43337938
K41S,-0.459171321
K41T,0.047973253
K41V,-0.459051337
K41W,-0.595984783
K41Y,-0.130482792
E42A,1.040531428
E42C,-0.205423102
E42D,-0.163184697
E42F,0.232493177
E42G,-0.6988444970000001
E42H,0.602058251
E42I,0.200437624
E42K,0.205482671
E42L,0.424515969
E42M,0.386895882
E42N,0.342455458
E42P,0.907915521
E42Q,0.61276445
E42R,0.029355614
E42S,0.124345818
E42T,0.375692517
E42V,0.535980626
E42W,0.306536395
E42Y,-0.414191616
P43A,-0.153786333
P43C,0.272588338
P43D,-0.249993141
P43E,-0.687713282
P43F,0.000148126
P43G,-0.439488571
P43H,-0.517213351
P43I,-0.001657629
P43K,0.5699930999999999
P43L,-0.367471131
P43M,0.002597479
P43N,0.417458983
P43Q,-0.338371498
P43R,0.178455481
P43S,-0.7581424059999999
P43T,-0.185633647
P43V,0.178037123
P43W,0.024889414
P43Y,-0.614646157
K44A,-0.944512255
K44C,-0.502157936
K44D,0.020971108
K44E,0.101289124
K44F,-0.339251518
K44G,-0.312903084
K44H,-0.207624012
K44I,-0.606140837
K44L,0.085714275
K44M,-0.0748934409999999
K44N,0.265238594
K44P,0.050436418
K44Q,-0.625688005
K44R,0.446536509
K44S,-0.436619866
K44T,-0.167125413
K44V,-0.163722804
K44W,-0.254180478
K44Y,-0.03519777
T45A,0.376930391
T45C,0.164105599
T45D,-0.86346678
T45E,-0.689366878
T45F,-0.043712813
T45G,-0.448593723
T45H,0.327438883
T45I,0.04362037
T45K,-0.463866535
T45L,0.445026996
T45M,0.260716855
T45N,-0.147184282
T45P,-0.145707488
T45Q,0.627679847
T45R,0.250276515
T45S,-0.642507979
T45V,0.279492568
T45W,0.541364582
T45Y,0.307014495
K46A,-0.169361867
K46C,0.047618126
K46D,-1.205213365
K46E,-0.09924519
K46F,-0.465611591
K46G,-0.411617431
K46H,0.007315676
K46I,-0.672795087
K46L,0.01204303
K46M,0.150543701
K46N,-0.056311924
K46P,-0.96710258
K46Q,-0.583946028
K46R,0.09263245
K46S,-0.7903319000000001
K46T,-0.5180681779999999
K46V,-0.0746704629999999
K46W,-0.069457787
K46Y,-0.365893566
G47A,0.132329466
G47C,-0.28284457
G47D,-0.317153826
G47E,-0.644589582
G47F,0.155853973
G47H,0.529898324
G47I,-0.1378660669999999
G47K,0.185450256
G47L,-0.223733701
G47M,0.29983438
G47N,0.350679551
G47P,0.5150183620000001
G47Q,-0.314506916
G47R,0.283823326
G47S,-0.111061929
G47T,-0.075993512
G47V,0.337133651
G47W,-0.554375238
G47Y,-0.0872896
K48A,0.328638873
K48C,-0.5518387810000001
K48D,-0.764833109
K48E,-0.7511237820000001
K48F,-0.679163996
K48G,-0.56044212
K48H,0.531664454
K48I,-0.049904524
K48L,-0.377595615
K48M,-0.384062389
K48N,-0.7485978120000001
K48P,-0.430501441
K48Q,0.095172444
K48R,0.121590809
K48S,0.200518075
K48T,0.119956694
K48V,0.018665703
K48W,-0.233377094
K48Y,0.103196822
D49A,-0.120099804
D49C,0.488273848
D49E,-0.309989472
D49F,-0.095127668
D49G,-0.047315537
D49H,0.535562971
D49I,0.08416693
D49K,0.708735789
D49L,0.505294975
D49M,0.609759067
D49N,0.013269874
D49P,-0.521076455
D49Q,0.5572364120000001
D49R,0.483050314
D49S,-0.437526001
D49T,0.7407351790000001
D49V,-0.14749211
D49W,0.23269167
D49Y,0.115950878
A50C,0.570367883
A50D,0.141371199
A50E,-0.416784843
A50F,-0.132389155
A50G,-0.122999193
A50H,0.341809219
A50I,-0.656849232
A50K,0.419140476
A50L,0.321590613
A50M,0.564718881
A50N,0.012058997
A50P,-0.125876258
A50Q,-0.171786645
A50R,0.489770968
A50S,-0.615109018
A50T,0.643910938
A50V,-0.184673371
A50W,-0.004257634
A50Y,0.156942788
K51A,-0.047233352
K51C,-1.099682797
K51D,-0.835086161
K51E,-0.70322769
K51F,-0.6623388570000001
K51G,-0.911978714
K51H,-0.152461812
K51I,0.247403547
K51L,-0.267532428
K51M,-0.286979425
K51N,-0.953630908
K51P,0.225663973
K51Q,-0.5271525229999999
K51R,0.000536746
K51S,-0.046232167
K51T,-0.297320305
K51V,-0.225504582
K51W,-0.103202376
K51Y,-0.660607714
D52A,0.010624129
D52C,-0.063862755
D52E,-0.036057555
D52F,0.310080364
D52G,0.15898154
D52H,0.058912603
D52I,0.292936311
D52K,0.367384135
D52L,0.005125162
D52M,-0.330367693
D52N,-0.149516964
D52P,0.265652116
D52Q,-0.072028137
D52R,-0.337425995
D52S,0.057433745
D52T,0.480277188
D52V,0.395816185
D52W,0.681676278
D52Y,0.338313209
G53A,0.037077274
G53C,0.326455476
G53D,-0.6159953
G53E,-0.319638046
G53F,-0.7347722729999999
G53H,0.1378247999999999
G53I,-0.150749216
G53K,0.62662959
G53L,0.302821466
G53M,0.52095563
G53N,-0.86333908
G53P,0.421212268
G53Q,0.093359645
G53R,0.425915539
G53S,-0.175156069
G53T,0.223231553
G53V,0.397476456
G53W,-0.323200036
G53Y,0.275695802
K54A,-0.279778216
K54C,-0.437804861
K54D,-0.282375037
K54E,-0.382593339
K54F,0.09704608
K54G,-0.8171932209999999
K54H,0.381852583
K54I,-0.217503755
K54L,0.009821255
K54M,-0.187977238
K54N,-0.537499785
K54P,-0.804350633
K54Q,-0.019818369
K54R,0.179999166
K54S,-0.251402136
K54T,0.753325169
K54V,-0.03380003
K54W,-0.324705262
K54Y,0.285632585
K55A,0.030687269
K55C,0.134646735
K55D,-0.495791071
K55E,-0.283042257
K55F,0.208573871
K55G,-0.5074326029999999
K55H,0.387871219
K55I,-0.8782698040000001
K55L,-0.088109113
K55M,-1.280085381
K55N,-0.411884562
K55P,-0.487899509
K55Q,-0.950965003
K55R,-0.2604209
K55S,0.127303694
K55T,0.228573057
K55V,-0.428457664
K55W,-0.8166100209999999
K55Y,0.119591117
D56A,0.4563127320000001
D56C,-0.151020071
D56E,-0.04492182
D56F,-0.064615778
D56G,0.369920396
D56H,0.571920876
D56I,-0.330358363
D56K,0.218218197
D56L,0.388600184
D56M,0.819747263
D56N,0.3805518470000001
D56P,0.421029694
D56Q,0.33480663
D56R,0.7379401179999999
D56S,0.603091691
D56T,0.702606748
D56V,-0.425421093
D56W,0.387818204
D56Y,0.799693275
S57A,-0.454520913
S57C,-1.105579223
S57D,-0.990979278
S57E,-0.393359716
S57F,-0.359632783
S57G,-0.7314403690000001
S57H,0.163322079
S57I,-0.389930946
S57K,1.108281105
S57L,0.570635808
S57M,-0.071679568
S57N,0.220433903
S57P,-0.911645329
S57Q,0.3023459000000001
S57R,0.823497067
S57T,-0.211126145
S57V,-0.646494529
S57W,-0.012511426
S57Y,0.406278645
S58A,-0.5027093429999999
S58C,-0.472444025
S58D,-0.139947131
S58E,-0.7652641840000001
S58F,-0.229131036
S58G,-0.238463575
S58H,0.143979438
S58I,-0.360677363
S58K,0.6961515490000001
S58L,0.275386374
S58M,-0.0660885829999999
S58N,-0.139745146
S58P,-0.1609592759999999
S58Q,0.87823697
S58R,0.239779564
S58T,-0.075885251
S58V,0.062300352
S58W,0.354005344
S58Y,-0.581838861
A59C,-0.119704496
A59D,-0.279636065
A59E,-0.640022548
A59F,-0.179560867
A59G,-0.023825388
A59H,0.522719591
A59I,0.254783543
A59K,0.349690424
A59L,0.574666154
A59M,0.166290128
A59N,-0.464558333
A59P,-0.134537273
A59Q,0.123744178
A59R,1.185948987
A59S,-0.698028145
A59T,0.547865897
A59V,-0.201705275
A59W,-0.014904473
A59Y,0.348283994
A60C,-0.470632369
A60D,-0.94902455
A60E,-0.1619468369999999
A60F,0.023442953
A60G,-0.584679217
A60H,0.107485341
A60I,-0.512076822
A60K,0.273167367
A60L,-0.217344838
A60M,0.5188850970000001
A60N,0.371155789
A60P,0.140737977
A60Q,-0.072526823
A60R,1.272356245
A60S,-0.296989846
A60T,-0.2155989
A60V,-0.047047925
A60W,0.010612891
A60Y,0.068911788
Q61A,0.928710514
Q61C,0.325455105
Q61D,-0.932520474
Q61E,-0.728991614
Q61F,0.436725147
Q61G,0.201993397
Q61H,0.23371633
Q61I,0.1720267589999999
Q61K,0.436542203
Q61L,-0.233204114
Q61M,0.049926942
Q61N,0.180193823
Q61P,0.289146181
Q61R,0.195405059
Q61S,-0.290139903
Q61T,-0.383306403
Q61V,0.379014893
Q61W,0.134649404
Q61Y,-0.360205079
P62A,-0.332155091
P62C,0.6328736220000001
P62D,-0.68429818
P62E,-0.5385404079999999
P62F,0.163452176
P62G,-0.32943109
P62H,0.930349022
P62I,0.030998334
P62K,1.460354806
P62L,-0.112203022
P62M,1.432546076
P62N,0.603337794
P62Q,-0.188902898
P62R,1.4143405919999998
P62S,0.075032408
P62T,-0.472107634
P62V,0.281894007
P62W,0.310222563
P62Y,0.166194545
G63A,0.564906613
G63C,0.34137955
G63D,-1.132776456
G63E,-0.471350879
G63F,0.124878396
G63H,1.534599009
G63I,-0.118070578
G63K,0.963329286
G63L,0.270442149
G63M,0.13219549
G63N,-0.051479568
G63P,-1.209110041
G63Q,0.596573673
G63R,1.9046605
G63S,0.215087885
G63T,0.6949555140000001
G63V,-0.050351418
G63W,-0.51430658
G63Y,0.357249175
V64A,-1.219600644
V64C,-1.422479665
V64D,-0.977254467
V64E,-0.669534926
V64F,-1.035227257
V64G,-2.077502323
V64H,-0.442491568
V64I,-1.373409781
V64K,-0.805860525
V64L,-0.896930459
V64M,-1.379568479
V64N,-0.860463124
V64P,-1.7302142980000002
V64Q,-0.649831307
V64R,-1.589801259
V64S,-0.470764329
V64T,-1.19937412
V64W,-1.581394506
V64Y,-1.224627506
A65C,1.129700525
A65D,-1.668970105
A65E,-1.24494672
A65F,-0.090207121
A65G,-0.71858917
A65H,0.208961972
A65I,-0.7408957829999999
A65K,0.518568357
A65L,0.0685848429999999
A65M,-0.265737351
A65N,-0.386839529
A65P,-1.355935769
A65Q,-0.403014607
A65R,1.7012519680000002
A65S,0.446383643
A65T,0.224971842
A65V,-0.6362234520000001
A65W,0.214809031
A65Y,-0.263462839
F66A,-0.74673057
F66C,-0.609834859
F66D,-1.4642191919999998
F66E,-1.045322638
F66G,-1.182663809
F66H,-1.766270901
F66I,-1.241801864
F66K,-1.189592662
F66L,-0.884413837
F66M,-1.438488255
F66N,-0.073639443
F66P,-1.770068149
F66Q,-1.529629134
F66R,-0.408262322
F66S,-1.08232819
F66T,-1.167911617
F66V,-1.800184918
F66W,-1.659177439
F66Y,-1.104883789
S67A,0.9174302
S67C,0.74484427
S67D,-0.439501869
S67E,-0.236451683
S67F,1.016992808
S67G,-0.173615986
S67H,-0.439575564
S67I,1.1194684
S67K,0.923341729
S67L,0.488949498
S67M,0.26938685
S67N,0.35615166
S67P,-0.864363911
S67Q,-0.516169911
S67R,0.884495215
S67T,0.1516530569999999
S67V,1.0560816000000002
S67W,1.582311082
S67Y,0.5392454870000001
V68A,-1.684065305
V68C,-0.50974043
V68D,-1.056563351
V68E,-1.57877187
V68F,-0.003188048
V68G,-0.957896367
V68H,-0.77511892
V68I,1.101004263
V68K,-1.161892061
V68L,0.001037243
V68M,-0.412943103
V68N,-1.034994297
V68P,-0.512679251
V68Q,-0.895106255
V68R,-1.08293721
V68S,-0.979072435
V68T,-1.246873776
V68W,-1.273906364
V68Y,-0.169233993
D69A,-0.161468168
D69C,-0.656108444
D69E,-0.7617646929999999
D69F,-0.296722369
D69G,0.329821023
D69H,-0.199334817
D69I,-0.99682814
D69K,-0.58427567
D69L,-0.566424357
D69M,0.308410598
D69N,0.650806196
D69P,-1.3476497509999998
D69Q,-0.336517186
D69R,-0.738120862
D69S,-0.968156299
D69T,-1.269947968
D69V,-0.673277736
D69W,-1.140063403
D69Y,-0.027886086
N70A,-1.11747417
N70C,-0.810263735
N70D,-1.297406725
N70E,-1.387590184
N70F,-0.82659643
N70G,1.113689347
N70H,-0.192241819
N70I,-1.037999177
N70K,-0.605134188
N70L,-1.816247622
N70M,-1.449731607
N70P,-1.464284467
N70Q,-0.434966264
N70R,-0.76485778
N70S,-1.05077301
N70T,-2.016157458
N70V,-1.183626284
N70W,-0.753277732
N70Y,-0.700282306
T71A,-0.3545115
T71C,0.823504248
T71D,-0.056721941
T71E,-0.73896195
T71F,-0.928327032
T71G,0.227445632
T71H,-0.599512643
T71I,-0.512740196
T71K,1.0509280090000002
T71L,-0.521887553
T71M,-1.0724865609999998
T71N,-0.551523654
T71P,-1.280149873
T71Q,-0.230804935
T71R,0.01824287
T71S,0.296645044
T71V,0.306651025
T71W,-0.54931441
T71Y,-0.771232005
I72A,-1.538524878
I72C,-0.837190247
I72D,-1.402465376
I72E,-1.504928138
I72F,-0.730373597
I72G,-1.4377772219999998
I72H,-1.433791865
I72K,-1.243145693
I72L,-1.106133697
I72M,-0.962144596
I72N,-1.100511051
I72P,-1.19962977
I72Q,-1.113833088
I72R,-1.498202265
I72S,-1.216669424
I72T,-1.717881786
I72V,-0.21093019
I72W,-0.8643359009999999
I72Y,-0.770818892
K73A,-0.64180881
K73C,-0.571539789
K73D,-2.557357276
K73E,-1.336098052
K73F,0.915044609
K73G,-1.268278772
K73H,0.518980503
K73I,0.95876834
K73L,0.8262979490000001
K73M,-0.626724243
K73N,-1.504536825
K73P,-2.070422197
K73Q,-1.037410557
K73R,-0.743612156
K73S,-0.071328986
K73T,0.244356056
K73V,-0.079611937
K73W,0.043794827
K73Y,0.501724825
R74A,-1.013033477
R74C,-0.801231183
R74D,-2.000959172
R74E,-2.101182777
R74F,-0.500292927
R74G,-1.975587924
R74H,-0.7455822990000001
R74I,-0.589036052
R74K,-0.840436408
R74L,-1.154313715
R74M,-1.13336238
R74N,-1.862126611
R74P,-1.768072757
R74Q,-1.151588243
R74S,-1.980657384
R74T,-1.46851197
R74V,-0.944774888
R74W,-1.060911043
R74Y,0.107557827
P75A,-0.869728237
P75C,-1.305209245
P75D,-1.261900788
P75E,-1.214372787
P75F,-1.986259682
P75G,-0.731829246
P75H,-1.017706278
P75I,-0.663330359
P75K,-1.3739546319999998
P75L,-1.103563115
P75M,-0.830281975
P75N,-0.913409724
P75Q,-1.056128901
P75R,-0.659791771
P75S,-0.752557672
P75T,-1.130288168
P75V,-0.8572563940000001
P75W,-1.226238728
P75Y,-1.021770033
N76A,0.38175219
N76C,0.033721456
N76D,-0.051557178
N76E,-3.05e-05
N76F,-0.427197373
N76G,0.484429734
N76H,0.84549649
N76I,0.2933132
N76K,0.445226527
N76L,-0.171538008
N76M,-0.039381534
N76P,-0.4332412370000001
N76Q,0.066787527
N76R,-0.259979017
N76S,1.052382822
N76T,0.082570472
N76V,0.064055639
N76W,0.100533569
N76Y,-0.208148858
P77A,-0.413520971
P77C,-0.58244196
P77D,-0.878238585
P77E,-1.354483289
P77F,0.138146855
P77G,-0.363426461
P77H,0.187045141
P77I,-0.221763802
P77K,1.235255911
P77L,-0.454346431
P77M,-0.856455634
P77N,-0.784934248
P77Q,-0.01001385
P77R,0.631422001
P77S,-0.210487573
P77T,-0.734849427
P77V,-0.5703578220000001
P77W,-0.781227042
P77Y,-0.001818134
A78C,-0.155062922
A78D,-0.428991205
A78E,-1.007516412
A78F,-0.451339075
A78G,0.8349041540000001
A78H,-0.162981571
A78I,-1.067205383
A78K,0.71284714
A78L,-0.158856726
A78M,0.068440785
A78N,0.301981203
A78P,0.743516155
A78Q,-0.162974273
A78R,1.04994139
A78S,-0.159504993
A78T,0.1552278819999999
A78V,-0.439852453
A78W,0.611496412
A78Y,0.506275128
P79A,-0.543911435
P79C,0.361147268
P79D,-0.895013527
P79E,-0.7813595990000001
P79F,-0.267703412
P79G,0.401402679
P79H,0.359522743
P79I,-0.540560475
P79K,0.258578863
P79L,-0.5758077229999999
P79M,0.051485898
P79N,-0.562510187
P79Q,-0.095333336
P79R,0.893055568
P79S,0.001846665
P79T,0.217307173
P79V,0.036988135
P79W,0.209400397
P79Y,0.175584813
G80A,0.266684302
G80C,0.454936453
G80D,-0.484746795
G80E,-0.370543243
G80F,0.9827277
G80H,-0.017085306
G80I,0.136380879
G80K,0.056810701
G80L,0.111198305
G80M,0.302338578
G80N,-0.191412381
G80P,-0.348939372
G80Q,0.066839653
G80R,0.062046468
G80S,-0.082666755
G80T,0.021967928
G80V,0.564992527
G80W,0.324200844
G80Y,0.340334408
T81A,-0.457859613
T81C,0.294835029
T81D,-0.582329541
T81E,-0.751911792
T81F,-0.275797081
T81G,0.040868939
T81H,-0.558417092
T81I,0.214944176
T81K,-0.162571857
T81L,0.168903706
T81M,-0.060350015
T81N,-0.6896713740000001
T81P,-0.055510885
T81Q,-0.448214368
T81R,-0.01244145
T81S,0.925522371
T81V,-0.541243699
T81W,0.85866375
T81Y,0.516808896
R82A,-0.57208334
R82C,-0.8173429190000001
R82D,-0.597557726
R82E,-1.322964841
R82F,0.869142781
R82G,-0.326792879
R82H,-0.400453519
R82I,-0.623842137
R82K,-0.926990552
R82L,-0.304894948
R82M,-0.639003167
R82N,-0.399727327
R82P,-0.816921365
R82Q,-1.478335731
R82S,-1.263743179
R82T,-1.023924549
R82V,-0.553280571
R82W,-0.253936433
R82Y,-0.189173226
K83A,0.168772685
K83C,0.029555951
K83D,-0.604402432
K83E,-0.909359599
K83F,-0.87144378
K83G,0.290641844
K83H,-0.087722131
K83I,0.394624114
K83L,-0.903103955
K83M,0.189197816
K83N,-0.651246401
K83P,0.184325537
K83Q,-0.270528186
K83R,-0.271517502
K83S,-1.051399739
K83T,0.275365123
K83V,-0.111854588
K83W,0.310185282
K83Y,-0.183061201
K84A,-1.151964914
K84C,-0.409408437
K84D,-0.336939486
K84E,0.122915881
K84F,-0.298318427
K84G,0.085120989
K84H,0.289627015
K84I,-1.009940192
K84L,-0.378476844
K84M,-0.685205995
K84N,-0.420536294
K84P,-0.13455168
K84Q,-0.533586007
K84R,0.568135426
K84S,-0.00387161
K84T,-0.324709747
K84V,-0.582143992
K84W,-0.003673932
K84Y,-0.106147909
S85A,0.101224309
S85C,-0.02317264
S85D,-0.918903808
S85E,-0.570707842
S85F,-0.102640507
S85G,0.067342633
S85H,0.340696942
S85I,-0.074592327
S85K,-0.100668553
S85L,-0.224913293
S85M,0.221219553
S85N,-0.753223502
S85P,-0.186459758
S85Q,0.997408685
S85R,0.650540303
S85T,-0.111082332
S85V,0.250769885
S85W,-0.134299709
S85Y,-0.470732686
S86A,0.031683785
S86C,0.470254514
S86D,-0.0089884259999999
S86E,-0.304179714
S86F,0.135802479
S86G,-0.019238397
S86H,0.414331558
S86I,0.131295291
S86K,0.1777193789999999
S86L,-0.585485261
S86M,0.223160313
S86N,-0.553455299
S86P,-0.549387651
S86Q,-0.834478395
S86R,-0.0978876
S86T,-0.090420153
S86V,-0.355937609
S86W,-0.574804599
S86Y,-0.130776893
N87A,-0.353320524
N87C,-0.753619115
N87D,-0.215691731
N87E,-0.334182913
N87F,-0.6555183929999999
N87G,-0.34012988
N87H,-0.4634141470000001
N87I,-1.1530278040000002
N87K,-0.7516708590000001
N87L,-0.583124718
N87M,-0.374195237
N87P,-1.128429598
N87Q,-0.05677312
N87R,-1.177675099
N87S,-0.473896565
N87T,-0.46877454
N87V,-0.702995617
N87W,-0.303293942
N87Y,-1.394699935
A88C,-0.797017802
A88D,-0.291922181
A88E,-0.521646491
A88F,-0.262248654
A88G,-0.13693667
A88H,0.001732536
A88I,0.078687072
A88K,0.742441479
A88L,0.264060453
A88M,0.186398548
A88N,0.213293093
A88P,-0.291791333
A88Q,0.015423767
A88R,1.018135448
A88S,-0.13981453
A88T,-0.061497426
A88V,0.435139276
A88W,0.12074695
A88Y,-0.260207104
E89A,-0.310361961
E89C,0.144593222
E89D,-0.258434931
E89F,0.085832806
E89G,-0.009175595
E89H,0.455240989
E89I,0.049955395
E89K,0.374120774
E89L,0.453824589
E89M,-0.6376552129999999
E89N,0.475518833
E89P,0.043140073
E89Q,0.236594539
E89R,0.7155678659999999
E89S,-0.326154591
E89T,0.187594577
E89V,0.080179707
E89W,0.042628442
E89Y,0.5981675329999999
V90A,0.372119969
V90C,0.065842792
V90D,-0.74596597
V90E,-0.645372438
V90F,0.1418084869999999
V90G,-0.3570005529999999
V90H,0.454925722
V90I,-0.107524144
V90K,-0.345361804
V90L,-0.530918543
V90M,-0.366352558
V90N,-0.972356012
V90P,-0.8465845959999999
V90Q,-0.048958699
V90R,-0.412887913
V90S,0.103431728
V90T,0.36900288
V90W,-0.6905070329999999
V90Y,-0.560439268
I91A,0.242999449
I91C,-0.278399587
I91D,0.190802239
I91E,-0.59589399
I91F,0.570736123
I91G,0.446408275
I91H,0.07676073
I91K,1.388146855
I91L,-0.542711984
I91M,0.112619889
I91N,0.560576862
I91P,-0.221607087
I91Q,0.17065038
I91R,1.3428169090000002
I91S,-0.138443512
I91T,-0.28394534
I91V,-0.540657204
I91W,-0.185040092
I91Y,0.322442052
K92A,-0.515430185
K92C,-0.384371645
K92D,-0.846378715
K92E,-0.7042765059999999
K92F,-0.68513264
K92G,-0.289862717
K92H,-0.6585373179999999
K92I,-0.7210379259999999
K92L,0.029497922
K92M,-0.227286528
K92N,-1.104190199
K92P,-0.004944938
K92Q,-0.8307467340000001
K92R,-0.506486175
K92S,-0.8154680259999999
K92T,0.096080178
K92V,-0.706815683
K92W,-0.565737626
K92Y,-0.694003556
E93A,-0.541339514
E93C,0.444483208
E93D,-0.938934665
E93F,0.025731471
E93G,-0.114200367
E93H,-0.282321238
E93I,-0.125714558
E93K,0.347530279
E93L,0.079255363
E93M,-0.535277263
E93N,0.143150278
E93P,0.013239376
E93Q,0.179977956
E93R,7.51e-06
E93S,0.366120206
E93T,0.5058049139999999
E93V,-0.240745787
E93W,-0.98234667
E93Y,-0.133001764
L94A,-1.3592490169999998
L94C,-0.523127143
L94D,-1.907781626
L94E,-1.634740887
L94F,0.736610276
L94G,-0.552700949
L94H,-0.9002326999999999
L94I,0.6377829429999999
L94K,-1.154445429
L94M,-0.3358255879999999
L94N,-1.3425761580000002
L94P,-0.8497433520000001
L94Q,-0.311483638
L94R,-1.049778898
L94S,-0.8511413990000001
L94T,-0.838004493
L94V,0.221382304
L94W,-0.901465057
L94Y,-0.74191528
N95A,-0.8861192090000001
N95C,0.065612556
N95D,-0.482020589
N95E,-0.374960479
N95F,-0.54763629
N95G,-0.456395827
N95H,-0.216788496
N95I,-0.241505532
N95K,0.026228499
N95L,-0.399288069
N95M,-0.331441988
N95P,-0.812723573
N95Q,0.101451264
N95R,0.840238714
N95S,-0.614346313
N95T,-0.002836868
N95V,-0.627477133
N95W,-0.622029127
N95Y,0.214387404
K96A,-1.177563405
K96C,-0.580615147
K96D,-0.47643164
K96E,0.045173219
K96F,-0.794336633
K96G,-0.326844908
K96H,0.038270427
K96I,-0.213859373
K96L,-0.320363342
K96M,0.172190925
K96N,-0.208422946
K96P,-1.214697209
K96Q,-0.609509553
K96R,-0.909884452
K96S,-0.364407573
K96T,-0.213987002
K96V,-0.20122033
K96W,-0.8323934070000001
K96Y,-0.6444773460000001
C97A,-0.289413862
C97D,-1.388076082
C97E,-1.323240501
C97F,-0.637200332
C97G,-0.832563961
C97H,-0.815811697
C97I,-0.627908606
C97K,-0.441655113
C97L,-0.257197642
C97M,0.466471147
C97N,-1.032084255
C97P,-0.622348461
C97Q,-0.577339003
C97R,0.089317141
C97S,-0.536210584
C97T,-0.412611916
C97V,-0.003313103
C97W,-0.938879971
C97Y,-0.972166347
R98A,0.288867198
R98C,-0.046443423
R98D,-0.542669266
R98E,-0.518789096
R98F,-0.585428462
R98G,-0.839306124
R98H,-0.291394712
R98I,0.395249007
R98K,-0.8937758379999999
R98L,-0.372269971
R98M,0.167804044
R98N,0.069172864
R98P,-1.985810196
R98Q,-0.594809072
R98S,-0.431156623
R98T,-0.1760648
R98V,-0.123129317
R98W,-1.040700382
R98Y,-1.076194715
E99A,-0.231838146
E99C,0.307820708
E99D,-0.729006533
E99F,-0.883454635
E99G,-0.370247215
E99H,0.25713217
E99I,0.110749285
E99K,0.511817416
E99L,0.28699063
E99M,0.395728003
E99N,0.1334752
E99P,-0.676857235
E99Q,0.498822685
E99R,0.984432995
E99S,0.53911138
E99T,0.090909481
E99V,0.7643214970000001
E99W,0.049476271
E99Y,0.176986266
E100A,-0.222365278
E100C,-0.329055071
E100D,0.028828988
E100F,-0.7709614909999999
E100G,-0.466413204
E100H,-0.013653394
E100I,-0.238002685
E100K,-1.697752959
E100L,-0.384213221
E100M,-0.324768528
E100N,-0.110110525
E100P,0.119839113
E100Q,-0.137440344
E100R,-0.359484376
E100S,-0.357120485
E100T,-0.521049555
E100V,-0.08886962
E100W,-0.688310196
E100Y,0.1708394989999999
N101A,0.322492054
N101C,-0.008191294
N101D,0.174756538
N101E,-0.401304292
N101F,0.502808164
N101G,-0.212894542
N101H,0.331450364
N101I,0.25021776
N101K,-0.281054245
N101L,-0.618805401
N101M,-0.324639234
N101P,0.229410283
N101Q,0.191682068
N101R,0.374644779
N101S,0.198422188
N101T,-0.760130753
N101V,0.100525081
N101W,0.320583478
N101Y,-0.073897374
S102A,0.460624078
S102C,-0.464430515
S102D,-0.722849016
S102E,-0.874149724
S102F,-0.402221264
S102G,-0.173943541
S102H,-0.145017003
S102I,-0.85297304
S102K,-0.48164913
S102L,-0.328435131
S102M,-0.160471519
S102N,-0.087756714
S102P,-0.329514798
S102Q,-0.202074287
S102R,-0.40884956
S102T,-1.00933154
S102V,-0.011113818
S102W,-0.327468283
S102Y,-0.494261531
M103A,-0.3404308579999999
M103C,-0.091107753
M103D,-0.36010738
M103E,0.044216124
M103F,-0.1302114
M103G,-0.377981316
M103H,-0.063918225
M103I,-0.7634048940000001
M103K,-0.7689825659999999
M103L,0.003348424
M103N,-0.921219285
M103P,0.264847958
M103Q,-0.20405522
M103R,-0.570592874
M103S,-0.423052633
M103T,0.025822727
M103V,-0.177049771
M103W,-0.179024374
M103Y,-0.510705509
R104A,-1.625869836
R104C,-0.625578709
R104D,-1.547241536
R104E,-0.358376509
R104F,-0.0731767109999999
R104G,-0.94161154
R104H,-0.521281704
R104I,-0.369220221
R104K,-1.033973254
R104L,0.291941575
R104M,-1.315910397
R104N,-0.493133271
R104P,-1.368329404
R104Q,-0.917234536
R104S,-1.390278783
R104T,-0.935524769
R104V,-0.727345605
R104W,0.574276888
R104Y,0.225688781
L105A,0.793279215
L105C,0.425359323
L105D,-1.7829983669999998
L105E,-1.850028657
L105F,0.581026781
L105G,-0.195248152
L105H,-2.1584755230000003
L105I,0.407359373
L105K,-0.985342374
L105M,-0.125613437
L105N,-1.776520389
L105P,-1.958132371
L105Q,-0.648991715
L105R,-1.414718928
L105S,-0.48947036
L105T,-0.093873892
L105V,0.254295481
L105W,-0.438098311
L105Y,-1.7630394880000002
D106A,-0.39875454
D106C,-0.918463294
D106E,-1.317277559
D106F,-1.016951034
D106G,-1.070833854
D106H,-0.555120776
D106I,-1.439748239
D106K,-1.095425844
D106L,-1.4858168630000002
D106M,-1.133004798
D106N,-0.445571531
D106P,-0.974288359
D106Q,-0.531330295
D106R,-1.226302325
D106S,-1.108916844
D106T,-0.058828156
D106V,-1.527379747
D106W,-1.904573798
D106Y,-1.14059259
L107A,0.061556842
L107C,-0.227602073
L107D,-2.582057402
L107E,-1.81462255
L107F,-0.167526469
L107G,-1.569936226
L107H,-1.218891282
L107I,-0.443477473
L107K,-1.188324828
L107M,-0.587775755
L107N,-1.751945598
L107P,-1.383279167
L107Q,-0.039708362
L107R,-1.744244301
L107S,-1.607890943
L107T,-1.535068998
L107V,-0.016840286
L107W,-0.599598176
L107Y,-0.322522098
S108A,-0.061811927
S108C,0.917169763
S108D,-0.86068579
S108E,-0.776694772
S108F,-0.880451489
S108G,-1.535549546
S108H,0.717952131
S108I,-0.141637849
S108K,-0.470793082
S108L,-1.551915964
S108M,-0.288867292
S108N,-0.723550721
S108P,-1.550823651
S108Q,-0.086004415
S108R,-1.551286912
S108T,0.078197538
S108V,-0.617309852
S108W,-0.526841154
S108Y,-1.812940267
K109A,-0.477704751
K109C,-0.7140322659999999
K109D,-0.67645636
K109E,-0.92894288
K109F,-1.178871333
K109G,0.068410161
K109H,-0.406005745
K109I,-0.769460116
K109L,-0.973310584
K109M,-0.578267454
K109N,-0.22158605
K109P,-2.410130167
K109Q,-0.856875733
K109R,0.03321117
K109S,4.66e-06
K109T,-0.312801444
K109V,-0.8554388470000001
K109W,-0.280001112
K109Y,-0.855309
R110A,-0.645439424
R110C,-0.609010541
R110D,-0.714263144
R110E,-1.566997564
R110F,-0.263283429
R110G,-0.6562908510000001
R110H,-0.298292868
R110I,-0.5549559310000001
R110K,-1.237918029
R110L,-0.458234449
R110M,-0.504150295
R110N,-0.494697161
R110P,-2.445035645
R110Q,-0.743069552
R110S,-0.380290731
R110T,-0.322043586
R110V,-1.075950648
R110W,-0.90575808
R110Y,-0.453070865
S111A,-0.049470653
S111C,0.1493348619999999
S111D,0.47136386
S111E,0.608522919
S111F,0.508093365
S111G,-0.134955056
S111H,0.336198669
S111I,-0.696845871
S111K,-1.300517641
S111L,0.915262168
S111M,-0.116363343
S111N,0.138018178
S111P,-0.659538029
S111Q,-0.020866985
S111R,-0.6046716870000001
S111T,0.238592848
S111V,-0.08939583
S111W,1.040832915
S111Y,0.094860856
I112A,-0.024313734
I112C,0.591244323
I112D,-1.326340648
I112E,-0.6819768159999999
I112F,0.835367943
I112G,-0.7155593240000001
I112H,-0.989613928
I112K,-1.266892225
I112L,0.201341776
I112M,0.058760661
I112N,-0.956537514
I112P,-1.3899013130000002
I112Q,-0.8150962629999999
I112R,-1.127976272
I112S,0.251111101
I112T,0.107015073
I112V,-0.227015207
I112W,-1.055260383
I112Y,-0.392883036
H113A,0.086958521
H113C,-0.387284575
H113D,-0.5751313779999999
H113E,-0.820723586
H113F,0.296292564
H113G,-0.49110073
H113I,0.319703076
H113K,-0.363653328
H113L,0.531709086
H113M,0.082703006
H113N,-0.62761754
H113P,0.057502814
H113Q,-0.054274042
H113R,0.226932848
H113S,-0.20910549
H113T,-0.130248714
H113V,-0.317681824
H113W,0.202327979
H113Y,1.517839727
I114A,-0.328743681
I114C,-0.573963373
I114D,0.418946992
I114E,-0.233772073
I114F,-0.275373923
I114G,-0.5727284460000001
I114H,-0.091926364
I114K,-0.7942904390000001
I114L,0.17403624
I114M,-0.245003068
I114N,0.357658933
I114P,-0.413525364
I114Q,-0.355444572
I114R,-0.631356414
I114S,-0.369202494
I114T,-0.192138374
I114V,-0.415043236
I114W,-0.406258749
I114Y,-0.226338488
L115A,-0.571094428
L115C,0.7129278520000001
L115D,-1.335152078
L115E,-2.070202067
L115F,-0.489192303
L115G,-1.074498832
L115H,-1.6789426530000002
L115I,0.215163301
L115K,-1.221779131
L115M,-0.247210097
L115N,-1.896565281
L115P,-0.96712511
L115Q,-1.68058108
L115R,-2.337939607
L115S,-1.629668874
L115T,-1.322661989
L115V,-0.074906863
L115W,-1.13206729
L115Y,-1.384447106
P116A,-0.090947764
P116C,-0.117058258
P116D,-0.125203277
P116E,-0.70926048
P116F,-0.91043668
P116G,-0.155048648
P116H,-0.426681882
P116I,-0.020017768
P116K,-0.87927738
P116L,0.236284707
P116M,-0.6105920029999999
P116N,-0.33482157
P116Q,-0.282942983
P116R,-0.297243752
P116S,-0.765837355
P116T,-0.3849089120000001
P116V,0.0498062
P116W,-0.82812053
P116Y,0.254040803
S117A,-0.223909039
S117C,-0.743713752
S117D,-0.558036492
S117E,-0.130664829
S117F,-0.255468241
S117G,-0.243795224
S117H,-1.011238549
S117I,-0.646088649
S117K,-0.350391821
S117L,-0.230239151
S117M,-0.050741793
S117N,-0.421937216
S117P,-0.391709271
S117Q,0.040658949
S117R,-0.512120065
S117T,0.294008385
S117V,0.032754957
S117W,-0.603849906
S117Y,-0.198108658
S118A,0.424983596
S118C,0.209149835
S118D,-0.010275161
S118E,-0.140575038
S118F,-1.072497932
S118G,-0.184830842
S118H,-0.6467315379999999
S118I,-0.190377066
S118K,0.4996141120000001
S118L,0.065538757
S118M,-0.569914
S118N,0.462887269
S118P,-0.268608591
S118Q,0.172082294
S118R,0.081321949
S118T,-0.799205752
S118V,-0.367289288
S118W,0.159618613
S118Y,-0.215063461
I119A,-0.268563654
I119C,0.345436573
I119D,-1.974373931
I119E,-1.520241827
I119F,-0.093722124
I119G,-1.9419459
I119H,-1.201310628
I119K,-1.113243802
I119L,0.211103035
I119M,0.106076382
I119N,-2.47978601
I119P,-2.580531317
I119Q,-1.834052221
I119R,-2.350935724
I119S,-1.137533881
I119T,-0.4820013970000001
I119V,-0.121708325
I119W,0.124050035
I119Y,-1.334366465
K120A,-0.114408236
K120C,-0.213002099
K120D,-0.564827092
K120E,-0.403489829
K120F,-0.510158529
K120G,0.399645333
K120H,-0.014634148
K120I,-0.6812601070000001
K120L,-0.687762883
K120M,0.025719763
K120N,-0.44909423
K120P,-1.119067278
K120Q,-0.096730928
K120R,0.230856954
K120S,0.329129165
K120T,-0.5721647360000001
K120V,-0.238890055
K120W,-0.814934012
K120Y,-0.829531722
E121A,-0.405877644
E121C,0.424556111
E121D,-0.051611362
E121F,0.456337503
E121G,0.260894188
E121H,0.392194619
E121I,0.022323279
E121K,0.809047326
E121L,0.013250818
E121M,-0.600207554
E121N,0.087541085
E121P,0.829006462
E121Q,0.090563512
E121R,0.427632328
E121S,-0.317244746
E121T,0.399356589
E121V,0.562609934
E121W,-0.044659625
E121Y,0.304852789
L122A,-0.879642045
L122C,-0.308190228
L122D,-0.5481624270000001
L122E,-0.037815293
L122F,0.434182109
L122G,-0.239907038
L122H,-0.08792158
L122I,0.045743081
L122K,0.37502704
L122M,-0.065160907
L122N,-0.357199946
L122P,0.1755859
L122Q,-0.425800367
L122R,-0.621782627
L122S,-0.8022417629999999
L122T,-0.061262386
L122V,-0.027070549
L122W,-1.284710775
L122Y,-0.346705946
T123A,-0.550585928
T123C,-0.39835088
T123D,-0.809983353
T123E,-1.255781696
T123F,-0.26965842
T123G,-0.246580152
T123H,0.291583489
T123I,-0.355084959
T123K,-0.142024841
T123L,0.61923697
T123M,-0.982584274
T123N,-0.362596234
T123P,0.468756304
T123Q,-0.022755954
T123R,-0.450952381
T123S,-0.121641547
T123V,-0.809574309
T123W,-0.474303614
T123Y,-1.417503504
Q124A,-0.316819071
Q124C,0.422444929
Q124D,-0.7932587809999999
Q124E,-0.7865584720000001
Q124F,-0.386529804
Q124G,0.019248673
Q124H,-0.417682199
Q124I,-0.145502191
Q124K,-0.68030335
Q124L,0.365708051
Q124M,0.177267297
Q124N,0.05798356
Q124P,0.258868076
Q124R,0.329331617
Q124S,0.166132122
Q124T,0.312822415
Q124V,-0.609821332
Q124W,-0.233931208
Q124Y,-0.191214374
L125A,-0.141526473
L125C,0.291259577
L125D,-2.252421685
L125E,-2.058529966
L125F,-1.11074297
L125G,-0.800411432
L125H,-1.118238705
L125I,0.5111763770000001
L125K,-1.121086261
L125M,-0.813635621
L125N,-0.654858079
L125P,-0.6306354710000001
L125Q,-1.107290087
L125R,-1.637201022
L125S,-0.435723776
L125T,-0.914189429
L125V,-0.202666693
L125W,-2.406118144
L125Y,-1.083145808
T126A,-0.7859779240000001
T126C,0.470795755
T126D,-0.644660392
T126E,-0.054984726
T126F,-0.117405823
T126G,0.341528394
T126H,-0.200472659
T126I,0.205079054
T126K,-0.110832597
T126L,-0.718046847
T126M,-0.17717293
T126N,-0.672295787
T126P,-0.7912467590000001
T126Q,-0.313538579
T126R,-0.8100000829999999
T126S,-0.869588965
T126V,-0.038284526
T126W,-0.596602216
T126Y,-0.069481347
E127A,-0.912175696
E127C,-1.60974048
E127D,-0.23759793
E127F,-1.886242554
E127G,-2.056247597
E127H,-1.0840228440000002
E127I,-1.353365631
E127K,-1.021994373
E127L,-1.312168933
E127M,-0.812293967
E127N,-1.043322903
E127P,-1.607894719
E127Q,-1.287062453
E127R,-1.163104078
E127S,-1.392160646
E127T,-1.331830417
E127V,-1.613606976
E127W,-1.933952772
E127Y,-1.930273522
L128A,0.405490126
L128C,0.224853044
L128D,-1.68516437
L128E,-1.560597421
L128F,-0.364612306
L128G,-0.8977242670000001
L128H,-1.198118435
L128I,-0.3479461129999999
L128K,-1.6974123840000002
L128M,-0.698953087
L128N,-1.758598885
L128P,-1.24853075
L128Q,-1.041579735
L128R,-1.237433002
L128S,-0.383848459
L128T,0.045717995
L128V,0.082141834
L128W,-0.141972657
L128Y,-1.216499546
Y129A,-1.131346335
Y129C,-1.612385418
Y129D,-0.775990225
Y129E,-1.133373431
Y129F,0.07529223
Y129G,-1.346152515
Y129H,-1.12524037
Y129I,-1.097194053
Y129K,-1.3476207
Y129L,-0.643430438
Y129M,-1.20710412
Y129N,-0.917080102
Y129P,-1.393242431
Y129Q,-0.964551494
Y129R,-1.301051866
Y129S,-1.37637261
Y129T,-1.001436196
Y129V,-1.145004205
Y129W,-0.8129769259999999
L130A,-0.137831729
L130C,0.208034276
L130D,-1.295118228
L130E,-1.5954729559999998
L130F,-0.654027747
L130G,-0.115246648
L130H,-0.5643501989999999
L130I,0.380024856
L130K,-1.074375742
L130M,-0.542877893
L130N,-0.679623878
L130P,-0.8475861259999999
L130Q,-1.683743955
L130R,-1.510242811
L130S,-0.199366182
L130T,-0.111822971
L130V,0.514052385
L130W,-1.390899993
L130Y,-1.140085815
Y131A,-1.77090407
Y131C,-1.799959052
Y131D,-1.361006254
Y131E,-2.273865852
Y131F,-0.800764809
Y131G,-1.718097941
Y131H,-1.678138571
Y131I,-1.689043778
Y131K,-1.836587451
Y131L,-1.324426572
Y131M,-1.432262899
Y131N,-1.4820039719999998
Y131P,-1.4183578490000002
Y131Q,-1.060695406
Y131R,-1.108134404
Y131S,-1.0796099259999998
Y131T,-1.115947151
Y131V,-1.698561643
Y131W,-0.8563710859999999
S132A,-1.015945633
S132C,-0.633804113
S132D,-1.285052823
S132E,-1.300512397
S132F,-0.987411374
S132G,-0.124978541
S132H,-0.569984862
S132I,-0.8573389570000001
S132K,-1.106810218
S132L,-0.973557237
S132M,-0.701426181
S132N,-0.994064615
S132P,-0.975170222
S132Q,-0.4137718070000001
S132R,-1.551418233
S132T,-0.451093212
S132V,-0.792686023
S132W,-0.8821241809999999
S132Y,-1.430221051
N133A,-1.403087079
N133C,-1.284680448
N133D,-1.319751928
N133E,-0.788115683
N133F,-0.8580869790000001
N133G,-0.625346145
N133H,-1.641094461
N133I,-1.7619476859999998
N133K,-1.097773058
N133L,-2.085909817
N133M,-0.7963445090000001
N133P,-1.104459898
N133Q,-1.366112456
N133R,-1.679977266
N133S,-1.089846085
N133T,-1.311611239
N133V,-1.639760199
N133W,-1.283954754
N133Y,-1.06867597
K134A,-0.891605529
K134C,-0.198842831
K134D,-1.4180470180000002
K134E,-1.324184924
K134F,-0.6120457539999999
K134G,-0.35885752
K134H,-0.905555099
K134I,-0.523033734
K134L,-0.964365302
K134M,-0.398767257
K134N,-0.538201656
K134P,-0.7091967020000001
K134Q,-0.845010723
K134R,0.976008004
K134S,-0.068004234
K134T,-1.069601539
K134V,-1.040145774
K134W,-1.102735314
K134Y,-0.5880665310000001
L135A,-0.515723994
L135C,-0.8058289470000001
L135D,-1.746242489
L135E,-1.881540513
L135F,-0.132140797
L135G,-0.891563842
L135H,-0.489563855
L135I,-0.635248282
L135K,-0.464766545
L135M,-0.453451181
L135N,-0.512446878
L135P,-1.409235554
L135Q,1.077804485
L135R,-1.435165518
L135S,-1.211653516
L135T,0.075429782
L135V,-0.14953982
L135W,-1.770960665
L135Y,-0.121301714
Q136A,-0.178364025
Q136C,-0.845997215
Q136D,-0.762179677
Q136E,-0.5876345820000001
Q136F,-0.441490967
Q136G,-0.075986288
Q136H,-0.5832371000000001
Q136I,0.327479613
Q136K,0.229750759
Q136L,-0.5591807870000001
Q136M,-0.442605917
Q136N,0.276678408
Q136P,-0.278656167
Q136R,0.497018566
Q136S,0.115981288
Q136T,-0.348895578
Q136V,0.150227724
Q136W,-0.118700871
Q136Y,-0.244501553
S137A,-0.532798397
S137C,-0.646123674
S137D,-0.58828704
S137E,-0.978702537
S137F,-0.914802031
S137G,-0.447676367
S137H,-0.161014296
S137I,-0.977842521
S137K,-0.748253075
S137L,-0.219191555
S137M,-0.270345421
S137N,-0.277052768
S137P,-1.229164883
S137Q,-0.486736183
S137R,-0.19929257
S137T,-0.13388849
S137V,-0.402042111
S137W,0.180683572
S137Y,-0.433028904
L138A,-0.054102681
L138C,-1.293771842
L138D,-1.418014923
L138E,-1.905966366
L138F,-1.217753285
L138G,-0.641844826
L138H,-0.8762477559999999
L138I,-0.694205719
L138K,-2.180649813
L138M,-0.026996145
L138N,-0.912504675
L138P,-0.23526541
L138Q,-1.124708031
L138R,-1.859388832
L138S,-1.198278009
L138T,-0.7666850270000001
L138V,-0.303918652
L138W,-1.238687196
L138Y,-1.230405609
P139A,-0.058858947
P139C,-0.229535928
P139D,-0.02571463
P139E,-0.796553972
P139F,-0.408907459
P139G,-0.247636137
P139H,-0.154689099
P139I,0.064846111
P139K,-0.116062379
P139L,0.16935457
P139M,-0.589579445
P139N,-0.311917906
P139Q,-0.232184703
P139R,-1.200630109
P139S,-0.451017694
P139T,-0.8291901420000001
P139V,0.500320903
P139W,-0.968502904
P139Y,-0.36807246
A140C,-0.049606041
A140D,-0.374026103
A140E,0.540448223
A140F,0.217200788
A140G,0.084143681
A140H,0.272305079
A140I,0.317177017
A140K,0.142163345
A140L,0.10428841
A140M,0.562250091
A140N,-0.049346746
A140P,0.098135671
A140Q,-0.056258072
A140R,-0.268474417
A140S,0.1340328469999999
A140T,-0.052930548
A140V,0.165192045
A140W,-0.5254724789999999
A140Y,0.652137785
E141A,-0.303798585
E141C,-0.5088112370000001
E141D,-0.055659264
E141F,-0.462479219
E141G,0.07224412
E141H,-0.3358507020000001
E141I,-0.220740425
E141K,-0.084611386
E141L,-0.4941004020000001
E141M,-0.7523563879999999
E141N,-0.31147211
E141P,-0.0007563769999999
E141Q,0.034557234
E141R,-1.086677147
E141S,-1.253001479
E141T,-0.270980279
E141V,-1.009356967
E141W,-0.245710473
E141Y,-0.275618404
V142A,-0.335929039
V142C,0.132089304
V142D,-1.62087451
V142E,-0.7685493520000001
V142F,0.131463798
V142G,0.311109997
V142H,-0.813559211
V142I,0.242609156
V142K,-1.411269855
V142L,0.246549632
V142M,-0.480730255
V142N,-0.327479601
V142P,-1.260733362
V142Q,-0.423176561
V142R,-1.083596927
V142S,0.240320668
V142T,0.0254266
V142W,-0.610533584
V142Y,-0.658107758
G143A,0.031704191
G143C,-0.23227624
G143D,-0.242706141
G143E,-0.266688054
G143F,-0.471154889
G143H,-0.428583792
G143I,-0.442440319
G143K,-0.003838884
G143L,-0.5221670939999999
G143M,-0.380855173
G143N,-0.299076105
G143P,-2.060450043
G143Q,0.118352899
G143R,0.234610196
G143S,-0.450372089
G143T,-0.638406523
G143V,-0.899060547
G143W,-0.572100664
G143Y,-0.151166291
C144A,0.571078283
C144D,-0.286982124
C144E,-0.297549066
C144F,-0.026947313
C144G,-0.114165303
C144H,0.181046528
C144I,0.313696373
C144K,0.065325127
C144L,0.020378537
C144M,-0.493135605
C144N,-0.364920851
C144P,-0.048015681
C144Q,-0.394113693
C144R,0.14281666
C144S,-0.1340979669999999
C144T,-0.303601206
C144V,-0.2363400410000001
C144W,-0.622229693
C144Y,-0.215125595
L145A,-0.557712416
L145C,0.028639039
L145D,-1.573735205
L145E,-1.51148689
L145F,-0.604798239
L145G,-0.585723204
L145H,-0.264722847
L145I,0.267853687
L145K,-1.166722669
L145M,-1.085765812
L145N,-0.233305751
L145P,-1.028028323
L145Q,-0.690472619
L145R,-0.816463713
L145S,-0.003420633
L145T,-0.548714548
L145V,0.679485052
L145W,-0.327610356
L145Y,-0.594054164
V146A,-0.296403688
V146C,-0.181157927
V146D,-0.578623864
V146E,-0.169656726
V146F,0.14882035
V146G,-0.006125049
V146H,-0.094184937
V146I,-0.333875629
V146K,0.159500016
V146L,0.168317056
V146M,0.418248689
V146N,0.08059279
V146P,-0.701332379
V146Q,-0.354404778
V146R,-0.403906439
V146S,0.398057419
V146T,-0.036258515
V146W,-0.030045746
V146Y,0.138166938
N147A,0.432830016
N147C,-0.450496223
N147D,0.373573485
N147E,-0.083019724
N147F,-0.489881641
N147G,-0.116432433
N147H,0.444590432
N147I,-1.009066824
N147K,-0.451784088
N147L,0.1462213
N147M,0.10716795
N147P,-0.084323445
N147Q,-0.310489902
N147R,0.043996354
N147S,0.3946753320000001
N147T,-0.131328196
N147V,-0.224974512
N147W,-0.185272948
N147Y,0.038382033
L148A,-0.18728687
L148C,0.180355024
L148D,-1.511941166
L148E,-1.548837386
L148F,-1.450710622
L148G,-1.772385931
L148H,-1.07520888
L148I,0.742627002
L148K,-1.089947847
L148M,0.028985185
L148N,-0.8493548959999999
L148P,-0.8453582359999999
L148Q,-2.1335468090000003
L148R,-0.963229175
L148S,-0.5076088870000001
L148T,-0.043574938
L148V,0.597271089
L148W,-1.3617867019999998
L148Y,-1.170819081
M149A,0.503419718
M149C,-0.23501173
M149D,0.249493538
M149E,0.227144496
M149F,0.6465087829999999
M149G,0.188308941
M149H,0.361105575
M149I,0.413459906
M149K,-0.8594007570000001
M149L,-0.256381286
M149N,0.235628073
M149P,-1.34919606
M149Q,-0.038173797
M149R,-0.546040744
M149S,-0.025945903
M149T,-0.125398639
M149V,-0.019088231
M149W,0.311053481
M149Y,-0.223623109
T150A,-0.967024876
T150C,0.608034619
T150D,-0.927672003
T150E,-1.426603523
T150F,0.666177997
T150G,-0.976991865
T150H,-0.704336843
T150I,0.360595372
T150K,-0.026809528
T150L,0.408063864
T150M,0.413513286
T150N,-0.83045691
T150P,-2.192002939
T150Q,-0.482928549
T150R,-1.045059825
T150S,-0.231735758
T150V,0.43280677
T150W,-0.222723975
T150Y,0.881875986
L151A,0.0013039
L151C,0.18442884
L151D,-1.299271264
L151E,-1.3467226680000002
L151F,0.451274311
L151G,-1.602021981
L151H,-1.403967838
L151I,0.004905064
L151K,-1.096973885
L151M,-0.427424639
L151N,-1.777680088
L151P,-1.7090216969999998
L151Q,-1.160425724
L151R,-0.85486882
L151S,-1.299600748
L151T,-1.515210872
L151V,-0.312724253
L151W,-0.882910107
L151Y,-1.343780501
A152C,-0.36998281
A152D,-1.652531477
A152E,-1.583082151
A152F,-0.533207065
A152G,-0.920415792
A152H,-1.0274408309999998
A152I,-1.255309294
A152K,-0.988949649
A152L,-1.750369716
A152M,-0.162840553
A152N,-0.948994325
A152P,-1.289899093
A152Q,-0.855403933
A152R,-1.0374251840000002
A152S,-0.835280212
A152T,-1.634428864
A152V,-1.779770705
A152W,-0.661960057
A152Y,0.44933326
L153A,-0.13735735
L153C,0.41570122
L153D,-1.4680401419999998
L153E,-1.444655095
L153F,0.098118851
L153G,-0.313909863
L153H,-1.292401804
L153I,-0.078716053
L153K,-1.477759473
L153M,0.158795018
L153N,-0.7330814090000001
L153P,-1.4735477869999998
L153Q,-1.265262404
L153R,-0.977004252
L153S,0.386551746
L153T,-0.915121626
L153V,-0.453201246
L153W,-1.111155558
L153Y,-1.841130684
S154A,-0.087588996
S154C,-1.871314221
S154D,-1.882067192
S154E,-1.585181465
S154F,-0.315075726
S154G,-1.976253044
S154H,-0.992637914
S154I,-1.014589819
S154K,-1.128948692
S154L,-0.715065543
S154M,-1.7986436140000002
S154N,-0.051285017
S154P,-1.3542188999999998
S154Q,0.005021598
S154R,-2.245942077
S154T,-0.750505788
S154V,-0.477218232
S154W,-1.67824954
S154Y,-0.57953053
E155A,-1.7635193130000002
E155C,-1.011747342
E155D,-1.195965346
E155F,-0.980001241
E155G,-1.225379405
E155H,-1.210780356
E155I,-1.288769533
E155K,-1.239287984
E155L,-0.849131725
E155M,-1.477751112
E155N,-1.122830382
E155P,-2.0038101740000003
E155Q,-1.116468465
E155R,-0.938912183
E155S,-1.960597298
E155T,-1.0511657209999998
E155V,-1.913945166
E155W,-0.956514161
E155Y,-1.440624371
N156A,-1.052368197
N156C,-1.033666202
N156D,-0.8614213140000001
N156E,-2.053779039
N156F,-1.009281215
N156G,-0.135587093
N156H,-0.976296188
N156I,-1.663590402
N156K,-1.746138979
N156L,-1.100935785
N156M,-1.030660926
N156P,-1.075413517
N156Q,-0.963635177
N156R,-0.80507556
N156S,-0.675269263
N156T,-0.864255667
N156V,-1.241213869
N156W,-1.260538681
N156Y,-1.462929925
S157A,-0.014579187
S157C,0.330716408
S157D,-0.7251330840000001
S157E,-1.556804504
S157F,-0.905597247
S157G,-0.010665
S157H,0.513413022
S157I,-0.086745711
S157K,0.512126096
S157L,-0.361222294
S157M,-0.661378572
S157N,-0.167620501
S157P,-0.828555171
S157Q,-0.694648575
S157R,0.764595877
S157T,-0.342754763
S157V,0.6044127029999999
S157W,-0.649195871
S157Y,-1.069999197
L158A,-0.601237376
L158C,-1.006242904
L158D,-1.617168139
L158E,-1.991968701
L158F,-0.506760726
L158G,-1.743614481
L158H,-1.296669032
L158I,-0.132985431
L158K,-1.4507921869999998
L158M,-0.018721019
L158N,-1.7953812180000002
L158P,-1.78392145
L158Q,-0.8522641190000001
L158R,-2.213304398
L158S,-1.669566937
L158T,-0.5684436279999999
L158V,0.26959727
L158W,-1.560629691
L158Y,-1.315748683
T159A,-0.436078394
T159C,-0.844471713
T159D,-0.853984065
T159E,-0.5816083320000001
T159F,-0.764284025
T159G,-0.501066561
T159H,-0.48092975
T159I,0.430519362
T159K,-0.058801993
T159L,-0.392240475
T159M,-0.596976717
T159N,0.139921036
T159P,-0.6552357910000001
T159Q,-0.182692316
T159R,0.642212059
T159S,0.003065419
T159V,0.603638424
T159W,-0.665468903
T159Y,-0.487679917
S160A,-0.3623819170000001
S160C,0.01007192
S160D,-0.497865191
S160E,-0.158880011
S160F,-0.34294559
S160G,0.106473904
S160H,-0.020418215
S160I,0.466404021
S160K,-0.64310954
S160L,0.101503522
S160M,-0.4642818
S160N,-0.143316395
S160P,-0.824094537
S160Q,-0.21642095
S160R,-0.969630262
S160T,-0.981554365
S160V,0.54739838
S160W,0.100109837
S160Y,0.245484608
L161A,-0.379520031
L161C,-0.8166349409999999
L161D,-1.319894072
L161E,-1.338555714
L161F,-1.068340719
L161G,-1.670984186
L161H,-1.260894423
L161I,-0.115609121
L161K,-1.187123374
L161M,-0.34678984
L161N,-1.139423851
L161P,-1.377487946
L161Q,-1.176796648
L161R,-1.892044628
L161S,-1.322309523
L161T,-1.301573224
L161V,0.019039392
L161W,-2.086129647
L161Y,-1.25579331
P162A,0.486805387
P162C,0.444772646
P162D,-0.410710061
P162E,-0.196878913
P162F,-0.807411102
P162G,0.117100902
P162H,-0.214466339
P162I,-0.46009224
P162K,-0.926254604
P162L,-0.997649094
P162M,-0.3848094
P162N,0.356142265
P162Q,-0.323987822
P162R,-0.503972135
P162S,0.406580335
P162T,0.077292679
P162V,-0.257624254
P162W,-1.19587239
P162Y,-0.339584869
D163A,-0.050597949
D163C,-0.007627805
D163E,-0.077424499
D163F,-0.009045183
D163G,-0.366677339
D163H,-0.34604494
D163I,-0.038170544
D163K,-0.359955174
D163L,-0.523048465
D163M,0.24326793
D163N,0.629315075
D163P,0.102716551
D163Q,-0.212421843
D163R,-0.611305777
D163S,0.04363392
D163T,-0.305179456
D163V,-0.195318169
D163W,-0.644192195
D163Y,-0.017504952
S164A,0.134917179
S164C,-0.409889401
S164D,-0.061909345
S164E,0.03772045
S164F,-0.8944590309999999
S164G,-0.522310999
S164H,-0.536475999
S164I,-0.279409133
S164K,-0.658644259
S164L,-0.421560816
S164M,-0.359750819
S164N,-0.903892441
S164P,-0.051534431
S164Q,0.024044186
S164R,-0.006959533
S164T,-0.387118375
S164V,-0.014266466
S164W,-1.297141833
S164Y,-0.372730372
L165A,-0.252407031
L165C,-0.130321823
L165D,-1.535661231
L165E,-1.497914311
L165F,0.073136576
L165G,-0.5377836460000001
L165H,-1.199172244
L165I,0.24708113
L165K,-1.326821407
L165M,0.5703011689999999
L165N,-1.481984748
L165P,-0.94742363
L165Q,-1.42426562
L165R,-0.8626338729999999
L165S,-0.7124307959999999
L165T,0.05600338
L165V,-0.069719867
L165W,0.39291971
L165Y,0.192892589
D166A,0.033832942
D166C,-0.15167841
D166E,-0.375745783
D166F,0.056622943
D166G,0.487075745
D166H,0.263237413
D166I,0.7243111320000001
D166K,-0.296580477
D166L,-0.069213414
D166M,0.251749089
D166N,0.174316933
D166P,0.461924676
D166Q,-0.450356402
D166R,-0.7026179859999999
D166S,0.372132822
D166T,-0.204260706
D166V,0.0683287309999999
D166W,-0.219793866
D166Y,-0.063164814
N167A,-0.084195408
N167C,-0.210308703
N167D,-0.206207085
N167E,0.132713596
N167F,0.334113497
N167G,-0.039390564
N167H,-0.384600905
N167I,-0.481691059
N167K,-0.450103814
N167L,0.002720388
N167M,-0.5362171920000001
N167P,0.458424302
N167Q,-0.255070866
N167R,-0.025998642
N167S,0.009539113
N167T,-0.273183721
N167V,-0.092191221
N167W,-0.430378675
N167Y,-0.196353852
L168A,0.821625334
L168C,0.694199529
L168D,0.658026468
L168E,-1.313520428
L168F,0.046306335
L168G,0.326514025
L168H,-0.538556528
L168I,0.398989309
L168K,-0.838796084
L168M,0.028783913
L168N,0.4127255520000001
L168P,0.337181257
L168Q,0.549985968
L168R,-0.307573954
L168S,0.604116285
L168T,0.268095333
L168V,1.045150419
L168W,0.179101072
L168Y,0.458504486
K169A,0.10930359
K169C,0.7453150820000001
K169D,-0.133809514
K169E,-0.565495504
K169F,0.240758031
K169G,0.15296005
K169H,0.535664313
K169I,-0.191629928
K169L,0.256163412
K169M,-0.044703523
K169N,0.337860503
K169P,-0.001104149
K169Q,-0.059413093
K169R,0.7400147290000001
K169S,-0.976201172
K169T,0.079972393
K169V,0.049088041
K169W,-0.035833382
K169Y,-0.549723201
K170A,0.226170006
K170C,0.605275632
K170D,-0.071133719
K170E,-0.257625003
K170F,-0.026275376
K170G,-0.867541997
K170H,-0.119961371
K170I,-0.569271811
K170L,0.8111962490000001
K170M,-0.076702315
K170N,-1.251327377
K170P,0.546850678
K170Q,-0.368567581
K170R,-0.297948908
K170S,0.379529698
K170T,-0.0898783
K170V,0.163711063
K170W,-0.513803998
K170Y,-0.271502397
L171A,-0.042488534
L171C,-0.357610758
L171D,-0.8875469000000001
L171E,-0.978347963
L171F,0.014137251
L171G,-1.796448265
L171H,-1.154206431
L171I,-0.348509565
L171K,-1.772001881
L171M,-0.069392515
L171N,-2.016201845
L171P,-1.892489022
L171Q,-0.572311563
L171R,-1.137827741
L171S,-1.3231470440000002
L171T,-0.247867163
L171V,0.384382056
L171W,-1.337295835
L171Y,-1.036592617
R172A,-0.063674915
R172C,-0.211366375
R172D,-0.535619489
R172E,-0.5828906970000001
R172F,0.337740544
R172G,-0.014719858
R172H,0.065268508
R172I,0.929919975
R172K,0.751168197
R172L,-0.924894755
R172M,0.161592634
R172N,1.471472947
R172P,-0.5975318510000001
R172Q,0.502888676
R172S,0.4949379270000001
R172T,-0.19070116
R172V,-0.271990803
R172W,-0.284167174
R172Y,0.045272589
M173A,0.247101511
M173C,0.290405521
M173D,0.094262249
M173E,-0.169134243
M173F,-0.083171707
M173G,-0.268987126
M173H,0.5679228479999999
M173I,0.6310346720000001
M173K,-0.6769909620000001
M173L,1.055475694
M173N,-0.476319744
M173P,-1.546534929
M173Q,-0.354634364
M173R,-0.7928167690000001
M173S,-0.57990173
M173T,0.8109251209999999
M173V,1.11386657
M173W,-0.809416951
M173Y,0.8991699790000001
L174A,0.229862622
L174C,0.303450055
L174D,-1.208403626
L174E,-1.207855081
L174F,0.469205898
L174G,-0.614312168
L174H,-1.133966298
L174I,0.079457687
L174K,-1.30737954
L174M,0.078219797
L174N,-1.225799991
L174P,-1.4147708680000002
L174Q,-1.075926976
L174R,-1.663771933
L174S,-1.023766306
L174T,-0.065380303
L174V,-0.547679633
L174W,-0.7331120870000001
L174Y,-1.730261618
D175A,-1.217858138
D175C,-0.5389410179999999
D175E,-1.883628264
D175F,-0.7418774920000001
D175G,-1.169749132
D175H,-1.368337806
D175I,-1.450743844
D175K,-1.294349251
D175L,-0.717687138
D175M,-1.157799248
D175N,-0.845035257
D175P,-1.127413492
D175Q,-0.923009722
D175R,-1.410149232
D175S,-1.594407971
D175T,-0.586266195
D175V,-0.828376386
D175W,0.195905814
D175Y,-1.235667434
L176A,0.298732069
L176C,1.269428475
L176D,-1.405456714
L176E,-1.416449588
L176F,-0.929285683
L176G,-0.004233311
L176H,-1.79326432
L176I,0.877366758
L176K,-1.141636969
L176M,-0.288559293
L176N,-0.478504508
L176P,-1.575881539
L176Q,-1.235650762
L176R,-1.331423791
L176S,-0.727417182
L176T,-0.362450989
L176V,-0.499758939
L176W,-1.250688114
L176Y,-0.671871735
R177A,-1.276611782
R177C,-1.288501179
R177D,-0.889305613
R177E,-1.023294945
R177F,-1.017375989
R177G,-2.283269509
R177H,-1.667599886
R177I,-0.715829616
R177K,-0.780423222
R177L,-1.070179356
R177M,-1.412399979
R177N,-1.209130263
R177P,-1.868970195
R177Q,-1.607857239
R177S,-2.248443935
R177T,-1.129738959
R177V,-2.187766094
R177W,-1.727942081
R177Y,-0.8099763409999999
H178A,-2.038610337
H178C,-0.956480152
H178D,-1.736627518
H178E,-1.808081789
H178F,-1.31495451
H178G,-1.523270531
H178I,-1.349464287
H178K,-1.222968637
H178L,-1.174396288
H178M,-2.24419264
H178N,-1.911129714
H178P,-1.284823245
H178Q,-1.18789683
H178R,-0.996268272
H178S,-1.396769828
H178T,-1.801279765
H178V,-1.092026308
H178W,-1.417337665
H178Y,-1.076326693
N179A,-1.042624143
N179C,-0.623484002
N179D,-0.987490945
N179E,-1.63510501
N179F,-1.105354048
N179G,-0.053929319
N179H,-1.110059594
N179I,-1.401594685
N179K,-1.2935558390000002
N179L,-0.33332642
N179M,-1.183443732
N179P,-1.031915268
N179Q,-0.7260623270000001
N179R,-1.210223845
N179S,-0.059564444
N179T,-1.731242569
N179V,-1.115515654
N179W,-1.222312897
N179Y,-1.200760683
K180A,-1.942177046
K180C,-1.060902282
K180D,-1.207037134
K180E,-1.728815217
K180F,-0.314640937
K180G,-0.638979954
K180H,-0.462579294
K180I,-1.422361179
K180L,-1.222181554
K180M,-0.7004532290000001
K180N,-1.451629301
K180P,-1.193178179
K180Q,-1.069162276
K180R,0.518665445
K180S,-1.160119838
K180T,-1.3399841140000002
K180V,-1.119156765
K180W,-1.157794816
K180Y,-0.967733551
L181A,-0.633510236
L181C,0.05087382
L181D,-1.572783768
L181E,-2.038846225
L181F,-0.865802503
L181G,-1.952611778
L181H,-0.409078866
L181I,-0.608797025
L181K,-1.334467249
L181M,-0.68333595
L181N,-0.200117192
L181P,-2.028653686
L181Q,-0.399697998
L181R,-1.12075156
L181S,-1.200473092
L181T,-0.377281804
L181V,-0.05455345
L181W,-1.6510346809999998
L181Y,-0.416547698
R182A,-1.067129567
R182C,-0.997168794
R182D,-0.659990334
R182E,-1.247252597
R182F,-1.022099557
R182G,-1.392318394
R182H,-1.00370272
R182I,-0.664190707
R182K,-1.099471565
R182L,-0.941092058
R182M,-0.8922591009999999
R182N,0.004100311
R182P,0.080773719
R182Q,-0.698619558
R182S,-0.685330655
R182T,-1.021739171
R182V,-1.032108563
R182W,-0.593856574
R182Y,-0.523850127
E183A,0.371097581
E183C,0.318071566
E183D,-0.127107647
E183F,0.040239865
E183G,-0.181355649
E183H,-0.1272505069999999
E183I,0.277567954
E183K,0.030376804
E183L,0.15492125
E183M,-0.211155118
E183N,0.245215727
E183P,0.345412587
E183Q,0.33129646
E183R,-0.121972475
E183S,0.175720944
E183T,-0.223781613
E183V,0.070840514
E183W,0.288068134
E183Y,0.268285526
I184A,-1.045422857
I184C,-0.155960044
I184D,-1.412703407
I184E,-1.5740558880000002
I184F,0.059618837
I184G,-1.263859246
I184H,-1.77695345
I184K,-1.5807905569999998
I184L,-0.22568093
I184M,-0.724184743
I184N,-0.919082085
I184P,-0.820087665
I184Q,-0.5166302070000001
I184R,-1.937534529
I184S,-0.985491833
I184T,-0.266661253
I184V,-1.053694615
I184W,0.8291147240000001
I184Y,0.758812375
P185A,0.184805396
P185C,-0.260088145
P185D,-0.001558011
P185E,0.176549889
P185F,-1.487285321
P185G,0.468948413
P185H,0.716441894
P185I,-0.980331186
P185K,-0.5069597779999999
P185L,-0.902228537
P185M,-0.797877195
P185N,0.559371916
P185Q,0.710023741
P185R,-0.300861931
P185S,0.615499119
P185T,-0.115088235
P185V,0.019780417
P185W,-0.931054588
P185Y,-0.800849858
S186A,-0.247989101
S186C,-0.314182292
S186D,0.265910365
S186E,-0.5822559070000001
S186F,-0.360106571
S186G,0.350286243
S186H,-0.165234698
S186I,-0.135085237
S186K,-0.117683133
S186L,0.33220901
S186M,-0.080459865
S186N,-0.086086892
S186P,0.11160057
S186Q,-0.735150347
S186R,0.1294863369999999
S186T,0.148741757
S186V,0.01998287
S186W,0.239599346
S186Y,-0.000681665
V187A,0.430813605
V187C,0.5423071939999999
V187D,-0.651471724
V187E,-0.766321562
V187F,0.393763012
V187G,0.990440961
V187H,1.333184275
V187I,-0.7570801490000001
V187K,0.070000103
V187L,-0.78995705
V187M,-0.382522799
V187N,0.497527394
V187P,1.440878449
V187Q,0.57305076
V187R,0.972608308
V187S,0.243358938
V187T,0.748419472
V187W,-0.270901047
V187Y,0.768658435
V188A,-0.355577483
V188C,-1.063788278
V188D,-1.6127528919999998
V188E,-0.990944227
V188F,-0.034926344
V188G,-0.216194124
V188H,-1.0663172
V188I,0.468509233
V188K,-1.173922351
V188L,0.68061349
V188M,-0.520292448
V188N,0.255531928
V188P,-1.096377747
V188Q,-0.342508191
V188R,-1.486307152
V188S,-0.299478157
V188T,0.022461999
V188W,-1.067808936
V188Y,-0.861522157
Y189A,-0.5469241810000001
Y189C,0.475899381
Y189D,-0.218679487
Y189E,-0.7450187290000001
Y189F,0.3672746320000001
Y189G,-1.150422409
Y189H,-0.200089687
Y189I,-0.266891606
Y189K,0.149245844
Y189L,-0.041638752
Y189M,-0.241378081
Y189N,0.688762491
Y189P,-0.616060708
Y189Q,-0.070677925
Y189R,-0.717334913
Y189S,0.192628474
Y189T,-0.162691069
Y189V,-1.308488158
Y189W,-0.035694477
R190A,0.5484304729999999
R190C,0.19044967
R190D,0.42126063
R190E,0.378306103
R190F,-0.5165136229999999
R190G,0.266541036
R190H,0.245463872
R190I,0.184955413
R190K,1.193008319
R190L,-0.6617481239999999
R190M,0.432838359
R190N,0.192313785
R190P,-1.286582632
R190Q,0.058591278
R190S,-0.284850243
R190T,0.6263864720000001
R190V,0.08972154
R190W,-0.106254268
R190Y,0.484413277
L191A,0.284518651
L191C,0.087077932
L191D,-0.897066096
L191E,-0.425076495
L191F,-0.8210224340000001
L191G,-0.24481158
L191H,-0.278114921
L191I,0.212410005
L191K,-0.396434596
L191M,-0.91150639
L191N,-0.310514198
L191P,-1.38385957
L191Q,-0.295841704
L191R,-0.202549306
L191S,0.145716127
L191T,0.0533149
L191V,-0.17927627
L191W,0.427071741
L191Y,-0.350029228
D192A,0.182637211
D192C,-0.140355961
D192E,-0.043048931
D192F,0.066010174
D192G,-0.130239297
D192H,0.8976777690000001
D192I,0.675055002
D192K,-0.204308669
D192L,0.5963906379999999
D192M,-0.282354012
D192N,0.059807624
D192P,-0.049025538
D192Q,0.549978603
D192R,-0.995872079
D192S,-0.309328894
D192T,0.129372882
D192V,-0.324251387
D192W,-0.52628833
D192Y,-0.630162929
S193A,-0.630492931
S193C,0.374415537
S193D,0.239798089
S193E,-0.017140485
S193F,-0.210003187
S193G,-0.083311354
S193H,0.377231978
S193I,0.267658004
S193K,-0.279286456
S193L,-0.217039739
S193M,0.026945286
S193N,0.105453645
S193Q,0.076303462
S193R,-0.262469813
S193T,-0.428825597
S193V,-0.03767711
S193W,-0.7294085579999999
S193Y,-0.654087938
L194A,-0.225275714
L194C,0.113918201
L194D,-1.182020143
L194E,-1.824543248
L194F,-0.981358392
L194G,-1.446556262
L194H,-1.142881762
L194I,-0.501308245
L194K,-1.846225698
L194M,-0.200457179
L194N,-0.8622917590000001
L194P,-0.628234808
L194Q,-0.674020814
L194R,-1.655350722
L194S,-1.043616818
L194T,-0.020221135
L194V,-0.369325081
L194W,-1.599099601
L194Y,-1.7071202580000002
T195A,-0.2483336
T195C,0.056191682
T195D,-0.383441541
T195E,-0.407512313
T195F,-0.340689394
T195G,-0.118286773
T195H,0.35655972
T195I,-0.194492826
T195K,-0.045407316
T195L,-0.090200694
T195M,-0.220045317
T195N,-0.2242048
T195P,-0.499221279
T195Q,-0.193448828
T195R,-0.215007652
T195S,-0.583420409
T195V,-0.141932525
T195W,-3.546215456
T195Y,-0.227479583
T196A,-0.820105155
T196C,-0.598993429
T196D,-0.277835819
T196E,-0.8893236520000001
T196F,-0.869328133
T196G,-0.135246503
T196H,-0.596594461
T196I,0.188208343
T196K,-0.171827955
T196L,-1.205065182
T196M,-0.62746447
T196N,1.5115365719999998
T196P,-1.563746174
T196Q,0.578138602
T196R,-0.457087124
T196S,-1.464956454
T196V,-0.147871948
T196W,0.22948071
T196Y,-0.21416422
L197A,0.052463134
L197C,0.8007943190000001
L197D,-1.298984
L197E,-0.90877944
L197F,-0.372183195
L197G,-0.267440132
L197H,-1.087118569
L197I,0.416231467
L197K,-1.20847441
L197M,0.121331255
L197N,-1.221549695
L197P,-0.6791106859999999
L197Q,-0.465013637
L197R,-1.08060689
L197S,0.443896729
L197T,0.418236751
L197V,0.116910513
L197W,0.25188765
L197Y,-0.366869235
Y198A,-1.134238315
Y198C,-1.301197988
Y198D,-1.088252407
Y198E,-0.948466344
Y198F,0.76077035
Y198G,-0.887787595
Y198H,-0.437863068
Y198I,-1.6397167330000002
Y198K,-0.941754678
Y198L,-0.081035498
Y198M,-0.559152868
Y198N,-1.556925655
Y198P,-0.326839333
Y198Q,-0.902372572
Y198R,-1.223862056
Y198S,-1.3306723740000002
Y198T,-1.190264899
Y198V,-1.003748488
Y198W,0.85185793
L199A,0.95189252
L199C,-0.075594002
L199D,-1.059174035
L199E,-1.560735179
L199F,-0.6747953320000001
L199G,-0.160490003
L199H,-0.632116907
L199I,0.435944749
L199K,-0.366415434
L199M,0.339311473
L199N,-1.0162639759999998
L199P,-1.837119808
L199Q,0.024330546
L199R,-1.050068455
L199S,-0.6653962139999999
L199T,-0.148171813
L199V,0.6959444029999999
L199W,-0.878033313
L199Y,-0.6797121840000001
R200A,-1.742856861
R200C,-1.4354641469999998
R200D,-1.341805175
R200E,-1.474491491
R200F,-1.038697783
R200G,-1.89286628
R200H,-1.631469611
R200I,-1.0481495
R200K,-0.900825462
R200L,-1.385320424
R200M,-1.443126362
R200N,-1.321679806
R200P,-1.77847107
R200Q,-0.831923891
R200S,-2.29054092
R200T,-1.637396529
R200V,-0.332163026
R200W,-0.369085591
R200Y,-1.706148765
F201A,-1.414508075
F201C,-0.5055207970000001
F201D,-1.719514101
F201E,-0.919822181
F201G,-1.223215875
F201H,-1.108332686
F201I,-1.888616802
F201K,-1.440651083
F201L,-1.454284112
F201M,-0.641994724
F201N,-1.35626956
F201P,-1.229308565
F201Q,-0.965278168
F201R,-1.122349547
F201S,-1.276814184
F201T,-1.359376589
F201V,-1.259593528
F201W,1.109651885
F201Y,0.03333307
N202A,-0.858082923
N202C,-0.599189757
N202D,-1.0066345490000002
N202E,-1.61562424
N202F,-1.210337074
N202G,-0.637397119
N202H,-1.206315483
N202I,-2.258401929
N202K,-0.99928503
N202L,-1.661841687
N202M,-1.609547932
N202P,-1.417495736
N202Q,-1.678821703
N202R,-1.379129115
N202S,-0.63278363
N202T,-1.552897687
N202V,-1.525303927
N202W,-1.41132773
N202Y,-1.309711074
R203A,-1.620124506
R203C,-1.926650745
R203D,-1.672544624
R203E,-2.001952955
R203F,-2.207624052
R203G,-1.506008833
R203H,-1.040647059
R203I,-1.293602843
R203K,0.101692977
R203L,-1.604606726
R203M,-1.362335469
R203N,-0.913151248
R203P,-1.855862798
R203Q,-1.371112968
R203S,-1.28861499
R203T,-1.311612996
R203V,-1.453595331
R203W,-1.581547363
R203Y,-0.942910419
I204A,-0.06954993
I204C,-0.246085072
I204D,-1.053728972
I204E,-1.066882969
I204F,0.436426022
I204G,-2.068808778
I204H,-1.089436723
I204K,-1.325550262
I204L,-0.056122791
I204M,-0.1615115369999999
I204N,-1.456802004
I204P,-1.555949304
I204Q,-1.358815335
I204R,-0.821672738
I204S,-0.471584272
I204T,-0.139960508
I204V,0.250143892
I204W,-1.71843302
I204Y,-1.235253518
T205A,-0.058809248
T205C,0.202192378
T205D,-0.080379066
T205E,-0.6893365359999999
T205F,0.036787539
T205G,0.168412984
T205H,-0.02707686
T205I,0.091629103
T205K,-0.074632336
T205L,0.458850562
T205M,0.435482493
T205N,0.8744285340000001
T205P,0.78117794
T205Q,0.406319007
T205R,0.745731301
T205S,0.262916231
T205V,0.097677428
T205W,0.171387193
T205Y,-0.7066399109999999
T206A,-0.392973859
T206C,-0.066401803
T206D,-0.108635882
T206E,-0.114113993
T206F,-0.42569168
T206G,0.075611959
T206H,-0.352431772
T206I,-0.020522992
T206K,-0.569252228
T206L,-0.212776635
T206M,-0.032271595
T206N,0.383124203
T206P,-0.464924426
T206Q,-0.307759784
T206R,0.560480549
T206S,-0.310800678
T206V,-0.7767212790000001
T206W,0.057777646
T206Y,-0.285500444
V207A,-0.492422499
V207C,-0.237976953
V207D,-1.125009782
V207E,-0.057891827
V207F,-0.361903177
V207G,-1.014900922
V207H,-1.035027765
V207I,-0.014707594
V207K,-1.146567754
V207L,0.196592344
V207M,-0.633914271
V207N,-1.409400549
V207P,-0.307462435
V207Q,-0.571078466
V207R,-1.05371709
V207S,-0.510653286
V207T,-0.40162892
V207W,-0.8746408790000001
V207Y,-0.61861726
E208A,0.212008009
E208C,0.25485972
E208D,-0.326107428
E208F,0.137112389
E208G,-0.156380363
E208H,0.495488249
E208I,-0.217655233
E208K,0.129569499
E208L,0.489456615
E208M,-0.484186859
E208N,0.440892038
E208P,0.038581159
E208Q,-0.039805937
E208R,0.263494906
E208S,0.096388261
E208T,0.3170927
E208V,0.249617396
E208W,-0.574478022
E208Y,0.380696713
K209A,0.501162939
K209C,-0.214789364
K209D,0.8088635479999999
K209E,0.69858281
K209F,0.168564107
K209G,0.476940677
K209H,-0.242576435
K209I,0.033104912
K209L,-0.715838471
K209M,-0.964980186
K209N,0.071780454
K209P,0.065270064
K209Q,-0.446938489
K209R,-0.514560985
K209S,-0.17200329
K209T,0.126629144
K209V,0.38229746
K209W,0.136642701
K209Y,0.16022923
D210A,-1.183247796
D210C,-0.264179507
D210E,-0.640412026
D210F,-0.46647799
D210G,-0.5472018270000001
D210H,-0.595344495
D210I,0.072955998
D210K,-0.72264724
D210L,-0.6027740970000001
D210M,-0.576677979
D210N,-0.263132448
D210P,-0.04609915
D210Q,0.33915895
D210R,-0.522149828
D210S,-0.756926298
D210T,-0.35748153
D210V,-0.7923438770000001
D210W,-0.7098597759999999
D210Y,-0.6580493510000001
I211A,-0.312333643
I211C,-0.22230628
I211D,-0.978997783
I211E,-0.940712982
I211F,0.620353843
I211G,-1.1146184140000002
I211H,-1.856537054
I211K,-1.183360924
I211L,0.542694832
I211M,-0.29332745
I211N,-0.958046819
I211P,-1.505841135
I211Q,-1.35651796
I211R,-1.142210878
I211S,-0.5788081270000001
I211T,-0.575734334
I211V,0.123399971
I211W,-1.288535901
I211Y,-0.968073419
K212A,-0.623357474
K212C,-0.4115928
K212D,0.550608853
K212E,0.189004485
K212F,-0.265186618
K212G,0.613544523
K212H,0.439452151
K212I,0.386688219
K212L,0.273126196
K212M,-0.239150321
K212N,0.103901324
K212P,0.364733423
K212Q,0.116233208
K212R,0.337486104
K212S,0.112004701
K212T,-0.547935346
K212V,0.046216549
K212W,0.051256923
K212Y,-0.197758327
N213A,-0.990119024
N213C,-0.523009511
N213D,-0.125315501
N213E,-0.514428523
N213F,-0.188000071
N213G,-0.357021416
N213H,0.255099403
N213I,-1.048369144
N213K,-0.087234471
N213L,-0.024379802
N213M,-0.032669961
N213P,-0.157768612
N213Q,-0.137387793
N213R,-0.1358917969999999
N213S,0.037230388
N213T,-0.899338966
N213V,-0.023019343
N213W,-0.405846047
N213Y,-1.250361773
L214A,-0.7967561259999999
L214C,-0.912631593
L214D,-0.7143913409999999
L214E,-0.597908541
L214F,-0.7436466709999999
L214G,-0.752668942
L214H,-0.7543846
L214I,-0.416166686
L214K,-1.346504849
L214M,-0.36754871
L214N,-0.67326115
L214P,-0.142840274
L214Q,-0.693636688
L214R,-1.572626995
L214S,-0.480849759
L214T,-0.683823134
L214V,-0.246392834
L214W,0.053201072
L214Y,-0.990343196
S215A,0.197914386
S215C,0.390437908
S215D,0.034283809
S215E,-0.60241946
S215F,-0.185141474
S215G,-0.054615042
S215H,0.221409418
S215I,-0.295589961
S215K,0.003618728
S215L,-0.425891542
S215M,-0.294857971
S215N,-0.491211269
S215P,-0.212944947
S215Q,0.462181435
S215R,-0.003383288
S215T,-0.295635284
S215V,0.226576061
S215W,-0.014389159
S215Y,-0.186469531
K216A,1.233250875
K216C,0.232476725
K216D,-0.057536674
K216E,-0.027854181
K216F,-0.816597407
K216G,0.055598783
K216H,0.5170054479999999
K216I,0.360212797
K216L,-0.400125483
K216M,-0.521071643
K216N,-0.204531154
K216P,-0.67379346
K216Q,0.19738847
K216R,0.072394341
K216S,-0.849053697
K216T,-0.150717626
K216V,0.296169939
K216W,0.7081260079999999
K216Y,-0.283118052
L217A,-0.040216194
L217C,-0.378423647
L217D,-0.48950467
L217E,-0.8138221999999999
L217F,-0.873049854
L217G,-1.4951576869999998
L217H,-1.6750712069999998
L217I,0.104112656
L217K,-0.8290635359999999
L217M,-0.0082355969999999
L217N,-1.812020291
L217P,-0.7543984490000001
L217Q,-1.332318793
L217R,-0.934705493
L217S,-1.159373326
L217T,0.265233096
L217V,-0.0109321789999999
L217W,-0.8878422909999999
L217Y,-1.073011546
S218A,-0.366673281
S218C,0.510848383
S218D,-0.936644861
S218E,0.128066878
S218F,-0.196411541
S218G,-0.027224825
S218H,0.927345595
S218I,0.590936902
S218K,0.45038372
S218L,-0.154852228
S218M,0.326430346
S218N,-0.311217643
S218P,-0.781864997
S218Q,-0.327053042
S218R,0.679071282
S218T,-0.25488484
S218V,0.981952583
S218W,0.196331363
S218Y,0.007193336
M219A,0.532834346
M219C,1.625636866
M219D,-1.442343271
M219E,-1.457043995
M219F,-0.075769554
M219G,0.145388818
M219H,0.099791727
M219I,-0.7951290679999999
M219K,-0.247901394
M219L,-0.8899613259999999
M219N,-0.006609078
M219P,-0.657435937
M219Q,0.107650679
M219R,-0.149926661
M219S,0.256807954
M219T,0.905409605
M219V,1.4026183330000002
M219W,-0.231873179
M219Y,-0.530226537
L220A,-0.5258395779999999
L220C,0.279219507
L220D,-0.897338203
L220E,-1.224076138
L220F,0.107460187
L220G,-0.865452294
L220H,-1.387654555
L220I,0.8421361070000001
L220K,-1.138537579
L220M,0.347413986
L220N,-0.967440296
L220P,-0.8455113120000001
L220Q,-0.570253245
L220R,-0.899288547
L220S,-0.795368231
L220T,0.233135198
L220V,-0.088769444
L220W,-0.315378956
L220Y,0.938950863
S221A,0.131606786
S221C,-1.362164029
S221D,-0.531630776
S221E,-1.165194728
S221F,-0.219050856
S221G,-0.8221325070000001
S221H,-0.1720548489999999
S221I,-2.012127463
S221K,-1.7245392519999998
S221L,-0.0672432509999999
S221M,0.304326702
S221N,-1.066246753
S221P,-0.192408099
S221Q,-1.5581232859999998
S221R,-1.077454566
S221T,0.83356504
S221V,-1.266329999
S221W,-0.930110327
S221Y,-0.6955003059999999
I222A,-0.1707924189999999
I222C,-0.377368449
I222D,-0.982109674
I222E,-1.348053716
I222F,-1.002436981
I222G,-0.7338557259999999
I222H,-0.81263176
I222K,-1.091129022
I222L,-0.36235023
I222M,0.023739232
I222N,-0.622358131
I222P,-1.143437352
I222Q,-1.182354493
I222R,-1.145982996
I222S,0.302490313
I222T,-0.482467517
I222V,-0.135541726
I222W,-1.014497973
I222Y,-0.5410504770000001
R223A,-1.7316859530000002
R223C,-0.872875952
R223D,-0.525592545
R223E,-1.584068553
R223F,-1.898240597
R223G,-1.171298287
R223H,-1.652799404
R223I,-0.931855625
R223K,-1.053413898
R223L,-1.272183138
R223M,-1.199527405
R223N,-1.273425908
R223P,-1.840426507
R223Q,-1.424022937
R223S,-1.385173978
R223T,-1.286524136
R223V,-1.167168694
R223W,-1.628681349
R223Y,-1.197919697
E224A,1.4505814069999998
E224C,1.832299045
E224D,-0.64990306
E224F,1.344572324
E224G,-0.338288352
E224H,0.913424463
E224I,-0.734595023
E224K,-1.617843378
E224L,-0.587806805
E224M,0.386309809
E224N,0.206318301
E224P,-0.74538009
E224Q,0.8232628540000001
E224R,-0.82867316
E224S,0.7861580909999999
E224T,-0.5578317979999999
E224V,0.863790658
E224W,-2.128861636
E224Y,0.569118047
N225A,-1.337994778
N225C,-0.370502087
N225D,-1.478050934
N225E,-1.089453238
N225F,-1.4973745980000002
N225G,-0.958113377
N225H,-1.055419097
N225I,-0.625816269
N225K,-1.24159279
N225L,-0.977253538
N225M,-0.7667126259999999
N225P,-1.135262417
N225Q,-0.5766285720000001
N225R,-1.198604688
N225S,-1.201651705
N225T,-1.004295201
N225V,-1.5255640069999998
N225W,-1.334046139
N225Y,-0.8578959009999999
K226A,-0.7625887809999999
K226C,-1.3889884259999998
K226D,-1.170736345
K226E,-1.071682524
K226F,-0.8287332740000001
K226G,-0.541544709
K226H,-0.878593266
K226I,-0.956961422
K226L,-1.229030357
K226M,-1.333037023
K226N,-1.099546636
K226P,-1.037952121
K226Q,-0.360971704
K226R,-0.366985098
K226S,-1.102285473
K226T,-0.8271448379999999
K226V,-0.958844989
K226W,-0.994737026
K226Y,-0.750638038
I227A,-0.859123787
I227C,-0.109407927
I227D,-0.328115244
I227E,-1.031263995
I227F,-0.119223918
I227G,-1.121769468
I227H,-0.77688283
I227K,-1.1305754959999998
I227L,-0.048876497
I227M,-0.546020764
I227N,-0.248266794
I227P,-1.003706495
I227Q,-0.841644728
I227R,-0.991891139
I227S,-0.835598244
I227T,-0.391593654
I227V,-0.717866236
I227W,-0.719405634
I227Y,-0.827819527
K228A,0.135914113
K228C,-0.63953613
K228D,0.686496337
K228E,-1.469297065
K228F,-0.591559098
K228G,-0.523030134
K228H,-0.650416652
K228I,0.297072065
K228L,-0.1931073
K228M,-0.283541102
K228N,-0.731469182
K228P,-0.039177247
K228Q,0.054028533
K228R,0.025081787
K228S,-0.287727686
K228T,-0.344444006
K228V,-0.16972538
K228W,-0.590925719
K228Y,-0.378305868
Q229A,0.046227454
Q229C,0.401403723
Q229D,-0.351072264
Q229E,-0.279428203
Q229F,-0.063271332
Q229G,0.016224541
Q229H,0.698207406
Q229I,-0.1480756
Q229K,-0.247956072
Q229L,0.199761327
Q229M,-0.090133844
Q229N,-0.335084815
Q229P,-0.4870329470000001
Q229R,-0.650410302
Q229S,0.01126027
Q229T,-0.425095755
Q229V,0.46034194
Q229W,-0.59156932
Q229Y,0.3211999
L230A,-0.066259713
L230C,0.439268358
L230D,-1.458661234
L230E,-2.080900094
L230F,0.602731471
L230G,-1.2848967690000002
L230H,-1.169183262
L230I,0.563478661
L230K,-1.515845556
L230M,0.274872303
L230N,-0.985330273
L230P,-1.597611495
L230Q,-1.184445154
L230R,-1.053820883
L230S,-1.418653811
L230T,-0.527838365
L230V,-0.087917059
L230W,-0.121945489
L230Y,-0.712838504
P231A,-0.29872984
P231C,0.161354368
P231D,0.115022974
P231E,-0.850054621
P231F,-0.259056839
P231G,-1.03325826
P231H,-0.255434402
P231I,-1.153234989
P231K,-0.554536196
P231L,-0.94139116
P231M,-0.415778301
P231N,0.008986458
P231Q,-0.320108767
P231R,-0.027004029
P231S,-0.536581879
P231T,-0.810345124
P231V,-0.190431341
P231W,-0.4202577770000001
P231Y,-0.944347326
A232C,-0.35222582
A232D,0.057662754
A232E,0.08253555
A232F,0.747963411
A232G,0.273856609
A232H,0.7218820779999999
A232I,0.632779705
A232K,-0.356663085
A232L,0.138476986
A232M,0.732282592
A232N,-0.233351093
A232P,1.4403875780000002
A232Q,0.221986266
A232R,-0.2715114
A232S,0.389343507
A232T,0.5098153910000001
A232V,0.153386222
A232W,0.318543969
A232Y,0.551932797
E233A,-0.6199266179999999
E233C,0.075845437
E233D,-0.414918335
E233F,0.264446389
E233G,-0.126606056
E233H,-0.0475047
E233I,0.272671266
E233K,-0.087683521
E233L,0.34282446
E233M,0.437674468
E233N,-0.052979619
E233P,-0.501791134
E233Q,0.008597515
E233R,0.671222843
E233S,0.21036764
E233T,0.437558048
E233V,-0.143020465
E233W,-0.327664296
E233Y,-0.067075795
I234A,-0.55530599
I234C,-0.11801333
I234D,-1.06575807
I234E,-1.392427414
I234F,0.165824704
I234G,-0.714509264
I234H,-0.761739011
I234K,-1.22281711
I234L,0.10169822
I234M,-0.556354793
I234N,-0.793841938
I234P,-1.4285371569999998
I234Q,-0.881805981
I234R,-0.8750673840000001
I234S,0.022875131
I234T,0.746088174
I234V,0.083487969
I234W,-0.436659001
I234Y,0.149019366
G235A,0.030204081
G235C,-0.293200908
G235D,0.011884665
G235E,-0.054027539
G235F,0.030595718
G235H,0.225554879
G235I,-0.03863943
G235K,-0.110714754
G235L,-0.018940582
G235M,0.008773865
G235N,-0.01410272
G235P,-0.151143128
G235Q,0.076285808
G235R,-0.171032935
G235S,-0.209277586
G235T,0.898639174
G235V,0.128231699
G235W,-1.245549652
G235Y,0.304313187
E236A,-0.521554458
E236C,-0.28844661
E236D,-0.624185239
E236F,-0.0081251409999999
E236G,-0.323415482
E236H,0.269041561
E236I,0.350267068
E236K,-0.7509740779999999
E236L,0.173057048
E236M,-0.0656028459999999
E236N,-0.146932009
E236P,0.207104036
E236Q,0.5894228220000001
E236R,0.175534599
E236S,-0.45961597
E236T,0.410443283
E236V,-0.618791778
E236W,-0.21953678
E236Y,-0.338712446
L237A,-0.158185402
L237C,0.0071517119999999
L237D,0.111239464
L237E,-0.174391562
L237F,0.144686222
L237G,-1.225912728
L237H,0.5389766539999999
L237I,0.213152472
L237K,-0.279977683
L237M,-0.426517031
L237N,0.548676741
L237P,-0.597788697
L237Q,-0.833485073
L237R,-0.872633887
L237S,-0.210684143
L237T,0.201994561
L237V,-0.455397844
L237W,-0.296222775
L237Y,-0.1717819639999999
C238A,-0.195972487
C238D,0.29061486
C238E,-0.120467654
C238F,0.268538135
C238G,-0.830346472
C238H,0.290604877
C238I,0.589800302
C238K,0.792542544
C238L,0.186377385
C238M,0.256962508
C238N,0.7270098740000001
C238P,-0.093088448
C238Q,0.858219898
C238R,0.199453712
C238S,0.598491378
C238T,-0.312135502
C238V,0.235228268
C238W,-0.220658561
C238Y,0.087420334
N239A,0.345432728
N239C,-0.207969802
N239D,-0.340561001
N239E,-0.296753616
N239F,0.163707322
N239G,0.44754503
N239H,0.5254789000000001
N239I,0.253991356
N239K,0.371093103
N239L,1.117538781
N239M,0.276377312
N239P,0.441351707
N239Q,0.1655986019999999
N239R,1.666019022
N239S,0.163683122
N239T,0.00959713
N239V,0.381365915
N239W,0.410758668
N239Y,-0.128484606
L240A,0.154256663
L240C,-0.067952335
L240D,-1.182830562
L240E,-1.533326114
L240F,0.34128839
L240G,-1.348877311
L240H,-1.065258392
L240I,0.133617658
L240K,-1.367257152
L240M,-0.066067657
L240N,-0.3304047
L240P,-0.5728343889999999
L240Q,-0.428637835
L240R,-0.975984209
L240S,-0.323144693
L240T,0.6886346870000001
L240V,-0.181486706
L240W,-1.122143975
L240Y,-1.099850512
I241A,-0.547958745
I241C,-0.818625598
I241D,-1.461086615
I241E,-1.1640629059999998
I241F,0.114336106
I241G,0.123940619
I241H,0.26462949
I241K,0.610583486
I241L,-0.114149769
I241M,-0.378300597
I241N,-0.074871084
I241P,-1.252444556
I241Q,-0.664552665
I241R,0.035751268
I241S,-0.037667
I241T,0.075699764
I241V,-0.094880697
I241W,-0.213628119
I241Y,-0.096161488
T242A,-0.360982437
T242C,0.363576423
T242D,-1.641008782
T242E,-1.409312745
T242F,0.406737701
T242G,0.124578624
T242H,0.215903352
T242I,1.56445639
T242K,-0.758104181
T242L,0.118000234
T242M,-0.245930606
T242N,-0.006923044
T242P,-1.092034333
T242Q,-1.226245822
T242R,-0.546678178
T242S,-0.773232134
T242V,1.430513799
T242W,-0.185093704
T242Y,0.009775183
L243A,-0.29633862
L243C,0.316043075
L243D,-1.541944142
L243E,-0.898914647
L243F,0.429178444
L243G,-0.468838133
L243H,-1.244507701
L243I,0.210614171
L243K,-1.453684481
L243M,-1.218520035
L243N,-0.275025705
L243P,-1.107712791
L243Q,-0.7800755779999999
L243R,-1.767775336
L243S,-0.97510204
L243T,-0.023832528
L243V,0.035141382
L243W,-0.967064979
L243Y,-0.793579505
D244A,-1.418054603
D244C,-0.346232098
D244E,-1.4781202919999998
D244F,-1.854361277
D244G,-1.346350367
D244H,-1.211659085
D244I,-1.657653293
D244K,-2.109934365
D244L,-1.172941975
D244M,-1.335213316
D244N,-1.044171369
D244P,-1.424137208
D244Q,-1.57692574
D244R,-0.8022396209999999
D244S,-1.361222811
D244T,-0.967396956
D244V,-0.80746597
D244W,-0.073978676
D244Y,-1.604133435
V245A,0.292177715
V245C,-0.386590372
V245D,-1.914343989
V245E,-1.068782957
V245F,-0.07363893
V245G,-0.6373016229999999
V245H,-0.611933342
V245I,0.262246979
V245K,-0.985986594
V245L,0.169428681
V245M,-0.122625996
V245N,-0.172001
V245Q,-0.300746752
V245R,-1.46887544
V245S,0.06670742
V245T,-0.198527352
V245W,0.87891391
V245Y,-0.561444965
A246C,0.188916847
A246D,0.701886523
A246E,-0.361422167
A246F,-1.032036937
A246G,-0.270219894
A246H,-0.392180866
A246I,0.30444332
A246K,0.142272531
A246L,-0.942288234
A246M,0.330680102
A246N,1.33727812
A246P,0.5842927170000001
A246Q,0.852851358
A246R,1.163327561
A246S,-0.422882073
A246T,-0.11557267
A246V,0.306829375
A246W,-0.59949521
A246Y,-0.8702644629999999
H247A,-0.370705329
H247C,-0.897431746
H247D,-1.31609496
H247E,-1.31475813
H247F,-0.379993954
H247G,-0.793407214
H247I,-1.576940103
H247K,0.583887655
H247L,-0.924436865
H247M,-0.686390499
H247N,-0.133555327
H247P,-1.420598178
H247Q,-1.219129994
H247R,0.28273065
H247S,-0.675234442
H247T,-1.267914859
H247V,-1.285393668
H247W,0.093480254
H247Y,-0.632028685
N248A,1.004418299
N248C,0.472204807
N248D,-0.360653215
N248E,-1.246896145
N248F,-0.8538278009999999
N248G,-0.438185261
N248H,-1.341892886
N248I,-0.409530019
N248K,-1.30535441
N248L,0.800979683
N248M,0.760831044
N248P,-0.857568505
N248Q,-0.470040141
N248R,-1.148170049
N248S,-0.1285031019999999
N248T,-0.538432014
N248V,-0.306035379
N248W,-0.891560657
N248Y,-1.334512685
Q249A,-0.607625383
Q249C,-0.4713890570000001
Q249D,0.207677187
Q249E,-0.7140244859999999
Q249F,-0.97117797
Q249G,0.080804835
Q249H,-0.3433864029999999
Q249I,-0.18152042
Q249K,0.8759712890000001
Q249L,-1.199112959
Q249M,-0.132092226
Q249N,0.004590594
Q249P,-0.307418682
Q249R,-0.181844299
Q249S,-0.217321924
Q249T,-0.570416225
Q249V,-0.320206128
Q249W,-0.214650917
Q249Y,-0.441351404
L250A,0.431946088
L250C,-0.340483347
L250D,-1.03807975
L250E,-1.266689226
L250F,-0.017684108
L250G,-1.23208328
L250H,-0.270901945
L250I,0.464120542
L250K,-0.983840796
L250M,-0.252094811
L250N,-1.027230869
L250P,-0.801091746
L250Q,-0.81223146
L250R,-1.255516869
L250S,-0.661601497
L250T,-0.847948919
L250V,0.475381523
L250W,-1.013555489
L250Y,-1.17993966
E251A,0.328472181
E251C,0.103650715
E251D,0.207363412
E251F,-0.124072747
E251G,0.7256013370000001
E251H,0.915150585
E251I,0.367501877
E251K,0.38365627
E251L,0.266917823
E251M,0.248184974
E251N,-0.187418028
E251P,-0.004419332
E251Q,0.328334736
E251R,0.145120405
E251S,0.536001129
E251T,0.407457635
E251V,0.291540505
E251W,-1.196966456
E251Y,0.225505199
H252A,-0.486139604
H252C,-0.127543362
H252D,-0.754354321
H252E,0.12329624
H252F,0.759815336
H252G,-0.022792868
H252I,-0.357033172
H252K,-0.163060184
H252L,0.125966276
H252M,-0.058428245
H252N,0.382520287
H252P,-0.5663492210000001
H252Q,-0.052443879
H252R,0.121152224
H252S,0.409380032
H252T,-0.500904125
H252V,-0.287528104
H252W,-0.047659847
H252Y,-0.063411294
L253A,0.262994637
L253C,-0.805208302
L253D,-0.455168935
L253E,-1.010642633
L253F,-0.192924409
L253G,-0.8666539209999999
L253H,-1.159576299
L253I,-0.515960753
L253K,-1.522758548
L253M,-0.138092452
L253N,-0.344192678
L253P,-0.52134396
L253Q,-1.326385292
L253R,-0.593797386
L253S,-0.632457464
L253T,-0.126680491
L253V,0.203901386
L253W,-0.8746417609999999
L253Y,-0.219899083
P254A,0.031728099
P254C,-0.097738222
P254D,0.42884634
P254E,-0.044977293
P254F,-0.254271193
P254G,-0.182134335
P254H,0.448369726
P254I,-0.409199212
P254K,-0.330418401
P254L,0.211843844
P254M,-0.420796437
P254N,-0.380015717
P254Q,-1.060903481
P254R,0.070703343
P254S,0.235538577
P254T,-0.7735900590000001
P254V,0.086420285
P254W,-0.165814521
P254Y,-0.022815617
K255A,-0.050581706
K255C,0.206481105
K255D,0.158270302
K255E,0.30210839
K255F,0.288679998
K255G,0.293598569
K255H,-0.06588754
K255I,-0.533302674
K255L,0.262183561
K255M,0.015046985
K255N,-0.282579876
K255P,0.471528799
K255Q,0.244875162
K255R,0.7796496940000001
K255S,0.046289458
K255T,0.162435798
K255V,-0.165762461
K255W,0.60117373
K255Y,0.455236555
E256A,-0.35620366
E256C,0.002464788
E256D,0.217387481
E256F,-0.203832435
E256G,-0.263425331
E256H,-0.638305762
E256I,0.568986926
E256K,-1.439964002
E256L,-1.26277767
E256M,-0.11618571
E256N,0.4926309920000001
E256P,-0.7764213409999999
E256Q,-0.651889937
E256R,-0.218575921
E256S,0.474824325
E256T,-0.045285898
E256V,-0.159165239
E256W,-0.071773003
E256Y,-0.01826012
I257A,0.8030097629999999
I257C,0.609034337
I257D,-1.099773955
I257E,-1.281914345
I257F,-0.253366159
I257G,-1.297158383
I257H,-1.626467986
I257K,-1.214047943
I257L,-0.403209593
I257M,-0.41943078
I257N,-1.157144191
I257P,-1.2431201
I257Q,-0.8196578090000001
I257R,-1.185466463
I257S,-0.291341825
I257T,0.824560519
I257V,0.544761849
I257W,-0.482313627
I257Y,-0.424097373
G258A,0.42361743
G258C,0.4025773520000001
G258D,0.8108677
G258E,0.381533686
G258F,0.224591521
G258H,0.421661526
G258I,0.724420077
G258K,-0.6746594579999999
G258L,0.8224119000000001
G258M,0.665482889
G258N,0.243844912
G258P,0.117431906
G258Q,0.324186846
G258R,-0.231270651
G258S,0.380722969
G258T,0.595399221
G258V,0.808361042
G258W,0.232883616
G258Y,0.62506413
N259A,0.207327842
N259C,-0.217764512
N259D,-0.344122665
N259E,-0.39709744
N259F,0.163988783
N259G,-0.57194972
N259H,0.213389514
N259I,0.234711227
N259K,-0.382639007
N259L,-0.121900592
N259M,0.535315415
N259P,-0.150011043
N259Q,-1.012946717
N259R,-0.417475101
N259S,-0.571922523
N259T,-0.024811037
N259V,0.181006454
N259W,-0.079973964
N259Y,-0.41805621
C260A,-1.306668858
C260D,0.08679241
C260E,-0.588770101
C260F,-0.052441981
C260G,-0.737514778
C260H,-0.542121035
C260I,0.289938584
C260K,-0.349685532
C260L,0.105295487
C260M,0.13891517
C260N,0.269316662
C260P,-0.37777565
C260Q,0.047611738
C260R,-0.086404299
C260S,0.20210895
C260T,0.785249313
C260V,-0.5700147729999999
C260W,-1.235275744
C260Y,-0.098050502
T261A,-0.232762026
T261C,0.238317725
T261D,-0.630664024
T261E,0.487285936
T261F,-0.035120864
T261G,-1.112202699
T261H,-0.5991948029999999
T261I,-0.732021215
T261K,-0.5958947179999999
T261L,-0.209944502
T261M,0.349593768
T261N,-0.667207934
T261P,0.582300985
T261Q,-0.025780764
T261R,0.101551557
T261S,0.321269815
T261V,0.28812658
T261W,-0.7424874159999999
T261Y,0.178005751
Q262A,-0.450747479
Q262C,-0.643402797
Q262D,0.440688758
Q262E,0.345510729
Q262F,0.550707727
Q262G,0.242452909
Q262H,-0.130981993
Q262I,0.6757718509999999
Q262K,0.8890897529999999
Q262L,-0.154977796
Q262M,-0.266535982
Q262N,0.243781154
Q262P,-0.479824015
Q262R,-0.210567593
Q262S,-0.16775755
Q262T,-0.520730895
Q262V,0.068191775
Q262W,-0.314807211
Q262Y,0.7208792340000001
I263A,0.105894432
I263C,0.398674496
I263D,-1.3447837530000002
I263E,-1.4167975330000002
I263F,-0.8317039890000001
I263G,-1.181050793
I263H,-1.465915259
I263K,-1.087369506
I263L,-0.396633837
I263M,-0.29679219
I263N,-1.260999295
I263P,-1.230322995
I263Q,-0.893949353
I263R,-1.092755558
I263S,-0.571878375
I263T,0.6434543460000001
I263V,-0.248889426
I263W,-1.324740871
I263Y,-0.995443119
T264A,0.023212956
T264C,0.464857092
T264D,-0.878290659
T264E,-0.8109375259999999
T264F,-0.54579223
T264G,-0.20817063
T264H,0.659313027
T264I,-0.194232613
T264K,0.7765252690000001
T264L,0.21543458
T264M,0.172629606
T264N,0.307803523
T264P,-0.7080464240000001
T264Q,-0.483072541
T264R,0.656888038
T264S,0.415983913
T264V,-0.251829086
T264W,0.239015649
T264Y,0.270491546
N265A,0.191169145
N265C,-0.384350058
N265D,-1.294422042
N265E,-1.010598395
N265F,-0.278561938
N265G,0.954589307
N265H,0.009723844
N265I,-1.014738231
N265K,-0.162549316
N265L,-0.646578923
N265M,-1.276439306
N265P,-1.124984142
N265Q,0.170105056
N265R,0.20620497
N265S,0.097025577
N265T,-0.72467302
N265V,-0.703939504
N265W,-0.385052535
N265Y,0.274885855
L266A,-1.085524145
L266C,-0.814300817
L266D,-1.145094757
L266E,-1.452588416
L266F,-0.036353749
L266G,-0.8891834999999999
L266H,-1.176911255
L266I,-1.215893285
L266K,-1.151379877
L266M,-0.909324191
L266N,-1.165552154
L266P,-1.66146068
L266Q,-1.502813552
L266R,-1.632500525
L266S,-1.635922134
L266T,-0.45884655
L266V,-1.354487379
L266W,-1.32372
L266Y,-0.8863725720000001
D267A,1.316021808
D267C,-0.029084969
D267E,-0.381765507
D267F,0.578635902
D267G,-0.034180152
D267H,0.734809147
D267I,-0.336169693
D267K,-1.545263516
D267L,-0.326946034
D267M,0.315972865
D267N,-1.091451734
D267P,0.5493630389999999
D267Q,0.314813356
D267R,-1.639211276
D267S,-0.412724821
D267T,0.186632438
D267V,-0.295039308
D267W,0.874865042
D267Y,-0.237463647
L268A,-1.036682632
L268C,0.622176682
L268D,-0.738396597
L268E,-0.155026556
L268F,-0.600862068
L268G,-1.255042304
L268H,-0.672910213
L268I,0.005541579
L268K,-1.372126419
L268M,-1.282841327
L268N,-1.751702196
L268P,-1.6727625030000002
L268Q,-1.173461141
L268R,-1.301752714
L268S,0.093170044
L268T,-1.096725919
L268V,-0.476123884
L268W,-0.742450272
L268Y,-0.482138559
Q269A,-0.7133331140000001
Q269C,-0.8244490179999999
Q269D,-1.04877556
Q269E,-1.189215929
Q269F,1.47881851
Q269G,-1.1668523990000002
Q269H,0.387391487
Q269I,0.438657481
Q269K,0.386275809
Q269L,-0.366417608
Q269M,1.211712198
Q269N,-0.7098983320000001
Q269P,-0.233467567
Q269R,0.898341095
Q269S,-0.480254518
Q269T,0.292004766
Q269V,0.811865252
Q269W,-0.020958747
Q269Y,-0.29797639
H270A,-1.075922642
H270C,-0.998283873
H270D,-1.185630513
H270E,-1.371958965
H270F,0.932821704
H270G,-1.000841906
H270I,0.040182067
H270K,-1.073940103
H270L,-0.04673471
H270M,1.08112707
H270N,-1.055123948
H270P,-1.138922655
H270Q,-1.067186182
H270R,-0.898735849
H270S,-0.7045090509999999
H270T,-0.291436346
H270V,-0.131864857
H270W,0.180020472
H270Y,0.597509113
N271A,-0.7151556659999999
N271C,-0.596218326
N271D,-0.754637019
N271E,-0.743836257
N271F,-1.227757297
N271G,-0.50499125
N271H,-1.34203125
N271I,-1.489064496
N271K,-1.121317682
N271L,-1.756857884
N271M,-0.64599036
N271P,-1.030629213
N271Q,-0.7019129679999999
N271R,-1.441291289
N271S,-0.7225355940000001
N271T,-0.1709260789999999
N271V,-1.77170665
N271W,-0.722983035
N271Y,-0.903524182
E272A,0.504697218
E272C,0.5533124429999999
E272D,-0.33569912
E272F,0.825583152
E272G,0.74864934
E272H,0.801261085
E272I,1.498775711
E272K,0.5431109129999999
E272L,0.899560079
E272M,1.004564549
E272N,0.433924942
E272P,0.116805779
E272Q,0.7565489440000001
E272R,0.844656229
E272S,1.722789541
E272T,0.703878132
E272V,0.7478708040000001
E272W,0.61870113
E272Y,1.025927638
L273A,-1.097375318
L273C,-0.49796418
L273D,-1.002514997
L273E,-1.95206701
L273F,-0.483696007
L273G,-1.091801314
L273H,-1.019310745
L273I,0.488866191
L273K,-0.705331816
L273M,-0.354810232
L273N,-1.612272069
L273P,-1.148015273
L273Q,-1.087858421
L273R,-0.692189499
L273S,-1.01754642
L273T,-0.69307754
L273V,-0.27102526
L273W,-0.7350106120000001
L273Y,-1.248270487
L274A,0.119770354
L274C,0.276462126
L274D,0.219133858
L274E,0.294149894
L274F,0.87848865
L274G,0.227591359
L274H,-0.056383149
L274I,0.081207239
L274K,0.751927206
L274M,0.714250945
L274N,0.352734684
L274P,0.57293509
L274Q,0.03659287
L274R,0.250769704
L274S,-0.6781995959999999
L274T,-0.048696755
L274V,-0.29717147
L274W,-0.223743476
L274Y,-0.042513622
D275C,-0.401449509
D275E,0.120610747
D275F,0.157401096
D275G,0.7498713109999999
D275H,0.758597011
D275I,0.838207044
D275K,0.057323882
D275L,0.327890732
D275M,-0.046461678
D275N,0.356800046
D275P,-1.511034995
D275Q,0.525459461
D275R,0.169005228
D275S,0.174413609
D275T,-0.462980004
D275V,0.774608318
D275W,-0.103542204
D275Y,0.3990892170000001
L276A,-0.213416975
L276C,0.268279403
L276D,-1.637381135
L276E,-1.52339876
L276F,0.266951971
L276G,-0.977575858
L276H,-1.445673973
L276I,-0.938841212
L276K,-1.444879417
L276M,0.021492207
L276N,-1.102195888
L276P,-1.4960674109999998
L276Q,-0.7728860120000001
L276R,-1.78407456
L276S,-0.2969521
L276T,-0.247545384
L276V,-0.294853374
L276W,-0.752610175
L276Y,-0.440065187
P277A,-0.109987129
P277C,-0.186498476
P277D,0.38334382
P277E,0.304737171
P277F,0.216932917
P277G,0.009971746
P277H,-0.163431752
P277I,0.672820788
P277K,-0.130372281
P277L,-0.773019473
P277M,-0.949714551
P277N,-0.509867553
P277Q,-0.001129226
P277R,-0.6994839979999999
P277S,0.529159759
P277T,-0.409916526
P277V,0.422205693
P277W,-0.7079705690000001
P277Y,-0.438084888
D278A,0.173833879
D278C,-0.137632729
D278E,0.144654542
D278F,-0.127828713
D278G,-0.353104902
D278H,-0.698223453
D278I,-0.75998315
D278K,-0.394388664
D278L,0.107088352
D278M,0.330953762
D278N,0.11077023
D278P,0.5534274920000001
D278Q,0.288509119
D278R,-1.343540748
D278S,-0.461833383
D278T,-0.231808149
D278V,-0.59546054
D278W,-0.080292857
D278Y,-0.469793303
T279A,-0.049310469
T279C,0.121658593
T279D,0.207791
T279E,-0.189123398
T279F,-0.58590959
T279G,0.235908756
T279H,0.5564281520000001
T279I,0.328223137
T279K,0.446805336
T279L,0.250513125
T279M,-0.902549045
T279N,0.075203071
T279P,0.405370099
T279Q,0.327481945
T279R,-0.030957744
T279S,0.08415961
T279V,0.5196442960000001
T279W,-0.168062812
T279Y,-0.5560301
I280A,-0.250200847
I280C,-0.460739331
I280D,-1.010962075
I280E,-1.475013335
I280F,-0.954580253
I280G,-0.78770164
I280H,-1.047610985
I280K,-2.079877224
I280L,-0.315176437
I280M,-0.8905261940000001
I280N,-0.938256131
I280P,-1.31609863
I280Q,-0.694957287
I280R,-2.1439160530000003
I280S,-0.592673123
I280T,-0.31800597
I280V,-0.024814915
I280W,-0.211348099
I280Y,-0.572805413
G281A,-0.276478413
G281C,-0.041168896
G281D,-0.045883786
G281E,-0.08179356
G281F,-0.121257666
G281H,-0.00161876
G281I,-0.938398845
G281K,-1.263070931
G281L,-0.255255001
G281M,-0.299336628
G281N,-0.185308497
G281P,0.495209269
G281Q,-0.02939803
G281R,-0.8353496420000001
G281S,0.7710585120000001
G281T,-0.512056346
G281V,-0.955408181
G281W,-0.8018917240000001
G281Y,0.110559247
N282A,-0.55321942
N282C,-0.107694287
N282D,0.006885411
N282E,0.192866148
N282F,-0.7658992370000001
N282G,-0.498671312
N282H,0.371768273
N282I,0.206888114
N282K,-0.471374101
N282L,-0.196952459
N282M,-0.13877843
N282P,-1.045577031
N282Q,-0.125256721
N282R,-0.72344378
N282S,-0.5394131329999999
N282T,0.067938926
N282V,-0.226533392
N282W,-0.974334788
N282Y,-0.106303607
L283A,-0.919586985
L283C,-0.8407543390000001
L283D,-1.312124003
L283E,-1.135678349
L283F,-0.162545332
L283G,-0.770579615
L283H,-0.903517799
L283I,-0.361554522
L283K,-1.154782135
L283M,-0.332317469
L283N,0.1610751309999999
L283P,-0.951829766
L283Q,-0.911235613
L283R,-1.1073329509999998
L283S,-1.012955869
L283T,-0.853499527
L283V,-0.413884865
L283W,-0.441462148
L283Y,-0.419682437
S284A,-0.5956899379999999
S284C,0.026021118
S284D,-0.4757634220000001
S284E,0.1620005719999999
S284F,0.266033251
S284G,0.1288008719999999
S284H,0.109314736
S284I,-0.23071563
S284K,-0.523306089
S284L,-0.258616783
S284M,0.126995186
S284N,-0.517227188
S284P,-0.06856882
S284Q,-0.002218549
S284R,-0.290464449
S284T,-0.681908042
S284V,0.4582261
S284W,-0.8158227509999999
S284Y,-0.835136447
S285A,-0.109522244
S285C,0.859192822
S285D,-0.530001963
S285E,-0.218422285
S285F,-0.220572284
S285G,-0.044179169
S285H,-0.146008769
S285I,-0.044021187
S285K,0.071996802
S285L,0.242030398
S285M,0.35281902
S285N,0.169692376
S285P,-0.399783254
S285Q,-0.7252658270000001
S285R,-0.396540187
S285T,0.7049975
S285V,-0.219037984
S285W,-0.0749179059999999
S285Y,0.031471527
L286A,-0.5849112989999999
L286C,-0.430058248
L286D,-1.777648672
L286E,-1.278808437
L286F,-1.318505727
L286G,-1.543958911
L286H,-0.7962763559999999
L286I,0.019832395
L286K,-1.640495966
L286M,0.067056299
L286N,-0.415031792
L286P,-1.656735808
L286Q,-1.029883237
L286R,-1.754994696
L286S,-1.5654020030000002
L286T,-0.388457026
L286V,-0.451085392
L286W,-1.371750409
L286Y,-1.328955627
S287A,0.192936147
S287C,-0.869240459
S287D,-0.391075802
S287E,-0.742805547
S287F,-0.193912095
S287G,-0.871100413
S287H,0.580597554
S287I,-0.491989166
S287K,0.305910771
S287L,-0.033464675
S287M,-0.5775222870000001
S287N,0.156884498
S287P,-0.844553462
S287Q,-0.044909807
S287R,0.03602802
S287T,-0.214131525
S287V,-0.46586321
S287W,0.678574242
S287Y,-0.186807591
R288A,-0.8343592879999999
R288C,-1.7256115280000002
R288D,-1.405832358
R288E,-1.483838955
R288F,-1.854513933
R288G,-1.560410444
R288H,-0.98027342
R288I,-1.504051185
R288K,-0.372703611
R288L,-1.740216511
R288M,-1.189237756
R288N,-0.515789211
R288P,-1.30067409
R288Q,-1.419613731
R288S,-1.853811668
R288T,-1.873578046
R288V,-1.146292066
R288W,-1.457245366
R288Y,-1.542641831
L289A,0.070881827
L289C,0.708707445
L289D,-0.063298753
L289E,-1.159511687
L289F,0.180789718
L289G,-0.748625185
L289H,-1.2212895259999998
L289I,-0.494525576
L289K,-1.6409716369999998
L289M,0.903668755
L289N,-1.105275011
L289P,-0.925506004
L289Q,-1.258151708
L289R,-1.46876943
L289S,-0.999939676
L289T,0.001965796
L289V,0.199139657
L289W,-0.440421355
L289Y,-1.759760133
G290A,0.1362912999999999
G290C,-0.893350986
G290D,-2.889781698
G290E,-0.8422240059999999
G290F,-1.191907278
G290H,-0.781749763
G290I,-1.139926206
G290K,-0.646478057
G290L,-1.022137827
G290M,-0.960364491
G290N,-0.640785712
G290P,1.539837313
G290Q,-0.628369721
G290R,-0.8681817629999999
G290S,-1.794656409
G290T,0.648599354
G290V,-0.898388092
G290W,-0.976559818
G290Y,-1.789373207
L291A,-0.6880195490000001
L291C,-1.631909405
L291D,-1.3461727959999998
L291E,-1.319145503
L291F,0.409704756
L291G,-0.7753726240000001
L291H,-0.730344916
L291I,1.039781115
L291K,-0.8673448159999999
L291M,0.229828266
L291N,-0.7343818679999999
L291P,0.736101633
L291Q,-1.583861566
L291R,-1.253793561
L291S,-0.848710961
L291T,0.220611122
L291V,0.90398195
L291W,-1.935356195
L291Y,-0.513835084
R292A,-1.868756286
R292C,-0.935752832
R292D,-0.975551576
R292E,-1.486964227
R292F,-0.972137716
R292G,-1.4075468080000002
R292H,0.343647716
R292I,-0.7950219709999999
R292K,1.082140699
R292L,-1.487353982
R292M,-0.8893612909999999
R292N,-1.723781565
R292P,-0.361004094
R292Q,-0.644740612
R292S,-0.742885583
R292T,-1.054152757
R292V,-1.179332283
R292W,-0.310435955
R292Y,-0.144813857
Y293A,-1.19779085
Y293C,-0.734777369
Y293D,-1.308195657
Y293E,-1.511509071
Y293F,-1.025768358
Y293G,-1.240762133
Y293H,-1.607563744
Y293I,-1.432547837
Y293K,-1.451419604
Y293L,-1.162957331
Y293M,-0.572318856
Y293N,-1.227576537
Y293P,-1.258564558
Y293Q,-1.1026235359999998
Y293R,-1.087917904
Y293S,-1.58594956
Y293T,-0.689522778
Y293V,-1.378150765
Y293W,-1.038940761
N294A,-0.354859819
N294C,-0.581530442
N294D,-0.953420149
N294E,-0.956281687
N294F,-0.905611668
N294G,-1.28611318
N294H,-0.960474489
N294I,-0.7695219329999999
N294K,-1.390693783
N294L,-0.7101252090000001
N294M,-1.473325205
N294P,-0.8971308459999999
N294Q,-0.7941721279999999
N294R,-1.327385754
N294S,-1.389300767
N294T,-1.300998871
N294V,-1.099338685
N294W,-1.6424472369999998
N294Y,-0.867404904
R295A,0.28620318
R295C,-1.165628174
R295D,-0.539656123
R295E,-0.421234234
R295F,-0.7833973340000001
R295G,-0.15437392
R295H,0.288668522
R295I,-0.839587482
R295K,-0.19557247
R295L,-0.7211196870000001
R295M,-1.127265976
R295N,-0.523967415
R295P,-0.659509243
R295Q,-0.094320637
R295S,-0.256003516
R295T,-0.8099775440000001
R295V,-0.68145185
R295W,-0.6797961159999999
R295Y,-0.498157353
L296A,-1.273006453
L296C,-0.647939049
L296D,-1.309397157
L296E,-1.106861477
L296F,0.348728156
L296G,-1.154522764
L296H,-0.79663305
L296I,0.065964051
L296K,-1.046573747
L296M,-0.181879186
L296N,-0.5037305329999999
L296P,-1.874119174
L296Q,-1.080167373
L296R,-1.405074846
L296S,-1.371988222
L296T,-0.5872251589999999
L296V,0.15096694
L296W,-1.015684432
L296Y,-0.511893834
S297A,-0.428637326
S297C,0.192071051
S297D,0.41112098
S297E,-0.384191747
S297F,-0.597890651
S297G,0.243295713
S297H,-1.027833808
S297I,0.039620877
S297K,-0.5931065010000001
S297L,-0.413754732
S297M,0.103679333
S297N,-0.181272016
S297P,-1.3432080169999998
S297Q,-0.167382157
S297R,0.251592017
S297T,-0.045994459
S297V,0.030718888
S297W,0.089376294
S297Y,0.250706792
A298C,-0.224521672
A298D,-0.6489071470000001
A298E,0.672402437
A298F,0.622661377
A298G,-0.214803503
A298H,0.029688609
A298I,0.106450004
A298K,-0.445545323
A298L,0.720776393
A298M,0.704149618
A298N,-0.138143144
A298P,-0.903301637
A298Q,-0.366573354
A298R,-0.016063945
A298S,-0.407374839
A298T,0.348372863
A298V,0.071189686
A298W,0.533301491
A298Y,0.7400491290000001
I299A,-0.277496779
I299C,0.715779385
I299D,-0.8837548120000001
I299E,-1.027926928
I299F,-0.431820294
I299G,-0.960055187
I299H,-1.945402335
I299K,-1.046629815
I299L,-0.018817971
I299M,-0.781648705
I299N,-0.81516374
I299P,-0.412802302
I299Q,-1.126659308
I299R,-1.179712028
I299S,-1.323426135
I299T,-0.145981413
I299V,-0.471348755
I299W,-1.02227975
I299Y,-1.316485332
P300A,-0.67938162
P300C,-0.003932914
P300D,0.800488786
P300E,-0.126043449
P300F,-0.451045807
P300G,0.106887727
P300H,-0.571920785
P300I,-0.295850312
P300K,-0.609411175
P300L,-1.057209969
P300M,0.113695486
P300N,-0.367171666
P300Q,-0.416656158
P300R,-0.169227976
P300S,-0.3802529220000001
P300T,-0.186621766
P300V,0.24904935
P300W,-1.209299471
P300Y,-0.655649419
R301A,-0.228332726
R301C,0.5090859289999999
R301D,0.134671485
R301E,0.49949483
R301F,0.014385867
R301G,0.635804447
R301H,-0.485377873
R301I,-0.08148728
R301K,0.404629461
R301L,-0.472199246
R301M,0.295453634
R301N,0.578877666
R301P,0.2276368
R301Q,-0.050048574
R301S,0.64326608
R301T,0.345923318
R301V,-0.069876955
R301W,0.27943194
R301Y,0.6262118320000001
S302A,-0.73572276
S302C,0.895299173
S302D,-0.399361591
S302E,0.141937234
S302F,-1.060658543
S302G,-0.586896537
S302H,0.184243931
S302I,-0.461711074
S302K,-0.358506946
S302L,0.519906104
S302M,0.22196758
S302N,0.481081781
S302P,-0.086444416
S302Q,0.417132484
S302R,-0.264134243
S302T,0.170739687
S302V,-0.146596263
S302W,-0.600193326
S302Y,-0.333442993
L303A,-0.777403889
L303C,-0.304479204
L303D,-1.527197296
L303E,-1.084948673
L303F,0.291015254
L303G,-1.353672656
L303H,-1.908266882
L303I,-0.058272655
L303K,-1.141630226
L303M,0.236526397
L303N,-0.577728346
L303P,-1.627423194
L303Q,-1.920748197
L303R,-1.440093015
L303S,-0.354570638
L303T,-0.488012134
L303V,-0.007158948
L303W,-2.01327781
L303Y,-0.426643895
A304C,0.263739736
A304D,0.754983995
A304E,0.7849950840000001
A304F,-0.383816968
A304G,-0.423333304
A304H,-0.884296978
A304I,-0.00287392
A304K,-0.342035325
A304L,-0.856913134
A304M,0.6763532170000001
A304N,0.326371037
A304P,-0.80023085
A304Q,-0.454561965
A304R,-0.34471178
A304S,-0.163720344
A304T,-0.053257439
A304V,0.456186796
A304W,-0.26083891
A304Y,-0.215111423
K305A,0.846457127
K305C,0.667340884
K305D,-0.155674038
K305E,-0.032688173
K305F,-0.0083319309999999
K305G,0.10808684
K305H,0.496938922
K305I,0.0896266209999999
K305L,0.593370296
K305M,-0.042007992
K305N,0.306838433
K305P,-0.384715617
K305Q,0.175061319
K305R,0.030284343
K305S,0.182277229
K305T,-0.290883071
K305V,0.798272512
K305W,-0.343522238
K305Y,-0.267347647
C306A,-1.3418393999999998
C306D,-0.094363891
C306E,-0.295418105
C306F,-0.7165487979999999
C306G,-0.841071699
C306H,-0.6213253679999999
C306I,-0.6736096220000001
C306K,-0.878748415
C306L,-0.5735924139999999
C306M,-0.475082634
C306N,0.8510473059999999
C306P,-1.431825208
C306Q,-0.979078063
C306R,-0.6161662720000001
C306S,-0.286986005
C306T,-0.467414259
C306V,-0.041607241
C306W,-1.445985286
C306Y,-0.729120333
S307A,-0.361951009
S307C,0.173322874
S307D,-0.308526573
S307E,-0.568078132
S307F,0.091816879
S307G,0.061424084
S307H,-0.095812141
S307I,-0.40206365
S307K,-0.566589542
S307L,-0.2826113
S307M,-0.121672252
S307N,0.431956192
S307P,-0.602049839
S307Q,0.131232779
S307R,-0.5571222929999999
S307T,-0.7781616840000001
S307V,-0.060596994
S307W,-0.034257685
S307Y,-0.257028204
A308C,-0.973978159
A308D,-0.005145414
A308E,-0.220126876
A308F,0.004928656
A308G,0.029608452
A308H,-0.375720013
A308I,-0.749475911
A308K,0.478398563
A308L,-0.500908311
A308M,0.5315719879999999
A308N,-0.071773024
A308P,0.059463692
A308Q,-0.658638805
A308R,-0.513364288
A308S,-1.194799478
A308T,-0.036154393
A308V,-0.724243683
A308W,-0.419992034
A308Y,0.028114842
L309A,-0.70560556
L309C,-1.1028837
L309D,-1.353445815
L309E,-1.141316574
L309F,-0.046018258
L309G,-1.206696961
L309H,-1.186348671
L309I,-0.089511163
L309K,-1.477927699
L309M,-0.238714523
L309N,-1.106399915
L309P,-1.193502541
L309Q,-0.843972763
L309R,-1.626969766
L309S,-1.011669568
L309T,-1.3656505680000002
L309V,0.657048765
L309W,-0.906343272
L309Y,-1.169190475
E310A,-0.529054595
E310C,0.143309283
E310D,0.245073609
E310F,-0.8274254670000001
E310G,0.380969694
E310H,-0.524104229
E310I,0.286034592
E310K,-0.995170317
E310L,-0.199741368
E310M,-0.026482262
E310N,-0.173445865
E310P,0.091743242
E310Q,-0.356913996
E310R,-0.583292692
E310S,-0.604396607
E310T,-0.101390665
E310V,0.560576497
E310W,-0.858545798
E310Y,-0.5440995789999999
E311A,0.707955749
E311C,-0.184296014
E311D,-0.298284947
E311F,-1.204870916
E311G,0.269146873
E311H,-0.182542163
E311I,-0.847126805
E311K,-1.267721705
E311L,-0.517579726
E311M,0.015987448
E311N,0.004515909
E311P,-1.3855007780000002
E311Q,-0.738689849
E311R,-0.6381316
E311S,-0.156198418
E311T,-0.498297334
E311V,-0.643647023
E311W,-0.7313139959999999
E311Y,-0.871643499
L312A,-0.637806406
L312C,-0.276528608
L312D,-1.712399191
L312E,-0.953177718
L312F,-0.5789381579999999
L312G,-0.859856625
L312H,-1.552374287
L312I,0.024246814
L312K,-0.94753619
L312M,0.266937526
L312N,-0.902212007
L312P,-1.270054136
L312Q,-1.107113508
L312R,-1.258393172
L312S,-1.755701192
L312T,-0.184244924
L312V,-0.014987221
L312W,-0.579868038
L312Y,-0.113076742
N313A,-0.988304973
N313C,-0.554690029
N313D,-0.718594614
N313E,-1.318933769
N313F,-1.452784589
N313G,0.305161805
N313H,-0.601034781
N313I,-1.552106767
N313K,-0.782503453
N313L,-1.126656416
N313M,-0.6832314740000001
N313P,-0.592945894
N313Q,-0.479736563
N313R,-1.49538544
N313S,-0.69485044
N313T,-1.382499166
N313V,-1.14059726
N313W,-1.694754937
N313Y,-0.665857025
L314A,-0.045585407
L314C,-0.595445466
L314D,-1.004512991
L314E,-1.384621129
L314F,0.232512512
L314G,-0.444647919
L314H,-1.481026189
L314I,-0.457072195
L314K,-1.350871644
L314M,-0.253336934
L314N,-1.06378006
L314P,-0.899305604
L314Q,-1.0403295609999998
L314R,-1.518451727
L314S,-1.355025956
L314T,-0.240107387
L314V,-0.195216822
L314W,-1.32628498
L314Y,-1.120275838
E315A,-0.668026005
E315C,-0.193137498
E315D,-1.007163815
E315F,-0.964883367
E315G,-1.749537776
E315H,-0.276440604
E315I,-0.437567458
E315K,-2.281170518
E315L,0.593379906
E315M,-0.584629344
E315N,-0.968260802
E315P,-0.66446539
E315Q,-0.924355319
E315R,-1.425084001
E315S,-1.093885078
E315T,0.457364242
E315V,-1.114700032
E315W,-1.081461639
E315Y,-1.296170362
N316A,-1.124177785
N316C,-1.052314337
N316D,-0.849120717
N316E,-1.195973715
N316F,-1.599145224
N316G,-0.573802284
N316H,-0.898594847
N316I,-0.979475721
N316K,-1.491505122
N316L,-1.829476392
N316M,-0.636197069
N316P,-1.3429751280000002
N316Q,-0.160146617
N316R,-1.318681262
N316S,-0.351499792
N316T,-1.147279681
N316V,-1.934046926
N316W,-1.285897589
N316Y,-1.362267109
N317A,-0.766578738
N317C,0.371305065
N317D,-1.287038766
N317E,-1.482023325
N317F,-0.7926672140000001
N317G,-0.487829387
N317H,-0.989678267
N317I,-0.437195719
N317K,-0.766843543
N317L,-0.606873721
N317M,-1.492446216
N317P,-1.224136861
N317Q,-0.454596073
N317R,-1.062959803
N317S,-0.265373424
N317T,-0.903577154
N317V,-1.457128456
N317W,-1.03536342
N317Y,-0.665951947
N318A,0.0857300159999999
N318C,0.772334753
N318D,-0.8194169570000001
N318E,-0.289600723
N318F,-0.900821268
N318G,-0.318869046
N318H,0.254182002
N318I,-0.102100875
N318K,0.104084714
N318L,0.21767713
N318M,0.518639946
N318P,-0.092510443
N318Q,0.076376783
N318R,0.689440622
N318S,0.28910744
N318T,0.679097465
N318V,0.568674283
N318W,-0.141322505
N318Y,-0.303522911
I319A,-0.957974374
I319C,0.5631002820000001
I319D,-1.160019852
I319E,-1.491227822
I319F,-0.395667057
I319G,-1.38694708
I319H,-0.809025205
I319K,-1.154168329
I319L,-0.3762768420000001
I319M,-0.466719413
I319N,-1.019451719
I319P,-1.870371064
I319Q,-0.823989403
I319R,-1.108971943
I319S,-0.305669039
I319T,0.035013257
I319V,-0.416154746
I319W,-1.408869676
I319Y,-0.19429341
S320A,-0.022518363
S320C,0.180764056
S320D,0.243499465
S320E,-0.81484741
S320F,-0.544742845
S320G,-0.345408646
S320H,-0.656825612
S320I,-0.653642497
S320K,0.008286165
S320L,-0.376392289
S320M,-0.217329682
S320N,-0.584183983
S320P,-0.454730701
S320Q,0.077898178
S320R,-0.471875738
S320T,-0.178658642
S320V,-0.259452201
S320W,-0.385903515
S320Y,0.089715566
T321A,-0.062941342
T321C,0.028001311
T321D,-0.06988152
T321E,-0.944484873
T321F,0.158821357
T321G,-0.513825147
T321H,0.322411267
T321I,-0.713338975
T321K,-0.527498893
T321L,0.647161591
T321M,0.440370979
T321N,-0.56840378
T321P,-1.521754655
T321Q,0.08428718
T321R,-0.452704651
T321S,0.563574993
T321V,-0.1700482739999999
T321W,0.047745294
T321Y,-0.603030327
L322A,-1.788098415
L322C,-0.6548296929999999
L322D,-0.580153575
L322E,-2.181124369
L322F,-0.775551654
L322G,-1.425282278
L322H,-0.397605341
L322I,-0.7995504609999999
L322K,0.1765166
L322M,0.033156113
L322N,-1.344757429
L322P,-0.551014938
L322Q,-0.469521418
L322R,-1.599132747
L322S,-1.3661573580000002
L322T,-0.753732207
L322V,-0.654950117
L322W,-0.8664372140000001
L322Y,-1.015358153
P323A,-0.5340647829999999
P323C,-0.589170263
P323D,-0.511064278
P323E,-0.755110585
P323F,-1.327409337
P323G,-1.093409756
P323H,0.59867225
P323I,-1.504480296
P323K,-1.251479484
P323L,-0.6958891070000001
P323M,-0.596455479
P323N,0.280986608
P323Q,-0.822784733
P323R,-0.75284488
P323S,-1.116863472
P323T,-1.3500517159999998
P323V,-0.991721357
P323W,-1.672279806
P323Y,0.097660403
E324A,-0.063732305
E324C,-0.047817798
E324D,-0.465600212
E324F,0.386371153
E324G,-0.188189914
E324H,0.278672742
E324I,0.113679261
E324K,-0.158104828
E324L,0.142438938
E324M,-0.126728724
E324N,0.516040147
E324P,0.294886932
E324Q,-0.0849799109999999
E324R,-0.054158778
E324S,0.283519083
E324T,0.046226402
E324V,0.31407176
E324W,-0.016033181
E324Y,-0.09928195
S325A,-0.452352813
S325C,-0.540541075
S325D,0.579628397
S325E,-0.4701550470000001
S325F,-0.587377016
S325G,-0.144982035
S325H,0.033424224
S325I,0.277582385
S325K,-0.190668053
S325L,0.138733939
S325M,-0.6347995439999999
S325N,0.208520473
S325P,0.732955701
S325Q,-0.191881703
S325R,-0.369279377
S325T,-0.03756202
S325V,0.106721199
S325W,-0.635772185
S325Y,-1.106285608
L326A,-1.374697559
L326C,-0.606359132
L326D,-1.316534143
L326E,-0.690700778
L326F,0.077492012
L326G,-1.3821586280000002
L326H,-1.537656546
L326I,0.115193663
L326K,-1.772476998
L326M,-0.474322836
L326N,-0.905785674
L326P,-1.667782415
L326Q,-0.8712639520000001
L326R,-0.886954318
L326S,-1.363417081
L326T,-0.353310074
L326V,-0.7412687
L326W,-0.840968692
L326Y,-0.997061243
L327A,-1.265401836
L327C,-0.845643266
L327D,-1.4002755569999998
L327E,-0.778246489
L327F,-1.658450619
L327G,-0.3992494270000001
L327H,-1.037307455
L327I,-0.478776039
L327K,-0.906552241
L327M,-0.71133376
L327N,-0.578845771
L327P,-0.999227509
L327Q,-0.366780967
L327R,-0.685206348
L327S,0.090661755
L327T,-0.3931119770000001
L327V,-0.706291745
L327W,-1.4163230180000002
L327Y,-0.611434131
S328A,0.498711592
S328C,0.064695821
S328D,-0.449843394
S328E,0.165054692
S328F,-0.370626678
S328G,-0.474504609
S328H,-0.5183947329999999
S328I,-0.029088904
S328K,-0.362792548
S328L,1.045434859
S328M,-0.373360717
S328N,0.684667661
S328P,-0.345191401
S328Q,0.071387677
S328R,0.082173812
S328T,-0.028323091
S328V,-0.151261871
S328W,-0.02050759
S328Y,-0.282981145
S329A,-0.037154215
S329C,-0.481952143
S329D,-0.696835842
S329E,-0.6318941229999999
S329F,0.135099238
S329G,-0.5751677789999999
S329H,-0.180692226
S329I,-1.167860424
S329K,-0.29512323
S329L,-0.6042291
S329M,-0.661701333
S329N,-0.314887017
S329P,0.012070925
S329Q,-0.281297209
S329R,-1.106176829
S329T,-0.557469149
S329V,-0.88258831
S329W,-0.970444834
S329Y,-0.399827303
L330A,-1.54943712
L330C,-1.083770915
L330D,-1.00295199
L330E,-0.965035312
L330F,0.011058606
L330G,-1.596720439
L330H,-1.167684809
L330I,-0.57637165
L330K,0.639438109
L330M,-0.296774298
L330N,-1.895719197
L330P,-0.051995235
L330Q,-0.644940277
L330R,-0.319787816
L330S,-1.0999166
L330T,-0.6295427889999999
L330V,-0.596747672
L330W,-1.072755506
L330Y,-0.764948544
V331A,-0.22170158
V331C,-0.560741119
V331D,-0.027874879
V331E,-0.249398267
V331F,-0.538979933
V331G,-0.497595134
V331H,0.259458015
V331I,0.234716813
V331K,-0.3622305770000001
V331L,-0.482510275
V331M,-0.48324814
V331N,0.652586132
V331P,-0.264110882
V331Q,-0.336243677
V331R,-0.4928915270000001
V331S,0.419258365
V331T,0.525157131
V331W,0.165983992
V331Y,0.164604199
K332A,-0.1690967119999999
K332C,0.327850857
K332D,-0.865695398
K332E,-1.100204539
K332F,-0.099551041
K332G,-0.567014983
K332H,0.159672198
K332I,-0.385605384
K332L,0.363872341
K332M,-0.767617375
K332N,-0.650056879
K332P,-1.216875173
K332Q,0.492496671
K332R,-0.181833272
K332S,-0.177467251
K332T,-0.560962592
K332V,-0.520706892
K332W,-1.181339137
K332Y,-1.14591787
L333A,-1.015785524
L333C,-0.664543697
L333D,-1.140065448
L333E,-1.003375797
L333F,-1.175905596
L333G,-1.094142186
L333H,-0.7482179529999999
L333I,-0.345903495
L333K,-0.8851506259999999
L333M,-0.245284492
L333N,-0.727973106
L333P,-1.160580456
L333Q,-1.272304141
L333R,-0.655432829
L333S,-1.290388645
L333T,-1.434851643
L333V,-0.757265038
L333W,-1.533049409
L333Y,-0.64481013
N334A,-0.208059091
N334C,0.009337987
N334D,-0.625244636
N334E,-0.476944303
N334F,-1.310161184
N334G,-0.074321568
N334H,-0.604112616
N334I,-0.85111783
N334K,-0.722448784
N334L,-0.883050071
N334M,-0.046436865
N334P,-1.041822581
N334Q,-0.7610966640000001
N334R,0.097431029
N334S,-0.5250204470000001
N334T,-0.298621756
N334V,-0.250686447
N334W,-0.452646393
N334Y,-0.317125397
S335A,-0.8319555000000001
S335C,-0.591126284
S335D,-0.35367638
S335E,-0.685213912
S335F,-1.0256591309999998
S335G,0.198216619
S335H,0.505799846
S335I,-0.125911604
S335K,0.961815165
S335L,-0.238411871
S335M,-0.614349085
S335N,-0.279774062
S335P,-0.7298827040000001
S335Q,-0.095692996
S335R,0.600086645
S335T,-0.388728822
S335V,-0.415493456
S335W,-0.91408846
S335Y,-0.636954341
L336A,-0.649869447
L336C,-0.24812613
L336D,-0.359545037
L336E,-0.8038897970000001
L336F,-0.592982343
L336G,-1.165072296
L336H,-0.353583966
L336I,0.569314681
L336K,-0.931382007
L336M,-0.095124759
L336N,-1.185324474
L336P,-0.296827279
L336Q,-1.227374967
L336R,-0.89094195
L336S,-0.576295441
L336T,-0.795017561
L336V,0.290759494
L336W,-1.278299454
L336Y,-1.5961209440000002
T337A,-0.931938462
T337C,-0.0752954159999999
T337D,-1.124098964
T337E,-1.283523212
T337F,-0.803024422
T337G,-0.0176242819999999
T337H,-0.808144847
T337I,-0.714292198
T337K,0.233619559
T337L,-0.789523833
T337M,-0.934631724
T337N,-0.141098849
T337P,-1.799294902
T337Q,-0.371534976
T337R,0.112642018
T337S,0.14042372
T337V,0.000331287
T337W,-0.89443063
T337Y,-1.797946355
L338A,-1.150180712
L338C,-1.145645448
L338D,-1.382656429
L338E,-1.327567554
L338F,-0.926930417
L338G,-0.620589149
L338H,-0.706147457
L338I,-0.046582422
L338K,-1.327173188
L338M,-1.279940309
L338N,-0.703253542
L338P,-1.370948406
L338Q,-1.595419336
L338R,-0.9333849
L338S,-1.339526547
L338T,-1.443246061
L338V,-0.193317569
L338W,-1.139956423
L338Y,-1.373404747
A339C,-0.65547014
A339D,-0.860299849
A339E,-0.92060614
A339F,-1.5608665000000002
A339G,-0.530471089
A339H,-1.473231253
A339I,-1.160852869
A339K,-1.140385887
A339L,-1.360870199
A339M,-0.77596613
A339N,0.183509777
A339P,-1.461128326
A339Q,-1.421271468
A339R,-1.079758422
A339S,-0.249381934
A339T,-0.8806322959999999
A339V,-1.68750403
A339W,-1.598969406
A339Y,-1.604189347
R340A,-1.131783792
R340C,-1.341237039
R340D,-0.903790607
R340E,-0.766116117
R340F,-0.759690515
R340G,-1.44471273
R340H,-1.656112917
R340I,-0.8056656240000001
R340K,-0.667391514
R340L,-0.261403568
R340M,-0.932384462
R340N,-0.50656571
R340P,-0.505794649
R340Q,-0.868005661
R340S,-0.455070185
R340T,-1.389909411
R340V,-0.82908225
R340W,-1.207256467
R340Y,-1.236306745
N341A,-1.21308451
N341C,-0.020791014
N341D,-0.763022973
N341E,-0.815923834
N341F,-1.211376718
N341G,-0.565188951
N341H,-1.5436152680000002
N341I,-1.333003469
N341K,-1.527388289
N341L,-0.222172835
N341M,-1.271652388
N341P,-1.295690569
N341Q,-1.111430082
N341R,-0.928312333
N341S,-1.259309974
N341T,-1.4418042569999998
N341V,-0.367648346
N341W,-0.917704505
N341Y,-0.270555981
C342A,-0.57230131
C342D,-0.029934334
C342E,-0.145013853
C342F,-0.325254598
C342G,-0.61805183
C342H,-0.191838804
C342I,-0.288642388
C342K,0.665639548
C342L,-0.702903568
C342M,-0.064876252
C342N,0.5094755129999999
C342P,-0.854945886
C342Q,1.043007222
C342R,0.180711039
C342S,-0.075977718
C342T,-0.34529306
C342V,-0.129058258
C342W,-0.584316844
C342Y,0.406894371
F343A,-0.739227676
F343C,-0.908925413
F343D,-0.438027771
F343E,-1.317823672
F343G,-0.572980822
F343H,-1.722697611
F343I,-1.12403432
F343K,-1.4764431340000002
F343L,-0.282125457
F343M,-0.049869559
F343N,-1.544309861
F343P,-0.848690687
F343Q,-1.109624363
F343R,-1.154900863
F343S,-1.4601859940000002
F343T,-0.8959355720000001
F343V,-0.821799233
F343W,-1.185985652
F343Y,-0.938437619
Q344A,0.119342194
Q344C,-0.4869327020000001
Q344D,0.262998101
Q344E,-0.32401784
Q344F,-0.8364408759999999
Q344G,-0.7670021109999999
Q344H,-0.491975721
Q344I,-0.0635517209999999
Q344K,-0.395678457
Q344L,0.563821628
Q344M,-0.540807896
Q344N,-0.4869491620000001
Q344P,-0.465038815
Q344R,0.508687753
Q344S,-0.141310859
Q344T,0.246251552
Q344V,0.057004745
Q344W,-1.088373532
Q344Y,-0.575224871
L345A,-0.21741793
L345C,0.220509474
L345D,-0.143378927
L345E,0.4559894370000001
L345F,-0.29102458
L345G,0.065301148
L345H,-0.386967465
L345I,0.553179701
L345K,0.171678126
L345M,-0.323414366
L345N,0.259308783
L345P,-1.467751796
L345Q,0.177801702
L345R,0.01218912
L345S,0.046396976
L345T,0.236748358
L345V,-0.169009782
L345W,-0.260141968
L345Y,0.313849484
Y346A,-0.795860363
Y346C,-0.420107514
Y346D,-0.562740759
Y346E,-0.680383117
Y346F,-0.299331784
Y346G,-0.70076156
Y346H,-1.550304752
Y346I,-0.798236785
Y346K,-0.311207812
Y346L,0.04936742
Y346M,-0.743913983
Y346N,-0.336450797
Y346P,-0.131197553
Y346Q,-1.683179302
Y346R,-1.240017022
Y346S,-0.231367323
Y346T,-1.171864699
Y346V,-0.15157757
Y346W,-0.6846772609999999
P347A,-1.17274571
P347C,-0.350442876
P347D,-1.2186514309999998
P347E,-0.022882625
P347F,-0.817992898
P347G,-0.088118865
P347H,-1.113599012
P347I,-1.120710977
P347K,-0.780636854
P347L,-1.306348908
P347M,-1.6223587869999998
P347N,-0.541153597
P347Q,-0.451013418
P347R,-1.131087177
P347S,-0.697053321
P347T,-1.3267767659999998
P347V,-0.678613797
P347W,-0.502087168
P347Y,-0.237024321
V348A,0.141051197
V348C,0.8514286
V348D,-0.298082553
V348E,-0.384513158
V348F,0.044767067
V348G,-0.233069391
V348H,0.57780489
V348I,0.482296219
V348K,0.3754974
V348L,0.0769028009999999
V348M,-0.251824747
V348N,0.634954041
V348P,0.014192507
V348Q,0.712229972
V348R,0.220432685
V348S,0.252230222
V348T,-0.715727626
V348W,-0.421595349
V348Y,-0.247447113
G349A,-0.142437985
G349C,-0.268092002
G349D,-0.30141414
G349E,-0.054238711
G349F,-0.466882715
G349H,-0.209327452
G349I,-0.318768013
G349K,-0.436410263
G349L,-0.133928319
G349M,-0.6812700540000001
G349N,-0.054817397
G349P,-0.599740655
G349Q,-0.82032026
G349R,-0.644545623
G349S,-0.254036589
G349T,-0.591489236
G349V,-0.221123125
G349W,-1.220926582
G349Y,-0.6349972429999999
G350A,-0.519040163
G350C,-0.106027528
G350D,-0.250818325
G350E,-0.116953052
G350F,0.030443809
G350H,0.429785977
G350I,-0.205690067
G350K,-0.327567991
G350L,0.186162535
G350M,0.050022481
G350N,0.571714188
G350P,-0.423612711
G350Q,-0.67141183
G350R,-0.538752597
G350S,-0.034953527
G350T,0.326950752
G350V,-1.213303375
G350W,-0.116775733
G350Y,0.051340702
P351A,-0.388763769
P351C,-0.7285856270000001
P351D,-0.279170026
P351E,0.543666828
P351F,-0.589881699
P351G,-0.5853168320000001
P351H,-0.951336205
P351I,-0.313316696
P351K,-0.7021691059999999
P351L,-0.37881242
P351M,-0.7850234070000001
P351N,-0.479103278
P351Q,-0.707186277
P351R,-0.156166014
P351S,-0.369579724
P351T,-0.749492637
P351V,-0.291682784
P351W,-0.504514155
P351Y,-1.172645224
S352A,0.19540445
S352C,0.468504305
S352D,-0.055231065
S352E,-0.84481598
S352F,0.324317393
S352G,0.204605928
S352H,-0.294055194
S352I,0.383316813
S352K,-0.7409634490000001
S352L,-0.217220329
S352M,0.592754178
S352N,0.081509652
S352P,-0.72757885
S352Q,-0.398397075
S352R,-0.494467148
S352T,0.0607788009999999
S352V,-0.290699152
S352W,-0.333065218
S352Y,-0.133898152
Q353A,-0.563485955
Q353C,0.435065943
Q353D,-0.359946563
Q353E,-0.227562454
Q353F,-0.572357963
Q353G,0.60385681
Q353H,-0.099457147
Q353I,-0.10727473
Q353K,-0.144518215
Q353L,0.15893857
Q353M,0.356189527
Q353N,-0.026705595
Q353P,-0.785275938
Q353R,-1.05705124
Q353S,-0.043166203
Q353T,-0.040815614
Q353V,0.102447431
Q353W,-1.254806245
Q353Y,-0.81452376
F354A,-0.78557775
F354C,-0.6137421479999999
F354D,-0.983966964
F354E,-0.461423919
F354G,-1.325328353
F354H,-0.660004565
F354I,-0.607778615
F354K,-0.489932316
F354L,-0.162693823
F354M,0.061170179
F354N,-0.932861649
F354P,-1.058967783
F354Q,-1.3638248169999998
F354R,-0.6868767379999999
F354S,-1.278317059
F354T,-0.160262178
F354V,-0.802835599
F354W,0.020010502
F354Y,-0.505054667
S355A,-0.112122025
S355C,0.101507118
S355D,-0.078409024
S355E,0.170863662
S355F,-0.079245885
S355G,0.007412351
S355H,-0.417029384
S355I,-0.137194748
S355K,-0.05084565
S355L,0.47912058
S355M,0.639320641
S355N,-0.247712003
S355P,-0.3691559
S355Q,-0.252823926
S355R,0.235811126
S355T,0.425184322
S355V,0.102713297
S355W,-1.192983397
S355Y,-0.713549385
T356A,-0.21161762
T356C,-0.782936693
T356D,-0.5726773820000001
T356E,-0.821029828
T356F,-0.493828231
T356G,0.956672599
T356H,-0.6862534029999999
T356I,-0.944517154
T356K,-0.5075238329999999
T356L,0.542802924
T356M,0.295651906
T356N,-0.304269404
T356P,-0.556039768
T356Q,-0.002601394
T356R,0.042657902
T356S,-0.11175967
T356V,0.289409739
T356W,0.411452947
T356Y,-0.450322158
I357A,-1.243979478
I357C,0.7897530190000001
I357D,-1.027145541
I357E,-1.156220755
I357F,-0.8524648990000001
I357G,-0.545709836
I357H,-1.108057715
I357K,-0.8272608220000001
I357L,-0.182780737
I357M,-0.531872913
I357N,-0.747055465
I357P,-0.436657397
I357Q,-0.6041147920000001
I357R,-0.207307036
I357S,-0.927893976
I357T,-0.807996032
I357V,0.1712368389999999
I357W,-0.778786785
I357Y,-1.174455963
Y358A,-0.301084848
Y358C,0.0083373459999999
Y358D,0.234670067
Y358E,0.004436549
Y358F,0.215172917
Y358G,0.8746959000000001
Y358H,-0.012079142
Y358I,-0.006176635
Y358K,-0.733494832
Y358L,0.411942318
Y358M,-0.088580481
Y358N,0.612261979
Y358P,-0.885231945
Y358Q,-0.150238778
Y358R,-0.509763902
Y358S,0.304590361
Y358T,0.249961429
Y358V,-0.017846707
Y358W,0.275561254
S359A,0.151248783
S359C,-0.063151471
S359D,-0.7256688
S359E,-0.432716741
S359F,-0.375428391
S359G,-0.936004093
S359H,-1.081673917
S359I,0.1358243999999999
S359K,0.079322217
S359L,0.16033078
S359M,0.365436842
S359N,0.114215417
S359P,-0.969899451
S359Q,0.548364349
S359R,0.466425178
S359T,0.8070721059999999
S359V,-0.668401786
S359W,-0.198010919
S359Y,-0.382654919
L360A,-0.365291456
L360C,-0.488700485
L360D,-0.228975913
L360E,-0.691601323
L360F,-0.477286914
L360G,-0.916583784
L360H,-1.151620245
L360I,-0.464659699
L360K,-0.507608232
L360M,-0.240647483
L360N,-0.733176408
L360P,-1.102802018
L360Q,-0.877804108
L360R,-1.054055626
L360S,-1.292147378
L360T,-1.162763444
L360V,0.287352052
L360W,-0.922018691
L360Y,-0.225895153
N361A,-0.831345477
N361C,-0.366437505
N361D,-1.189884022
N361E,-1.166876838
N361F,-1.038905612
N361G,-1.151292971
N361H,-0.525034025
N361I,-1.073971219
N361K,-0.5453554629999999
N361L,-0.973382785
N361M,-0.670195854
N361P,-0.710318805
N361Q,-0.573475538
N361R,0.114619795
N361S,-0.325570768
N361T,-0.410827423
N361V,-1.47726461
N361W,-0.766500277
N361Y,-1.164798053
M362A,0.153006888
M362C,-0.022656266
M362D,0.148391369
M362E,-1.406334903
M362F,0.59090408
M362G,-0.639277886
M362H,-0.406069469
M362I,0.134886707
M362K,-0.957420206
M362L,0.031241061
M362N,-1.223456613
M362P,-0.224917533
M362Q,-1.148014551
M362R,-0.485217033
M362S,-0.948522861
M362T,-0.557107346
M362V,0.344428882
M362W,-0.7798703690000001
M362Y,-0.227710629
E363A,-0.254448309
E363C,0.093744295
E363D,-0.770642467
E363F,-0.7826540390000001
E363G,-0.062493017
E363H,-0.781209598
E363I,-0.887369193
E363K,-0.486485824
E363L,-0.8219644740000001
E363M,0.170016597
E363N,-0.626695866
E363P,-0.389084593
E363Q,-1.139793874
E363R,-0.042175109
E363S,-0.238938322
E363T,-0.273748099
E363V,-1.22841985
E363W,-0.996654972
E363Y,-0.6770074559999999
H364A,-0.455170977
H364C,0.049679262
H364D,-1.237621577
H364E,-0.903362427
H364F,0.290662002
H364G,-0.259385145
H364I,0.648941092
H364K,-0.904076028
H364L,0.566606199
H364M,0.8557049090000001
H364N,-0.640160214
H364P,-0.5419698039999999
H364Q,-0.418788349
H364R,-0.6151635839999999
H364S,-0.7510314020000001
H364T,-1.091005518
H364V,0.256551698
H364W,0.7545279970000001
H364Y,1.495661211
N365A,-0.262613618
N365C,-0.313842807
N365D,-0.653680186
N365E,-1.055365453
N365F,-1.488853281
N365G,-0.296528915
N365H,-0.310752062
N365I,-0.7519606
N365K,-1.7659297719999998
N365L,-1.084507311
N365M,-0.909146611
N365P,-0.398957448
N365Q,-1.785752983
N365R,-1.04503413
N365S,-0.847240095
N365T,-0.949176592
N365V,-1.067101221
N365W,-1.053881253
N365Y,-0.988091154
R366A,0.256627788
R366C,-0.178577648
R366D,0.33075466
R366E,0.675708984
R366F,-0.840961107
R366G,0.058258052
R366H,-0.22522741
R366I,0.672053048
R366K,0.215299659
R366L,0.110338402
R366M,0.0053207119999999
R366N,0.753168079
R366P,-0.6680780820000001
R366Q,0.961815209
R366S,0.183724427
R366T,0.8252478129999999
R366V,0.560664524
R366W,-2.9597937310000004
R366Y,-1.057769598
I367A,-1.31098637
I367C,-0.27335062
I367D,-0.7464038890000001
I367E,-0.932838396
I367F,-0.750950908
I367G,-0.113275638
I367H,-1.508306457
I367K,-1.710719679
I367L,-0.738473774
I367M,-0.8869287159999999
I367N,-1.7832341719999998
I367P,-1.120712397
I367Q,-1.784185057
I367R,-0.706719322
I367S,-1.3619472380000002
I367T,-1.4641527909999998
I367V,0.316498374
I367W,-1.311665476
I367Y,-0.60922795
N368A,0.085228521
N368C,-0.450655187
N368D,0.093739773
N368E,-2.148294456
N368F,0.298403763
N368G,0.46960443
N368H,-0.322909924
N368I,0.479632792
N368K,-0.470857119
N368L,-0.083521109
N368M,0.422844465
N368P,-0.455646108
N368Q,-0.843559589
N368R,-0.25787522
N368S,-0.67864208
N368T,-0.105747455
N368V,0.383953162
N368W,-0.902944156
N368Y,0.010282229
K369A,-0.420802293
K369C,-0.139312045
K369D,0.8214526609999999
K369E,-0.119417359
K369F,2.062845173
K369G,-0.327100042
K369H,0.4711774620000001
K369I,-0.080269946
K369L,-0.412002681
K369M,0.465165072
K369N,0.276690087
K369P,-0.5472455479999999
K369Q,0.42014878
K369R,0.964505391
K369S,-0.243732883
K369T,0.470928205
K369V,-0.237274245
K369W,0.985982635
K369Y,3.0131482710000004
I370A,-1.024594271
I370C,-1.088816831
I370D,-1.136174039
I370E,-0.6217242860000001
I370F,-0.71022531
I370G,-1.690353014
I370H,-1.012832831
I370K,-0.943004365
I370L,-1.178342587
I370M,-0.286853536
I370N,-0.6890668000000001
I370P,-0.591561551
I370Q,-0.850309435
I370R,-0.78326566
I370S,-1.241881965
I370T,-1.311188779
I370V,0.084420131
I370W,-0.8763155890000001
I370Y,-1.185581395
P371A,-0.8690585540000001
P371C,-0.8983185229999999
P371D,-0.991162236
P371E,-0.257871796
P371F,-1.6708547219999998
P371G,-0.637140577
P371H,-1.089287241
P371I,-1.238827548
P371K,-0.943812703
P371L,-1.88616235
P371M,-1.204874108
P371N,-1.850819544
P371Q,-1.195955813
P371R,-1.4685516
P371S,-1.4336844480000002
P371T,-1.187804265
P371V,-1.463183009
P371W,-1.308113135
P371Y,-0.208813477
F372A,-0.902302103
F372C,-0.7967148759999999
F372D,-1.2807415
F372E,0.033606706
F372G,-0.451986844
F372H,-0.43045724
F372I,-0.114966986
F372K,-0.8158836979999999
F372L,-0.7348644540000001
F372M,-0.908398095
F372N,-0.518846512
F372P,-1.160815512
F372Q,-0.740727413
F372R,-0.752789609
F372S,-0.733344054
F372T,-0.618787043
F372V,-0.105144449
F372W,-0.696251519
F372Y,0.886280055
G373A,-0.123533984
G373C,-0.8611879640000001
G373D,-1.072008443
G373E,-0.032313854
G373F,-0.093403846
G373H,0.307176099
G373I,-0.828420954
G373K,-0.8722084240000001
G373L,-0.604714888
G373M,-0.272466355
G373N,0.439267815
G373P,-1.340228136
G373Q,-0.6981392829999999
G373R,-0.507719295
G373S,-0.8281531790000001
G373T,-0.817731242
G373V,-0.857222129
G373W,-0.7231502
G373Y,-1.27097881
I374A,0.208332297
I374C,0.003488544
I374D,-0.590137454
I374E,-0.511904826
I374F,-0.6873750940000001
I374G,-1.231232373
I374H,-0.915407388
I374K,-0.211963756
I374L,-0.39990953
I374M,-0.590430717
I374N,-0.8400161690000001
I374P,-0.846748941
I374Q,-0.262927952
I374R,-0.666794962
I374S,-0.8625776829999999
I374T,-0.361703419
I374V,0.254837485
I374W,-0.309961105
I374Y,-0.715353825
F375A,-1.404389759
F375C,-1.303524834
F375D,-0.639126628
F375E,-1.357780309
F375G,-0.580867728
F375H,-1.093640529
F375I,-0.630460725
F375K,-0.134269141
F375L,0.136848777
F375M,-0.388438315
F375N,-0.8788229120000001
F375P,-0.677215225
F375Q,-1.206186555
F375R,-0.736383575
F375S,-0.871196572
F375T,-0.786813202
F375V,-0.297581251
F375W,-1.050907981
F375Y,-0.199312158
S376A,-0.802627035
S376C,-0.323967935
S376D,-0.538631144
S376E,-0.786130433
S376F,0.266209905
S376G,-0.556706815
S376H,-0.203220825
S376I,-0.750205922
S376K,-0.937757532
S376L,-0.806601152
S376M,-0.314025157
S376N,-0.6455069729999999
S376P,-1.101033548
S376Q,0.156149387
S376R,-0.066709246
S376T,-0.331362839
S376V,-0.4038365920000001
S376W,-0.599133726
S376Y,-0.867565413
K379A,0.8099878159999999
K379C,-0.236169114
K379D,-0.188921354
K379E,0.406395581
K379F,1.030683425
K379G,0.369164287
K379H,0.382544515
K379I,-0.120475377
K379L,0.498707076
K379M,0.280880711
K379N,0.371517785
K379P,-0.128505209
K379Q,0.54264049
K379R,0.499606381
K379S,0.424014128
K379T,0.127135643
K379V,0.233977554
K379W,-0.029241098
K379Y,0.170152482
V380A,-0.158796613
V380C,-0.425766529
V380D,0.360641036
V380E,-0.220748207
V380F,0.6939194320000001
V380G,-0.753009873
V380H,1.138888987
V380I,-0.7860219079999999
V380K,-0.425547394
V380L,0.489980441
V380M,-0.124547675
V380N,-0.127924815
V380P,-0.686084338
V380Q,0.073398505
V380R,-0.3715363
V380S,-0.653337053
V380T,0.241003678
V380W,0.216618924
V380Y,0.211503439
L381A,0.236208199
L381C,-1.25150142
L381D,-0.857604211
L381E,-0.5883708879999999
L381F,-0.224046659
L381G,-0.510358282
L381H,-0.848157913
L381I,0.767910775
L381K,-1.482515915
L381M,-0.098753969
L381N,-0.972547148
L381P,-0.5891025289999999
L381Q,-0.793018408
L381R,-0.688574447
L381S,-0.738237061
L381T,-0.44535859
L381V,-0.126231041
L381W,-0.641493801
L381Y,-0.06019986
S382A,-0.406315197
S382C,0.200996456
S382D,-0.18925107
S382E,-0.311367409
S382F,-0.339679423
S382G,0.3446362529999999
S382H,-0.122188133
S382I,0.6984657129999999
S382K,-0.955354119
S382L,-0.161834949
S382M,0.660355754
S382N,1.453405125
S382P,-1.138867289
S382Q,0.5854415
S382R,-0.94344427
S382T,-0.016741949
S382V,0.055608429
S382W,0.21430806
S382Y,0.22108934
K383A,0.242061194
K383C,0.177556541
K383D,-0.67170262
K383E,-0.09306432
K383F,1.093003365
K383G,0.166326056
K383H,0.932260301
K383I,0.355272388
K383L,0.390825021
K383M,-0.139416678
K383N,0.163972216
K383P,-1.263655346
K383Q,-0.122868673
K383R,-0.050938228
K383S,0.21620921
K383T,0.634844555
K383V,0.195928219
K383W,-0.164859375
K383Y,1.076147623
L384A,-0.753195045
L384C,-0.898079552
L384D,-0.495342654
L384E,-0.485248365
L384F,-0.137627139
L384G,-0.923012863
L384H,0.09861012
L384I,-0.042302471
L384K,-0.883744098
L384M,-1.636966826
L384N,-0.994010704
L384P,-0.796404621
L384Q,-0.207098436
L384R,-0.993813218
L384S,-0.59445542
L384T,-0.914618749
L384V,0.390176856
L384W,-1.190493929
L384Y,-0.916637635
N385A,-0.824913652
N385C,-0.325439261
N385D,-0.060998208
N385E,-0.41412151
N385F,-0.239806964
N385G,-1.521885867
N385H,-1.150172995
N385I,-0.402106952
N385K,-0.758747278
N385L,-0.008729764
N385M,-0.121093555
N385P,-0.953071268
N385Q,-0.822829085
N385R,-0.727182785
N385S,-0.552864127
N385T,0.335489235
N385V,0.312333766
N385W,-1.167571624
N385Y,-0.817796231
M386A,-1.133756866
M386C,-0.855648891
M386D,-0.782033112
M386E,-0.506407149
M386F,-0.327381352
M386G,-1.208475739
M386H,-1.290984181
M386I,-1.114612873
M386K,-0.77092614
M386L,-0.284571803
M386N,-1.363703144
M386P,-0.98779528
M386Q,-0.754878322
M386R,-0.937977862
M386S,-0.7824443409999999
M386T,-1.19281906
M386V,-1.256280709
M386W,-0.78940848
M386Y,-0.571265189
K387A,1.194308005
K387C,0.414105364
K387D,0.214821397
K387E,0.020072218
K387F,0.76939125
K387G,1.2395051
K387H,1.259188889
K387I,-0.750952189
K387L,0.7128501309999999
K387M,0.5443594279999999
K387N,0.960944639
K387P,-1.093125673
K387Q,0.931675892
K387R,0.212911882
K387S,0.8410996040000001
K387T,0.48327526
K387V,-0.6957243479999999
K387W,-0.8322644020000001
K387Y,0.535527023
D388A,-0.746291082
D388C,-1.12820831
D388E,-0.588967776
D388F,-0.386218567
D388G,-0.845314718
D388H,-0.945164032
D388I,-0.608166828
D388K,-1.247387995
D388L,-1.06694078
D388M,-0.6984150659999999
D388N,-0.200454481
D388P,0.009042438
D388Q,-0.8062346029999999
D388R,-1.323090816
D388S,-0.567513646
D388T,-0.986744156
D388V,-1.360921241
D388W,0.136946221
D388Y,-1.435976158
N389A,-1.143322848
N389C,-1.258855503
N389D,-1.277959067
N389E,-0.920789001
N389F,-0.879568137
N389G,-0.95546764
N389H,-1.267879483
N389I,-1.103200671
N389K,-0.497382096
N389L,-0.783416955
N389M,-1.41429347
N389P,-1.410838917
N389Q,-1.048047819
N389R,-1.448045852
N389S,-0.142496365
N389T,-0.587237448
N389V,-1.003447789
N389W,-1.4744478019999998
N389Y,-0.658650116
Q390A,-0.361817618
Q390C,0.057860023
Q390D,0.372968653
Q390E,0.779208476
Q390F,-0.962991126
Q390G,-0.322291225
Q390H,-0.143417338
Q390I,-0.006134535
Q390K,-0.172568481
Q390L,0.571192795
Q390M,0.156039263
Q390N,0.448968725
Q390P,-0.031552887
Q390R,0.490622598
Q390S,0.459357935
Q390T,-0.707658729
Q390V,0.094938285
Q390W,-1.273094709
Q390Y,-0.476636596
L391A,-1.6352963930000002
L391C,-0.535841001
L391D,-0.946029038
L391E,-1.352900543
L391F,-1.076334795
L391G,-0.850517658
L391H,-0.463375221
L391I,0.008243834
L391K,-0.833551578
L391M,-0.182382846
L391N,-0.540744607
L391P,-1.3537384419999998
L391Q,-1.4479032180000002
L391R,-0.373095761
L391S,-1.027961759
L391T,-1.344443089
L391V,-0.53764974
L391W,-1.200387989
L391Y,-0.18770598
T392A,0.63433029
T392C,0.31183418
T392D,0.277872351
T392E,0.397687127
T392F,-0.176017376
T392G,0.124700975
T392H,-0.155187466
T392I,-0.717066535
T392K,-0.020063764
T392L,0.287308365
T392M,-0.558234884
T392N,0.153845934
T392P,0.089239822
T392Q,-0.247246368
T392R,0.301961408
T392S,-0.023958466
T392V,0.379853529
T392W,0.39171392
T392Y,0.271696335
S393A,-0.346428638
S393C,0.5624695670000001
S393D,0.6559535639999999
S393E,0.008649282
S393F,0.74067493
S393G,0.305850629
S393H,-0.113093324
S393I,1.240910203
S393K,-0.1758769039999999
S393L,1.763549697
S393M,0.889475206
S393N,0.045208332
S393P,-0.941507074
S393Q,-0.132147337
S393R,0.46345225
S393T,-0.189652039
S393V,-0.096184049
S393W,0.073768024
S393Y,0.042035172
L394A,-1.6172525130000002
L394C,-0.556968173
L394D,-1.7243116230000002
L394E,-1.008562631
L394F,-0.163224751
L394G,-1.172887085
L394H,-1.375644448
L394I,-0.555526133
L394K,-0.56645523
L394M,-0.252280386
L394N,-1.404863577
L394P,-0.994481734
L394Q,-0.583220235
L394R,-1.186609966
L394S,-1.124789889
L394T,-0.959593955
L394V,-0.12908563
L394W,-0.248196618
L394Y,-0.457735692
P395A,-1.113822925
P395C,-1.495295707
P395D,-1.13422209
P395E,-0.928957287
P395F,-1.212382314
P395G,-0.982991853
P395H,-1.272508672
P395I,-1.250992574
P395K,-1.446629668
P395L,-1.495629693
P395M,-1.4077683369999998
P395N,-1.556688448
P395Q,-1.755841324
P395R,-1.540352398
P395S,-0.890315929
P395T,-1.825482799
P395V,-0.7614070759999999
P395W,-1.238453715
P395Y,-1.459888105
L396A,-0.204638964
L396C,-1.054381848
L396D,-1.00216288
L396E,-0.7443800890000001
L396F,0.109822367
L396G,-0.650212944
L396H,0.107731685
L396I,-0.202760485
L396K,-1.225086018
L396M,-0.283897124
L396N,-0.857031016
L396P,-0.072289694
L396Q,-0.603871672
L396R,-0.295558106
L396S,-0.233435843
L396T,-0.157173094
L396V,-0.281040134
L396W,0.326233645
L396Y,-0.152876506
D397A,-0.365368963
D397C,-1.14759774
D397E,-0.823513362
D397F,-0.725785948
D397G,-2.073742507
D397H,-1.33304481
D397I,-0.736274255
D397K,-0.833245879
D397L,-0.975539744
D397M,-0.8113260999999999
D397N,-1.718796475
D397P,-0.717159232
D397Q,-2.091480534
D397R,-1.558160741
D397S,-1.213343578
D397T,-1.384734931
D397V,-1.11618493
D397W,-0.982089561
D397Y,-1.305280812
F398A,-0.372977137
F398C,0.131629574
F398D,-1.140447051
F398E,-1.0552562909999998
F398G,-0.969988042
F398H,-1.129357563
F398I,-0.019578219
F398K,-0.525266412
F398L,0.09216529
F398M,0.335582334
F398N,-1.231970756
F398Q,-0.977837026
F398R,-1.126871902
F398S,-0.8824498209999999
F398T,0.282107648
F398V,-0.42828924
F398W,-0.847605973
F398Y,-0.7603079690000001
G399A,-1.236095819
G399C,-0.302813097
G399D,-0.944170864
G399E,-0.8128064620000001
G399F,-0.602995733
G399H,0.129043508
G399I,-0.487426856
G399K,-0.215497291
G399L,-1.30413096
G399M,-0.141506855
G399N,-0.113873829
G399P,-0.379011874
G399Q,0.011432564
G399R,-0.34689371
G399S,0.05594929
G399T,-0.917824931
G399V,-1.11123781
G399W,-0.8726166059999999
G399Y,-0.128995361
T400A,-0.281875467
T400C,-0.344802216
T400D,-0.227562534
T400E,-0.413794449
T400F,-0.65612221
T400G,-0.990493785
T400H,-0.52934571
T400I,-0.563699001
T400K,-0.619520837
T400L,-0.469163979
T400M,-0.132929742
T400N,-0.6022388710000001
T400P,-1.248458336
T400Q,-0.073184958
T400R,-0.721469657
T400S,-0.129270565
T400V,-0.931148205
T400W,0.19519754
T400Y,-0.44302019
W401A,-0.18120654
W401C,-0.357228062
W401D,-0.893662463
W401E,-0.425808424
W401F,-1.1863650890000002
W401G,-1.072002623
W401H,-0.7825507429999999
W401I,-0.762052397
W401K,-1.72907517
W401L,-0.722375535
W401M,-0.7249801159999999
W401N,0.187725071
W401P,-0.805881492
W401Q,-0.983146618
W401R,-1.151116136
W401S,0.044512453
W401T,-0.128926235
W401V,-0.354310127
W401Y,-0.35931562
T402A,-0.245773439
T402C,0.079729998
T402D,-0.227138282
T402E,0.16271797
T402F,-0.41029515
T402G,0.247831263
T402H,0.207291368
T402I,-0.585827627
T402K,-0.261614546
T402L,0.087984765
T402M,0.917305234
T402N,-0.444121848
T402P,-0.8571296740000001
T402Q,0.268905079
T402R,-0.259314848
T402S,0.353896566
T402V,-0.128424524
T402W,0.491308114
T402Y,-0.5317393429999999
S403A,-0.317070095
S403C,0.630729026
S403D,-0.193438663
S403E,-0.470621501
S403F,0.977267933
S403G,-0.601205203
S403H,0.272516159
S403I,-0.192365945
S403K,-1.275887395
S403L,0.430229594
S403M,0.316256066
S403N,-0.026372746
S403P,0.289273349
S403Q,-0.517738204
S403R,-0.535238648
S403T,0.29547866
S403V,-0.457367136
S403W,-0.200488383
S403Y,0.02264288
M404A,-0.191502405
M404C,0.036604183
M404D,0.043025175
M404E,-1.656048979
M404F,0.642883097
M404G,-0.076938191
M404H,-0.441586549
M404I,-0.540606419
M404K,-1.294419885
M404L,-0.439302848
M404N,-1.12945843
M404P,-0.84424484
M404Q,-0.303167294
M404R,-0.877920143
M404S,-1.392072538
M404T,-0.267795239
M404V,-0.008212039
M404W,-0.8107399540000001
M404Y,-1.123147299
V405A,-0.308521601
V405C,-0.168198873
V405D,-0.923978398
V405E,-0.392817373
V405F,-0.604124773
V405G,-0.831347935
V405H,-0.407476225
V405I,-0.241355469
V405K,-0.08360527
V405L,0.185312206
V405M,-0.443971063
V405N,-0.253288748
V405P,-1.089372001
V405Q,-0.382812177
V405R,0.318106752
V405S,0.023166834
V405T,-0.4147388320000001
V405W,0.44499335
V405Y,0.144677574
E406A,-0.538999648
E406C,-1.198122371
E406D,0.144975161
E406F,-1.012321632
E406G,-0.712703561
E406H,0.045067578
E406I,-0.256268374
E406K,-1.0103386
E406L,-1.07423739
E406M,-0.517594424
E406N,-0.383967016
E406P,-1.393708502
E406Q,-0.731338788
E406R,-0.7398982
E406S,-1.248133946
E406T,-1.044026515
E406V,-1.018089186
E406W,-0.561523223
E406Y,-1.306735363
L407A,0.121865427
L407C,0.950353297
L407D,-0.878415134
L407E,-0.452900124
L407F,-0.402748907
L407G,-0.7261041570000001
L407H,-0.093148022
L407I,0.859486165
L407K,-1.027719801
L407M,-0.665207646
L407N,-0.5145146310000001
L407P,-0.090384024
L407Q,-0.784453817
L407R,-0.997096118
L407S,-0.342731695
L407T,-1.200575095
L407V,0.267034225
L407W,-1.4349943269999998
L407Y,-0.329202465
N408A,-0.307702858
N408C,-0.0778647609999999
N408D,0.445158702
N408E,-0.675729418
N408F,-0.100071178
N408G,-0.580610831
N408H,-0.195713553
N408I,-0.260970145
N408K,-0.233858848
N408L,-0.692417422
N408M,-0.436750986
N408P,-0.114298045
N408Q,-0.767234018
N408R,-1.177627495
N408S,-0.279723583
N408T,-0.6547420970000001
N408V,0.097991034
N408W,-0.737214287
N408Y,-0.157269662
L409A,-0.238815394
L409C,-0.389548204
L409D,-1.6053719380000002
L409E,-1.14004582
L409F,-0.3791946470000001
L409G,-1.199194389
L409H,-0.8261606459999999
L409I,-0.581275849
L409K,-0.449891443
L409M,-0.032514017
L409N,-1.281758219
L409P,-0.269766084
L409Q,-1.352916114
L409R,-0.962718787
L409S,-0.8401136370000001
L409T,-1.179439169
L409V,-0.006498103
L409W,-0.57932475
L409Y,-1.18891653
A410C,0.436195893
A410D,1.323266865
A410E,1.020795106
A410F,-1.6284924790000002
A410G,0.207882682
A410H,-0.525356632
A410I,-0.96291044
A410K,-0.892510308
A410L,-1.168821572
A410M,0.028090495
A410N,0.014615005
A410P,-0.441175848
A410Q,-0.003707219
A410R,-1.232348901
A410S,0.69119124
A410T,-0.248608042
A410V,-1.111275105
A410W,-1.112827709
A410Y,-0.6422244429999999
T411A,0.973119109
T411C,1.671438938
T411D,0.998652307
T411E,0.890571841
T411F,1.32891509
T411G,1.817041323
T411H,-0.009103015
T411I,1.421884136
T411K,-0.94692826
T411L,1.115029261
T411M,1.205947034
T411N,1.274171137
T411P,-1.179635755
T411Q,1.300722834
T411R,-1.025222267
T411S,1.194959398
T411V,0.8843304909999999
T411W,2.165398507
T411Y,0.8517033279999999
N412A,-0.972852435
N412C,-0.958320323
N412D,-1.534492461
N412E,-1.386361931
N412F,-1.421747183
N412G,-1.33613788
N412H,-0.832157898
N412I,-1.295710051
N412K,-0.970137518
N412L,-0.953474761
N412M,-1.335160918
N412P,0.004086109
N412Q,-1.163327029
N412R,-0.92222638
N412S,-1.028607947
N412T,-0.995826378
N412V,-0.8573176509999999
N412W,-0.7432452620000001
N412Y,-0.679357062
Q413A,-1.012768146
Q413C,-1.177738409
Q413D,0.749466913
Q413E,1.105034314
Q413F,0.414086838
Q413G,-0.49848493
Q413H,-0.141874984
Q413I,-0.436172833
Q413K,0.635460716
Q413L,0.651649342
Q413M,-0.752970615
Q413N,0.448894122
Q413P,-0.924076834
Q413R,0.004986534
Q413S,0.57187333
Q413T,-0.069072687
Q413V,0.777248135
Q413W,-0.856879548
Q413Y,0.67694244
L414A,-1.273720394
L414C,-0.951477763
L414D,-1.523729413
L414E,-1.630267312
L414F,0.563657125
L414G,-1.248302969
L414H,-0.657152751
L414I,0.401880586
L414K,-1.511740667
L414M,-0.7794555000000001
L414N,-1.416567886
L414P,-1.014285704
L414Q,-1.878078937
L414R,-0.84079065
L414S,-1.162509135
L414T,-1.317831787
L414V,-0.253020839
L414W,-0.681796862
L414Y,-1.259565777
T415A,0.231082322
T415C,0.406522262
T415D,0.536446172
T415E,0.671944007
T415F,1.049078528
T415G,0.206645584
T415H,0.187830752
T415I,-0.412640537
T415K,0.037687525
T415L,0.917724784
T415M,0.211743817
T415N,0.359503688
T415P,0.042063162
T415Q,0.175806586
T415R,-0.057980035
T415S,0.5705331929999999
T415V,0.101808277
T415W,-0.022097721
T415Y,0.331230278
K416A,-0.190487708
K416C,1.014372066
K416D,-0.24311245
K416E,-0.122640255
K416F,0.441463655
K416G,0.544581755
K416H,0.588251721
K416I,0.306327729
K416L,0.079957791
K416M,-0.73223258
K416N,-0.6924629729999999
K416P,-1.0673212
K416Q,0.31402026
K416R,-0.4613706520000001
K416S,0.6652226
K416T,0.042142593
K416V,0.368701822
K416Y,0.036137929
I417A,-1.019890189
I417C,-0.17025709
I417D,-1.278113609
I417E,-0.560611024
I417F,-0.616656424
I417G,-1.471610255
I417H,-0.7074062990000001
I417K,-1.218704186
I417L,-0.224394664
I417M,-0.114913216
I417N,-0.582716624
I417P,-0.9182886999999998
I417Q,-0.904853167
I417R,-1.024760387
I417S,-0.711782259
I417T,-0.928847148
I417V,0.113361317
I417W,-0.931303918
I417Y,-0.8893845309999999
P418A,-0.209978353
P418C,-0.7163392209999999
P418D,-0.109298782
P418E,-0.145553972
P418F,-0.668571015
P418G,-0.215714106
P418H,0.290329745
P418I,-1.524535096
P418K,-0.217108687
P418L,-0.6139456329999999
P418M,-0.544710833
P418N,0.245002441
P418Q,-0.018826287
P418R,-0.7090813420000001
P418S,0.207305995
P418T,-0.242474247
P418V,-0.253177203
P418W,-0.935538087
P418Y,0.324691284
E419A,-0.046619227
E419C,0.003088119
E419D,-0.208382937
E419F,-1.0760275190000002
E419G,-1.462470062
E419H,0.022813624
E419I,-1.412821268
E419K,0.154694086
E419L,-0.906407839
E419M,-0.7025517920000001
E419N,-0.413640369
E419P,-0.219609583
E419Q,-0.109420215
E419R,-0.184622202
E419S,-0.641706627
E419T,-0.6906649309999999
E419V,-1.00328145
E419W,-0.643221963
E419Y,-0.6373057329999999
D420A,-0.125007229
D420C,-0.639505591
D420E,0.136831139
D420F,-1.2591155790000002
D420G,-0.1777720239999999
D420H,-0.090554596
D420I,-1.044215225
D420K,-0.510692178
D420L,-0.952476511
D420M,-0.874808657
D420N,-0.393713215
D420P,-0.6108652520000001
D420Q,-0.981743776
D420R,-0.77324959
D420S,0.193373944
D420T,-0.54131285
D420V,-0.907381667
D420W,-0.899715539
D420Y,-0.8436737
V421A,-1.005237133
V421C,-0.031840179
V421D,-0.954539274
V421E,-1.404840865
V421F,-0.600238025
V421G,-0.752132265
V421H,-1.068666307
V421I,0.136890159
V421K,-1.357072886
V421L,0.268715815
V421M,-0.610845017
V421N,-1.6681157869999998
V421Q,-1.596759305
V421R,-0.8580265840000001
V421S,-0.504072697
V421T,-0.47102654
V421W,-0.481419023
V421Y,-0.764786152
S422A,0.033857732
S422C,-0.002142092
S422D,-0.219274125
S422E,-0.229307418
S422F,-1.071753831
S422G,-0.098216301
S422H,-0.355040245
S422I,-0.4816711320000001
S422K,-0.502353835
S422L,-0.205525186
S422M,-0.289916844
S422N,0.31028593
S422P,-0.7141177190000001
S422Q,0.031577748
S422R,-0.196657418
S422T,0.090726875
S422V,-0.402591874
S422W,-0.514916331
S422Y,-0.209006874
G423A,-0.189976695
G423C,0.370908419
G423D,-0.783777823
G423E,-0.322617154
G423F,-0.605268537
G423H,-0.244298047
G423I,-0.983038347
G423K,-0.385063139
G423L,-0.5139134710000001
G423M,-0.144643147
G423N,0.36919854
G423P,-0.437304725
G423Q,-0.571367001
G423R,0.192734341
G423S,0.532913624
G423T,-0.436394105
G423V,-1.280963452
G423W,1.022729934
G423Y,-0.379545836
L424A,-0.426753125
L424C,-0.246377857
L424D,-0.906866535
L424E,-0.427901737
L424F,-1.12228799
L424G,-0.680454351
L424H,-1.4350604530000002
L424I,0.1418716119999999
L424K,-0.940010452
L424M,-0.05870428
L424N,-0.477446169
L424P,-1.471925823
L424Q,-0.6134189
L424R,-0.649706632
L424S,-1.08602387
L424T,-0.355151939
L424V,0.108185332
L424W,-0.474209106
L424Y,-0.97356757
V425A,-0.232426729
V425C,-0.599500011
V425D,0.472896715
V425E,0.468465266
V425F,-0.155275067
V425G,-0.684702831
V425H,-0.203206196
V425I,-0.297503509
V425K,-0.641501697
V425L,-0.1960595
V425M,0.192036288
V425N,-0.552647785
V425P,-0.5132494870000001
V425Q,-0.201654333
V425R,-1.217373803
V425S,-0.078968164
V425T,0.44981145
V425W,-0.059217275
V425Y,-0.6999836079999999
S426A,-0.298875966
S426C,-0.157421619
S426D,0.213645489
S426E,-0.399029312
S426F,-0.665348445
S426G,-0.203813438
S426H,-0.7876578329999999
S426I,0.254130079
S426K,0.033483829
S426L,-0.4343108120000001
S426M,-0.029457721
S426N,0.042691583
S426P,-0.291858636
S426Q,-0.019443656
S426R,-0.642010365
S426T,-0.357352148
S426V,0.630115544
S426W,0.045833724
S426Y,-0.171312708
L427A,-0.719654019
L427C,-0.326157661
L427D,-1.274367043
L427E,-1.104722844
L427F,-1.061359219
L427G,-0.62805848
L427H,-0.6803324540000001
L427I,0.313025187
L427K,-0.69979443
L427M,-0.301059887
L427N,-0.542262453
L427P,-1.344317689
L427Q,-0.342250692
L427R,-0.304492463
L427S,-1.189348486
L427T,-0.152096566
L427V,0.0947211
L427W,-1.027992436
L427Y,-0.378475178
E428A,0.951306023
E428C,-0.096902278
E428D,0.405248226
E428F,-0.089541099
E428G,-0.550828481
E428H,0.435602586
E428I,0.23134194
E428K,-0.349499459
E428L,0.058559988
E428M,0.40718205
E428N,0.6034118589999999
E428P,-1.038399682
E428Q,0.049160913
E428R,0.143241816
E428S,0.561333294
E428T,0.65142294
E428V,0.2684615
E428W,-0.296785541
E428Y,0.285407914
V429A,-0.096228104
V429C,-0.297437985
V429D,-0.939916712
V429E,-0.049631242
V429F,0.173265506
V429G,-0.199645923
V429H,-0.446548467
V429I,-0.329487795
V429K,-0.464102064
V429L,-0.260713526
V429M,0.108325539
V429N,-0.436246983
V429P,-1.000518348
V429Q,0.353969176
V429R,-0.588210522
V429S,-0.272563555
V429T,-0.290812313
V429W,-0.018527869
V429Y,-0.408453666
L430A,-0.994420888
L430C,-0.204355304
L430D,-0.981215901
L430E,-1.3154035240000002
L430F,-0.193064681
L430G,-0.627523649
L430H,-0.5990796079999999
L430I,0.106885348
L430K,-0.912819688
L430M,0.956505526
L430N,-0.052591628
L430P,-0.610508213
L430Q,-0.410954885
L430R,-1.460425962
L430S,-0.8728664070000001
L430T,-1.248371828
L430V,0.21563137
L430W,0.125848411
L430Y,-1.268747912
I431A,0.40486072
I431C,-0.162424053
I431D,0.869426804
I431E,0.342289269
I431F,0.85944515
I431G,0.314595886
I431H,-0.456145673
I431K,0.18152403
I431L,0.16956592
I431M,0.027935992
I431N,0.508549465
I431P,-1.108714872
I431Q,0.246735034
I431R,-0.986592225
I431S,0.002200312
I431T,-0.490767565
I431V,-0.04423114
I431W,0.485936916
I431Y,0.049396726
L432A,-0.018070781
L432C,-0.444736485
L432D,-0.7226719309999999
L432E,-1.5940102180000002
L432F,-0.116800957
L432G,-0.33982761
L432H,-1.6663210380000002
L432I,-0.798735821
L432K,-1.217534296
L432M,0.267760895
L432N,-0.984001422
L432P,-1.301466095
L432Q,-1.298047659
L432R,-2.073205946
L432S,-0.60364631
L432T,-0.531821831
L432V,-0.135273884
L432W,-0.887450781
L432Y,-0.376396398
S433A,-0.007746564
S433C,-0.4203965220000001
S433D,0.298634636
S433E,1.495971711
S433F,-1.036668015
S433G,0.321942578
S433H,-0.27503049
S433I,-0.583655527
S433K,-1.6437115219999998
S433L,-0.519090421
S433M,-0.492166285
S433N,0.503761696
S433P,-0.915908873
S433Q,-0.139284189
S433R,-1.036781421
S433T,-0.163971546
S433V,-0.429434048
S433W,-0.398674715
S433Y,-0.136013204
N434A,0.681730394
N434C,0.884578662
N434D,2.3998446
N434E,1.364130407
N434F,0.536086426
N434G,1.105447396
N434H,0.902144159
N434I,0.146811775
N434K,-0.5909234520000001
N434L,0.275398434
N434M,1.182356158
N434P,-0.567680715
N434Q,0.44139243
N434R,-1.620755462
N434S,1.2923104
N434T,0.215810678
N434V,-0.142284941
N434W,0.389883911
N434Y,0.371075289
N435A,-1.348390222
N435C,-0.27044674
N435D,-1.337472496
N435E,-1.065570667
N435F,-0.374244606
N435G,-0.393778969
N435H,-1.332965001
N435I,-1.620215265
N435K,-1.4363203219999998
N435L,-0.952663949
N435M,-1.052816377
N435P,-1.07422173
N435Q,-0.7288861409999999
N435R,-0.003577781
N435S,-1.466749286
N435T,-1.141050228
N435V,-1.191877626
N435W,-0.982103436
N435Y,-0.53669863
L436A,-0.357713162
L436C,-0.045437819
L436D,0.6283694160000001
L436E,0.356650096
L436F,0.351717305
L436G,-0.09270099
L436H,0.117920352
L436I,-0.318551371
L436K,-0.7019036040000001
L436M,-0.037105977
L436N,0.521398876
L436P,0.37922352
L436Q,-0.002964002
L436R,-0.097466332
L436S,-0.207252963
L436T,0.158599866
L436V,-0.143014874
L436W,-0.150726436
L436Y,0.0842368209999999
L437A,-0.225600972
L437C,-0.383741445
L437D,-0.51747463
L437E,-0.762474263
L437F,-0.134606974
L437G,-0.177032496
L437H,-0.158487264
L437I,0.31185608
L437K,-0.622140906
L437M,0.495548943
L437N,-0.705328497
L437P,-0.858326583
L437Q,-0.34042491
L437R,-0.811190313
L437S,-0.605033031
L437T,-0.021757602
L437V,0.379876031
L437W,-0.899666361
L437Y,-0.954661979
K438A,-0.101735827
K438C,1.191467017
K438D,0.382800538
K438E,0.244500328
K438F,0.233552297
K438G,0.206632141
K438H,0.053896142
K438I,0.132377162
K438L,0.336883989
K438M,-0.03037793
K438N,0.379057504
K438P,0.327782101
K438Q,-0.075127214
K438R,-0.137740803
K438S,-0.062605193
K438T,-0.116626789
K438V,-0.212235186
K438W,-0.233137281
K438Y,-0.043721457
K439A,-0.037951468
K439C,0.241825453
K439D,0.029250555
K439E,0.023344364
K439F,0.409200961
K439G,0.002256757
K439H,0.7933194
K439I,0.145797251
K439L,-0.142739796
K439M,-0.346576577
K439N,-0.391366905
K439P,-0.481468164
K439Q,-0.015516365
K439R,-0.582691325
K439S,-0.327398883
K439T,0.002476976
K439V,0.110654958
K439W,-0.351111501
K439Y,-0.056436481
L440A,-0.7287173020000001
L440C,-0.970809079
L440D,-0.791666867
L440E,-0.905078439
L440F,-0.634009531
L440G,-0.953867826
L440H,-1.052468472
L440I,-0.115244336
L440K,-1.326274167
L440M,-0.573199308
L440N,-1.343025515
L440P,-0.617254093
L440Q,-0.911857804
L440R,-1.465598318
L440S,-0.918439135
L440T,-0.488330714
L440V,-0.6021781979999999
L440W,-0.4158013
L440Y,-0.934246173
P441A,0.236933609
P441C,-0.004334448
P441D,-0.689399768
P441E,-1.059522871
P441F,-1.51155479
P441G,-0.523451246
P441H,-1.088365027
P441I,-1.57155812
P441K,-1.136368827
P441L,-1.211418632
P441M,-0.813785903
P441N,0.150530344
P441Q,-0.709613395
P441R,-0.504200487
P441S,-0.7694080190000001
P441T,-0.654569575
P441V,-0.830419127
P441W,-0.186904999
P441Y,-0.86365558
H442A,-0.656010358
H442C,0.289869223
H442D,-0.262100235
H442E,0.323932554
H442F,0.929225092
H442G,-0.144573866
H442I,-0.089482386
H442K,0.370778271
H442L,-0.526118169
H442M,-0.404996876
H442N,0.283629698
H442P,-0.244109678
H442Q,0.619410208
H442R,0.598732157
H442S,0.42854409
H442T,-0.198604338
H442V,-0.241576395
H442W,-0.289996127
H442Y,-0.440986574
G443A,-0.264393853
G443C,-0.115205176
G443D,-0.635979571
G443E,-0.452187894
G443F,-1.69177001
G443H,0.288663114
G443I,-0.462888117
G443K,-0.056567343
G443L,-0.394100832
G443M,-0.341261854
G443N,-0.189961882
G443P,0.10226965
G443Q,0.528426022
G443R,-0.058413918
G443S,0.336727297
G443T,-0.009354543
G443V,-0.564414719
G443W,-1.726517294
G443Y,-0.123053209
L444A,-0.437908876
L444C,-0.137432713
L444D,-0.940690602
L444E,-1.131849078
L444F,0.417042249
L444G,-0.606959879
L444H,-0.472119691
L444I,-0.473049512
L444K,-0.837681303
L444M,-0.100436306
L444N,-0.863691729
L444P,-1.492082851
L444Q,-1.242974403
L444R,-1.052858669
L444S,-0.025940392
L444T,-0.183933991
L444V,-0.246354416
L444W,-0.624933645
L444Y,0.021063145
G445A,0.319773759
G445C,-0.07833736
G445D,-0.185698481
G445E,-0.6047333810000001
G445F,-0.378221553
G445H,-0.31328594
G445I,-0.371544248
G445K,0.161626381
G445L,0.024528474
G445M,0.205727957
G445N,0.324803855
G445P,-0.034135114
G445Q,-0.5617511
G445R,-0.112241683
G445S,-0.184553021
G445T,-0.165660181
G445V,-0.342755704
G445W,-0.212586503
G445Y,0.184429349
N446A,-0.409214549
N446C,0.362111379
N446D,-0.238124059
N446E,-0.6068400629999999
N446F,0.256344693
N446G,-0.382344793
N446H,-0.294045714
N446I,-0.291797482
N446K,-0.9001165109999999
N446L,-0.389121459
N446M,0.355903331
N446P,-0.208624504
N446Q,-0.439792822
N446R,0.281774974
N446S,-0.058628126
N446T,0.229350309
N446V,-0.040799005
N446W,-0.561515432
N446Y,0.710086021
L447A,-0.718684835
L447C,-0.245217875
L447D,0.355019345
L447E,-0.866884216
L447F,-0.1557921669999999
L447G,-0.799111351
L447H,-0.307261216
L447I,-0.663866678
L447K,-1.216416287
L447M,-0.215092827
L447N,0.33724173
L447P,-1.02875471
L447Q,-0.297140478
L447R,-0.919611466
L447S,0.045946297
L447T,0.511123832
L447V,-0.04478098
L447W,-0.389232758
L447Y,-0.253131787
R448A,0.146200524
R448C,-0.561390992
R448D,-0.094429578
R448E,0.7878774409999999
R448F,0.770396443
R448G,0.272033273
R448H,0.210933408
R448I,0.384692204
R448K,-0.883774622
R448L,-0.072302891
R448M,-0.473494534
R448N,-0.5274628929999999
R448P,0.6463541620000001
R448Q,-0.7879773929999999
R448S,-0.308360281
R448T,0.445954747
R448V,0.2427158
R448W,-0.302857345
R448Y,-0.454370813
K449A,0.076672213
K449C,0.080888253
K449D,-0.915348394
K449E,-0.357374792
K449F,0.165349647
K449G,0.402042231
K449H,-0.502945416
K449I,-0.261904114
K449L,-0.6941913190000001
K449M,-0.519063808
K449N,-0.674341528
K449P,-0.322543512
K449Q,0.098986165
K449R,-0.542169291
K449S,-0.688489797
K449T,0.06013112
K449V,0.236204299
K449W,-0.87048434
K449Y,-0.394174496
L450A,-0.333993675
L450C,-0.133188736
L450D,-0.653434661
L450E,-1.1004387409999998
L450F,-0.838159642
L450G,-0.835352645
L450H,-0.56218274
L450I,-0.714537436
L450K,-0.832114386
L450M,1.010016238
L450N,-0.5155951679999999
L450P,-1.19283243
L450Q,-0.554675726
L450R,-0.959765816
L450S,-0.6557813570000001
L450T,-1.194040606
L450V,-0.197883161
L450W,-0.792256449
L450Y,-0.7638182570000001
R451A,0.151222389
R451C,0.059553575
R451D,0.0625274609999999
R451E,-0.545333999
R451F,-0.470624913
R451G,-0.203346316
R451H,-0.32278738
R451I,-0.017393442
R451K,0.209056595
R451L,-0.274880631
R451M,-0.526046082
R451N,-0.762584404
R451P,-0.819485235
R451Q,0.323597248
R451S,-0.12479628
R451T,-0.361489359
R451V,0.030230551
R451W,0.3395143779999999
R451Y,-0.410806582
E452A,-0.27803775
E452C,-0.456270415
E452D,-0.753577195
E452F,0.426596608
E452G,-0.480068453
E452H,-0.065533302
E452I,-0.097664345
E452K,-0.641240835
E452L,-0.336499552
E452M,-0.436436928
E452N,-0.033944616
E452P,-1.071229131
E452Q,0.17316741
E452R,-0.547310585
E452S,-0.321391822
E452T,0.338228525
E452V,-0.498293199
E452W,-0.198978493
E452Y,-0.258033266
L453A,-0.198625686
L453C,0.081391972
L453D,-0.712575273
L453E,-0.8959652490000001
L453F,0.018476917
L453G,-0.649384775
L453H,-1.251622243
L453I,0.625009328
L453K,-1.08220571
L453M,-0.416518109
L453N,-1.413007326
L453P,-1.298568531
L453Q,-0.55578799
L453R,-1.110335421
L453S,-0.322678249
L453T,0.074082255
L453V,0.104190089
L453W,-0.8929532809999999
L453Y,-0.414081599
D454A,-1.7420569380000002
D454C,-1.138426022
D454E,-0.298939938
D454F,-1.024863928
D454G,-0.828069603
D454H,-0.506238881
D454I,-0.778210808
D454K,-1.079674773
D454L,-0.6364263720000001
D454M,-0.337679078
D454N,-0.481930315
D454P,-0.595442769
D454Q,-1.302953567
D454R,-0.591039988
D454S,-1.301678122
D454T,-0.670274423
D454V,-0.968835692
D454W,-0.840355005
D454Y,-0.330424392
L455A,-0.292627488
L455C,0.057012242
L455D,-0.8931987509999999
L455E,-1.192425837
L455F,-0.01886551
L455G,0.09258094
L455H,-1.332078378
L455I,-0.259759115
L455K,-1.191444124
L455M,0.185647012
L455N,-0.469574858
L455Q,-1.002215194
L455R,-1.195568754
L455S,0.139812472
L455T,-0.151142589
L455V,0.155451483
L455W,-1.070008726
L455Y,-0.739924413
E456A,-1.610547311
E456C,-0.773121106
E456D,-1.168391871
E456F,-0.899915696
E456G,-0.8949657259999999
E456H,-1.33823119
E456I,-1.690521226
E456K,-1.091713227
E456L,-0.902372896
E456M,-0.517752408
E456N,-1.269262436
E456P,-0.540289135
E456Q,-0.937046414
E456R,-0.8516857959999999
E456S,-0.8732321559999999
E456T,-0.704859505
E456V,-0.983166188
E456W,-0.919084825
E456Y,-0.502222712
E457A,-0.485278744
E457C,-0.0306393
E457D,0.241145205
E457F,-0.421316914
E457G,-1.691587444
E457H,-0.8285877290000001
E457I,-0.357967903
E457K,-1.5842549
E457L,-0.223157282
E457M,-1.732059164
E457N,-0.629062245
E457P,-1.621730127
E457Q,-1.209008828
E457R,-1.4253666130000002
E457S,-0.382345511
E457T,-0.075968703
E457V,-0.500729322
E457W,-0.340411357
E457Y,-0.09523853
N458A,-1.231819573
N458C,-0.628572796
N458D,-0.93282031
N458E,-1.57065499
N458F,-1.177943769
N458G,-0.7006844179999999
N458H,-1.860087728
N458I,-1.277146152
N458K,-1.0910122
N458L,-0.673191491
N458M,-0.344136391
N458P,-1.200038812
N458Q,-0.913256864
N458R,-1.100472996
N458S,-0.560164481
N458T,-0.206318249
N458V,-0.36152992
N458W,-0.713483141
N458Y,-1.357608375
K459A,-0.063231989
K459C,0.459656464
K459D,-0.279371228
K459E,-0.087595069
K459F,-0.350041177
K459G,-0.149784904
K459H,0.58406061
K459I,-0.106374721
K459L,-0.595996979
K459M,-0.6342331520000001
K459N,0.522701016
K459P,0.7967308759999999
K459Q,0.084651498
K459R,0.360955898
K459S,-0.541694815
K459T,-0.098133209
K459V,-0.341412757
K459W,-0.082868026
K459Y,0.024282749
L460A,-0.083591283
L460C,0.140155998
L460D,-0.987038238
L460E,-0.8946311440000001
L460F,-0.762894878
L460G,-1.308678121
L460H,-1.04632043
L460I,-0.3404595
L460K,-1.4259695490000002
L460M,-0.8071711579999999
L460N,-0.543624525
L460P,-0.570110424
L460Q,-1.123519167
L460R,-0.727479689
L460S,-1.158338979
L460T,-0.076762205
L460V,-0.288838732
L460W,-1.244694324
L460Y,-0.752992861
E461A,0.543872562
E461C,0.209965021
E461D,-0.232697773
E461F,0.01259596
E461G,-0.672604768
E461H,0.364429091
E461I,0.399472962
E461K,0.188065198
E461L,0.4141595
E461M,0.169822223
E461N,-0.198676034
E461P,-0.289356458
E461Q,0.084642274
E461R,0.175436503
E461S,-0.144171349
E461T,0.233570629
E461V,0.669841864
E461W,-0.971569311
E461Y,-0.410247941
S462A,0.877967374
S462C,-0.463848061
S462D,-0.085325947
S462E,-0.441200706
S462F,-0.311437595
S462G,0.402819314
S462H,-0.772003898
S462I,-0.340909626
S462K,0.498480787
S462L,0.389158008
S462M,0.06259247
S462N,1.186263959
S462P,-0.583071834
S462Q,0.405223227
S462R,0.449427652
S462T,-0.214648588
S462V,0.239831528
S462W,-0.339351811
S462Y,-0.111354238
L463A,-0.623940139
L463C,0.033343904
L463D,-1.478081063
L463E,-1.736125541
L463F,-0.515022025
L463G,-1.074519287
L463H,-1.412355363
L463I,0.332436863
L463K,-1.543365704
L463M,-0.366156144
L463N,-0.6393133520000001
L463P,-0.486859007
L463Q,-0.421641392
L463R,-0.781420896
L463S,-0.614333099
L463T,-0.436165253
L463V,-0.456202688
L463W,-1.053720749
L463Y,-0.7438232020000001
P464A,-0.5635713920000001
P464C,0.082964066
P464D,-0.497263246
P464E,-0.300701128
P464F,-0.427192533
P464G,0.03737785
P464H,0.087184248
P464I,-0.421107596
P464K,0.109490122
P464L,-0.653658031
P464M,-0.634506075
P464N,-0.618244324
P464Q,-0.24496947
P464R,-0.448723011
P464S,-0.582686965
P464T,-1.28365017
P464V,0.014749614
P464W,-0.077627816
P464Y,-0.3695631
N465A,-0.353109319
N465C,-0.999213162
N465D,-0.721343913
N465E,0.15372638
N465F,-0.383744313
N465G,0.39913304
N465H,-0.598494442
N465I,-0.724620893
N465K,-0.526955427
N465L,0.330795448
N465M,-0.442019859
N465P,0.060464251
N465Q,-0.572636282
N465R,-0.300494427
N465S,-0.673178781
N465T,-0.461525839
N465V,-0.255653225
N465W,-1.108932328
N465Y,0.110077282
E466A,0.521718506
E466C,0.18097225
E466D,-0.105669627
E466F,-0.198433562
E466G,0.72091956
E466H,0.061020521
E466I,0.087574352
E466K,0.0089334769999999
E466L,0.267649039
E466M,-0.035459054
E466N,-0.679197747
E466P,0.117906598
E466Q,0.28480507
E466R,-0.5216236879999999
E466S,-0.553881092
E466T,0.426447485
E466V,0.537746018
E466W,-0.102759292
E466Y,0.608401943
I467A,-0.512487085
I467C,-0.466001776
I467D,-0.650779922
I467E,-1.025221325
I467F,0.429740991
I467G,-0.57752957
I467H,-0.043960848
I467K,-1.268215622
I467L,0.008364733
I467M,-0.520033607
I467N,-0.212543034
I467P,-0.21816421
I467Q,-0.041575718
I467R,-1.041269123
I467S,-0.0017418689999999
I467T,-0.055229161
I467V,-0.085436476
I467W,-0.018213847
I467Y,-0.208829145
A468C,-0.367389983
A468D,-0.4485916170000001
A468E,0.131610728
A468F,0.241085905
A468G,-0.897987967
A468H,-0.299143278
A468I,-0.183464202
A468K,-0.141077563
A468L,-0.7668900609999999
A468M,-0.612658347
A468N,-0.135270131
A468P,-0.910828083
A468Q,-0.001067899
A468R,0.407795681
A468S,-0.260755059
A468T,-0.01305674
A468V,-0.410836949
A468W,-0.528492515
A468Y,-1.173234664
Y469A,-0.27958495
Y469C,-0.493855127
Y469D,-0.379937407
Y469E,-1.399341718
Y469F,-0.207080002
Y469G,-0.15475778
Y469H,-0.192634907
Y469I,-0.51593984
Y469K,-0.7782514140000001
Y469L,-0.681608652
Y469M,-0.050381851
Y469N,-0.040836144
Y469P,0.0712941709999999
Y469Q,-0.346424178
Y469R,0.329866434
Y469S,-0.6784873459999999
Y469T,-0.23657265
Y469V,-0.734420194
Y469W,-0.020683747
L470A,0.393659203
L470C,-0.051050427
L470D,-0.191815832
L470E,-0.228762876
L470F,-0.13824111
L470G,0.282061743
L470H,-0.163822037
L470I,-0.079721962
L470K,0.386636142
L470M,0.038739388
L470N,0.194576776
L470P,0.383256355
L470Q,-0.157134351
L470R,-0.484548858
L470S,-0.448194248
L470T,-0.331162915
L470V,0.070724078
L470W,0.1688203439999999
L470Y,-0.205550411
K471A,0.02968108
K471C,0.263782297
K471D,0.378348158
K471E,-0.404177768
K471F,0.6129260529999999
K471G,-0.095483618
K471H,1.0027187709999998
K471I,-0.403095055
K471L,0.628604287
K471M,-0.251313163
K471N,-0.6405675239999999
K471P,-0.164360663
K471Q,-0.076420556
K471R,0.013542573
K471S,0.7185452790000001
K471T,0.237174011
K471V,0.423991599
K471W,0.267110759
K471Y,0.523939645
D472A,0.125997358
D472C,-0.730197645
D472E,-0.022608152
D472F,-0.219768907
D472G,-0.259269862
D472H,-0.6587232470000001
D472I,-0.58998893
D472K,-0.068471095
D472L,-0.7416396040000001
D472M,0.110168716
D472N,-0.303428735
D472P,-0.108415105
D472Q,-0.015173749
D472R,-0.474532691
D472S,-0.362199266
D472T,0.638506239
D472V,-0.236874569
D472W,0.411299119
D472Y,-0.8751551559999999
L473A,0.8939911420000001
L473C,-0.249150425
L473D,-0.53856379
L473E,-0.863667657
L473F,-0.145314191
L473G,-0.608676192
L473H,0.132938699
L473I,0.341913871
L473K,-0.796090787
L473M,-0.479282482
L473N,-0.422800961
L473Q,0.023968791
L473R,-1.760779465
L473S,-0.105514056
L473T,0.155156608
L473V,-0.633145635
L473W,-1.484426406
L473Y,-1.628399315
Q474A,-0.596758173
Q474C,-0.537338667
Q474D,-0.277979585
Q474E,-0.128455394
Q474F,-0.3145703
Q474G,0.142631593
Q474H,0.183711516
Q474I,-0.4532038370000001
Q474K,0.409578581
Q474L,-0.984836248
Q474M,-0.304090371
Q474N,0.106235978
Q474P,-0.329512716
Q474R,-0.308544994
Q474S,0.048271492
Q474T,-0.372357261
Q474V,-0.085470584
Q474W,-0.7897169059999999
Q474Y,-0.30165318
K475A,0.180623428
K475C,-0.711051752
K475D,-0.335166385
K475E,-0.248876902
K475F,-0.872850365
K475G,-0.581204387
K475H,-0.977227432
K475I,-0.333307111
K475L,-0.10651182
K475M,0.253421285
K475N,0.214117106
K475P,-0.8434816279999999
K475Q,-0.313323426
K475R,-0.167334785
K475S,0.394759223
K475T,-0.510744752
K475V,-1.165166704
K475W,-0.299222772
K475Y,-0.916206225
L476A,0.206208757
L476C,-0.055431168
L476D,-1.752209321
L476E,-0.816584871
L476F,0.154600018
L476G,-0.003979583
L476H,-0.532679208
L476I,-0.133675694
L476K,-0.200965775
L476M,-0.734746413
L476N,-0.309154854
L476P,-1.031880104
L476Q,-0.502119832
L476R,-1.344393884
L476S,0.137334677
L476T,-0.432637255
L476V,0.22692057
L476W,-0.184362207
L476Y,-0.201594895
V477A,-0.043308506
V477C,-0.282479259
V477D,-0.246826891
V477E,0.127511208
V477F,-0.270111925
V477G,-0.487537384
V477H,-0.271449278
V477I,-0.715524044
V477K,-0.451980113
V477L,0.464580672
V477M,-0.234239985
V477N,-0.366439217
V477P,0.24453022
V477Q,0.270694526
V477R,-0.06071131
V477S,-0.5035758610000001
V477T,0.057826831
V477W,0.09481283
V477Y,-0.265305523
L478A,-0.330689556
L478C,-0.332850424
L478D,-1.1956857090000002
L478E,-0.759718601
L478F,-0.279752635
L478G,-0.553826478
L478H,-0.385155456
L478I,-0.708225775
L478K,-1.021888322
L478M,-1.043112928
L478N,-0.367066883
L478P,-0.940711888
L478Q,-0.595832429
L478R,-1.234111228
L478S,0.09893951
L478T,-0.399343
L478V,0.35114484
L478W,-0.917601627
L478Y,-0.01927579
T479A,-0.250365438
T479C,-0.370151519
T479D,-0.504448638
T479E,0.012261021
T479F,0.41305217
T479G,0.309966169
T479H,-0.050113575
T479I,-0.022658156
T479K,-1.4084572119999998
T479L,0.793133271
T479M,-0.025640179
T479N,-0.020803646
T479P,-0.335242387
T479Q,-0.5806775679999999
T479R,-1.543391639
T479S,0.094510436
T479V,0.349028382
T479W,-0.194822906
T479Y,-0.910204659
N480A,0.394188754
N480C,0.5504446
N480D,-0.259996253
N480E,0.191273223
N480F,0.03203928
N480G,-0.11587239
N480H,0.418379105
N480I,0.390176726
N480K,-1.357947667
N480L,1.008805704
N480M,0.753614219
N480P,-1.210637095
N480Q,-0.144443785
N480R,0.372086596
N480S,0.409254705
N480T,-0.141803761
N480V,0.60557853
N480W,0.08635623
N480Y,0.920926916
N481A,-0.4729045220000001
N481C,-0.069703363
N481D,-0.82409827
N481E,-0.86816031
N481F,-1.189401602
N481G,0.893845358
N481H,-1.154950483
N481I,-0.7455990140000001
N481K,-1.320531746
N481L,-0.905685204
N481M,-0.0135985
N481P,-1.320816758
N481Q,-0.322029346
N481R,-1.065265774
N481S,-0.002225304
N481T,-0.041734098
N481V,-0.484047416
N481W,-1.072085964
N481Y,-0.993384961
Q482A,0.098328324
Q482C,0.038395413
Q482D,0.241871971
Q482E,0.221481392
Q482F,0.558705617
Q482G,-0.266563046
Q482H,-0.267567623
Q482I,0.342289248
Q482K,0.067851265
Q482L,0.315648777
Q482M,-0.31938178
Q482N,0.19521973
Q482P,0.051188295
Q482R,-0.525865991
Q482S,-0.309973321
Q482T,-0.278993029
Q482V,-0.011862056
Q482W,-0.344423329
Q482Y,0.21694778
L483A,0.0626094909999999
L483C,-0.158488106
L483D,-0.795300917
L483E,-0.836204188
L483F,-0.571218157
L483G,-0.968052245
L483H,0.051442782
L483I,-0.459962435
L483K,0.159737333
L483M,-0.522966842
L483N,0.204908864
L483P,-1.46988249
L483Q,0.53366543
L483R,-1.6098201559999998
L483S,0.042887984
L483T,-0.078407469
L483V,0.162741409
L483W,-0.124963415
L483Y,-0.591738378
T484A,0.244795217
T484C,0.259995355
T484D,0.909951167
T484E,-0.2806197
T484F,0.23723811
T484G,0.273237338
T484H,0.040503241
T484I,-0.372000141
T484K,-0.118225345
T484L,0.413707812
T484M,0.868917075
T484N,0.307290608
T484P,-0.203959006
T484Q,0.298905233
T484R,-0.373503796
T484S,-0.0846181269999999
T484V,0.172447466
T484W,-0.046244152
T484Y,0.420952837
T485A,0.064979448
T485C,-0.115505822
T485D,-0.8660275470000001
T485E,-0.574785065
T485F,-0.127495153
T485G,0.035321253
T485H,-0.6099259220000001
T485I,-0.353310268
T485K,0.06627856
T485L,-0.499936633
T485M,-0.5664535589999999
T485N,0.236406177
T485P,-1.009816645
T485Q,0.006997479
T485R,-0.3215957
T485S,-0.253319113
T485V,-0.204019485
T485W,-0.162297319
T485Y,-0.263624002
L486A,-0.087360998
L486C,0.513120875
L486D,-0.90169193
L486E,-0.691362747
L486F,-0.248185633
L486G,-0.250185004
L486H,-0.552720956
L486I,0.203273492
L486K,-0.441417088
L486M,-0.482038999
L486N,0.420074716
L486P,-0.044761928
L486Q,-0.102298864
L486R,-1.009871711
L486S,-0.919338335
L486T,0.1271773709999999
L486V,0.124754407
L486W,-0.112961852
L486Y,-0.414360445
P487A,-0.157269187
P487C,-0.214403318
P487D,-0.91268409
P487E,0.02174616
P487F,0.170808392
P487G,-0.046620392
P487H,-0.145982381
P487I,-0.35700015
P487K,-0.168585448
P487L,-0.124847306
P487M,-0.022598747
P487N,-0.0581791609999999
P487Q,-0.162147288
P487R,0.448535176
P487S,-0.397947576
P487T,0.198065176
P487V,0.027394
P487W,-0.217149447
P487Y,-0.570194393
R488A,-0.058303166
R488C,-0.685018763
R488D,-0.7944275140000001
R488E,-1.015940506
R488F,-0.530679723
R488G,-0.350607027
R488H,-0.497639749
R488I,-0.065970294
R488K,-0.002863363
R488L,-0.295354086
R488M,-0.829097341
R488N,-0.445938912
R488P,0.053533486
R488Q,-1.329657105
R488S,-0.063770615
R488T,-0.7313766970000001
R488V,-1.1718801090000002
R488W,0.298224635
R488Y,-0.213995775
G489A,-0.518618705
G489C,0.186842776
G489D,-0.5733277760000001
G489E,-0.488492198
G489F,-0.7713524209999999
G489H,-0.03459839
G489I,-0.381572878
G489K,0.098888962
G489L,-0.606793289
G489M,-0.12628463
G489N,0.014514096
G489P,-0.424777802
G489Q,0.02432173
G489R,-1.46031449
G489S,-0.018413133
G489T,-0.578942164
G489V,0.138078456
G489W,-0.211209586
G489Y,0.079161962
I490A,0.728488448
I490C,0.377162143
I490D,-0.47157007
I490E,-1.222187758
I490F,-0.467876341
I490G,-0.272792978
I490H,-0.236422554
I490K,-0.324478418
I490L,0.184841904
I490M,0.288009082
I490N,-0.114812477
I490P,-0.89424267
I490Q,-0.068239762
I490R,-1.347802349
I490S,-0.5542093779999999
I490T,0.38941446
I490V,0.070080434
I490W,0.509858733
I490Y,0.021231778
G491A,-0.74206508
G491C,-0.311934701
G491D,-0.2828361
G491E,-0.476645467
G491F,-0.517197395
G491H,0.105122921
G491I,-0.568920156
G491K,-0.463432741
G491L,-0.716033024
G491M,-0.965840288
G491N,-0.380439966
G491P,-0.181550497
G491Q,-0.209990459
G491R,-0.7872145840000001
G491S,-0.856194509
G491T,-1.095640254
G491V,-1.08053922
G491W,-0.64254667
G491Y,-0.487915759
H492A,-0.037198216
H492C,-0.104913508
H492D,-0.344469682
H492E,-0.514450481
H492F,0.043878971
H492G,-1.834308373
H492I,-0.012912935
H492K,-1.062827765
H492L,-0.028872385
H492M,-0.396327184
H492N,-0.087785989
H492P,-0.257097855
H492Q,-0.593418552
H492R,-0.027430472
H492S,-0.186324197
H492T,-0.477811045
H492V,-0.82610856
H492W,0.051382948
H492Y,0.105069561
L493A,0.108740162
L493C,0.221025926
L493D,0.292876981
L493E,0.020031616
L493F,0.1453401319999999
L493G,-0.003716071
L493H,-0.23274108
L493I,0.293310015
L493K,-0.071148655
L493M,-0.221877946
L493N,0.133497358
L493P,-0.52774442
L493Q,0.01728146
L493R,-0.433347996
L493S,0.581746385
L493T,0.344214469
L493V,-0.370256446
L493W,0.190917006
L493Y,-0.161596623
T494A,-0.083052354
T494C,0.919377394
T494D,0.177319007
T494E,-0.025634118
T494F,-0.116528684
T494G,0.023855897
T494H,-0.6912812
T494I,-0.050803828
T494K,-0.544625177
T494L,-0.11983887
T494M,0.186930211
T494N,-0.205678385
T494P,-0.092827527
T494Q,0.173239527
T494R,-0.214900326
T494S,0.515011688
T494V,0.0610837609999999
T494W,-0.155419119
T494Y,0.170833823
N495A,0.10266087
N495C,0.19576731
N495D,-0.172474412
N495E,-0.102400616
N495F,-0.5942742639999999
N495G,-0.457247375
N495H,0.287762595
N495I,0.156315876
N495K,-0.541578486
N495L,0.532223886
N495M,-0.255656126
N495P,-0.359250708
N495Q,-0.320683517
N495R,-0.5346613179999999
N495S,-0.181707605
N495T,0.504224705
N495V,0.243141085
N495W,-0.785746018
N495Y,-0.079317924
L496A,0.254980538
L496C,0.3607052120000001
L496D,-1.198025157
L496E,-1.06148845
L496F,-0.159080269
L496G,0.299978622
L496H,-1.412200698
L496I,0.021327474
L496K,-1.4667085380000002
L496M,-0.1687030169999999
L496N,-0.462885251
L496P,-0.965520435
L496Q,-0.364298755
L496R,-0.540402704
L496S,-0.290678277
L496T,-0.057860816
L496V,0.478244817
L496W,-0.910771028
L496Y,-0.375894885
T497A,0.201292629
T497C,-0.296019437
T497D,-0.065419642
T497E,-0.077378846
T497F,-0.130481781
T497G,-0.461987516
T497H,-0.230152134
T497I,0.139258478
T497K,-0.1443405569999999
T497L,-0.390200962
T497M,-0.443298839
T497N,0.116969771
T497P,-0.4497875320000001
T497Q,-0.304739226
T497R,-0.079609058
T497S,-0.63474815
T497V,-0.218273416
T497W,-0.309440045
T497Y,-0.047930865
H498A,-0.34515265
H498C,-1.231832965
H498D,-0.508908896
H498E,-0.8051342029999999
H498F,-0.253480085
H498G,-0.27789194
H498I,-0.7598470490000001
H498K,-0.046877961
H498L,-0.591176579
H498M,-0.355985257
H498N,0.075207155
H498P,-1.396280926
H498Q,0.066283415
H498R,0.0172055269999999
H498S,-0.181364552
H498T,-0.689770863
H498V,-0.490358639
H498W,-0.240441464
H498Y,0.217353083
L499A,0.272119108
L499C,-0.033946911
L499D,-0.634828175
L499E,-0.668961733
L499F,0.349427513
L499G,-0.66724053
L499H,-1.062890607
L499I,-0.309511904
L499K,-0.245179851
L499M,-0.351887979
L499N,-0.7299883
L499P,-0.7925315709999999
L499Q,-0.293874932
L499R,-0.820895736
L499S,-1.038159213
L499T,0.07282279
L499V,0.087993526
L499W,0.152223269
L499Y,-0.6652281760000001
G500A,-0.437041109
G500C,0.210082678
G500D,-0.415601268
G500E,-0.140989495
G500F,-0.27319814
G500H,0.232746742
G500I,-0.276084509
G500K,-0.567321246
G500L,0.138188347
G500M,0.153269974
G500N,0.222819849
G500P,-0.257806866
G500Q,-0.122076465
G500R,-0.4588704770000001
G500S,0.269638693
G500T,0.590903689
G500V,-0.62877117
G500W,-1.308802842
G500Y,-0.688138343
L501A,-0.57889881
L501C,0.176088183
L501D,-1.396022011
L501E,0.024130726
L501F,-0.165709841
L501G,-0.020632481
L501H,-0.388531809
L501I,-0.24918197
L501K,-0.928756901
L501M,-0.278064868
L501N,-0.226070254
L501P,-0.579640405
L501Q,-0.389108271
L501R,-1.296935445
L501S,-0.135608266
L501T,-0.330793506
L501V,-0.055327883
L501W,-0.22819186
L501Y,0.229641587
G502A,-0.689298605
G502C,-0.641653365
G502D,0.081276512
G502E,0.931688133
G502F,0.231335994
G502H,0.130532418
G502I,-0.389878172
G502K,-0.954115085
G502L,-0.389346677
G502M,-0.032981813
G502N,0.034992974
G502P,-0.22629478
G502Q,0.054514162
G502R,-0.5820018570000001
G502S,-0.085937744
G502T,0.149310541
G502V,-0.282563488
G502W,-0.014021622
G502Y,0.06960305
E503A,-0.9315057
E503C,-0.317618942
E503D,0.489263766
E503F,-0.473528695
E503G,-0.5277037760000001
E503H,-0.372830853
E503I,-0.499432226
E503K,-2.139041086
E503L,-0.8976940170000001
E503M,-0.965104583
E503N,-0.561512354
E503P,-0.154341323
E503Q,-0.975978447
E503R,-1.632887713
E503S,-0.772655676
E503T,-1.464533804
E503V,-1.19465894
E503W,-0.938014935
E503Y,-1.232725411
N504A,0.6178262489999999
N504C,-0.281112302
N504D,-0.277758422
N504E,-0.0741910859999999
N504F,-1.348821103
N504G,-0.199380536
N504H,-1.073695391
N504I,-0.119662709
N504K,-1.210406149
N504L,0.150476505
N504M,0.52037886
N504P,-1.598371517
N504Q,0.364360637
N504R,-1.218910143
N504S,0.8716436209999999
N504T,0.110136311
N504V,-0.025190203
N504W,-1.417374198
N504Y,-0.215483977
L505A,-0.418900964
L505C,-0.037284268
L505D,0.18012622
L505E,0.060567764
L505F,0.053669576
L505G,0.19751048
L505H,0.177780105
L505I,-0.372313822
L505K,-0.074548616
L505M,0.520648926
L505N,0.1166899
L505P,-0.232817316
L505Q,0.155600394
L505R,0.211896243
L505S,0.118537148
L505T,0.494802244
L505V,-0.261100957
L505W,-0.018470333
L505Y,0.341056753
L506A,0.399244549
L506C,-0.0879928359999999
L506D,-0.7460011409999999
L506E,-0.5589141329999999
L506F,-0.161278826
L506G,-0.830749629
L506H,-0.127754532
L506I,0.058317707
L506K,-1.467861291
L506M,-0.180395013
L506N,-0.320905557
L506P,-0.8921361259999999
L506Q,0.076283494
L506R,-0.8250073290000001
L506S,-0.386479467
L506T,-0.397903109
L506V,0.177253606
L506W,-0.65974916
L506Y,-0.427375476
T507A,0.230390938
T507C,-0.041042576
T507D,0.172903969
T507E,0.223851603
T507F,0.546644469
T507G,0.162849004
T507H,0.6191938260000001
T507I,0.208607346
T507K,-0.7041847259999999
T507L,-0.199549152
T507M,0.247567938
T507N,0.401847896
T507P,-0.309180178
T507Q,0.070920688
T507R,0.314739372
T507S,0.816421541
T507V,-0.066633073
T507W,-0.459124832
T507Y,0.680171196
H508A,-0.108591527
H508C,-0.1392092409999999
H508D,0.059893369
H508E,0.248125043
H508F,-0.609148428
H508G,-0.206294148
H508I,0.33032596
H508K,0.175356038
H508L,-0.330378599
H508M,0.351412542
H508N,0.451731024
H508P,-0.325665394
H508Q,-0.630033754
H508R,0.531289453
H508S,-0.22740077
H508T,0.159518362
H508V,0.01344209
H508W,-0.054803219
H508Y,-0.601506392
L509A,-0.359985242
L509C,-0.157389266
L509D,-1.547455044
L509E,-1.181463398
L509F,0.116104875
L509G,-0.015239794
L509H,-0.941584365
L509I,-0.137952587
L509K,-1.294577648
L509M,-0.093638639
L509N,-1.927439113
L509P,-0.067480899
L509Q,-1.045345499
L509R,-1.372721805
L509S,0.018922599
L509T,-0.005820479
L509V,-0.37807376
L509W,-0.6862930829999999
L509Y,-1.021233139
P510A,-0.633988374
P510C,0.481793663
P510D,-0.649771257
P510E,0.135343284
P510F,0.325627858
P510G,0.866299495
P510H,-0.481450486
P510I,-0.196790513
P510K,-0.249366425
P510L,0.007111052
P510M,0.253297959
P510N,-0.508170645
P510Q,-0.316354266
P510R,0.248936276
P510S,0.030558427
P510T,-0.236374657
P510V,0.068819575
P510W,-0.287699467
P510Y,0.217647001
E511A,0.20477112
E511C,-0.439562643
E511D,-0.967215758
E511F,-0.7648844220000001
E511G,-0.630484398
E511H,-0.6707529529999999
E511I,0.005235079
E511K,-0.336224555
E511L,0.051166655
E511M,-0.348091179
E511N,0.201632037
E511P,-0.046112971
E511Q,-0.127087012
E511R,0.261572443
E511S,-0.436223505
E511T,-0.197009347
E511V,0.485537354
E511W,-0.425333294
E511Y,0.162569674
E512A,-0.548805962
E512C,-0.253841368
E512D,-0.567461959
E512F,-1.016556941
E512G,-0.280188761
E512H,0.203103968
E512I,-0.210888313
E512K,-0.378777921
E512L,-0.32068978
E512M,0.047126942
E512N,-0.357458909
E512P,-0.097606308
E512Q,-0.7960110579999999
E512R,-0.6259291220000001
E512S,-0.3924124020000001
E512T,-0.47037407
E512V,-0.0719829459999999
E512W,-0.507265316
E512Y,0.027996446
I513A,-0.501619866
I513C,0.134005889
I513D,-0.39804151
I513E,-0.7208482
I513F,-0.119488358
I513G,-1.080515437
I513H,-0.243623244
I513K,-0.991407397
I513L,-0.18849057
I513M,0.008514273
I513N,-0.358098845
I513P,-0.474266051
I513Q,-0.195297708
I513R,-0.773914883
I513S,0.635232846
I513T,0.066025789
I513V,0.42545557
I513W,-0.725368311
I513Y,-0.5538401
G514A,-0.63350914
G514C,-0.055367535
G514D,-0.377627536
G514E,-0.895646623
G514F,-1.233022618
G514H,0.104668382
G514I,-0.303596588
G514K,-0.201997346
G514L,0.499036118
G514M,0.331317595
G514N,-0.157097816
G514P,-0.619814058
G514Q,0.324633264
G514R,-0.47057442
G514S,-0.623340362
G514T,-0.61639844
G514V,-0.60750134
G514W,0.066787019
G514Y,-1.3929434859999998
T515A,-0.263901998
T515C,-3.1600897480000003
T515D,-0.644692311
T515E,-0.693184644
T515F,-4.607796168999999
T515G,-0.74755445
T515H,-0.21273995
T515I,-3.199110758
T515K,-1.267634647
T515L,-0.081886482
T515M,-0.47202477
T515N,-0.426818695
T515P,0.098635678
T515Q,-0.037268289
T515R,-0.481618449
T515S,-0.362438862
T515V,-1.828338222
T515W,-0.312960309
T515Y,-2.573405649
L516A,0.20650807
L516C,0.00427923
L516D,-0.16343409
L516E,0.479723805
L516F,-0.199246581
L516G,-0.275715253
L516H,-0.214467914
L516I,-0.418959588
L516K,-0.321049697
L516M,0.5153682620000001
L516N,-0.342005447
L516P,-0.8353733409999999
L516Q,-0.211852515
L516R,-0.979072045
L516S,-0.769738496
L516T,-0.092747303
L516V,0.353874572
L516W,-0.017863307
L516Y,-0.607383785
E517A,-0.292259996
E517C,-0.078088351
E517D,0.11504809
E517F,0.195612675
E517G,0.276291334
E517H,0.212905906
E517I,0.047501094
E517K,-1.3422090080000002
E517L,0.08095742
E517M,-0.188889717
E517N,-0.129177155
E517P,-0.082035167
E517Q,-0.1655958
E517R,0.110691212
E517S,-0.593381891
E517T,-0.83027129
E517V,0.025155477
E517W,-0.413274829
E517Y,-0.120020758
N518A,0.003598164
N518C,0.443021974
N518D,-0.388155725
N518E,-0.176888768
N518F,-0.17181149
N518G,0.010278975
N518H,-0.071221181
N518I,-0.332663696
N518K,-0.443279021
N518L,-0.082978346
N518M,0.241578755
N518P,-0.35509368
N518Q,-0.209682761
N518R,-0.336014663
N518S,-0.015433126
N518T,0.102052135
N518V,-0.255611234
N518W,-0.143593801
N518Y,-0.355049091
L519A,0.154901863
L519C,0.488291748
L519D,-1.001531076
L519E,-1.26990269
L519F,-0.163834505
L519G,-0.8787372859999999
L519H,-0.5729844000000001
L519I,0.05112547
L519K,-1.146331397
L519M,0.279664951
L519N,-0.81092682
L519P,-0.940278819
L519Q,-0.594843868
L519R,-1.640219835
L519S,-0.903929685
L519T,-0.11983954
L519V,-0.65686545
L519W,-1.132741347
L519Y,-1.234827324
E520A,-0.513955852
E520C,-0.8176890920000001
E520D,-0.120471207
E520F,-0.279957001
E520G,0.27011352
E520H,-0.002452498
E520I,0.532847666
E520K,0.593548257
E520L,0.159733314
E520M,0.21054247
E520N,0.116519973
E520P,-0.396357338
E520Q,-0.630762243
E520R,0.145894449
E520S,0.49126746
E520T,0.411998491
E520V,-0.408511793
E520W,0.535400775
E520Y,0.232749161
E521A,-0.195477315
E521C,-0.269211857
E521D,-0.409518583
E521F,-0.197753099
E521G,-0.346870517
E521H,0.304064922
E521I,0.687774532
E521K,0.7653641859999999
E521L,-0.856142353
E521M,0.447931541
E521N,-0.388879937
E521P,-1.7323498
E521Q,-0.28757624
E521R,0.086594697
E521S,-0.675542361
E521T,0.018120204
E521V,-0.325410867
E521W,0.18075487
E521Y,0.084825145
L522A,-0.585628361
L522C,-0.036044697
L522D,-0.485797581
L522E,-1.0706507509999998
L522F,-0.218655631
L522G,-0.559836846
L522H,-0.742332152
L522I,-0.821218585
L522K,-2.008233833
L522M,-0.423932244
L522N,-1.4714652
L522P,-1.262702637
L522Q,-0.969530917
L522R,-1.854990382
L522S,-0.489642594
L522T,0.099511034
L522V,0.5103178429999999
L522W,-0.163886637
L522Y,-0.262044162
Y523A,0.052420345
Y523C,-0.000930341
Y523D,0.037662476
Y523E,-0.3375392029999999
Y523F,0.081426807
Y523G,0.047192196
Y523H,-0.071439305
Y523I,0.348709987
Y523K,0.02044544
Y523L,-0.016241988
Y523M,-0.165445409
Y523N,-0.463027146
Y523P,-0.099598514
Y523Q,0.386247398
Y523R,-0.201949155
Y523S,-0.5234754979999999
Y523T,0.445475983
Y523V,-0.480548444
Y523W,-0.191763351
L524A,-0.217805744
L524C,-0.495973096
L524D,-0.863823881
L524E,-1.051115771
L524F,0.226677944
L524G,0.194591466
L524H,-0.553664805
L524I,0.08009669
L524K,-0.753358812
L524M,-0.101653882
L524N,-0.290136011
L524P,-1.2052766190000002
L524Q,-0.28763738
L524R,-0.882594065
L524S,0.458188569
L524T,0.018322995
L524V,0.530860189
L524W,-0.67003624
L524Y,-0.39924301
N525A,-0.0064249669999999
N525C,0.205413063
N525D,-0.72886397
N525E,-0.085489924
N525F,-0.10698371
N525G,0.616088225
N525H,-0.474644484
N525I,-0.396543325
N525K,-0.516157406
N525L,0.28081996
N525M,0.212200531
N525P,0.579760458
N525Q,-0.450639162
N525R,-0.01149231
N525S,-0.284810588
N525T,-0.020344589
N525V,-0.84142003
N525W,-0.025160917
N525Y,0.098185672
D526A,-0.876569299
D526C,-0.457547749
D526E,-0.46053557
D526F,-0.901799151
D526G,-0.628116362
D526H,0.074375255
D526I,-0.315052937
D526K,-0.6917105790000001
D526L,0.119575138
D526M,-0.195191966
D526N,-0.635325041
D526P,-1.195940599
D526Q,-0.636755229
D526R,-0.963589088
D526S,-0.481736393
D526T,0.132372301
D526V,0.067468824
D526W,0.027487113
D526Y,-0.38346873
N527A,-0.236812964
N527C,-0.24740314
N527D,0.182647789
N527E,-0.483422997
N527F,-0.892711657
N527G,-0.094739212
N527H,0.413708079
N527I,-0.315283646
N527K,-1.286513644
N527L,-0.00765019
N527M,-0.039964101
N527P,-1.249531635
N527Q,-0.5501127370000001
N527R,-0.896813663
N527S,0.330011688
N527T,-0.3398245579999999
N527V,0.232291518
N527W,-0.900434376
N527Y,-1.282569333
P528A,0.353471636
P528C,0.030060854
P528D,0.221294098
P528E,0.151635293
P528F,0.686252066
P528G,0.334040837
P528H,-0.6458035289999999
P528I,0.289003178
P528K,0.5138352860000001
P528L,1.533726402
P528M,-0.095823141
P528N,-0.474451075
P528Q,-0.259573442
P528R,-0.075374278
P528S,0.170308411
P528T,-0.115772218
P528V,-0.016666256
P528W,-0.190714473
P528Y,0.319431954
N529A,-0.17870852
N529C,0.042231708
N529D,0.1532108519999999
N529E,-0.3816093370000001
N529F,-0.049546938
N529G,-0.29168889
N529H,0.227962299
N529I,0.54620045
N529K,0.138414182
N529L,0.129473555
N529M,0.984987229
N529P,0.020092999
N529Q,0.320070042
N529R,0.5506232289999999
N529S,0.14251639
N529T,0.117363618
N529V,0.349295681
N529W,0.062597904
N529Y,0.14059199
L530A,0.293692471
L530C,0.135665968
L530D,-0.862164864
L530E,-1.196653205
L530F,-0.001629818
L530G,-0.651203014
L530H,-0.417422612
L530I,-0.11916269
L530K,-1.269812103
L530M,-0.188414066
L530N,-0.759926068
L530P,-0.793259998
L530Q,-0.474060198
L530R,-1.015344907
L530S,-0.193650716
L530T,0.238398801
L530V,0.117654175
L530W,-0.917114439
L530Y,-0.395230882
H531A,0.002208884
H531C,0.21716968
H531D,-0.101544121
H531E,-0.32989399
H531F,0.364566507
H531G,-0.040530133
H531I,0.035397344
H531K,-0.603789461
H531L,0.371032708
H531M,-0.339805825
H531N,-0.181648794
H531P,0.50306915
H531Q,-0.220237097
H531R,0.122677577
H531S,0.007972624
H531T,0.162219578
H531V,0.024189652
H531W,0.685497041
H531Y,0.686381028
S532A,0.226571302
S532C,-0.194866994
S532D,-0.49311563
S532E,-0.499690923
S532F,-0.00455157
S532G,0.228494013
S532H,0.214859709
S532I,0.1658691169999999
S532K,-0.21418261
S532L,0.405746085
S532M,-0.086330111
S532N,-0.479168737
S532P,-0.227611979
S532Q,-0.462104687
S532R,-0.722474745
S532T,0.32716767
S532V,-0.233883704
S532W,0.175790421
S532Y,-0.126549727
L533A,-0.007295188
L533C,-0.126653748
L533D,-0.52337655
L533E,-1.483076156
L533F,-0.277454593
L533G,-0.424365847
L533H,-0.72244599
L533I,-0.375973801
L533K,-0.945220014
L533M,-0.344741795
L533N,-0.87214567
L533P,-0.132773851
L533Q,0.03095387
L533R,-1.03992174
L533S,-1.156871603
L533T,0.188390886
L533V,-0.024353852
L533W,-1.3808248019999998
L533Y,-0.493209858
P534A,0.11917883
P534C,-0.094985036
P534D,-0.374732571
P534E,-0.6652158970000001
P534F,-0.8626423879999999
P534G,0.5089835189999999
P534H,-0.202626793
P534I,0.00619461
P534K,-0.345145823
P534L,-0.067019773
P534M,-0.467172435
P534N,-0.143789684
P534Q,-0.508801458
P534R,-0.315642155
P534S,-0.134676203
P534T,-0.195922344
P534V,-0.148171544
P534W,-0.420173526
P534Y,-0.614253324
F535A,-0.257676189
F535C,-0.840390605
F535D,-0.411079445
F535E,-0.418237292
F535G,-0.593576334
F535H,0.928798372
F535I,-0.312947678
F535K,-0.518578578
F535L,-0.047735064
F535M,0.03131702
F535N,-0.750901123
F535P,-0.510094626
F535Q,-0.288661043
F535R,0.034480651
F535S,-1.078036427
F535T,-0.578968311
F535V,-0.131826237
F535W,-0.613474422
F535Y,-0.587100005
E536A,-0.16227715
E536C,-0.278454655
E536D,0.120853771
E536F,-0.486803439
E536G,-0.705934682
E536H,-0.493522238
E536I,-0.184693156
E536K,-0.802515529
E536L,-0.796595565
E536M,0.146467137
E536N,-0.603510211
E536P,-0.248652985
E536Q,-1.043324344
E536R,-0.55748837
E536S,-0.405770233
E536T,-0.252439594
E536V,0.228172359
E536W,-0.441547977
E536Y,-0.128501345
L537A,0.052081209
L537C,-0.0697325759999999
L537D,-0.949683422
L537E,-1.352084086
L537F,-0.199377707
L537G,-0.228891365
L537H,-1.098081726
L537I,0.361982292
L537K,-0.934299166
L537M,-0.776879358
L537N,-0.522422994
L537P,-1.042154377
L537Q,-0.8528448759999999
L537R,-0.899454545
L537S,-0.110546511
L537T,-0.629452201
L537V,0.318022255
L537W,-0.5325250220000001
L537Y,-1.194996439
A538C,-0.378696405
A538D,-0.391628371
A538E,-0.944868634
A538F,-0.433972436
A538G,-0.289153116
A538H,-0.681413808
A538I,-0.419606302
A538K,-0.7342009759999999
A538L,-0.233637465
A538M,-0.505413224
A538N,-0.3440380529999999
A538P,-0.230202342
A538Q,-0.684094616
A538R,-0.8187496459999999
A538S,-0.633497517
A538T,-0.973450371
A538V,-0.422728001
A538W,-0.92201273
A538Y,-0.315586167
L539A,0.135366236
L539C,-0.02911004
L539D,0.4495415720000001
L539E,-0.473607488
L539F,0.17619956
L539G,-0.366483806
L539H,-0.300908539
L539I,0.265466299
L539K,-0.6799531809999999
L539M,-0.373177514
L539N,-0.637540168
L539P,-0.433905558
L539Q,-1.081837098
L539R,-0.954725821
L539S,-1.631603348
L539T,-0.5433352
L539V,-0.5274444620000001
L539W,0.081579812
L539Y,-0.683210182
C540A,-0.3483068379999999
C540D,-0.146168136
C540E,-0.371365108
C540F,-0.267713644
C540G,-0.876770333
C540H,0.489512531
C540I,-0.1324118759999999
C540K,-0.446661877
C540L,-0.169819066
C540M,-0.102954153
C540N,0.126093733
C540P,-0.337558371
C540Q,0.020952005
C540R,-0.392268351
C540S,-0.1645375
C540T,-0.390257053
C540V,-0.396338571
C540W,-0.6445172889999999
C540Y,-0.474118671
S541A,-0.230521262
S541C,-0.115596578
S541D,-0.056782974
S541E,-0.464477442
S541F,-0.08828384
S541G,-0.291833539
S541H,-0.242146555
S541I,0.7165223359999999
S541K,-0.045454634
S541L,-0.396664515
S541M,0.243902432
S541N,-0.349355425
S541P,-0.093234277
S541Q,-0.6620391529999999
S541R,-0.989759485
S541T,0.210509334
S541V,-0.695437283
S541W,-0.939316843
S541Y,-0.404283261
K542A,-0.285100042
K542C,-0.5042349279999999
K542D,-1.107622605
K542E,-0.899181219
K542F,-0.921976603
K542G,0.091679734
K542H,0.245395933
K542I,0.162539287
K542L,0.100576988
K542M,-0.050582404
K542N,-0.924509391
K542P,-0.133111866
K542Q,-0.743253972
K542R,-0.3677917020000001
K542S,-0.32146253
K542T,-0.585080218
K542V,-0.734271337
K542W,-1.065776529
K542Y,-0.276221619
L543A,-1.4085511830000002
L543C,-0.821788526
L543D,-1.166914419
L543E,-1.025106251
L543F,-1.170978361
L543G,-0.942164324
L543H,0.00585693
L543I,-0.427110175
L543K,-0.414037267
L543M,0.05159107
L543N,-0.817750106
L543P,-1.176997799
L543Q,-0.29318007
L543R,-0.653629121
L543S,-1.354554969
L543T,-0.310095642
L543V,-0.1582866
L543W,-0.756840464
L543Y,-0.587739245
S544A,0.093703461
S544C,0.356177354
S544D,0.044383154
S544E,-0.1390365969999999
S544F,-0.16858892
S544G,0.317548668
S544H,0.525174674
S544I,-0.274850982
S544K,0.121990928
S544L,0.500002751
S544M,-0.405120847
S544N,0.207593966
S544P,-0.602572592
S544Q,-0.262168675
S544R,0.1537191269999999
S544T,-0.277254575
S544V,-0.309225609
S544W,-0.452242137
S544Y,0.148333289
I545A,0.053977987
I545C,-0.441323836
I545D,-0.762802155
I545E,0.550623864
I545F,-0.222819166
I545G,-0.4512238870000001
I545H,-0.320044718
I545K,0.293593903
I545L,-0.154371018
I545M,-0.212840269
I545N,0.159280653
I545P,-0.656211181
I545Q,-0.13401556
I545R,0.3833650220000001
I545S,-0.386693622
I545T,0.14197292
I545V,0.087580228
I545W,-0.540545069
I545Y,-0.033173673
M546A,-0.265216884
M546C,-0.346587303
M546D,-0.892579916
M546E,-0.89591386
M546F,0.004788341
M546G,-0.938267734
M546H,-0.442142372
M546I,-0.251674684
M546K,-0.7160281999999999
M546L,-0.117076497
M546N,-0.466495672
M546P,-1.362019694
M546Q,-0.986829536
M546R,-0.913806076
M546S,-0.7004832209999999
M546T,-0.434919623
M546V,-0.409190341
M546W,-0.492914493
M546Y,-0.073438927
S547A,-0.033015714
S547C,-0.223334676
S547D,-0.803799082
S547E,-0.832920001
S547F,0.443189466
S547G,-0.09627839
S547H,-0.208523815
S547I,-0.448350865
S547K,-0.42290565
S547L,-0.414827573
S547M,-0.113957431
S547N,-0.586606191
S547P,0.488249758
S547Q,-0.182388994
S547R,0.076456772
S547T,-0.70592441
S547V,-0.091209976
S547W,1.0514757609999998
S547Y,0.039964941
I548A,0.902751756
I548C,0.564495409
I548D,-0.032337857
I548E,-0.887442134
I548F,-1.136727808
I548G,0.149074051
I548H,-0.063060787
I548K,-0.047134355
I548L,0.317840594
I548M,0.232119635
I548N,-0.511399815
I548P,0.350068554
I548Q,-0.390859547
I548R,-0.190650385
I548S,-0.092778474
I548T,0.023119754
I548V,0.00504406
I548W,-0.189266957
I548Y,-0.055112005
E549A,0.406111692
E549C,0.339559989
E549D,0.220189008
E549F,0.467567797
E549G,0.360968357
E549H,0.259222153
E549I,-0.518950451
E549K,-1.098361409
E549L,0.47216057
E549M,-0.049100303
E549N,0.180811597
E549P,0.398835841
E549Q,0.068240201
E549R,0.494447703
E549S,0.486682215
E549T,-0.429157339
E549V,-0.049008633
E549W,0.5555568160000001
E549Y,0.323424852
N550A,-0.270265481
N550C,0.223389003
N550D,0.066591962
N550E,-0.652119015
N550F,-0.6372509679999999
N550G,0.170128467
N550H,1.027854228
N550I,0.413761953
N550K,0.134517646
N550L,0.262822588
N550M,0.446105322
N550P,-0.169239443
N550Q,0.278216289
N550R,0.013634575
N550S,-0.434704523
N550T,-0.693809572
N550V,-0.321806752
N550W,0.174221307
N550Y,0.155607874
C551A,-0.048106898
C551D,-0.8876795409999999
C551E,-1.034014287
C551F,-1.036014267
C551G,-1.470561724
C551H,-0.539104005
C551I,-0.414280637
C551K,-0.914721173
C551L,-0.318230505
C551M,-1.20135656
C551N,-0.197374206
C551P,-1.037996858
C551Q,-0.666321122
C551R,-1.302835165
C551S,-0.480165415
C551T,-1.159944761
C551V,-0.69863991
C551W,-1.472943844
C551Y,-1.239013404
P552A,-0.671517604
P552C,0.242496543
P552D,-0.489620151
P552E,0.042632819
P552F,0.323468084
P552G,0.323354831
P552H,-0.138351686
P552I,-0.249963971
P552K,-0.387859779
P552L,-0.250970263
P552M,0.442595216
P552N,-0.5120978629999999
P552Q,0.031329253
P552R,-0.418886376
P552S,0.17045496
P552T,-0.136844444
P552V,-0.803544026
P552W,-0.7552829809999999
P552Y,-0.062397019
L553A,-0.871979831
L553C,-0.63318003
L553D,-0.7638456570000001
L553E,-0.614258934
L553F,-0.608984595
L553G,-0.78075233
L553H,-0.559754293
L553I,-0.516773359
L553K,-0.750723677
L553M,0.052356116
L553N,-0.7488794190000001
L553P,-1.6253616169999998
L553Q,-0.278858753
L553R,-0.564829348
L553S,-0.256138659
L553T,-1.00923577
L553V,-0.348874859
L553W,0.06304446
L553Y,-0.6815516509999999
S554A,-0.20810977
S554C,-0.165525433
S554D,0.140264645
S554E,-0.249251842
S554F,-0.312835745
S554G,0.050454714
S554H,0.436499842
S554I,0.094596198
S554K,0.286239966
S554L,-0.534432714
S554M,0.289547236
S554N,-0.0854513309999999
S554P,0.13897802
S554Q,0.26321072
S554R,0.002597062
S554T,0.174312111
S554V,0.398132298
S554W,-0.573970241
S554Y,0.092120291
H555A,-0.15689851
H555C,-0.24534531
H555D,-0.493618821
H555E,-0.103230508
H555F,0.97230733
H555G,0.299768974
H555I,0.00931932
H555K,0.568917554
H555L,0.137621286
H555M,0.259566173
H555N,-0.529255758
H555P,-0.5150123679999999
H555Q,0.233792438
H555R,-0.082862644
H555S,0.662477922
H555T,-0.147240923
H555V,-0.051996732
H555W,-0.361191782
H555Y,0.222042284
L556A,0.0854438219999999
L556C,-0.174949395
L556D,-0.727769698
L556E,-0.535011193
L556F,-0.667962749
L556G,0.077567772
L556H,-0.439708159
L556I,-0.633791499
L556K,-0.231462888
L556M,-0.031310533
L556N,-0.045946879
L556P,-1.0918782340000002
L556Q,-0.509234769
L556R,-0.630801653
L556S,-0.622111061
L556T,-0.193342748
L556V,0.363729629
L556W,0.126821932
L556Y,0.020742376
P557A,0.165220635
P557C,-0.082460733
P557D,0.167008299
P557E,-0.147979871
P557F,-0.023878681
P557G,-0.7492929340000001
P557H,-0.243895509
P557I,-0.5867302520000001
P557K,-0.08189443
P557L,4.685622377
P557M,0.156906618
P557N,0.067325232
P557Q,-0.140219171
P557R,-0.189178473
P557S,0.373869953
P557T,0.022928045
P557V,0.056783788
P557W,-0.011208263
P557Y,-0.174980146
P558A,-0.04235478
P558C,0.7524518720000001
P558D,-0.258672618
P558E,0.428902606
P558F,-0.099914467
P558G,-0.80985435
P558H,0.6133009660000001
P558I,-0.167117554
P558K,-0.047458973
P558L,-0.505896559
P558M,0.054261803
P558N,-0.221493664
P558Q,-0.38449667
P558R,0.318041225
P558S,-0.221919142
P558T,0.549689216
P558V,0.414560689
P558W,0.376605347
P558Y,0.301002196
Q559A,0.083360426
Q559C,-0.437459165
Q559D,-0.296754409
Q559E,0.225933652
Q559F,0.116459807
Q559G,-0.29988669
Q559H,-0.090575728
Q559I,-0.1755489089999999
Q559K,0.349334611
Q559L,0.123779751
Q559M,0.313610223
Q559N,0.281820024
Q559P,-0.135712058
Q559R,-0.215231832
Q559S,-0.414116836
Q559T,0.032460634
Q559V,-0.597896722
Q559W,0.44211018
Q559Y,0.451037989
I560A,-0.389323659
I560C,0.044781125
I560D,-0.5108969289999999
I560E,-0.32069735
I560F,-0.371105024
I560G,-0.991310522
I560H,-0.435574784
I560K,-0.554516246
I560L,-0.041020228
I560M,-0.278751117
I560N,-0.233076534
I560P,-0.50072406
I560Q,-0.778459645
I560R,-0.6375971970000001
I560S,-0.239552292
I560T,-0.162702323
I560V,-0.036038609
I560W,0.002355692
I560Y,0.332474841
V561A,0.060666874
V561C,0.593385116
V561D,-0.384942636
V561E,-0.244071642
V561F,0.035141295
V561G,-0.364907808
V561H,0.121992659
V561I,0.192060294
V561K,-0.217610523
V561L,-0.320646049
V561M,0.266268698
V561N,-0.079752212
V561P,0.7097692259999999
V561Q,-0.968038229
V561R,0.865856671
V561S,0.414778797
V561T,-0.066171207
V561W,-0.02873012
V561Y,0.331648919
A562C,-0.5887505470000001
A562D,0.110527081
A562E,-0.226511347
A562F,0.277380637
A562G,0.265973977
A562H,0.313189626
A562I,-0.160313111
A562K,0.259887637
A562L,-0.279968274
A562M,0.196686573
A562N,-0.431296728
A562P,0.1629272709999999
A562Q,-0.116557894
A562R,0.311011158
A562S,-0.021319514
A562T,0.088592295
A562V,0.438910273
A562W,-0.02310158
A562Y,0.5043304
G563A,-0.640151656
G563C,0.032942303
G563D,-0.919314438
G563E,0.018916937
G563F,-0.528233707
G563H,0.201016339
G563I,-0.331488003
G563K,-0.115447555
G563L,-0.157579669
G563M,-0.48291539
G563N,-0.045218726
G563P,0.354167242
G563Q,-0.106272747
G563R,0.311632407
G563S,-0.511384456
G563T,-0.250038719
G563V,-0.39712406
G563W,-0.954825235
G563Y,-0.651190069
G564A,-0.673803945
G564C,-1.019961306
G564D,-1.006747616
G564E,-1.297553426
G564F,-1.49338295
G564H,-1.013671534
G564I,-0.834376977
G564K,-0.799332823
G564L,-1.706157995
G564M,-1.398869462
G564N,-0.521493866
G564P,-0.457970941
G564Q,-1.4379042
G564R,-0.1700812669999999
G564S,-0.456634578
G564T,-1.153185467
G564V,-1.075883007
G564W,-0.989684247
G564Y,-1.083770262
P565A,-0.17380662
P565C,0.002805512
P565D,-0.613437227
P565E,-0.552260139
P565F,-0.265463771
P565G,-0.496147175
P565H,-1.273836311
P565I,-0.6090416000000001
P565K,-0.37041007
P565L,-1.075949577
P565M,-0.02695506
P565N,-0.406631271
P565Q,-0.64747615
P565R,-1.332261945
P565S,-0.5166335999999999
P565T,-0.173389712
P565V,-0.228675828
P565W,-1.078520917
P565Y,-0.6744658809999999
S566A,0.410355381
S566C,-0.632199349
S566D,0.137832081
S566E,-0.525702565
S566F,0.295274404
S566G,0.119514743
S566H,-0.214381775
S566I,-0.297375281
S566K,-0.062324935
S566L,-1.24584955
S566M,0.268941131
S566N,-0.11939236
S566P,-1.122122838
S566Q,-0.3819397370000001
S566R,0.3196573
S566T,0.226620189
S566V,-0.202610139
S566W,-0.185846502
S566Y,-0.8496954640000001
F567A,0.706787501
F567C,0.357331942
F567D,-0.041364183
F567E,-1.025051518
F567G,0.6164780470000001
F567H,0.134275424
F567I,-0.1416517999999999
F567K,0.058173421
F567L,0.125066693
F567M,-0.117601018
F567N,-0.26194143
F567P,-0.046558157
F567Q,-0.305894618
F567R,0.21349993
F567S,0.073613318
F567T,0.6713669990000001
F567V,0.20825987
F567W,0.1771369019999999
F567Y,0.401175072
I568A,0.233002311
I568C,0.509324103
I568D,0.341734026
I568E,-0.333262237
I568F,-0.509334343
I568G,-0.909262205
I568H,-0.258802287
I568K,-1.102582448
I568L,-0.076385067
I568M,0.077740802
I568N,-0.503013422
I568P,-0.989380996
I568Q,-0.481625266
I568R,-0.6046103589999999
I568S,0.066418944
I568T,-0.395796313
I568V,0.300016217
I568W,-0.754855614
I568Y,-0.666825824
I569A,-0.273440134
I569C,-0.323242198
I569D,-0.577202951
I569E,-1.606616735
I569F,-0.42730079
I569G,-1.677144345
I569H,-0.215010119
I569K,-0.104625491
I569L,-0.334976332
I569M,0.036739125
I569N,0.3372177670000001
I569P,-0.178834261
I569Q,-0.7089005190000001
I569R,0.466741165
I569S,0.291925947
I569T,-0.094525101
I569V,-0.6534159860000001
I569W,0.354871697
I569Y,-0.483063663
Q570A,-0.225895735
Q570C,-0.311691795
Q570D,-0.6087363170000001
Q570E,-0.592903871
Q570F,-0.8785130590000001
Q570G,-0.371234629
Q570H,-0.025039086
Q570I,-0.008058108
Q570K,-0.56749318
Q570L,0.04526981
Q570M,0.188288857
Q570N,-0.445719838
Q570P,-0.397857965
Q570R,-0.270496818
Q570S,-0.143071533
Q570T,-0.060448235
Q570V,-0.321398791
Q570W,-0.9000912059999999
Q570Y,-1.030555032
F571A,-0.256016784
F571C,-0.344482551
F571D,0.1750912889999999
F571E,0.007750384
F571G,-1.198158428
F571H,-0.341597459
F571I,-0.221860486
F571K,-0.257657925
F571L,-0.3701133720000001
F571M,-0.413357041
F571N,-0.365393016
F571P,-1.318669792
F571Q,-0.253750461
F571R,-0.409316122
F571S,-1.000216113
F571T,-0.214172967
F571V,0.697365263
F571W,-0.243654307
F571Y,-0.438661965
L572A,-0.411353511
L572C,-0.281617105
L572D,-1.249896069
L572E,0.048507449
L572F,-0.309144713
L572G,-0.669848279
L572H,0.335673491
L572I,-0.415182071
L572K,-0.265671211
L572M,-0.653975341
L572N,-0.496686426
L572P,-0.498593143
L572Q,-0.366561506
L572R,-0.188313594
L572S,-0.938392009
L572T,-0.5290998579999999
L572V,-0.344033485
L572W,-0.281715689
L572Y,0.119207121
K573A,-0.658631622
K573C,-0.413511136
K573D,-0.8757315729999999
K573E,-0.7395186579999999
K573F,-0.432841444
K573G,-0.4169318970000001
K573H,-0.460019275
K573I,-0.549792681
K573L,-0.371549056
K573M,-0.591494576
K573N,0.099130051
K573P,-0.901919478
K573Q,-0.48313926
K573R,0.186244208
K573S,-0.063396357
K573T,-0.038169818
K573V,-0.931630107
K573W,-0.845086151
K573Y,-0.168820675
M574A,0.317999474
M574C,-0.24880508
M574D,-0.287234082
M574E,-0.596225691
M574F,-0.190687505
M574G,-0.273538059
M574H,0.010419083
M574I,0.111021909
M574K,-0.930452963
M574L,-0.0817592229999999
M574N,0.374772624
M574P,-0.473431638
M574Q,-0.304705393
M574R,-0.459622729
M574S,-0.092644702
M574T,-0.880945798
M574V,-0.476305913
M574W,-0.39143819
M574Y,0.101406413
Q575A,0.403443299
Q575C,-0.528515804
Q575D,0.5371696810000001
Q575E,0.009261485
Q575F,-0.8090681829999999
Q575G,0.037979916
Q575H,-0.264279665
Q575I,-0.970195883
Q575K,-0.287162301
Q575L,-0.480619669
Q575M,-0.0813757579999999
Q575N,0.043437628
Q575P,-0.6835419079999999
Q575R,-0.386794404
Q575S,0.103220646
Q575T,0.065607128
Q575V,-0.244616264
Q575W,-0.6647518139999999
Q575Y,-0.475033508
G576A,-0.450473538
G576C,-0.814674307
G576D,-1.018948466
G576E,-0.290045369
G576F,-0.7604733659999999
G576H,-0.160212691
G576I,-0.490161969
G576K,-0.063125995
G576L,-0.68231886
G576M,-0.555910801
G576N,-0.377622313
G576P,0.010476818
G576Q,-0.373735023
G576R,-1.863913729
G576S,-0.525641435
G576T,-0.452338235
G576V,-0.144343141
G576W,-0.969826731
G576Y,-0.408354935
P577A,-0.243722083
P577C,-0.737819393
P577D,-0.519281585
P577E,0.039165807
P577F,-0.545615307
P577G,0.060118127
P577H,-0.056035348
P577I,-0.7066082920000001
P577K,0.113713823
P577L,-0.141684971
P577M,-0.120264214
P577N,-0.3918897770000001
P577Q,-0.467925876
P577R,-0.421476054
P577S,-0.609522123
P577T,-0.087714495
P577V,0.076879875
P577W,0.18115492
P577Y,-0.214299079
Y578A,-0.515985514
Y578C,-0.28214438
Y578D,-1.020933197
Y578E,-0.875611693
Y578F,0.000622855
Y578G,-0.8228845840000001
Y578H,-0.843030429
Y578I,-0.530884837
Y578K,-0.516039508
Y578L,-0.320020879
Y578M,-0.902328077
Y578N,-0.8618568740000001
Y578P,-0.434683461
Y578Q,-0.592356662
Y578R,-0.542510353
Y578S,-0.6203681910000001
Y578T,-0.636464539
Y578V,-0.276218114
Y578W,-1.124801033
R579A,-0.4545479670000001
R579C,-0.31929369
R579D,-0.5601193720000001
R579E,-0.291035306
R579F,-0.289149449
R579G,-0.334261468
R579H,0.165779003
R579I,-0.040890989
R579K,0.273080553
R579L,-0.140421372
R579M,0.274952587
R579N,-0.491676503
R579P,-0.713413712
R579Q,-0.006364918
R579S,-0.739452762
R579T,-0.351181139
R579V,-0.499721911
R579W,-0.466135222
R579Y,0.154280949
A580C,0.071477501
A580D,-0.622074758
A580E,-0.317221864
A580F,-0.413437197
A580G,0.007567605
A580H,-0.098461949
A580I,-0.023679361
A580K,-0.339159015
A580L,0.345813995
A580M,0.117831419
A580N,0.290987146
A580P,0.154691508
A580Q,-0.002082555
A580R,-0.334897775
A580S,0.331392568
A580T,-0.343586232
A580V,-0.130572582
A580W,-0.460983629
A580Y,-1.114151086
M581A,-0.720112315
M581C,-0.293315914
M581D,-0.299175741
M581E,-0.606136389
M581F,-0.474036269
M581G,-0.580646368
M581H,-0.260071446
M581I,0.238958689
M581K,0.110170948
M581L,-0.550987409
M581N,-0.369525116
M581P,-0.461538963
M581Q,-0.593122959
M581R,0.02321231
M581S,-0.509687942
M581T,-0.8707265340000001
M581V,-0.392818951
M581W,-0.249096521
M581Y,-0.594437342
V582A,-0.8012817879999999
V582C,-0.207118276
V582D,-0.258514782
V582E,0.228453211
V582F,0.086848276
V582G,-0.6383098770000001
V582H,0.5653375620000001
V582I,0.425753558
V582K,0.277215728
V582L,-0.405579546
V582M,0.339533047
V582N,0.794313989
V582P,-0.455892855
V582Q,0.300059276
V582R,-0.522337157
V582S,-0.125173586
V582T,-0.148978108
V582W,-0.723652113
V582Y,0.126862549
