variant,score
M1A,-0.608318416
M1C,-0.8740591990000001
M1D,0.151947029
M1E,-0.604673071
M1F,0.151947029
M1G,0.666078947
M1H,-0.748066435
M1I,-0.340533239
M1K,0.06576368
M1L,-0.527684284
M1N,0.24790084
M1P,-0.279469394
M1Q,-0.8969542859999999
M1R,-1.049666743
M1S,-0.4758945570000001
M1T,-0.424172005
M1V,-0.123793139
M1W,-0.431095262
M1Y,0.151947029
E2A,-0.391482836
E2C,-0.5322527429999999
E2D,-0.609625246
E2F,-0.927205757
E2G,-0.492106072
E2H,-0.603191678
E2I,-0.7367202279999999
E2K,-0.353016466
E2L,-0.814066176
E2M,-0.486437598
E2N,-0.611780426
E2P,-0.273735938
E2Q,-0.3200887
E2R,-0.5345067410000001
E2S,-0.692408495
E2T,-0.772768582
E2V,-0.454295966
E2W,-0.454003678
E2Y,-0.5403858539999999
E3A,-0.325176542
E3C,-0.4086627470000001
E3D,-0.581651727
E3F,-0.603630954
E3G,-0.535012579
E3H,-0.6969430520000001
E3I,-0.931207115
E3K,-0.509643486
E3L,-0.500864569
E3M,-0.5155432010000001
E3N,-0.917948339
E3P,0.065057226
E3Q,-0.5736506579999999
E3R,-0.642964261
E3S,-0.385970417
E3T,-0.375902793
E3V,-0.705946913
E3W,-0.373393622
E3Y,-0.533081055
P4A,-0.645587922
P4C,-0.493396078
P4D,-0.487258324
P4E,-0.367877683
P4F,-0.446239166
P4G,-0.313623447
P4H,-0.21404171
P4I,-0.213083112
P4K,-0.289327079
P4L,-0.367258639
P4M,-0.317845402
P4N,-0.152027524
P4Q,-0.155258214
P4R,-0.219940858
P4S,-0.263538933
P4T,-0.166006174
P4V,-0.197258626
P4W,-0.758833027
P4Y,-0.596970081
Q5A,-0.620958924
Q5C,-0.631366529
Q5D,-0.778473592
Q5E,-0.566024104
Q5F,-0.167893948
Q5G,-0.493893103
Q5H,-0.460653077
Q5I,-0.764901814
Q5K,-0.285200324
Q5L,-0.433539004
Q5M,-0.5145990029999999
Q5N,-0.217517207
Q5P,-0.724607928
Q5R,-0.307799185
Q5S,-0.625927169
Q5T,-0.581702551
Q5V,-0.473716925
Q5W,-0.504395825
Q5Y,-0.586378126
S6A,-0.550761979
S6C,-0.572589386
S6D,-0.8755998620000001
S6E,-0.673900322
S6F,-0.573294439
S6G,-0.662669604
S6H,-0.463887917
S6I,-0.409219946
S6K,-0.465116723
S6L,-0.346700269
S6M,-0.243591358
S6N,-0.747563978
S6P,-0.415270022
S6Q,-0.466191762
S6R,-1.029701464
S6T,-0.293704912
S6V,-0.66921728
S6W,-0.211785334
S6Y,-0.213628709
D7A,-0.43056291
D7C,-0.641412777
D7E,-0.156193883
D7F,-0.553384846
D7G,-0.370606854
D7H,-0.478165678
D7I,-0.734657039
D7K,-0.396648036
D7L,-0.434394181
D7M,-0.487685925
D7N,-0.327019993
D7P,-0.52441567
D7Q,-0.489573706
D7R,-0.306031107
D7S,-0.427461309
D7T,-0.34841653
D7V,-0.239259965
D7W,-0.509843842
D7Y,-0.326948095
P8A,-0.263779395
P8C,-0.326818907
P8D,-1.245965219
P8E,-0.951505479
P8F,-0.7171757940000001
P8G,-0.983173169
P8H,-0.298921021
P8I,-0.563552717
P8K,-0.536066595
P8L,-0.56649488
P8M,-0.501741599
P8N,-0.762835659
P8Q,-0.683333922
P8R,-0.569131414
P8S,-0.798389351
P8T,-0.216232823
P8V,-0.902516747
P8W,-0.855694237
P8Y,-0.669889754
S9A,-0.222836018
S9C,-0.6384433079999999
S9D,-1.047717551
S9E,-0.16721459
S9F,-0.549528208
S9G,-0.083962331
S9H,-0.527404479
S9I,-0.475326762
S9K,-0.605181172
S9L,-0.621983906
S9M,-0.5554002929999999
S9N,-0.075068769
S9P,-0.645056036
S9Q,-0.361434442
S9R,-0.335599086
S9T,-0.504841283
S9V,-0.41895045
S9W,-0.430402809
S9Y,-0.8895911440000001
V10A,-0.477151727
V10C,-0.237147084
V10D,-0.502244616
V10E,-0.757042407
V10F,-0.320797119
V10G,-0.6833447570000001
V10H,-0.336913178
V10I,-0.11962277
V10K,-0.044392296
V10L,-0.687144839
V10M,-0.118157357
V10N,-0.619721671
V10P,-0.24677843
V10Q,-0.7959348359999999
V10R,-1.009915439
V10S,-0.500568389
V10T,-0.5799412860000001
V10W,-0.466324289
V10Y,-0.20052426
E11A,-0.749916409
E11C,-0.183326346
E11D,-0.489084215
E11F,-0.439042338
E11G,-0.372540276
E11H,-0.842657953
E11I,-0.612489139
E11K,-0.109723733
E11L,-0.543647416
E11M,-0.487721697
E11N,-0.309389755
E11P,-0.587288499
E11Q,-0.906977023
E11R,-0.796497144
E11S,-0.911581091
E11T,-0.667846495
E11V,-0.416525153
E11W,-0.559595589
E11Y,-0.745758283
P12A,-0.776126573
P12C,-0.290849639
P12D,-0.30863094
P12E,-0.279584758
P12F,-0.6193628489999999
P12G,-0.341366801
P12H,-0.117696477
P12I,-0.6738871759999999
P12K,-0.297483711
P12L,-0.151445327
P12M,-0.531628704
P12N,-0.509998961
P12Q,-0.227409254
P12R,-0.1473834819999999
P12S,-0.094772267
P12T,-0.320189846
P12V,-0.332806845
P12W,-0.530077326
P12Y,-0.411072276
P13A,-0.5229287570000001
P13C,-0.398610658
P13D,-0.455570432
P13E,0.424661054
P13F,-0.398546723
P13G,-0.136512522
P13H,-0.167455944
P13I,-0.255183839
P13K,-0.587891693
P13L,-0.5194013820000001
P13M,-0.202698632
P13N,0.188593134
P13Q,-0.497864331
P13R,-0.28737027
P13S,-0.45635397
P13T,-0.263027701
P13V,-0.784274015
P13W,-1.094474793
P13Y,-0.715237604
L14A,-0.056764413
L14C,-0.218508475
L14D,-0.651428447
L14E,-0.090471583
L14F,-0.580430387
L14G,-0.483752848
L14H,-0.550905615
L14I,-0.1662920769999999
L14K,-0.226176701
L14M,-0.304909066
L14N,-0.310749905
L14P,-0.436951909
L14Q,-0.367132642
L14R,-0.439896027
L14S,-0.476678538
L14T,-0.7852774709999999
L14V,-0.362408791
L14W,-0.6790043370000001
L14Y,-0.293959351
S15A,-0.467643822
S15C,-0.36497012
S15D,-0.577029357
S15E,-0.538445266
S15F,-0.7468076029999999
S15G,-0.296108233
S15H,-0.823366554
S15I,-0.386933571
S15K,0.1373305709999999
S15L,-0.322810972
S15M,-0.7413587070000001
S15N,-0.205932809
S15P,-0.5245440729999999
S15Q,-0.252488719
S15R,0.0576477
S15T,-0.711873898
S15V,-0.3981791
S15W,-0.51935837
S15Y,-0.50645913
Q16A,-0.643393972
Q16C,-0.330091929
Q16D,-0.63136516
Q16E,-0.549333586
Q16F,-0.752102803
Q16G,-0.743869201
Q16H,-0.389912893
Q16I,-0.4285811
Q16K,-0.159724696
Q16L,-0.6966717570000001
Q16M,-0.631857138
Q16N,-0.6518142229999999
Q16P,-0.7518431440000001
Q16R,-0.201817359
Q16S,-0.692649189
Q16T,-0.81464235
Q16V,-0.278026514
Q16W,-0.884639484
Q16Y,-0.925827108
E17A,-0.623916678
E17C,-0.7492841459999999
E17D,-0.639239796
E17F,-0.675794648
E17G,-0.444779635
E17H,-0.914313229
E17I,-0.704376201
E17K,-0.1795441139999999
E17L,-0.4645383870000001
E17M,-0.560270068
E17N,-0.309048261
E17P,-0.72692168
E17Q,-0.803665608
E17R,-0.585654391
E17S,-0.624272998
E17T,-0.985590377
E17V,-0.589493912
E17W,-0.113736308
E17Y,-0.908970497
T18A,-0.493117102
T18C,-0.930542377
T18D,-0.23460416
T18E,-0.647406398
T18F,-0.905499953
T18G,-0.45323911
T18H,-0.573468912
T18I,-0.531047665
T18K,-0.456486101
T18L,-0.7642124790000001
T18M,-0.882423605
T18N,-0.529561092
T18P,-0.443111196
T18Q,-0.500896015
T18R,-0.451525646
T18S,-0.253047439
T18V,-0.4090265420000001
T18W,-0.509173037
T18Y,-0.604307915
F19A,-0.14690812
F19C,0.024742447
F19D,0.062840446
F19E,-0.202346204
F19G,-0.305348942
F19H,-0.359552093
F19I,-0.527842873
F19K,0.197255217
F19L,-0.217878825
F19M,-0.169120656
F19N,-0.286758101
F19P,-0.348390494
F19Q,-0.640807322
F19R,-0.143599984
F19S,-0.368840558
F19T,-0.307854402
F19V,0.060531477
F19W,0.024173566
F19Y,0.141225664
S20A,0.099777001
S20C,-0.8568910479999999
S20D,-1.053761367
S20E,-0.281378691
S20F,-0.763376119
S20G,-1.275449497
S20H,-1.038344194
S20I,-0.473125205
S20K,-1.32427249
S20L,0.1726227739999999
S20M,0.609629967
S20N,-0.8367390379999999
S20P,-0.6221294789999999
S20Q,-0.359466953
S20R,-0.7144546690000001
S20T,-0.808388825
S20V,-0.939201956
S20W,1.785320667
S20Y,-0.546396984
D21A,-0.401145462
D21C,-0.8261308509999999
D21E,-0.062056804
D21F,-1.075351505
D21G,-0.504691004
D21H,-0.981523898
D21I,-0.580529731
D21K,-0.994617665
D21L,-0.5435956789999999
D21M,-0.6209061060000001
D21N,-0.536470034
D21P,-0.309320678
D21Q,-0.7559089940000001
D21R,-0.72617452
D21S,-0.780667283
D21T,-0.728620948
D21V,-0.978803978
D21W,-0.533281169
D21Y,-0.491684634
L22A,-0.059152749
L22C,-0.425746166
L22D,-0.063978757
L22E,-0.368015126
L22F,-0.533148677
L22G,-0.717830162
L22H,-0.612723911
L22I,-0.0733210909999999
L22K,-0.273058736
L22M,-0.886872615
L22N,-0.248018463
L22P,-0.32013541
L22Q,-0.0114046739999999
L22R,-0.430477938
L22S,-0.146015328
L22T,-0.59598731
L22V,-0.143870848
L22W,-0.317142118
L22Y,-0.318843831
W23A,-0.053908747
W23C,-0.042142579
W23D,-0.008454207
W23E,0.12152439
W23F,-0.311330382
W23G,-0.327797788
W23H,-0.1321232259999999
W23I,-0.385163011
W23K,-0.064235608
W23L,-0.100511478
W23M,-0.131414583
W23N,-0.201583391
W23P,-0.15437152
W23Q,-0.065421799
W23R,-0.085916602
W23S,-0.187630132
W23T,-0.224017596
W23V,-0.250368337
W23Y,-0.330211756
K24A,-0.619017602
K24C,-0.7871876640000001
K24D,-0.670972193
K24E,-0.159082961
K24F,-0.499193033
K24G,-0.539378483
K24H,-0.646492304
K24I,-0.8615013340000001
K24L,-1.265435789
K24M,-0.776600312
K24N,-0.441975239
K24P,-0.348434903
K24Q,-0.655844938
K24R,-0.51380128
K24S,-0.7433965020000001
K24T,-0.845032351
K24V,-0.7727451359999999
K24W,-0.17407072
K24Y,-0.5554786660000001
L25A,-0.595558766
L25C,-0.8773225040000001
L25D,-0.826997588
L25E,-0.6956096190000001
L25F,-0.45674348
L25G,-0.8668544009999999
L25H,-0.687484364
L25I,-0.180238485
L25K,-0.257210138
L25M,-0.571883432
L25N,-0.502713951
L25P,-0.074176455
L25Q,-0.281898932
L25R,-0.44029497
L25S,-0.748771346
L25T,-0.2917935
L25V,-0.4518046
L25W,-0.367732493
L25Y,-0.238289258
L26A,-0.255350036
L26C,-0.54849231
L26D,-0.259630713
L26E,-0.126537464
L26F,-0.00326729
L26G,-0.084880439
L26H,-0.290913624
L26I,-0.019535866
L26K,-0.39304354
L26M,-0.556644444
L26N,-0.634088591
L26P,-0.22432823
L26Q,0.124751479
L26R,-0.220973144
L26S,-0.320927653
L26T,-0.281237904
L26V,-0.893163115
L26W,-0.569092849
L26Y,-0.631357365
P27A,1.202713457
P27C,0.8291803459999999
P27D,0.74003556
P27E,1.536522199
P27F,0.05269157
P27G,0.7616370440000001
P27H,0.089262472
P27I,1.288521464
P27K,-0.394868694
P27L,0.555932829
P27M,0.788356455
P27N,-0.090336879
P27Q,1.313664926
P27R,-0.179993443
P27S,0.002133208
P27T,0.4691985320000001
P27V,1.233028248
P27W,0.525917902
P27Y,1.35429867
E28A,-0.731675953
E28C,-0.103662246
E28D,-0.686719321
E28F,-0.338514183
E28G,-0.482247787
E28H,-0.434317179
E28I,0.810420692
E28K,-0.129505824
E28L,0.186678315
E28M,-0.920358044
E28N,-0.782405421
E28P,-0.8169590609999999
E28Q,-0.376068384
E28R,-0.711423763
E28S,-0.662604923
E28T,-0.053865782
E28V,0.334269363
E28W,0.389449989
E28Y,0.002137239
N29A,-0.322265644
N29C,-0.329299969
N29D,-0.269183396
N29E,-0.485837223
N29F,1.24230247
N29G,-0.589459917
N29H,0.01411215
N29I,0.654965696
N29K,-0.055938321
N29L,0.705240888
N29M,0.043526872
N29P,1.399799592
N29Q,-0.734564008
N29R,-0.75337963
N29S,-0.137294317
N29T,-0.123880056
N29V,0.148835317
N29W,1.332119457
N29Y,0.630807745
N30A,-0.525485155
N30C,-0.32795342
N30D,-0.342045063
N30E,-0.929970149
N30F,1.102538022
N30G,-0.365909984
N30H,-0.249241323
N30I,0.415401963
N30K,-0.344101853
N30L,0.6351916879999999
N30M,0.5321312020000001
N30P,-0.049777263
N30Q,-0.325409611
N30R,-0.8074762059999999
N30S,-0.13758998
N30T,-0.082239386
N30V,-0.215854183
N30W,0.861635355
N30Y,0.415328387
V31A,-0.418133308
V31C,-0.68961951
V31D,-0.8242392040000001
V31E,-0.483880278
V31F,-0.506545311
V31G,-0.405207729
V31H,-0.43550949
V31I,-0.270370879
V31K,-1.065522385
V31L,-0.65909777
V31M,-0.6193877520000001
V31N,-0.7677145609999999
V31P,-0.835835164
V31Q,-0.26078049
V31R,-0.2470947
V31S,-0.653352245
V31T,-0.129360306
V31W,-0.5684506970000001
V31Y,-0.480679059
L32A,-0.6743186790000001
L32C,-0.409962919
L32D,-0.797876681
L32E,-2.017350243
L32F,-0.524375566
L32G,-0.911393669
L32H,-1.32775017
L32I,-1.884540668
L32K,-2.330897594
L32M,-0.149890663
L32N,-1.115684163
L32P,-0.426695673
L32Q,-0.150804544
L32R,-0.391390059
L32S,-0.368268596
L32T,-0.578513536
L32V,-0.667336899
L32W,-0.362142749
L32Y,-0.888235934
S33A,-0.6835611859999999
S33C,-0.395567329
S33D,-0.277707502
S33E,-0.5818141720000001
S33F,-0.109002792
S33G,-0.60353562
S33H,-0.66371913
S33I,-0.08713161
S33K,-0.8234877009999999
S33L,0.047478735
S33M,-0.8359475470000001
S33N,-0.351360574
S33P,-0.185032435
S33Q,-0.484255674
S33R,-0.671455403
S33T,-0.5923754960000001
S33V,-0.3535090320000001
S33W,-0.146976547
S33Y,-0.048395054
P34A,-0.7895832740000001
P34C,-2.223830591
P34D,-1.120236716
P34E,-0.6571801389999999
P34F,-0.903314132
P34G,-1.491001561
P34H,-0.118846375
P34I,-0.760692226
P34K,-0.721471395
P34L,-0.260079662
P34M,-1.592792825
P34N,-0.783582047
P34Q,-0.33097344
P34R,-0.494765372
P34S,0.0750631559999999
P34T,-0.086792065
P34V,-1.535124488
P34W,-0.244007875
P34Y,-0.8123465559999999
L35A,-1.263912219
L35C,-0.203867798
L35D,-0.9488045
L35E,-1.101923866
L35F,0.004486789
L35G,-0.598751175
L35H,-0.7671940190000001
L35I,-0.542151698
L35K,-1.416672593
L35M,-0.53174323
L35N,-0.595157397
L35P,-0.647758933
L35Q,-0.94134379
L35R,-0.174738074
L35S,-0.032122052
L35T,-0.353778303
L35V,-0.53000836
L35W,-0.147933149
L35Y,-0.085118179
P36A,-0.596032149
P36C,-1.2948205940000002
P36D,-0.398976744
P36E,-0.643701973
P36F,-0.334996705
P36G,-0.61761648
P36H,-1.171523506
P36I,-1.240723347
P36K,0.367588494
P36L,-0.163374145
P36M,-0.329741219
P36N,-0.224771662
P36Q,-0.187941471
P36R,-0.243857054
P36S,-0.013431555
P36T,0.053866932
P36V,-1.023117645
P36W,-0.820227858
P36Y,-0.926540946
S37A,-0.502052563
S37C,-0.982654535
S37D,-0.364488174
S37E,-2.162914921
S37F,-0.997522575
S37G,-0.056588734
S37H,-0.782957482
S37I,-1.661000777
S37K,-1.130959614
S37L,-0.220143114
S37M,-0.678511703
S37N,-0.255076215
S37P,0.043038496
S37Q,0.561579529
S37R,-0.132167409
S37T,-0.48280613
S37V,-0.18940764
S37W,-0.193516694
S37Y,-0.007265823
Q38A,-1.693907631
Q38C,-0.6846065640000001
Q38D,-1.229842153
Q38E,-0.8199092920000001
Q38F,-0.183090855
Q38G,-1.351176831
Q38H,-0.286148851
Q38I,-0.470818112
Q38K,-0.023178262
Q38L,-0.6797632790000001
Q38M,-1.342330514
Q38N,-1.313666534
Q38P,-0.426988222
Q38R,0.026231294
Q38S,-1.6003085030000002
Q38T,-0.367670831
Q38V,-1.004982719
Q38W,-0.793286466
Q38Y,0.314834202
A39C,-1.026194215
A39D,-0.675782715
A39E,-0.227836433
A39F,-0.839917175
A39G,0.387644447
A39H,-0.936390691
A39I,-1.160198397
A39K,-0.905311691
A39L,-0.8965700609999999
A39M,-1.191536252
A39N,-0.66326107
A39P,0.027258366
A39Q,-0.56990129
A39R,-0.209625858
A39S,-0.237259229
A39T,-0.118056104
A39V,-0.0820308
A39W,-1.904409837
A39Y,-0.817394062
M40A,-1.251644807
M40C,-1.166812407
M40D,-0.523378393
M40E,-0.473173658
M40F,-0.814524935
M40G,0.158162324
M40H,-0.701996982
M40I,-0.092703205
M40K,-0.254695936
M40L,-0.56335128
M40N,-0.343335761
M40P,-0.7849165290000001
M40Q,-0.7721258529999999
M40R,-0.247081765
M40S,-0.6890774479999999
M40T,-0.124756296
M40V,-0.059029646
M40W,-0.737239801
M40Y,-0.802926252
D41A,-0.333935747
D41C,-0.881854468
D41E,-0.279718274
D41F,-0.168427795
D41G,-0.070195414
D41H,-0.560250902
D41I,-1.420811033
D41K,-0.405306983
D41L,-1.36686642
D41M,-0.400165285
D41N,0.161722711
D41P,-1.653076358
D41Q,-0.676774977
D41R,-0.814730895
D41S,-1.041706167
D41T,-0.353288465
D41V,0.063782584
D41W,-0.044199404
D41Y,-0.144370897
D42A,-0.508865231
D42C,-0.5408128320000001
D42E,-0.005690321
D42F,-0.8854571290000001
D42G,-0.297072724
D42H,-0.9387128
D42I,-0.6430210239999999
D42K,-0.394624435
D42L,-1.816501323
D42M,-1.4159622019999998
D42N,0.053979556
D42P,-0.291053483
D42Q,-0.357053132
D42R,-0.862152382
D42S,-0.8212624209999999
D42T,-2.214090339
D42V,-0.881371105
D42W,-0.236522885
D42Y,-0.293319455
L43A,-0.89576024
L43C,-0.862122084
L43D,-0.712278458
L43E,-0.180653707
L43F,-0.1528867069999999
L43G,-0.331427227
L43H,-0.527523534
L43I,-0.8905554840000001
L43K,-1.036706803
L43M,-0.506272148
L43N,0.115382038
L43P,-0.491804836
L43Q,-1.111551712
L43R,0.14681256
L43S,-0.263997321
L43T,-1.161149615
L43V,0.01568529
L43W,-0.449412965
L43Y,-0.317349735
M44A,-0.506103242
M44C,-0.48543731
M44D,-0.5449518879999999
M44E,0.115110663
M44F,-1.513444104
M44G,0.835123518
M44H,-0.630887859
M44I,0.120465306
M44K,-0.195298604
M44L,-0.531424385
M44N,-0.926354571
M44P,-1.4080488480000002
M44Q,-1.626359185
M44R,-0.7468724240000001
M44S,-0.946990886
M44T,-0.4097851420000001
M44V,-0.076881572
M44W,-0.558001294
M44Y,-0.551009457
L45A,-0.701837629
L45C,-0.470656448
L45D,-1.5181210369999998
L45E,-1.133798188
L45F,-1.22231229
L45G,-0.618809563
L45H,-0.404622762
L45I,0.248532105
L45K,0.002371965
L45M,-0.02810931
L45N,-0.886220193
L45P,-0.21634681
L45Q,-0.006169225
L45R,-0.451815656
L45S,-0.522479176
L45T,-0.330876691
L45V,-0.027075369
L45W,-1.452933921
L45Y,-1.285768363
S46A,-0.387453236
S46C,-0.38463161
S46D,-0.035855769
S46E,-2.257716963
S46F,0.175137237
S46G,-1.576726628
S46H,-0.227192911
S46I,-0.149029714
S46K,-1.664376848
S46L,-0.928923596
S46M,-0.40270839
S46N,-0.371094155
S46P,-0.033787318
S46Q,-0.535004149
S46R,-0.227325725
S46T,-0.180277211
S46V,0.052227052
S46W,-0.647169924
S46Y,-0.041704448
P47A,-0.634663357
P47C,-0.831496662
P47D,-0.774293475
P47E,-0.73311116
P47F,-1.030077215
P47G,-1.249158141
P47H,-1.204477521
P47I,-1.316469892
P47K,-1.887481876
P47L,-0.120861209
P47M,-1.22789546
P47N,-0.961214256
P47Q,0.016950797
P47R,0.010160936
P47S,-0.228058957
P47T,-0.013760725
P47V,0.081930372
P47W,-0.056188232
P47Y,-1.12165022
D48A,-0.45702695
D48C,-0.266247931
D48E,-0.172164398
D48F,-0.923264616
D48G,0.024867197
D48H,-0.568316178
D48I,-1.229123267
D48K,-0.412528944
D48L,-0.986309906
D48M,-0.077055519
D48N,0.282857168
D48P,-0.949695718
D48Q,-0.680686125
D48R,-0.568594545
D48S,-0.207099113
D48T,-0.073052691
D48V,-0.362542919
D48W,-0.611762017
D48Y,0.00192353
D49A,-0.547314835
D49C,-1.244026246
D49E,0.242507779
D49F,-1.636918459
D49G,-0.184020625
D49H,-0.346489101
D49I,0.258707276
D49K,-1.550355067
D49L,-0.458555268
D49M,-1.141648114
D49N,0.056224413
D49P,-0.294771272
D49Q,-1.464542245
D49R,-0.226104495
D49S,-1.2469278540000002
D49T,-1.5048072119999998
D49V,-0.368831615
D49W,-1.564822393
D49Y,-0.420159275
I50A,-1.086140605
I50C,-0.901466518
I50D,-0.615843829
I50E,-0.735837464
I50F,-0.374349335
I50G,-0.484829926
I50H,-0.606147753
I50K,0.385696758
I50L,-0.692012665
I50M,-0.490224683
I50N,-0.195973882
I50P,-0.000843431
I50Q,-0.612866569
I50R,-0.932245819
I50S,-0.179910378
I50T,-0.6144716029999999
I50V,-0.183405183
I50W,-1.345149624
I50Y,-0.005334747
E51A,-0.54826187
E51C,-1.3550086609999998
E51D,-0.440688125
E51F,-1.043107301
E51G,-0.330422642
E51H,-1.619043339
E51I,-0.192626494
E51K,-0.003665883
E51L,-0.866366645
E51M,-1.524734209
E51N,-0.344248192
E51P,-0.870227442
E51Q,-0.395051516
E51R,-0.73237437
E51S,-0.726929721
E51T,-1.114643564
E51V,-0.587428821
E51W,-0.8824804070000001
E51Y,-0.74152501
Q52A,-0.811077465
Q52C,-1.397915909
Q52D,-0.912460546
Q52E,-0.661321576
Q52F,-0.43180198
Q52G,-1.4978221930000002
Q52H,-0.033411599
Q52I,-0.4440624620000001
Q52K,-0.019072251
Q52L,-0.313678923
Q52M,-1.749749875
Q52N,-0.253451045
Q52P,-0.598792165
Q52R,-0.089784639
Q52S,-1.3789516590000002
Q52T,0.175253593
Q52V,-0.686622573
Q52W,-0.542181331
Q52Y,-0.5885178010000001
W53A,-0.207593578
W53C,0.16015971
W53D,0.071885911
W53E,-0.503568618
W53F,-1.243514452
W53G,-0.00353019
W53H,-0.226509478
W53I,-0.093720576
W53K,-0.004586841
W53L,-0.38247598
W53M,0.126647678
W53N,-0.253095063
W53P,-0.267831089
W53Q,-0.189907151
W53R,0.174261212
W53S,0.138698315
W53T,-0.13116709
W53V,-0.567487726
W53Y,-0.74963503
F54A,-0.6746942229999999
F54C,0.014412544
F54D,-0.5060261110000001
F54E,0.265616755
F54G,-0.302268514
F54H,-0.477477508
F54I,-0.417691335
F54K,-0.499683584
F54L,-0.133590635
F54M,-0.30595798
F54N,-0.397662034
F54P,-0.219900611
F54Q,-0.49691896
F54R,-0.67208479
F54S,0.150090768
F54T,-0.3974196720000001
F54V,0.009350697
F54W,-1.822263173
F54Y,-0.172279848
T55A,-0.132422924
T55C,-1.173593263
T55D,-0.6607457379999999
T55E,-0.881148707
T55F,-0.879551973
T55G,-0.806103563
T55H,-0.346301673
T55I,-0.434270025
T55K,-1.369394358
T55L,-0.238321906
T55M,-1.260200574
T55N,-0.185843617
T55P,-0.113462374
T55Q,-0.646167587
T55R,-0.001801005
T55S,-0.6117424810000001
T55V,-0.071212561
T55W,-1.052830218
T55Y,-1.4417440419999998
E56A,-0.483743371
E56C,-0.765771538
E56D,-0.389263917
E56F,-1.102806227
E56G,-0.435667383
E56H,-0.817131728
E56I,-0.820732637
E56K,-0.111982613
E56L,-0.958071586
E56M,-0.533029758
E56N,-0.714923455
E56P,-1.231417856
E56Q,-1.095471014
E56R,-1.018852441
E56S,-1.1184069490000002
E56T,-0.689258455
E56V,-0.778540508
E56W,-1.0789895109999998
E56Y,-0.8016075559999999
D57A,-0.333563779
D57C,-0.531127875
D57E,-0.082813763
D57F,-1.14906954
D57G,0.15608418
D57H,-0.313244048
D57I,-1.325444024
D57K,-0.450646591
D57L,-0.804154459
D57M,-1.140028562
D57N,-0.457212223
D57P,-0.8400463290000001
D57Q,-1.079409169
D57R,-0.051577725
D57S,-0.713785925
D57T,-0.587720755
D57V,-0.420242453
D57W,-1.139566797
D57Y,0.116933895
P58A,-0.274358168
P58C,-0.8916593209999999
P58D,-0.6880816359999999
P58E,-1.067323017
P58F,-1.095000569
P58G,-1.139841196
P58H,-0.86320449
P58I,-0.646550197
P58K,-0.977149467
P58L,0.012722296
P58M,-0.575800409
P58N,-1.298051073
P58Q,-0.064391323
P58R,-0.644919139
P58S,-0.28892044
P58T,-0.081188562
P58V,-0.782044235
P58W,-0.8296991659999999
P58Y,-0.55262473
G59A,0.149130511
G59C,-0.17327883
G59D,-0.339547651
G59E,-1.439781938
G59F,-0.917448498
G59H,-1.011550298
G59I,-0.693174437
G59K,-1.0147573559999998
G59L,-0.782364075
G59M,-0.417796667
G59N,-0.498036599
G59P,-0.739295563
G59Q,-0.3744791320000001
G59R,-0.259886983
G59S,-0.190809878
G59T,-1.0563704
G59V,-0.312184646
G59W,-0.864588536
G59Y,-1.027360939
P60A,-0.97413296
P60C,-0.922971438
P60D,-0.840215211
P60E,-1.217827602
P60F,-0.571095543
P60G,-1.248652933
P60H,-0.559414869
P60I,-0.5026423010000001
P60K,-0.734767471
P60L,-0.144035596
P60M,-0.333427202
P60N,-1.4139975180000002
P60Q,-0.101550371
P60R,-0.296651114
P60S,-0.348811727
P60T,-0.001579352
P60V,-0.328236919
P60W,-1.75200532
P60Y,-1.137637899
D61A,-0.289057118
D61C,-0.328186816
D61E,-0.300908202
D61F,-0.436890259
D61G,-0.080044461
D61H,0.0767799
D61I,-0.7831132470000001
D61K,-0.449582281
D61L,-0.938832771
D61M,-0.7201500670000001
D61N,-0.126267604
D61P,-1.624593315
D61Q,0.080104879
D61R,-0.428786656
D61S,-0.312494593
D61T,-0.976034295
D61V,-0.800269239
D61W,-1.12631126
D61Y,-0.079502146
E62A,-0.408463896
E62C,-0.732008148
E62D,-0.370947945
E62F,0.208522889
E62G,-0.102847045
E62H,-0.42101085
E62I,-0.891298888
E62K,-0.017090846
E62L,-0.389895336
E62M,0.166307447
E62N,-0.723396121
E62P,-1.330087961
E62Q,-0.602490568
E62R,-0.099173434
E62S,-0.488536965
E62T,-0.6857125629999999
E62V,-0.257672898
E62W,-0.271985913
E62Y,-0.969222313
A63C,-0.883830782
A63D,-0.0863768509999999
A63E,-0.762452928
A63F,-1.467963865
A63G,0.085588775
A63H,-1.236659097
A63I,-0.406935311
A63K,-1.154118911
A63L,-0.351359687
A63M,-0.314254434
A63N,-0.955816671
A63P,-0.867865247
A63Q,-0.363154707
A63R,-0.529840503
A63S,-0.194780688
A63T,-0.202421369
A63V,-0.41953775
A63W,-0.306738749
A63Y,-0.974957838
P64A,-0.626449779
P64C,-1.173178105
P64D,-0.7930125570000001
P64E,-0.361233738
P64F,-1.026340594
P64G,-1.999526373
P64H,-0.083960919
P64I,-0.478326095
P64K,-1.399105944
P64L,0.0067289269999999
P64M,-0.733924137
P64N,-0.611467687
P64Q,-0.676428802
P64R,-0.492534156
P64S,-0.132399711
P64T,-0.295440092
P64V,-0.150856493
P64W,0.288113982
P64Y,-0.560368871
R65A,-0.075263497
R65C,-1.394615392
R65D,-0.853449745
R65E,-0.647773272
R65F,-1.45517111
R65G,-0.065494349
R65H,-0.7187921209999999
R65I,-0.145272116
R65K,0.009579234
R65L,-0.100450745
R65M,-0.567690198
R65N,-0.7035212890000001
R65P,-0.295383528
R65Q,-0.512368213
R65S,-0.361299181
R65T,-0.6947848640000001
R65V,-0.7143816070000001
R65W,-0.058425585
R65Y,-0.4539090220000001
M66A,-0.375516416
M66C,-0.421279149
M66D,-0.783093943
M66E,-0.906560748
M66F,-0.709795902
M66G,-0.476336597
M66H,-0.847144172
M66I,0.018000409
M66K,-0.293518682
M66L,-0.328694144
M66N,-0.379065209
M66P,-0.317469294
M66Q,-0.151093699
M66R,-0.748131683
M66S,-0.590577461
M66T,-0.19861986
M66V,0.089370756
M66W,-0.03652582
M66Y,-0.7776142490000001
P67A,-0.421463414
P67C,-0.539129008
P67D,-1.225312832
P67E,-0.438776991
P67F,-1.6905514419999998
P67G,-0.980009109
P67H,-0.09839494
P67I,-1.661855333
P67K,-1.048746687
P67L,-0.206686142
P67M,-1.009651677
P67N,-1.447619436
P67Q,-0.272040754
P67R,-0.661690385
P67S,-0.127690225
P67T,-0.333284433
P67V,-0.971518068
P67W,-1.332862867
P67Y,-0.252936781
E68A,-0.508479888
E68C,-0.496504769
E68D,-0.159003142
E68F,-1.460268895
E68G,0.023481643
E68H,-0.879697972
E68I,-0.623031338
E68K,-0.207680817
E68L,-0.216380585
E68M,-0.7612251999999999
E68N,-0.043436654
E68P,0.044287708
E68Q,-0.537773472
E68R,-0.412525676
E68S,-1.084806884
E68T,-0.939035754
E68V,-0.173319688
E68W,0.004283014
E68Y,-0.171739786
A69C,-0.373865471
A69D,-0.116536411
A69E,-0.5878444420000001
A69F,-0.172726618
A69G,-0.286642979
A69H,-0.589224925
A69I,-0.7271278840000001
A69K,-0.544520534
A69L,-0.614332228
A69M,-0.502455819
A69N,-0.5572575
A69P,-0.483124173
A69Q,-1.4443569719999998
A69R,-0.619241433
A69S,-0.256128498
A69T,-0.02698983
A69V,-0.440396228
A69W,-1.054590652
A69Y,-0.8406999390000001
A70C,-0.39354272
A70D,-0.214976055
A70E,-0.39696397
A70F,-0.495584876
A70G,-0.229520602
A70H,-0.27362019
A70I,-0.68753921
A70K,-0.8516956929999999
A70L,-0.4100240120000001
A70M,-1.345942211
A70N,-0.97594302
A70P,0.363761469
A70Q,-0.314929356
A70R,-0.887650396
A70S,-0.159829559
A70T,-0.059571855
A70V,-0.200189975
A70W,-0.7441086090000001
A70Y,-1.0127171659999998
P71A,-0.610722682
P71C,-0.33421316
P71D,-0.420937275
P71E,-1.245702988
P71F,-0.216075394
P71G,-0.813157175
P71H,-0.086248089
P71I,-1.073137937
P71K,-0.997902753
P71L,0.269224152
P71M,-1.096073352
P71N,-1.148895856
P71Q,-0.782789304
P71R,-0.265432631
P71S,-0.394682176
P71T,-0.188608773
P71V,-1.147038671
P71W,-1.217324531
P71Y,-0.637974368
V73A,0.027116944
V73C,-0.869920957
V73D,-1.642922885
V73E,-0.232353667
V73F,-0.1903718
V73G,-0.566965003
V73H,-0.7236454809999999
V73I,-0.350679373
V73K,-0.7890600170000001
V73L,-0.253707229
V73M,0.062432421
V73N,-1.463289761
V73P,-0.857638727
V73Q,-0.8376083940000001
V73R,-0.246797901
V73S,-0.992457295
V73T,-0.885526264
V73W,-0.46209853
V73Y,-0.7602505
A74C,-1.266979746
A74D,-0.279365116
A74E,-0.741012876
A74F,-0.897360157
A74G,-0.210260084
A74H,-0.8134756940000001
A74I,-0.85510755
A74K,-0.783283897
A74L,-0.439161745
A74M,-1.202106744
A74N,-0.497989099
A74P,-0.431235661
A74Q,-0.874833217
A74R,-0.6860971309999999
A74S,-0.046819187
A74T,0.254875711
A74V,-0.214822468
A74W,-0.931065947
A74Y,-0.474318786
P75A,-0.422116245
P75C,-0.6731299190000001
P75D,-0.8780572640000001
P75E,-0.956573728
P75F,-0.765370166
P75G,-0.520753624
P75H,-0.064036488
P75I,-0.920392634
P75K,-1.115258266
P75L,-0.232614832
P75M,-1.085396468
P75N,-0.8274976390000001
P75Q,-0.7310332420000001
P75R,-0.574100739
P75S,-0.499223381
P75T,-0.046531512
P75V,-0.8565275459999999
P75W,-0.7009673609999999
P75Y,-0.126215407
A76C,-0.654216448
A76D,-0.462581124
A76E,-0.018473821
A76F,-0.558363882
A76G,-0.352266812
A76H,-0.264088845
A76I,-0.13594838
A76K,-0.414862691
A76L,-0.536628766
A76M,-0.812687005
A76N,-0.799051941
A76P,-0.23208138
A76Q,-0.732471532
A76R,-0.8783147379999999
A76S,-0.346797117
A76T,-0.053602792
A76V,-0.033950771
A76W,-1.364950981
A76Y,-0.821105413
P77A,-0.5715001279999999
P77C,-0.490373424
P77D,-0.8558063290000001
P77E,-0.268009213
P77F,-0.8610365659999999
P77G,-0.7923189620000001
P77H,-0.445664887
P77I,-0.503308739
P77K,-0.8297229840000001
P77L,-0.308810128
P77M,-1.077065935
P77N,-1.488491636
P77Q,-0.242113091
P77R,-0.6870528579999999
P77S,-0.1745649339999999
P77T,-0.228925692
P77V,-0.744997866
P77W,-1.42005514
P77Y,-0.300189633
A78C,-1.12608589
A78D,-0.1607306
A78E,-0.122553175
A78F,-0.667406491
A78G,-0.508634846
A78H,-0.59939165
A78I,-1.848818414
A78K,-0.911468244
A78L,-0.87310154
A78M,-0.8275198859999999
A78N,-0.178348851
A78P,-0.00076492
A78Q,-0.247784559
A78R,-0.6414524189999999
A78S,-0.276910395
A78T,-0.104229949
A78V,0.018554185
A78W,-1.082056572
A78Y,-1.007726496
A79C,-0.8948119390000001
A79D,0.171060598
A79E,-0.405668156
A79F,-0.253037252
A79G,-0.200192134
A79H,-0.004659612
A79I,-0.969158765
A79K,-1.100414431
A79L,-0.295286951
A79M,0.039040071
A79N,-0.633852746
A79P,0.156709406
A79Q,-1.204294471
A79R,-0.3776918070000001
A79S,-0.156486474
A79T,-0.325244349
A79V,-0.421913769
A79W,-0.305202276
A79Y,-1.024044823
P80A,-0.410551819
P80C,-0.585148016
P80D,-1.040732011
P80E,-0.849083597
P80F,-1.372243417
P80G,-0.788153456
P80H,-0.169429909
P80I,-0.612327214
P80K,-1.877885422
P80L,-0.217554858
P80M,-1.264741006
P80N,-0.250910983
P80Q,-0.983184031
P80R,-0.421524537
P80S,-0.162184734
P80T,-0.249855362
P80V,-0.8153929129999999
P80W,-0.6490023779999999
P80Y,-0.290883929
T81A,0.095046363
T81C,-1.000471926
T81D,-0.376380058
T81E,-0.585673067
T81F,-0.7453277159999999
T81G,-0.463708401
T81H,-0.301044923
T81I,0.137164879
T81K,-0.15120571
T81L,-0.339769945
T81M,-0.621626653
T81N,-0.404154298
T81P,-0.197186134
T81Q,-0.334938584
T81R,-0.5701089579999999
T81S,-0.49774102
T81V,-0.902524941
T81W,-0.367077965
T81Y,-0.467308314
P82A,-0.515874714
P82C,-0.800862425
P82D,-0.435609804
P82E,-0.903235511
P82F,-0.759155627
P82G,-1.32400112
P82H,-0.7106405709999999
P82I,-0.320705042
P82K,0.17533983
P82L,0.000597807
P82M,-0.7025288270000001
P82N,-0.829905496
P82Q,-0.065365441
P82R,-0.251327456
P82S,-0.358494496
P82T,-0.278850567
P82V,-1.313751827
P82W,-0.597690285
P82Y,-0.550662565
A83C,0.412901228
A83D,-0.820332666
A83E,-0.102607016
A83F,-0.816355532
A83G,-0.334141795
A83H,-0.2336765
A83I,-0.662823147
A83K,-0.377075982
A83L,-0.7213951909999999
A83M,-0.81046534
A83N,-1.490143912
A83P,-0.358715331
A83Q,-0.940040664
A83R,-0.596564377
A83S,-0.36068348
A83T,0.134047212
A83V,-0.12820954
A83W,-1.645286399
A83Y,-1.563114166
A84C,-1.142443879
A84D,-0.196724397
A84E,0.380905671
A84F,-0.424011421
A84G,-0.270850383
A84H,-0.58174482
A84I,-0.473373651
A84K,-0.770085465
A84L,-0.677484678
A84M,-1.115753433
A84N,-0.120027117
A84P,-0.401035953
A84Q,-1.1262475
A84R,-0.6854649270000001
A84S,-0.193650784
A84T,-0.172701838
A84V,-0.001542947
A84W,-0.305726249
A84Y,-0.553271461
P85A,-0.472618933
P85C,-0.489522152
P85D,-1.180832794
P85E,-1.151049853
P85F,0.01728246
P85G,-1.081662889
P85H,-0.276410069
P85I,-1.066532807
P85K,-1.023135102
P85L,-0.05599587
P85M,-0.593090645
P85N,-0.942135948
P85Q,-0.370768224
P85R,-0.6556646420000001
P85S,-0.215903237
P85T,-0.3542394720000001
P85V,-0.37995623
P85W,-0.69570895
P85Y,-1.076847659
A86C,-0.288316064
A86D,-0.361532588
A86E,-0.198606634
A86F,-0.622396498
A86G,-0.509064985
A86H,-0.092795838
A86I,-0.1154559
A86K,-1.415964727
A86L,-0.46223863
A86M,-0.039852794
A86N,-0.986681751
A86P,-0.177348433
A86Q,-1.173573305
A86R,-0.796986438
A86S,-0.226384574
A86T,-0.041858609
A86V,0.029000359
A86W,0.152523015
A86Y,-0.5133343770000001
P87A,-0.642814198
P87C,-1.493456049
P87D,-1.062380867
P87E,-1.625457609
P87F,-0.968358172
P87G,-0.8793826990000001
P87H,-0.408753683
P87I,-0.7304346070000001
P87K,-0.891264171
P87L,-0.420559243
P87M,-0.827111404
P87N,-1.538047311
P87Q,-0.087594859
P87R,-0.538258882
P87S,-0.336408662
P87T,-0.272704099
P87V,-0.645464605
P87W,-0.753171273
P87Y,-0.663479645
A88C,-0.380794671
A88D,-0.370827155
A88E,-1.285637787
A88F,-1.450148707
A88G,-0.5205928910000001
A88H,-0.7215194629999999
A88I,-0.438271895
A88K,-0.849049435
A88L,-0.7381242179999999
A88M,-0.125475157
A88N,-1.442617821
A88P,-0.16551452
A88Q,-0.824375451
A88R,-0.824836425
A88S,-0.219693201
A88T,-0.155543457
A88V,-0.25289038
A88W,-0.974509637
A88Y,-0.339032122
P89A,-0.561381126
P89C,-0.8908050040000001
P89D,-0.841184697
P89E,-1.882419285
P89F,-0.691904795
P89G,-1.056156495
P89H,-0.20216726
P89I,-0.51956744
P89K,-0.8717697409999999
P89L,-0.443303229
P89M,-1.29451681
P89N,-0.987594258
P89Q,-1.307231015
P89R,-0.5883890820000001
P89S,-0.265641208
P89T,-0.212234467
P89V,-0.428488825
P89W,-0.274756313
P89Y,-1.1234863590000002
S90A,-0.017051407
S90C,-0.380532116
S90D,-0.55390791
S90E,-0.666135747
S90F,0.034803963
S90G,-0.471284155
S90H,-0.553067792
S90I,-0.132140932
S90K,-0.732191273
S90L,-0.28815973
S90M,-1.988668891
S90N,0.196772141
S90P,-0.144613253
S90Q,-1.146742987
S90R,-0.118090524
S90T,-0.367446319
S90V,-0.56710268
S90W,-0.660877107
S90Y,-0.200771889
W91A,-0.153471839
W91C,-0.055341898
W91D,-1.162625175
W91E,-0.716353432
W91F,-1.151347123
W91G,0.139629604
W91H,-0.254416681
W91I,-0.761197393
W91K,-0.7285836529999999
W91L,-0.201718866
W91M,-0.81153272
W91N,-0.142784644
W91P,-0.56669164
W91Q,-1.152285221
W91R,-0.38408197
W91S,-0.023957039
W91T,-0.531575363
W91V,-0.406434773
W91Y,-1.4609421269999998
P92A,-0.145817485
P92C,-0.151455189
P92D,-0.291765153
P92E,-1.037152338
P92F,0.010843685
P92G,-0.70100341
P92H,-0.029912155
P92I,0.507344489
P92K,0.118878456
P92L,-0.009915731
P92M,0.279376248
P92N,-0.940955876
P92Q,0.381880934
P92R,0.248538593
P92S,0.117739845
P92T,-0.071698852
P92V,0.175179873
P92W,-0.222306531
P92Y,0.288756906
L93A,-0.098726147
L93C,0.513336821
L93D,-0.348984408
L93E,0.619670307
L93F,-0.401399882
L93G,0.054416692
L93H,0.00696146
L93I,0.042932644
L93K,0.315323755
L93M,0.082241853
L93N,-0.896264823
L93P,0.040421688
L93Q,-0.103446784
L93R,-0.236491695
L93S,-0.726752561
L93T,0.7110849109999999
L93V,0.796324093
L93W,0.199994574
L93Y,-0.4776758820000001
S94A,0.31004948
S94C,0.33771928
S94D,-0.364795541
S94E,0.057185328
S94F,-0.174977539
S94G,0.375762232
S94H,0.482409098
S94I,0.045918728
S94K,-0.646553979
S94L,0.1424277719999999
S94M,0.457986575
S94N,-0.6404797320000001
S94P,-0.006464874
S94Q,-0.190714499
S94R,-0.25287979
S94T,0.0145933589999999
S94V,0.051478495
S94W,0.316854421
S94Y,0.6489241689999999
S95A,0.158936234
S95C,-0.407974656
S95D,-0.373345319
S95E,-0.967468757
S95F,0.409855911
S95G,-0.112908647
S95H,-0.006177236
S95I,0.16750193
S95K,-1.110506135
S95L,0.59572942
S95M,-0.6782768220000001
S95N,-0.39998357
S95P,-0.215541247
S95Q,0.406337521
S95R,0.113365615
S95T,-0.094482425
S95V,0.092000414
S95W,-0.258037622
S95Y,0.06088007
S96A,0.535713981
S96C,0.581370405
S96D,-0.269533827
S96E,-0.042069631
S96F,0.134178949
S96G,-0.675641224
S96H,-0.1605610019999999
S96I,-0.348562242
S96K,-0.855724087
S96L,0.5847221420000001
S96M,0.293004784
S96N,-0.002526712
S96P,-0.25763324
S96Q,-0.74967828
S96R,0.8668060120000001
S96T,0.208834259
S96V,-0.182971395
S96W,-0.512856436
S96Y,0.009223761
V97A,0.697161116
V97C,0.107470813
V97D,0.184437156
V97E,0.290597526
V97F,0.120875519
V97G,0.451112443
V97H,-0.326053868
V97I,0.232719651
V97K,0.453990733
V97L,0.381332355
V97M,0.8810705129999999
V97N,0.273807083
V97P,0.27562805
V97Q,-0.306132679
V97R,-0.100278761
V97S,0.598856782
V97T,-0.010305568
V97W,-0.294396769
V97Y,-0.105437134
P98A,0.174986918
P98C,1.309047087
P98D,1.073542501
P98E,-1.018359972
P98F,0.244615286
P98G,1.086601434
P98H,0.038416307
P98I,0.286320062
P98K,0.61439156
P98L,0.463941061
P98M,-0.314172932
P98N,-0.368518199
P98Q,0.604680256
P98R,1.162586315
P98S,0.601868518
P98T,0.098996403
P98V,0.031297983
P98W,0.949517978
P98Y,0.805013732
S99A,0.302580791
S99C,0.11581656
S99D,-0.8177841140000001
S99E,-1.5245757919999998
S99F,0.196611953
S99G,-0.075110407
S99H,-0.15838901
S99I,0.790358605
S99K,-0.64621544
S99L,0.094099383
S99M,-0.560005937
S99N,0.283179925
S99P,0.413282221
S99Q,0.08972624
S99R,0.054270514
S99T,0.350480855
S99V,0.325162701
S99W,-0.324587592
S99Y,-0.031734465
Q100A,-0.700066328
Q100C,-0.509267044
Q100D,-0.057884488
Q100E,-0.023921145
Q100F,-1.4585364369999998
Q100G,-0.834929044
Q100H,-0.090859694
Q100I,-0.951034722
Q100K,-0.0687088159999999
Q100L,0.023617565
Q100M,0.152962081
Q100N,-0.916379263
Q100P,0.310461679
Q100R,0.271732286
Q100S,0.055041721
Q100T,-0.585777624
Q100V,-0.1545276619999999
Q100W,-0.211780629
Q100Y,-0.271901112
K101A,-0.551905468
K101C,0.217857191
K101D,-0.159568349
K101E,0.406823313
K101F,-0.13558777
K101G,-0.01319658
K101H,-0.18072714
K101I,-0.302912917
K101L,0.195144548
K101M,-0.505206686
K101N,0.10725418
K101P,0.559383594
K101Q,-0.207970537
K101R,0.182049155
K101S,-0.664561341
K101T,0.144828652
K101V,-0.255181081
K101W,-0.725906365
K101Y,0.179540057
T102A,0.314621785
T102C,0.050197658
T102D,0.668027598
T102E,-0.37876967
T102F,-0.6090701789999999
T102G,-0.800470998
T102H,0.200738008
T102I,-0.091365239
T102K,0.285441781
T102L,-0.003068588
T102M,0.443712993
T102N,0.078340977
T102P,0.242483084
T102Q,-0.318814662
T102R,0.520629486
T102S,0.065064401
T102V,-0.446927788
T102W,-0.542673018
T102Y,0.340536554
Y103A,-0.446189429
Y103C,0.277325396
Y103D,0.26804844
Y103E,-1.16877643
Y103F,0.32726124
Y103G,1.200789623
Y103H,0.439481214
Y103I,-0.273049742
Y103K,-0.050757634
Y103L,0.192042846
Y103M,-0.298883051
Y103N,-0.037564598
Y103P,0.954420335
Y103Q,0.047854261
Y103R,-0.31516947
Y103S,0.224353359
Y103T,0.308363996
Y103V,-0.231678376
Y103W,-0.087187725
Q104A,0.165612117
Q104C,0.602093271
Q104D,-0.593751008
Q104E,-0.6844248209999999
Q104F,1.620740891
Q104G,-0.352844475
Q104H,-0.053536977
Q104I,-1.217005848
Q104K,-0.212740113
Q104L,0.001228405
Q104M,-0.213048105
Q104N,1.258435025
Q104P,0.131203118
Q104R,0.162598304
Q104S,0.15786502
Q104T,-0.105049066
Q104V,-0.989268358
Q104W,0.8194789379999999
Q104Y,-0.209449771
G105A,0.7581009540000001
G105C,0.530013446
G105D,0.681278653
G105E,-0.032226824
G105F,1.001909806
G105H,0.696648102
G105I,1.155049549
G105K,0.259686174
G105L,1.485154897
G105M,1.534954208
G105N,0.717655101
G105P,1.640386511
G105Q,-0.292030996
G105R,0.6813118509999999
G105S,0.466589399
G105T,0.418564893
G105V,0.415293096
G105W,1.556592925
G105Y,1.3755113630000002
S106A,0.4856694520000001
S106C,-0.211865903
S106D,-0.216081911
S106E,0.455434306
S106F,-0.927165011
S106G,0.290337763
S106H,0.466744129
S106I,-0.057531042
S106K,-0.256570365
S106L,0.480121965
S106M,-0.681993521
S106N,0.052983433
S106P,-0.102090555
S106Q,-0.026230461
S106R,-0.129707043
S106T,0.12453295
S106V,-0.991377921
S106W,-0.027123741
S106Y,-0.085015627
Y107A,1.12106776
Y107C,0.628704114
Y107D,2.017874372
Y107E,1.813144512
Y107F,0.119332389
Y107G,1.129437999
Y107H,0.096291683
Y107I,-0.745962755
Y107K,1.755268868
Y107L,0.413424745
Y107M,-0.23882722
Y107N,0.580171863
Y107P,1.791645621
Y107Q,0.8111717009999999
Y107R,1.15186666
Y107S,0.218964396
Y107T,0.7825897409999999
Y107V,0.00357172
Y107W,-1.063579701
G108A,0.227720585
G108C,0.25425289
G108D,0.775369596
G108E,0.64045974
G108F,-0.386602043
G108H,0.175275638
G108I,0.370725873
G108K,-0.218572736
G108L,0.48921921
G108M,-0.098575296
G108N,-0.646884574
G108P,2.050465474
G108Q,-0.260649257
G108R,0.415407487
G108S,0.403265993
G108T,0.108966942
G108V,0.194974054
G108W,0.879599221
G108Y,-0.261975266
F109A,2.085264712
F109C,1.687189597
F109D,1.945997815
F109E,2.172814203
F109G,2.081792255
F109H,1.999797729
F109I,1.285036572
F109K,1.7307788730000002
F109L,0.311758819
F109M,0.216508679
F109N,2.14831866
F109P,1.998723798
F109Q,1.469709704
F109R,1.637008377
F109S,1.5712729680000002
F109T,2.67237194
F109V,1.200407682
F109W,1.933051177
F109Y,0.7427369629999999
R110A,0.361894167
R110C,0.421977347
R110D,0.513420974
R110E,-0.50113483
R110F,0.271223491
R110G,0.419860978
R110H,0.201289888
R110I,0.190667726
R110K,-0.598778703
R110L,0.622652479
R110M,-0.687005613
R110N,0.272319309
R110P,1.085446343
R110Q,-0.858224475
R110S,0.047033733
R110T,-0.94385525
R110V,1.035885947
R110W,0.287972831
R110Y,0.249146188
L111A,2.0759642190000003
L111C,1.7022938630000002
L111D,2.374858719
L111E,1.670110533
L111F,1.254273655
L111G,2.023453787
L111H,2.029215666
L111I,-0.574194074
L111K,1.938610818
L111M,0.575927196
L111N,1.513233773
L111P,1.453167528
L111Q,1.68366619
L111R,1.30352294
L111S,1.4150786430000002
L111T,0.495906446
L111V,0.261753392
L111W,1.706388518
L111Y,1.801524886
G112A,0.6658855579999999
G112C,0.131754068
G112D,0.232044593
G112E,0.030598655
G112F,-0.91761448
G112H,0.293455669
G112I,0.263609782
G112K,-1.055201389
G112L,0.183164343
G112M,-0.583070833
G112N,-1.720121999
G112P,1.978504036
G112Q,-0.123541293
G112R,0.065141216
G112S,0.423342696
G112T,-1.024553833
G112V,0.266396519
G112W,1.236833281
G112Y,0.665454511
F113A,1.937182455
F113C,1.526244716
F113D,1.89272859
F113E,1.628440148
F113G,1.788575402
F113H,-0.178888458
F113I,0.6198708589999999
F113K,1.399940468
F113L,0.333931348
F113M,0.308639972
F113N,2.2106513690000003
F113P,1.817601199
F113Q,1.679395269
F113R,1.807421709
F113S,1.415868656
F113T,1.902310222
F113V,1.269661598
F113W,0.357652865
F113Y,0.456381116
L114A,-0.58239506
L114C,0.27410086
L114D,-0.911806195
L114E,-0.228548451
L114F,0.1569989869999999
L114G,-1.08379384
L114H,-1.147999409
L114I,-0.6634350999999999
L114K,-1.928716548
L114M,-0.174926534
L114N,-1.361872921
L114P,-0.833057278
L114Q,-0.350681079
L114R,-0.175845577
L114S,0.186952649
L114T,-0.69890103
L114V,0.365074199
L114W,-0.167811586
L114Y,-1.485115524
H115A,0.276233928
H115C,-0.24769225
H115D,-0.115681589
H115E,-1.231270893
H115F,-0.563737258
H115G,-0.764184478
H115I,0.6494871529999999
H115K,-0.4825383170000001
H115L,0.366396055
H115M,-0.860424945
H115N,0.01264511
H115P,-0.437625273
H115Q,0.332631629
H115R,-0.087107096
H115S,-0.065388735
H115T,0.73157462
H115V,-0.468245014
H115W,-0.793290872
H115Y,0.181993284
S116A,0.150894094
S116C,-0.244606305
S116D,-1.137983065
S116E,-2.033840054
S116F,0.346724863
S116G,-1.284839326
S116H,-0.637495816
S116I,0.061871492
S116K,-0.585361197
S116L,0.212342828
S116M,0.151947029
S116N,-0.229746859
S116P,0.344810987
S116Q,0.03642615
S116R,-1.2072073490000002
S116T,-0.424363061
S116V,-0.126660565
S116W,0.997985601
S116Y,-0.014103994
G117A,-0.028550333
G117C,0.277255714
G117D,0.6154999489999999
G117E,0.301078712
G117F,0.8510460870000001
G117H,-0.364844486
G117I,0.764993015
G117K,-0.8969945779999999
G117L,0.280695694
G117M,0.289774824
G117N,-0.6771473859999999
G117P,-0.971199189
G117Q,0.316187107
G117R,-0.032867635
G117S,-0.032832621
G117T,-1.166482267
G117V,0.196798763
G117W,0.5092307739999999
G117Y,0.7727677009999999
T118A,0.402525688
T118C,-0.307774537
T118D,0.8835732359999999
T118E,-0.145627261
T118F,-0.532653798
T118G,0.482225773
T118H,-0.103033022
T118I,0.397528292
T118K,0.069159532
T118L,0.276926306
T118M,-0.906752827
T118N,-0.647621951
T118P,-0.185444251
T118Q,0.267992516
T118R,-0.252328938
T118S,0.756629407
T118V,-0.853965548
T118W,0.050940819
T118Y,-0.611633624
A119C,0.6424042879999999
A119D,-0.108383936
A119E,0.548854222
A119F,-0.472019588
A119G,-0.260546372
A119H,0.589760952
A119I,0.744114158
A119K,-0.039051033
A119L,0.386994861
A119M,-0.7742274240000001
A119N,-0.632366206
A119P,0.061144016
A119Q,0.488651266
A119R,-0.205138528
A119S,0.418141151
A119T,0.251856616
A119V,0.230916792
A119W,0.474226939
A119Y,-0.006590841
K120A,0.918095135
K120C,-0.058115538
K120D,-0.419867149
K120E,0.5793028410000001
K120F,0.6898167620000001
K120G,1.1296044159999998
K120H,0.20288188
K120I,0.683800484
K120L,0.179229513
K120M,0.514307825
K120N,0.299611154
K120P,0.6294617779999999
K120Q,0.406330834
K120R,0.234473387
K120S,0.003512937
K120T,0.5952087220000001
K120V,0.578732105
K120W,0.289341201
K120Y,1.000433107
S121A,0.6721936709999999
S121C,-0.217825335
S121D,1.5379206680000002
S121E,0.71162548
S121F,0.150922424
S121G,0.296978888
S121H,0.662038074
S121I,0.536021968
S121K,-0.7845242370000001
S121L,0.200682292
S121M,-0.264350346
S121N,-0.18138624
S121P,0.823765668
S121Q,-0.231715056
S121R,0.297166412
S121T,0.100422537
S121V,0.371212806
S121W,-0.795804464
S121Y,0.149517077
V122A,0.442088087
V122C,0.233580866
V122D,0.459294469
V122E,0.416853745
V122F,0.472593754
V122G,0.480414913
V122H,0.409784802
V122I,0.611375818
V122K,-0.261621582
V122L,0.395863595
V122M,0.744953518
V122N,0.668139994
V122P,0.193511415
V122Q,0.497663286
V122R,-0.393739263
V122S,0.415059915
V122T,0.371503995
V122W,1.031888917
V122Y,0.590306997
T123A,0.289506726
T123C,0.229128905
T123D,0.251658608
T123E,1.027613143
T123F,0.560198972
T123G,0.405952239
T123H,0.702897042
T123I,0.52340211
T123K,-0.147374191
T123L,0.642093429
T123M,-0.144860073
T123N,0.129287124
T123P,0.307003128
T123Q,0.703925556
T123R,0.183726711
T123S,0.170957451
T123V,0.7729660829999999
T123W,0.26454002
T123Y,0.636239992
C124A,0.5003761760000001
C124D,1.880440378
C124E,1.5981191030000002
C124F,0.333526034
C124G,1.3034029109999998
C124H,0.950410994
C124I,1.153841062
C124K,1.828904235
C124L,0.897745358
C124M,0.027199961
C124N,0.574735464
C124P,1.566419839
C124Q,0.62206109
C124R,1.182729967
C124S,0.30189709
C124T,0.6903977659999999
C124V,0.01337232
C124W,0.151688834
C124Y,0.407182553
T125A,0.62101225
T125C,0.493487367
T125D,0.931816699
T125E,0.964281774
T125F,1.4003597559999998
T125G,1.642498929
T125H,0.4124852
T125I,0.7591667529999999
T125K,0.513187536
T125L,0.393660465
T125M,0.516794204
T125N,0.03127761
T125P,1.651743754
T125Q,0.419178253
T125R,0.786079998
T125S,0.7391846940000001
T125V,0.661881519
T125W,1.897585042
T125Y,0.598929073
Y126A,1.671958681
Y126C,1.404438862
Y126D,1.422393275
Y126E,1.993798543
Y126F,0.17330405
Y126G,1.897107674
Y126H,1.100737703
Y126I,1.995392378
Y126K,1.744515271
Y126L,1.451540006
Y126M,1.935475281
Y126N,1.370195635
Y126P,1.723832677
Y126Q,1.783656683
Y126R,1.69704631
Y126S,1.327799512
Y126T,1.209838105
Y126V,0.822087575
Y126W,0.439897158
S127A,0.425002082
S127C,0.775158441
S127D,2.031522866
S127E,1.835860399
S127F,1.628602454
S127G,1.6143033219999998
S127H,1.54793198
S127I,1.380226292
S127K,1.515466561
S127L,1.138443627
S127M,1.584938442
S127N,2.300963426
S127P,1.0067687440000002
S127Q,1.816354665
S127R,1.568359096
S127T,1.798975412
S127V,1.680286731
S127W,1.949402658
S127Y,0.90875801
P128A,0.451883431
P128C,0.271079403
P128D,-0.0989636
P128E,0.366253158
P128F,-0.220178635
P128G,0.296371513
P128H,0.165822488
P128I,-0.135644137
P128K,-0.673341418
P128L,0.500047275
P128M,0.032002354
P128N,-0.276218312
P128Q,0.525889622
P128R,0.287496688
P128S,0.204571203
P128T,0.023351777
P128V,-0.0058510019999999
P128W,-0.243369054
P128Y,0.100177625
A129C,0.611144344
A129D,0.084008208
A129E,0.046458086
A129F,0.356117307
A129G,-0.388776969
A129H,-0.274872568
A129I,-0.209519966
A129K,-1.01437347
A129L,0.271551028
A129M,-0.7611087990000001
A129N,0.628037015
A129P,0.495710225
A129Q,0.27146304
A129R,-0.544720072
A129S,0.201446436
A129T,0.231597504
A129V,0.07616778
A129W,1.151659067
A129Y,-0.17391451
L130A,1.203326273
L130C,0.8488945459999999
L130D,1.678928974
L130E,1.71253006
L130F,1.061656419
L130G,1.687041751
L130H,1.560357573
L130I,0.053533597
L130K,1.266798666
L130M,-0.022746706
L130N,1.745581964
L130P,0.8740569779999999
L130Q,1.33776335
L130R,1.037183983
L130S,1.0295259959999998
L130T,1.337285164
L130V,1.6610345780000002
L130W,1.572015159
L130Y,1.551570876
N131A,0.8576101840000001
N131C,0.5518076789999999
N131D,0.602723111
N131E,1.238233395
N131F,2.063704132
N131G,0.212661687
N131H,0.49508137
N131I,1.612359705
N131K,0.304691878
N131L,1.6392927730000002
N131M,0.997446619
N131P,1.890298755
N131Q,0.275111667
N131R,0.216512151
N131S,0.8351029090000001
N131T,0.762683888
N131V,1.587923467
N131W,1.935453855
N131Y,1.653105871
K132A,2.084522325
K132C,1.52984071
K132D,1.537852274
K132E,1.656070842
K132F,2.4369809140000003
K132G,1.868341708
K132H,1.77409788
K132I,1.78360839
K132L,1.989158168
K132M,1.011877936
K132N,1.271866953
K132P,1.821968006
K132Q,1.591812351
K132R,1.396664652
K132S,2.05566581
K132T,1.264620509
K132V,1.930419272
K132W,2.213611498
K132Y,1.733200073
M133A,0.810301773
M133C,0.67302858
M133D,0.81190778
M133E,1.764931663
M133F,1.119685881
M133G,0.829917208
M133H,1.405854552
M133I,0.43802192
M133K,1.238687037
M133L,0.278689385
M133N,1.6335130169999998
M133P,1.518877344
M133Q,1.187419156
M133R,1.459918492
M133S,1.465142783
M133T,0.886250304
M133V,0.275133866
M133W,2.09885353
M133Y,0.44428653
F134A,1.732770354
F134C,1.678464945
F134D,1.554735005
F134E,1.982608837
F134G,1.471118458
F134H,1.4238610619999998
F134I,1.837511201
F134K,1.183523097
F134L,1.476273002
F134M,1.967648664
F134N,1.654376433
F134P,1.481044455
F134Q,1.692244668
F134R,1.299897477
F134S,1.481179953
F134T,1.507734039
F134V,0.903133492
F134W,0.582156031
F134Y,-0.004627069
C135A,0.54350634
C135D,1.797935337
C135E,2.14579553
C135F,0.929348119
C135G,1.610387661
C135H,1.911657849
C135I,0.014970606
C135K,1.799015531
C135L,0.54244202
C135M,1.622535794
C135N,2.444335135
C135P,1.939366086
C135Q,1.854921196
C135R,1.086316025
C135S,1.078912848
C135T,0.042644495
C135V,-0.062493714
C135W,1.910308152
C135Y,1.5165709280000002
Q136A,0.354195802
Q136C,1.13697928
Q136D,2.2133051
Q136E,1.43095762
Q136F,1.254766186
Q136G,0.505566365
Q136H,0.547998592
Q136I,0.7944684890000001
Q136K,-0.114064833
Q136L,0.347201729
Q136M,0.744024983
Q136N,0.5458529089999999
Q136P,1.417338705
Q136R,0.242233868
Q136S,0.5533596129999999
Q136T,0.576896127
Q136V,0.100837336
Q136W,2.177069596
Q136Y,0.772811457
L137A,-0.362882269
L137C,0.117137046
L137D,2.390723083
L137E,1.999628264
L137F,0.288742543
L137G,1.524015265
L137H,1.094371095
L137I,0.5909029060000001
L137K,-0.221250236
L137M,0.10215369
L137N,0.625478968
L137P,0.37175506
L137Q,0.241764328
L137R,-0.201730699
L137S,-0.172256473
L137T,0.6450976070000001
L137V,-0.281990187
L137W,0.5459308420000001
L137Y,0.247447219
A138C,0.576192872
A138D,0.357253813
A138E,0.303812494
A138F,0.689753065
A138G,0.455838478
A138H,-2e-05
A138I,1.867231912
A138K,-0.220148891
A138L,1.271055892
A138M,-0.6721249990000001
A138N,0.163705259
A138P,0.952456769
A138Q,0.335402189
A138R,-0.248571949
A138S,0.10570056
A138T,0.56110531
A138V,1.258852427
A138W,0.902759004
A138Y,0.832611555
K139A,0.359496905
K139C,0.238984441
K139D,1.434247078
K139E,0.661695451
K139F,1.348853302
K139G,0.6426188039999999
K139H,0.345143181
K139I,0.80726061
K139L,1.346042936
K139M,0.330047295
K139N,0.720235253
K139P,1.347611364
K139Q,0.67617722
K139R,0.530510725
K139S,0.041382107
K139T,0.525580444
K139V,0.3642373370000001
K139W,1.689097741
K139Y,1.695418422
T140A,0.457087726
T140C,0.114568629
T140D,0.60325107
T140E,-0.121415028
T140F,0.693778786
T140G,-0.17193567
T140H,0.556012369
T140I,0.446750653
T140K,0.890121032
T140L,0.209665435
T140M,0.555715211
T140N,0.191487213
T140P,0.320686442
T140Q,0.677392379
T140R,-0.296359731
T140S,0.339854295
T140V,0.351620984
T140W,1.140859969
T140Y,0.8524907509999999
C141A,0.352705797
C141D,1.779160794
C141E,1.942008284
C141F,0.749616223
C141G,1.965781989
C141H,1.6427752480000002
C141I,0.327764194
C141K,1.507255705
C141L,0.87221258
C141M,0.590387852
C141N,1.495035918
C141P,1.57735399
C141Q,1.68883106
C141R,1.343660371
C141S,0.430134355
C141T,0.6604577770000001
C141V,0.748956242
C141W,1.692928535
C141Y,1.685871054
P142A,0.282833356
P142C,0.599969733
P142D,0.69646755
P142E,0.059642717
P142F,0.7224142840000001
P142G,0.427764032
P142H,0.17505366
P142I,0.007504468
P142K,0.473118385
P142L,0.730448083
P142M,0.84245224
P142N,0.327221635
P142Q,0.045864435
P142R,0.127029583
P142S,0.400554974
P142T,0.053660188
P142V,0.083325195
P142W,1.273856409
P142Y,0.098137766
V143A,1.005182745
V143C,0.662093751
V143D,2.173468489
V143E,1.389608325
V143F,1.828319299
V143G,1.537710364
V143H,1.877562844
V143I,-0.694239473
V143K,1.577474478
V143L,0.588526898
V143M,1.116455148
V143N,1.84080793
V143P,1.713261226
V143Q,1.6719617880000002
V143R,1.675251772
V143S,1.930063178
V143T,0.921359708
V143W,1.619339267
V143Y,1.598107805
Q144A,0.403890774
Q144C,0.380966743
Q144D,0.625259669
Q144E,0.807486072
Q144F,0.375947077
Q144G,0.265786123
Q144H,0.553510354
Q144I,1.686645729
Q144K,0.122328619
Q144L,0.584786962
Q144M,1.151872962
Q144N,0.040081415
Q144P,1.695201042
Q144R,0.521518929
Q144S,0.232057679
Q144T,0.531586774
Q144V,1.510291365
Q144W,1.727305815
Q144Y,0.89964099
L145A,0.442523168
L145C,0.386149062
L145D,1.752498916
L145E,1.569251378
L145F,0.650435181
L145G,1.763135504
L145H,1.631466267
L145I,0.280275176
L145K,1.888898316
L145M,0.176720712
L145N,1.5789912330000002
L145P,1.580916336
L145Q,1.698840295
L145R,1.477991509
L145S,1.588166412
L145T,0.977149513
L145V,0.044077574
L145W,1.925270927
L145Y,0.640737754
W146A,0.580634085
W146C,0.604160543
W146D,1.125848668
W146E,0.72981546
W146F,0.535090449
W146G,0.523531958
W146H,-0.279768214
W146I,0.195090798
W146K,0.506474931
W146L,0.222395246
W146M,0.749916383
W146N,0.988442704
W146P,1.640162459
W146Q,1.263768712
W146R,0.412969833
W146S,0.557715625
W146T,0.7269561090000001
W146V,0.26651336
W146Y,0.314495409
V147A,0.633399256
V147C,0.744221602
V147D,1.370023726
V147E,1.881201374
V147F,0.287665758
V147G,0.767212972
V147H,0.464661808
V147I,0.657833923
V147K,1.921215044
V147L,0.803268265
V147M,0.34304854
V147N,1.078881389
V147P,1.647875939
V147Q,1.73974433
V147R,1.764849905
V147S,0.675610341
V147T,0.353013409
V147W,1.923459551
V147Y,1.249990522
D148A,0.166243981
D148C,0.550142076
D148E,0.5537436929999999
D148F,0.926973169
D148G,0.277550063
D148H,0.091751167
D148I,0.32787339
D148K,0.617125529
D148L,0.7709533479999999
D148M,-0.171993135
D148N,0.228878317
D148P,1.609490609
D148Q,0.102410296
D148R,0.300533156
D148S,1.033921393
D148T,0.271573226
D148V,0.767358964
D148W,0.267552988
D148Y,0.1935553
S149A,0.106492593
S149C,0.353678332
S149D,1.042728043
S149E,0.65356349
S149F,0.267412297
S149G,0.199903649
S149H,0.546534504
S149I,0.5600017860000001
S149K,0.711250677
S149L,0.657691055
S149M,-0.060352305
S149N,0.588405929
S149P,0.557824352
S149Q,0.3743629570000001
S149R,1.247276672
S149T,0.116889956
S149V,0.432721138
S149W,-0.844327341
S149Y,-0.089078916
T150A,0.68824145
T150C,0.722129757
T150D,1.189493133
T150E,0.733634013
T150F,0.496623514
T150G,0.281991644
T150H,0.383809975
T150I,0.271985596
T150K,0.258876434
T150L,0.518460002
T150M,-0.041096594
T150N,0.136108283
T150P,0.704098544
T150Q,0.862212072
T150R,0.7160911999999999
T150S,0.838489991
T150V,0.498545942
T150W,0.79596344
T150Y,0.592056977
P151A,1.3797222409999998
P151C,1.165694484
P151D,1.901210331
P151E,1.575692491
P151F,1.6592626330000002
P151G,1.87416788
P151H,0.870987828
P151I,1.117386124
P151K,2.0413599380000003
P151L,0.787097128
P151M,1.139641795
P151N,1.794236924
P151Q,2.227992089
P151R,1.961155937
P151S,1.5065816319999998
P151T,0.688116492
P151V,0.7554325829999999
P151W,1.62102622
P151Y,1.928906077
P152A,1.194162959
P152C,0.715872847
P152D,1.367848563
P152E,1.615236685
P152F,1.980074347
P152G,1.983967173
P152H,1.411817423
P152I,1.7733203709999998
P152K,1.880411622
P152L,1.021546687
P152M,1.632469458
P152N,0.8973149009999999
P152Q,0.821459411
P152R,0.5791945479999999
P152S,1.064175522
P152T,0.8048873870000001
P152V,0.865949764
P152W,1.770144437
P152Y,2.108477922
P153A,0.6947123209999999
P153C,-0.893577673
P153D,-0.110234443
P153E,-0.228915748
P153F,0.423282155
P153G,1.200769888
P153H,0.760062323
P153I,0.7726348679999999
P153K,-0.389231317
P153L,0.01617127
P153M,-1.322099792
P153N,0.386448876
P153Q,-0.6487174729999999
P153R,-0.084684338
P153S,-0.02128565
P153T,0.391493733
P153V,0.144925553
P153W,-0.919741228
P153Y,0.413668349
G154A,0.617523846
G154C,-0.00190903
G154D,0.231907569
G154E,0.471407822
G154F,0.471878109
G154H,0.044118519
G154I,1.347190513
G154K,0.317401983
G154L,1.448743439
G154M,0.073716053
G154N,1.540462056
G154P,1.224771501
G154Q,1.642943483
G154R,1.209281237
G154S,0.773081503
G154T,1.339818823
G154V,1.094738721
G154W,0.198303421
G154Y,-0.6162346710000001
T155A,0.8798452090000001
T155C,-0.245944146
T155D,2.04119568
T155E,2.107492954
T155F,1.614677286
T155G,1.239125504
T155H,1.443671313
T155I,1.513493589
T155K,1.796796431
T155L,0.784993465
T155M,0.8782678279999999
T155N,1.061209201
T155P,1.4389931669999998
T155Q,1.986638413
T155R,2.112141259
T155S,0.027131058
T155V,0.4347230620000001
T155W,1.779371497
T155Y,2.024963553
R156A,1.274627506
R156C,-0.042115283
R156D,1.564938336
R156E,1.462788247
R156F,-0.291343398
R156G,0.165017592
R156H,0.85391734
R156I,0.078187925
R156K,-1.050900432
R156L,0.158122813
R156M,-1.360842689
R156N,-0.463014672
R156P,1.5501668830000002
R156Q,0.157675615
R156S,0.012687331
R156T,1.245440594
R156V,-0.918191542
R156W,-0.534443085
R156Y,1.433840355
V157A,0.6605257760000001
V157C,-0.022369056
V157D,1.38328248
V157E,1.6483927880000002
V157F,0.6762869990000001
V157G,1.3988042040000002
V157H,1.474405264
V157I,0.593863107
V157K,2.00815338
V157L,1.141166218
V157M,1.893852782
V157N,2.224525376
V157P,0.891713247
V157Q,1.613732419
V157R,1.16418918
V157S,1.7075897759999998
V157T,1.6875934380000002
V157W,1.739234939
V157Y,2.02320448
R158A,0.370367467
R158C,1.312618188
R158D,1.708083052
R158E,1.3656843369999998
R158F,1.262401244
R158G,1.711250914
R158H,0.904444703
R158I,0.454846263
R158K,-1.240168904
R158L,0.734578579
R158M,0.943205897
R158N,1.4301991530000002
R158P,1.532261479
R158Q,0.6836763790000001
R158S,0.370811502
R158T,1.525873737
R158V,0.62902134
R158W,1.618457048
R158Y,1.627524021
A159C,0.151162399
A159D,0.435706262
A159E,1.663404446
A159F,1.890855509
A159G,1.135051839
A159H,1.76068874
A159I,1.840103755
A159K,1.631000049
A159L,2.250812937
A159M,1.999848596
A159N,1.355221833
A159P,1.539135687
A159Q,1.817174629
A159R,1.633680863
A159S,0.117699546
A159T,0.110845008
A159V,1.7394072130000002
A159W,0.871980877
A159Y,2.475542447
M160A,0.5661710560000001
M160C,-0.7723396370000001
M160D,1.820983979
M160E,0.129848386
M160F,-0.037702234
M160G,0.7743241679999999
M160H,1.3388281000000002
M160I,0.424773685
M160K,0.352064772
M160L,0.006381401
M160N,1.934441084
M160P,0.6691366129999999
M160Q,0.9696186
M160R,0.357988101
M160S,1.7993422630000002
M160T,0.310795979
M160V,0.527680689
M160W,1.905451162
M160Y,1.862140143
A161C,0.255515015
A161D,0.8660761459999999
A161E,2.112345121
A161F,1.41965947
A161G,0.152939833
A161H,2.044081145
A161I,2.196952158
A161K,1.7874295480000002
A161L,0.951238124
A161M,2.30703701
A161N,2.007081508
A161P,0.805397435
A161Q,1.653498146
A161R,1.522562402
A161S,0.5352251570000001
A161T,1.336563668
A161V,0.053853686
A161W,2.215754037
A161Y,1.381953082
I162A,1.594065262
I162C,-1.75907933
I162D,1.358562235
I162E,1.827978138
I162F,1.286103882
I162G,1.5003280019999998
I162H,0.877685409
I162K,0.084634474
I162L,0.081006333
I162M,-0.083462884
I162N,1.469469842
I162P,1.728646104
I162Q,0.969580587
I162R,0.15402028
I162S,0.88006546
I162T,0.364788138
I162V,-0.273145381
I162W,2.039024147
I162Y,1.176568356
Y163A,2.0725277490000003
Y163C,1.7394170130000002
Y163D,2.088776963
Y163E,2.248008122
Y163F,-0.0352876529999999
Y163G,1.985589926
Y163H,1.286051747
Y163I,2.013360941
Y163K,1.763240459
Y163L,1.874680167
Y163M,2.258277416
Y163N,1.942712492
Y163P,2.084135846
Y163Q,2.357103114
Y163R,1.611692282
Y163S,1.593114645
Y163T,1.443891538
Y163V,2.298835277
Y163W,2.194565896
K164A,0.323938705
K164C,-0.133369181
K164D,2.358066762
K164E,1.4509637830000002
K164F,1.507396311
K164G,1.661454073
K164H,0.8423387240000001
K164I,0.719497939
K164L,1.3395452
K164M,0.153433585
K164N,0.800542303
K164P,0.312281637
K164Q,0.899956364
K164R,0.646318225
K164S,-0.15037446
K164T,0.11802227
K164V,-0.036562033
K164W,1.717500244
K164Y,1.696727443
Q165A,-0.047104227
Q165C,-0.443389114
Q165D,-0.427308677
Q165E,0.543088268
Q165F,-0.107859242
Q165G,-0.532963049
Q165H,-0.059000947
Q165I,1.4906353
Q165K,-0.078276387
Q165L,1.168700098
Q165M,-0.294788991
Q165N,-0.622593233
Q165P,0.249560044
Q165R,1.16999092
Q165S,1.688987218
Q165T,1.32385373
Q165V,0.449170357
Q165W,-0.249691446
Q165Y,-0.421543654
S166A,0.360387043
S166C,-0.588900729
S166D,-0.491028039
S166E,-1.260554727
S166F,0.173307497
S166G,1.100541259
S166H,0.717195707
S166I,0.194661055
S166K,0.434850523
S166L,1.434689727
S166M,-0.586780325
S166N,-2.190882708
S166P,0.004247335
S166Q,0.5098893179999999
S166R,0.491705285
S166T,-0.014399166
S166V,-0.500137244
S166W,1.488918641
S166Y,-0.602489851
Q167A,-0.448024695
Q167C,-0.327758077
Q167D,0.131810124
Q167E,1.230885255
Q167F,1.050211395
Q167G,-0.615811023
Q167H,0.074025243
Q167I,1.416421281
Q167K,0.035224208
Q167L,-0.106537365
Q167M,-1.127838983
Q167N,0.507912395
Q167P,0.12423278
Q167R,0.402686953
Q167S,0.186098645
Q167T,0.22279785
Q167V,1.451845865
Q167W,-0.419825113
Q167Y,0.14279825
H168A,0.536775321
H168C,0.042833191
H168D,0.703798915
H168E,0.067422198
H168F,-2.321283241
H168G,1.811495169
H168I,1.948030979
H168K,1.70011372
H168L,1.058847892
H168M,0.539969988
H168N,0.461666897
H168P,2.158079523
H168Q,1.132404903
H168R,1.586639066
H168S,1.192447653
H168T,1.463851927
H168V,0.213328702
H168W,0.614745079
H168Y,-0.024442705
M169A,-0.8351883840000001
M169C,-1.218484831
M169D,0.891267907
M169E,2.140858551
M169F,1.918655376
M169G,-0.961754617
M169H,0.913049539
M169I,0.604916032
M169K,-0.03698661
M169L,-0.244379838
M169N,1.762051015
M169P,1.956371875
M169Q,-1.6462281719999998
M169R,-0.042508702
M169S,0.551292197
M169T,-0.200505896
M169V,0.903098376
M169W,-0.995348556
M169Y,1.3709676000000002
T170A,0.323762866
T170C,0.680543786
T170D,-0.231694551
T170E,-0.837647295
T170F,0.512574156
T170G,-0.145764033
T170H,-0.676409383
T170I,1.325256043
T170K,0.120571123
T170L,-0.515888128
T170M,0.108130411
T170N,-0.7519454959999999
T170P,0.6767310540000001
T170Q,-0.370919557
T170R,0.7551777909999999
T170S,-0.124197204
T170V,-0.515465236
T170W,-0.346254005
T170Y,-0.645386915
E171A,-0.340826088
E171C,0.6796607840000001
E171D,0.359854623
E171F,1.455184654
E171G,0.626825258
E171H,0.193274322
E171I,1.131970107
E171K,0.097568672
E171L,1.25502922
E171M,0.339707879
E171N,1.082566183
E171P,1.830007045
E171Q,0.257240835
E171R,0.72903445
E171S,0.3902862170000001
E171T,0.7348109890000001
E171V,0.367487903
E171W,0.455996587
E171Y,0.5593719
V172A,0.199368301
V172C,-0.254282412
V172D,1.961225486
V172E,1.952323471
V172F,0.866662088
V172G,1.566785759
V172H,0.454331265
V172I,0.257306263
V172K,1.673485845
V172L,0.8960429259999999
V172M,0.358426344
V172N,0.037951814
V172P,-0.490618161
V172Q,0.064637394
V172R,1.413198543
V172S,0.417724471
V172T,-0.553728154
V172W,1.37296681
V172Y,1.5100570880000002
V173A,1.312284401
V173C,0.669825191
V173D,2.191479032
V173E,1.479959463
V173F,1.752397804
V173G,2.182317582
V173H,2.261663551
V173I,1.3997572459999998
V173K,1.846186398
V173L,0.844275485
V173M,1.930534412
V173N,2.0270099480000003
V173P,1.026702216
V173Q,1.752547783
V173R,2.13833125
V173S,2.391942191
V173T,1.4875667869999998
V173W,1.52935414
V173Y,1.957692038
R174A,1.806575246
R174C,0.91259006
R174D,1.981642944
R174E,0.675905097
R174F,0.63124571
R174G,0.576430647
R174H,0.8514823490000001
R174I,2.05090809
R174K,0.02229324
R174L,0.024265574
R174M,0.365309671
R174N,2.376999388
R174P,2.296276858
R174Q,0.753725697
R174S,0.318094741
R174T,-0.112484397
R174V,1.1660642959999998
R174W,1.645888316
R174Y,1.1869504709999998
R175A,0.642027366
R175C,0.377718847
R175D,1.87806957
R175E,2.208302087
R175F,2.338532234
R175G,1.730190212
R175H,1.791388107
R175I,1.021260959
R175K,1.411061679
R175L,0.940932419
R175M,0.6240697820000001
R175N,0.391188283
R175P,0.552835003
R175Q,0.8441225240000001
R175S,0.5427653920000001
R175T,0.382294446
R175V,1.423339984
R175W,2.163282722
R175Y,2.26278338
C176A,0.65414224
C176D,2.186106193
C176E,2.404246875
C176F,1.726217347
C176G,1.7437000530000002
C176H,2.06831669
C176I,2.332439251
C176K,2.458930886
C176L,1.25574982
C176M,2.1953344830000003
C176N,2.285872888
C176P,2.346226083
C176Q,2.49258021
C176R,1.586029998
C176S,1.7062868430000002
C176T,2.00498538
C176V,2.240243016
C176W,1.932705489
C176Y,2.030640225
P177A,0.531308761
P177C,0.221767025
P177D,0.944743718
P177E,2.262996046
P177F,1.53699496
P177G,1.330696458
P177H,0.7566452220000001
P177I,1.367952614
P177K,1.217389411
P177L,0.986232915
P177M,1.314816903
P177N,1.335423082
P177Q,1.655015208
P177R,1.649986416
P177S,0.457627814
P177T,0.483824418
P177V,1.156557566
P177W,0.826800753
P177Y,0.8017729229999999
H178A,1.374213096
H178C,0.6812181140000001
H178D,1.082340011
H178E,1.1695471709999998
H178F,0.532505077
H178G,1.346815004
H178I,-0.052446185
H178K,0.038709957
H178L,-0.18628585
H178M,0.600972479
H178N,0.897054982
H178P,1.576476095
H178Q,0.184271398
H178R,0.087613717
H178S,0.356477381
H178T,0.447675998
H178V,1.6397279619999998
H178W,-1.19528592
H178Y,0.286513559
H179A,2.554547716
H179C,1.626670772
H179D,1.97806965
H179E,2.036952456
H179F,2.273760641
H179G,2.650340614
H179I,2.4658231880000003
H179K,1.873292104
H179L,2.286605126
H179M,1.218759783
H179N,1.079493189
H179P,0.787794743
H179Q,2.319712816
H179R,1.05797536
H179S,2.5376764730000003
H179T,2.086020634
H179V,2.634060786
H179W,2.471236047
H179Y,1.792180409
E180A,0.6864219029999999
E180C,1.07473345
E180D,0.94284814
E180F,0.535809809
E180G,0.266982755
E180H,1.883978542
E180I,0.242058174
E180K,1.396085852
E180L,1.6499694880000002
E180M,0.532132884
E180N,-0.111963658
E180P,2.43145633
E180Q,0.456982955
E180R,1.28658366
E180S,-0.480764059
E180T,-1.052570168
E180V,0.81183595
E180W,1.293786769
E180Y,0.633926027
R181A,0.167317267
R181C,0.366497854
R181D,1.19725276
R181E,1.5071814730000002
R181F,0.247009774
R181G,0.587303612
R181H,0.905085127
R181I,0.431329828
R181K,1.225996402
R181L,1.128623042
R181M,-0.44372446
R181N,0.394593295
R181P,0.916882548
R181Q,0.7494821190000001
R181S,0.197562333
R181T,-0.329750708
R181V,1.181427949
R181W,1.256135558
R181Y,0.729965489
C182A,0.463156017
C182D,0.355384252
C182E,0.318655732
C182F,0.191517693
C182G,0.971122075
C182H,0.629313711
C182I,-0.311142525
C182K,0.005362796
C182L,0.172342625
C182M,-0.443040954
C182N,0.044511764
C182P,0.6433694289999999
C182Q,0.315901977
C182R,0.129943441
C182S,0.516378393
C182T,-0.300292658
C182V,0.419822695
C182W,0.5263307939999999
C182Y,0.2185129
S183A,0.176563159
S183C,0.190273154
S183D,-0.156557956
S183E,0.186886662
S183F,0.302932212
S183G,-0.7062354209999999
S183H,-0.048409395
S183I,0.343360325
S183K,0.157666787
S183L,0.098608776
S183M,0.176663076
S183N,0.278214309
S183P,0.259637084
S183Q,0.660622125
S183R,0.227186874
S183T,-0.207701436
S183V,0.175439713
S183W,-0.108799635
S183Y,0.099176708
D184A,0.251875871
D184C,0.877997107
D184E,0.166930529
D184F,0.740652435
D184G,0.084212619
D184H,0.237632618
D184I,0.485890281
D184K,0.201132012
D184L,0.439060457
D184M,0.422382076
D184N,0.242827986
D184P,0.005575291
D184Q,0.506864546
D184R,0.335827014
D184S,-0.081966398
D184T,0.341023543
D184V,0.39139438
D184W,0.821463979
D184Y,0.447437928
S185A,0.686424851
S185C,0.187636698
S185D,0.194789567
S185E,0.445209895
S185F,0.021755349
S185G,0.745296574
S185H,0.526464078
S185I,0.102330893
S185K,0.057849354
S185L,0.317236261
S185M,0.338332192
S185N,0.227527022
S185P,-0.138850221
S185Q,-0.223538694
S185R,0.149233126
S185T,0.302248692
S185V,0.323409911
S185W,0.332755415
S185Y,0.011055786
D186A,0.544577526
D186C,0.653261866
D186E,0.204690001
D186F,0.191368365
D186G,0.289909509
D186H,0.027732004
D186I,0.431290367
D186K,0.433956346
D186L,0.358019608
D186M,0.282777819
D186N,0.095621624
D186P,0.463512573
D186Q,-0.184737174
D186R,0.059209071
D186S,0.195845935
D186T,0.295748641
D186V,0.212514437
D186W,-0.029070262
D186Y,0.578140676
G187A,0.415130359
G187C,0.037432594
G187D,0.583858235
G187E,-0.241173165
G187F,-0.231789416
G187H,0.471675593
G187I,0.463876493
G187K,-0.350710306
G187L,0.159768611
G187M,0.166637908
G187N,-0.32918968
G187P,0.06176533
G187Q,-0.335474691
G187R,0.002847618
G187S,0.153545888
G187T,0.119231651
G187V,0.412421065
G187W,0.122680226
G187Y,0.152818079
L188A,-0.106812835
L188C,0.517428629
L188D,0.207546152
L188E,-0.422009001
L188F,-0.090150284
L188G,0.5501022729999999
L188H,0.159078511
L188I,-0.590026796
L188K,-0.73783159
L188M,0.186988427
L188N,-0.368477079
L188P,0.433395002
L188Q,-0.241457618
L188R,-0.212516725
L188S,0.213945031
L188T,0.738170604
L188V,0.030435421
L188W,0.562418719
L188Y,0.26129174
A189C,0.294799672
A189D,0.738384432
A189E,0.205627524
A189F,0.525868869
A189G,0.363390739
A189H,0.548284193
A189I,0.155926702
A189K,1.506229367
A189L,0.608461287
A189M,-0.106608392
A189N,0.75950784
A189P,0.670112325
A189Q,-0.175736422
A189R,1.15649013
A189S,0.256051707
A189T,0.268567555
A189V,0.041560743
A189W,0.5964935570000001
A189Y,0.453430736
P190A,0.7914315590000001
P190C,1.159797807
P190D,0.206507228
P190E,1.07880285
P190F,0.21179899
P190G,0.8301168529999999
P190H,0.252391642
P190I,1.840032343
P190K,0.598466084
P190L,1.155466452
P190M,1.363576561
P190N,-0.055961067
P190Q,0.5910804820000001
P190R,0.7305908659999999
P190S,0.538276459
P190T,1.207755407
P190V,1.729174322
P190W,0.650663935
P190Y,-0.007177379
P191A,-0.249933375
P191C,0.370924714
P191D,-0.01296542
P191E,0.154328111
P191F,0.205616972
P191G,0.314881887
P191H,0.340745471
P191I,0.042747056
P191K,-0.223437424
P191L,0.591901433
P191M,0.015550814
P191N,-0.668546999
P191Q,0.224510736
P191R,0.08111931
P191S,0.303185506
P191T,-0.04707629
P191V,-0.864134141
P191W,1.611508456
P191Y,0.2881014
Q192A,-0.242327551
Q192C,0.090033693
Q192D,0.826844008
Q192E,-0.067616926
Q192F,0.190479133
Q192G,-0.192171567
Q192H,0.353824066
Q192I,0.150350806
Q192K,0.337499411
Q192L,0.540867298
Q192M,0.131929908
Q192N,-0.403083356
Q192P,0.598799345
Q192R,0.54978032
Q192S,0.38780995
Q192T,0.016574383
Q192V,0.286156966
Q192W,-0.92708118
Q192Y,-0.471854654
H193A,0.231052492
H193C,1.069069483
H193D,1.543215143
H193E,2.030742681
H193F,0.56488611
H193G,1.86303573
H193I,1.320123844
H193K,1.709425227
H193L,1.674716831
H193M,-0.040643445
H193N,1.432522536
H193P,1.89085236
H193Q,0.767611657
H193R,1.835454309
H193S,1.553580674
H193T,1.631346711
H193V,1.363395411
H193W,1.87574124
H193Y,1.408627666
L194A,1.945321775
L194C,1.243470127
L194D,1.882797772
L194E,1.616633745
L194F,0.934612044
L194G,1.813981131
L194H,1.7773875959999998
L194I,0.353061194
L194K,1.71506374
L194M,1.132563061
L194N,1.766403468
L194P,1.849655342
L194Q,1.721847565
L194R,1.638723568
L194S,1.37006533
L194T,1.605289074
L194V,-0.027856802
L194W,2.624990229
L194Y,2.490398793
I195A,1.7085629169999998
I195C,1.627566293
I195D,1.825330023
I195E,1.843827992
I195F,1.6707405
I195G,1.795438926
I195H,1.743484511
I195K,1.7867780359999998
I195L,-0.044625395
I195M,-0.07104325
I195N,1.622781922
I195P,1.753309648
I195Q,1.841689272
I195R,1.816899663
I195S,1.252839981
I195T,1.598132501
I195V,0.768613386
I195W,1.460544085
I195Y,1.3592275619999998
R196A,0.120972225
R196C,-0.183328329
R196D,2.085136776
R196E,0.965510445
R196F,1.923707328
R196G,1.085309547
R196H,0.368972259
R196I,0.323465679
R196K,0.629474083
R196L,0.57621328
R196M,0.579976254
R196N,0.384978538
R196P,1.579775687
R196Q,0.6119326999999999
R196S,0.476617207
R196T,-0.524117115
R196V,-0.207439945
R196W,0.56545938
R196Y,2.017302407
V197A,0.684827555
V197C,0.686275448
V197D,1.877704261
V197E,1.806672326
V197F,0.985164805
V197G,1.691030803
V197H,1.860725726
V197I,0.077847305
V197K,1.927487816
V197L,0.801544857
V197M,1.474850564
V197N,1.948365406
V197P,2.056663673
V197Q,1.93112093
V197R,1.987807711
V197S,1.027082091
V197T,0.56019994
V197W,1.5810296330000002
V197Y,-0.945666993
E198A,0.526520178
E198C,-0.340105765
E198D,0.204310575
E198F,0.272578671
E198G,0.417914005
E198H,0.157597696
E198I,-0.086429693
E198K,0.229830068
E198L,0.168944834
E198M,-0.335542937
E198N,0.430133686
E198P,-0.371641192
E198Q,0.037240892
E198R,0.294684904
E198S,0.291581716
E198T,-0.162490321
E198V,0.252269798
E198W,0.122970421
E198Y,0.001500831
G199A,-0.075621458
G199C,-0.127088113
G199D,0.401259235
G199E,0.629601273
G199F,0.13212072
G199H,-0.292270548
G199I,1.262871111
G199K,-0.086661141
G199L,0.5243340089999999
G199M,0.020825057
G199N,-0.75512858
G199P,0.217983421
G199Q,-0.505712321
G199R,0.228890829
G199S,-0.533963647
G199T,-0.236201581
G199V,0.746198261
G199W,0.224079441
G199Y,-0.457656777
N200A,-0.33035752
N200C,-0.43631941
N200D,0.093640512
N200E,-0.144309614
N200F,0.300436232
N200G,-0.109156196
N200H,0.286474727
N200I,0.3892341520000001
N200K,0.426346641
N200L,-0.161473923
N200M,-0.147565728
N200P,-0.042883565
N200Q,-0.688223749
N200R,-0.405253562
N200S,-0.087965673
N200T,0.068446625
N200V,-0.263270912
N200W,0.652072775
N200Y,-0.048644142
L201A,0.162108639
L201C,0.631218564
L201D,-1.042933327
L201E,-0.696389425
L201F,0.248173783
L201G,-0.621116165
L201H,-0.677610693
L201I,0.0167074189999999
L201K,-0.689305741
L201M,-0.136315255
L201N,-0.246102532
L201P,-0.721356268
L201Q,0.154603196
L201R,-0.579470454
L201S,0.230200617
L201T,-1.0069376
L201V,-0.298026089
L201W,0.557791891
L201Y,-0.370465685
R202A,0.447899642
R202C,-0.069659133
R202D,-0.225468101
R202E,0.308607209
R202F,-0.652125229
R202G,0.085313269
R202H,0.255621676
R202I,0.577189474
R202K,-1.423064569
R202L,0.370986784
R202M,-0.548063573
R202N,-1.19671747
R202P,-0.04127591
R202Q,-0.20067426
R202S,0.184466329
R202T,0.28808518
R202V,0.32058871
R202W,0.040349646
R202Y,0.393465642
V203A,-0.1772723739999999
V203C,0.331477251
V203D,2.131039652
V203E,1.245306205
V203F,1.735655718
V203G,0.412122434
V203H,1.010358895
V203I,1.123967699
V203K,0.6893822759999999
V203L,1.026271291
V203M,0.985625749
V203N,1.49872176
V203P,-0.02899913
V203Q,-0.0688698359999999
V203R,1.151150264
V203S,-0.106704281
V203T,0.106978419
V203W,1.721228816
V203Y,1.5392363880000002
E204A,-0.223611173
E204C,0.095652829
E204D,0.36552425
E204F,0.88189629
E204G,0.646877702
E204H,0.541014755
E204I,-0.155399347
E204K,0.391386291
E204L,-0.322863957
E204M,0.178026228
E204N,-0.464066024
E204P,1.929903838
E204Q,-0.118374573
E204R,0.256726544
E204S,0.045890018
E204T,-0.479565724
E204V,0.400739471
E204W,0.304520236
E204Y,0.497931729
Y205A,1.816269864
Y205C,1.741104425
Y205D,1.72882416
Y205E,2.08188385
Y205F,1.684503161
Y205G,1.841735517
Y205H,1.462574873
Y205I,1.439102507
Y205K,1.856726168
Y205L,1.846123859
Y205M,1.895934353
Y205N,1.84410647
Y205P,1.894556245
Y205Q,1.992250162
Y205R,1.87939012
Y205S,1.584892386
Y205T,1.996499035
Y205V,1.222030939
Y205W,1.7792974999999998
L206A,-0.488924858
L206C,-0.023555003
L206D,-0.6977183000000001
L206E,0.086820794
L206F,0.172883287
L206G,0.0692371079999999
L206H,-0.103967035
L206I,-0.129706803
L206K,-0.123873241
L206M,-0.22998337
L206N,-0.290979001
L206P,0.490325233
L206Q,-0.9707403
L206R,-0.480280054
L206S,-0.25299764
L206T,-0.217311041
L206V,-0.0851254019999999
L206W,0.332872132
L206Y,0.158863698
D207A,-0.012984325
D207C,0.048640119
D207E,0.020468454
D207F,0.008737735
D207G,0.358628723
D207H,-0.028887525
D207I,-0.981607584
D207K,-0.245432183
D207L,-0.355747035
D207M,-0.2040772
D207N,-0.033029735
D207P,1.64134118
D207Q,-0.331043334
D207R,0.294578493
D207S,0.024960656
D207T,-0.372092444
D207V,-0.237735254
D207W,0.273999274
D207Y,0.336058722
D208A,1.047636111
D208C,0.008081208
D208E,0.314092777
D208F,0.927294932
D208G,0.670720091
D208H,0.4587262070000001
D208I,1.6213634469999998
D208K,1.991016891
D208L,1.97694041
D208M,1.432695656
D208N,0.096084927
D208P,1.939259181
D208Q,1.21472675
D208R,1.5560661530000002
D208S,0.208940127
D208T,1.462736187
D208V,1.280934751
D208W,-0.25208663
D208Y,0.404539446
R209A,0.0811559999999999
R209C,0.08841479
R209D,0.335177405
R209E,0.24182206
R209F,-0.310542611
R209G,0.465273032
R209H,-0.106308424
R209I,-0.229828033
R209K,0.154570574
R209L,-0.233854839
R209M,-0.154469359
R209N,-0.071176543
R209P,-0.098505805
R209Q,0.431804209
R209S,0.103380623
R209T,0.31929286
R209V,-0.492120828
R209W,-0.00089421
R209Y,-0.240200351
N210A,-0.428501516
N210C,0.410597413
N210D,0.424318349
N210E,0.655788171
N210F,-0.4113597470000001
N210G,0.281767182
N210H,-0.0662897009999999
N210I,-0.094483618
N210K,0.270806391
N210L,0.008880818
N210M,0.012468017
N210P,0.736850207
N210Q,-0.002957788
N210R,0.159689496
N210S,0.08120364
N210T,0.241075291
N210V,-0.5333309
N210W,-0.279016569
N210Y,-0.255982409
T211A,1.127751022
T211C,0.470759507
T211D,0.131837519
T211E,1.093993986
T211F,0.538702679
T211G,0.946373729
T211H,0.537055709
T211I,1.528822788
T211K,1.321578825
T211L,0.982050574
T211M,1.182467131
T211N,0.087543458
T211P,1.290048331
T211Q,1.093306335
T211R,1.747997873
T211S,-0.03522401
T211V,1.5130479
T211W,1.10741043
T211Y,0.338823809
F212A,0.861351071
F212C,0.598961796
F212D,0.632239763
F212E,1.190663806
F212G,-0.1385547999999999
F212H,0.322127976
F212I,1.316292133
F212K,1.035652547
F212L,0.433831505
F212M,0.794980571
F212N,0.5518408779999999
F212P,1.237578611
F212Q,0.458655659
F212R,0.539489095
F212S,0.341340416
F212T,0.656588894
F212V,1.383406476
F212W,1.133662898
F212Y,0.386673885
R213A,1.119684145
R213C,1.514993966
R213D,0.747112012
R213E,1.7106666680000002
R213F,1.077636131
R213G,1.202685534
R213H,0.773658849
R213I,0.919542153
R213K,1.507604735
R213L,1.175892255
R213M,1.308033275
R213N,1.153358172
R213P,1.48068039
R213Q,1.016928956
R213S,1.394129344
R213T,0.996695409
R213V,1.246743333
R213W,1.761589221
R213Y,1.086132118
H214A,1.290134586
H214C,1.4845971830000002
H214D,1.094534603
H214E,1.425473671
H214F,0.8006263379999999
H214G,1.269303258
H214I,0.674459038
H214K,1.668230951
H214L,0.719748142
H214M,0.505489977
H214N,0.6558556720000001
H214P,1.569149084
H214Q,0.259877711
H214R,1.660145096
H214S,1.28201815
H214T,1.066318802
H214V,1.642286605
H214W,1.709261031
H214Y,0.885796055
S215A,0.718088462
S215C,0.812926547
S215D,2.152068625
S215E,1.716487224
S215F,1.890649958
S215G,1.468123755
S215H,1.20366432
S215I,1.471160579
S215K,1.676737999
S215L,2.231883621
S215M,1.595355061
S215N,1.2407353559999998
S215P,1.79542953
S215Q,1.410645464
S215R,1.208371862
S215T,1.015229069
S215V,1.118463843
S215W,1.91533652
S215Y,1.014106627
V216A,0.435063665
V216C,0.110441297
V216D,1.6582978469999998
V216E,1.663244415
V216F,1.860208486
V216G,1.201496608
V216H,2.063319655
V216I,1.50632494
V216K,1.980529487
V216L,1.038729415
V216M,1.834467813
V216N,0.995463081
V216P,2.02193555
V216Q,1.818033277
V216R,1.888702816
V216S,1.225704768
V216T,0.594307233
V216W,0.949264739
V216Y,1.76645984
V217A,0.428483565
V217C,-0.363753552
V217D,1.756312295
V217E,0.568620031
V217F,0.550261743
V217G,0.655869416
V217H,1.061503796
V217I,0.153855839
V217K,0.944399356
V217L,0.584386648
V217M,0.4006314620000001
V217N,0.750867904
V217P,1.835494092
V217Q,0.713719918
V217R,-0.053556547
V217S,0.27969018
V217T,0.195275691
V217W,0.8277134270000001
V217Y,0.84693695
V218A,0.334221495
V218C,0.120227849
V218D,1.458009343
V218E,1.409055421
V218F,1.300755009
V218G,0.8404218059999999
V218H,1.768915711
V218I,0.80816201
V218K,1.821839913
V218L,0.548583791
V218M,1.059447197
V218N,1.4819079590000002
V218P,1.7992171730000002
V218Q,1.411400582
V218R,1.873087658
V218S,1.4353989
V218T,0.882160493
V218W,1.7645832
V218Y,1.668397204
P219A,0.227378271
P219C,-0.028399162
P219D,0.785375068
P219E,0.434980535
P219F,0.980734949
P219G,0.6181939439999999
P219H,0.112605021
P219I,1.041701971
P219K,0.562821757
P219L,0.417094277
P219M,0.244910656
P219N,0.510310292
P219Q,-0.145879036
P219R,0.380973793
P219S,0.2346265
P219T,0.376622969
P219V,0.8883505740000001
P219W,0.480491321
P219Y,0.433440638
Y220A,1.703555304
Y220C,1.526383395
Y220D,1.664650262
Y220E,1.577994093
Y220F,0.423932402
Y220G,1.946064462
Y220H,1.450215255
Y220I,1.616168553
Y220K,1.824244099
Y220L,0.772625883
Y220M,0.6758983679999999
Y220N,1.596320304
Y220P,1.987258701
Y220Q,2.030390289
Y220R,1.711336675
Y220S,1.34607702
Y220T,1.947803951
Y220V,2.010986628
Y220W,0.846631628
E221A,0.750377897
E221C,0.357396055
E221D,0.268951566
E221F,-0.072244235
E221G,0.70153146
E221H,0.186382796
E221I,0.205076613
E221K,0.456669723
E221L,0.892875882
E221M,0.054050663
E221N,0.585989469
E221P,0.4399251320000001
E221Q,0.239193779
E221R,0.636511795
E221S,0.804338592
E221T,0.7147309940000001
E221V,-0.096505525
E221W,0.284026322
E221Y,0.39216713
P222A,0.298799049
P222C,0.587356828
P222D,-0.098920459
P222E,1.151563751
P222F,0.33465906
P222G,0.310911192
P222H,0.881142448
P222I,0.298080946
P222K,-0.130367158
P222L,0.20893507
P222M,0.07901188
P222N,0.538825036
P222Q,0.261289093
P222R,0.621368425
P222S,0.465990915
P222T,0.283540833
P222V,-0.335385831
P222W,0.586074466
P222Y,-0.475432562
P223A,0.439608454
P223C,0.966730955
P223D,0.23117428
P223E,0.66992749
P223F,0.984526254
P223G,0.322223715
P223H,0.480714752
P223I,0.00587828
P223K,0.315554272
P223L,0.948257692
P223M,1.217271704
P223N,0.1597948609999999
P223Q,0.64297335
P223R,0.516570356
P223S,0.372137189
P223T,0.429423612
P223V,0.7406185190000001
P223W,1.27070184
P223Y,0.965142966
E224A,0.7922265070000001
E224C,-0.098529429
E224D,0.263945371
E224F,0.933323285
E224G,0.644143383
E224H,-0.008525229
E224I,-0.058074334
E224K,0.396466861
E224L,0.496388131
E224M,0.8131869620000001
E224N,-0.570207751
E224P,-0.545792135
E224Q,0.708859163
E224R,0.512261791
E224S,0.666159181
E224T,-0.226342221
E224V,0.263033202
E224W,0.720886354
E224Y,0.04237159
V225A,0.376611973
V225C,0.278402727
V225D,0.200924252
V225E,-0.3554776
V225F,0.290173196
V225G,0.450537541
V225H,0.508985881
V225I,0.142837338
V225K,-0.124044049
V225L,0.212000774
V225M,0.273619029
V225N,0.461807113
V225P,-0.038922556
V225Q,-0.611581237
V225R,-0.498253371
V225S,-0.146568752
V225T,-0.253637766
V225W,0.621722173
V225Y,0.028186553
G226A,0.623073741
G226C,0.356793627
G226D,0.364151552
G226E,0.668716993
G226F,0.791464873
G226H,0.5724590629999999
G226I,0.817664171
G226K,-0.436299636
G226L,-0.05652863
G226M,0.5988757
G226N,0.88772847
G226P,0.5033693229999999
G226Q,0.693334661
G226R,0.142982554
G226S,0.446605914
G226T,0.468805457
G226V,0.046643129
G226W,0.322227864
G226Y,0.046275216
S227A,0.547331914
S227C,-0.067117102
S227D,-0.079824731
S227E,-0.133311584
S227F,-0.023090056
S227G,-0.051093611
S227H,0.5710420279999999
S227I,0.809887472
S227K,0.463846232
S227L,0.495226581
S227M,0.071818066
S227N,0.879426685
S227P,0.429675646
S227Q,0.7940752390000001
S227R,0.646551973
S227T,0.213110045
S227V,-0.127352186
S227W,-0.165331418
S227Y,0.201279488
D228A,0.356777833
D228C,0.147474877
D228E,-0.063310515
D228F,8.420000000000001e-05
D228G,0.1965753
D228H,0.035314167
D228I,-0.128811402
D228K,-0.652078367
D228L,0.5012927079999999
D228M,0.375672243
D228N,0.211505349
D228P,-0.006092357
D228Q,0.362426701
D228R,0.31420595
D228S,0.369258264
D228T,0.320751837
D228V,0.308379283
D228W,0.238030515
D228Y,0.067820409
C229A,0.7436850309999999
C229D,1.735877062
C229E,0.88133225
C229F,0.200280063
C229G,0.677975688
C229H,0.396474667
C229I,0.62854379
C229K,0.921041738
C229L,0.284931558
C229M,0.550658367
C229N,1.015236079
C229P,0.376736291
C229Q,0.458734777
C229R,0.943519239
C229S,0.544375739
C229T,0.837067132
C229V,0.497990224
C229W,0.852866085
C229Y,0.302086107
T230A,0.922033808
T230C,0.367744807
T230D,1.768301141
T230E,1.596119298
T230F,0.269904492
T230G,1.257753797
T230H,0.686527973
T230I,-0.000699276
T230K,0.7392368890000001
T230L,0.297138235
T230M,-0.43699853
T230N,0.213307255
T230P,0.7854672979999999
T230Q,-0.230484539
T230R,0.140932427
T230S,0.469633805
T230V,-0.223917616
T230W,0.259365053
T230Y,0.067430884
T231A,0.519183972
T231C,0.398559706
T231D,1.238455859
T231E,0.408504126
T231F,0.52690169
T231G,1.590658175
T231H,0.383118745
T231I,0.181766847
T231K,0.531333598
T231L,0.694476812
T231M,-0.393996441
T231N,0.597126464
T231P,0.969770664
T231Q,0.995376254
T231R,0.734347495
T231S,0.729078915
T231V,0.366774729
T231W,0.406827664
T231Y,0.604862473
I232A,2.157281346
I232C,1.357405177
I232D,1.799680734
I232E,1.626318005
I232F,1.141363002
I232G,1.891072685
I232H,1.254342042
I232K,1.591373196
I232L,0.111707285
I232M,0.686437834
I232N,1.674942901
I232P,1.95441372
I232Q,1.915943947
I232R,1.716563066
I232S,1.5097543180000002
I232T,1.254814791
I232V,0.46074792
I232W,2.0769431000000003
I232Y,0.845246815
H233A,0.668362124
H233C,0.135232417
H233D,0.744284422
H233E,0.778560028
H233F,0.324349313
H233G,1.111355251
H233I,0.677807862
H233K,-0.142310998
H233L,0.186788983
H233M,0.054038918
H233N,0.203877817
H233P,0.46444224
H233Q,0.270299441
H233R,0.5150621670000001
H233S,0.557050529
H233T,0.3507112
H233V,0.7907287479999999
H233W,0.6010950820000001
H233Y,0.74221592
Y234A,2.052469681
Y234C,1.469313284
Y234D,1.675080085
Y234E,1.737085319
Y234F,0.365924364
Y234G,1.823333632
Y234H,1.727446345
Y234I,0.4188667
Y234K,1.7257160180000002
Y234L,0.122425869
Y234M,0.75099185
Y234N,1.737947423
Y234P,2.311751353
Y234Q,1.572386642
Y234R,1.992071534
Y234S,1.423888672
Y234T,1.476937366
Y234V,0.353426099
Y234W,1.670331865
N235A,0.4442375
N235C,0.034637494
N235D,1.292565649
N235E,0.512857966
N235F,1.3620240819999998
N235G,1.406542704
N235H,0.504414117
N235I,0.2471815
N235K,0.013563114
N235L,-0.102435734
N235M,-0.217196924
N235P,1.988242524
N235Q,0.020736442
N235R,0.548600792
N235S,0.168908163
N235T,0.388791023
N235V,0.348340994
N235W,0.868750716
N235Y,0.63605299
Y236A,2.117131438
Y236C,1.850948132
Y236D,1.916225471
Y236E,2.096715872
Y236F,-0.302753161
Y236G,2.164474498
Y236H,1.270058177
Y236I,1.773550435
Y236K,1.7008956919999998
Y236L,1.31083585
Y236M,1.729103632
Y236N,1.80651476
Y236P,2.240795765
Y236Q,1.689979235
Y236R,2.088911194
Y236S,1.667212952
Y236T,1.676773661
Y236V,1.78121183
Y236W,0.992468512
M237A,0.48266947
M237C,0.913801855
M237D,1.891806029
M237E,1.955963611
M237F,1.295894942
M237G,-0.31058273
M237H,0.464506056
M237I,1.415720687
M237K,1.702817288
M237L,0.74320246
M237N,0.607912055
M237P,1.978169955
M237Q,0.911517087
M237R,0.8289830159999999
M237S,1.3590150909999998
M237T,0.945551815
M237V,1.313176203
M237W,-0.02113321
M237Y,1.629604262
C238A,1.457805883
C238D,1.962575672
C238E,2.1156439540000003
C238F,1.4731090080000002
C238G,1.583258967
C238H,1.827634923
C238I,2.401050863
C238K,1.83279773
C238L,1.80064692
C238M,2.242705517
C238N,1.733072528
C238P,2.471328473
C238Q,1.964469006
C238R,1.659315607
C238S,1.759802635
C238T,2.102172557
C238V,1.013391753
C238W,2.101841933
C238Y,1.864029889
N239A,0.5700976
N239C,1.524509749
N239D,1.616411267
N239E,1.592966265
N239F,-0.5477991329999999
N239G,1.234827135
N239H,0.58786469
N239I,1.271787783
N239K,0.4238535920000001
N239L,0.099396069
N239M,-0.002801853
N239P,2.455494316
N239Q,0.715737755
N239R,0.054225239
N239S,0.963145421
N239T,0.8122145609999999
N239V,0.993168963
N239W,-0.542931675
N239Y,0.6292895039999999
S240A,1.695467453
S240C,1.146844369
S240D,2.1075140880000003
S240E,1.7938240559999998
S240F,1.40088479
S240G,1.131535579
S240H,1.163287392
S240I,0.4333004720000001
S240K,2.2452259690000003
S240L,1.065543614
S240M,1.180538082
S240N,0.661594706
S240P,2.458861279
S240Q,0.343948488
S240R,1.318129116
S240T,0.530088849
S240V,1.114959434
S240W,1.651120106
S240Y,1.4232600030000002
S241A,1.144542778
S241C,1.577420845
S241D,1.590049634
S241E,1.766481549
S241F,0.85378796
S241G,1.207117049
S241H,1.411038914
S241I,1.284051928
S241K,1.454330801
S241L,1.821982895
S241M,1.191995166
S241N,0.259416019
S241P,1.996136461
S241Q,1.856671192
S241R,1.694479496
S241T,0.757556285
S241V,1.076122786
S241W,1.16920158
S241Y,0.799136324
C242A,0.474945937
C242D,1.470947926
C242E,2.070521097
C242F,0.931572473
C242G,1.983438631
C242H,1.857469641
C242I,2.097737779
C242K,1.67207028
C242L,0.861822761
C242M,2.020383444
C242N,2.204197347
C242P,1.94525101
C242Q,2.150856044
C242R,1.598236945
C242S,1.6335243380000002
C242T,2.148358606
C242V,2.133887516
C242W,1.5200203419999998
C242Y,1.805851413
M243A,0.895102727
M243C,1.109653609
M243D,1.584154386
M243E,1.6419313759999998
M243F,1.261994144
M243G,1.016831168
M243H,0.705767085
M243I,0.057520065
M243K,0.197634283
M243L,0.7050338829999999
M243N,1.082993925
M243P,0.23323121
M243Q,1.302318915
M243R,0.33603245
M243S,0.768974901
M243T,0.725009349
M243V,0.5193481879999999
M243W,1.571296711
M243Y,1.580091076
G244A,1.289181337
G244C,1.600151694
G244D,1.4096866630000002
G244E,1.946208208
G244F,1.140659805
G244H,0.933221662
G244I,2.83806269
G244K,1.988741778
G244L,1.873017221
G244M,1.557983339
G244N,1.722271875
G244P,2.230636411
G244Q,1.869634236
G244R,1.759594125
G244S,1.695404539
G244T,2.384024755
G244V,1.825466534
G244W,2.149243169
G244Y,0.901105962
G245A,1.529857547
G245C,1.217758887
G245D,1.311784568
G245E,2.305892484
G245F,2.445136693
G245H,2.318316636
G245I,2.671870638
G245K,2.558041386
G245L,2.67801333
G245M,2.573547774
G245N,2.43538401
G245P,2.493967837
G245Q,2.511877874
G245R,1.7574563230000002
G245S,1.146383877
G245T,2.214294646
G245V,1.950994795
G245W,2.404771876
G245Y,2.599138904
M246A,1.69630359
M246C,1.373761586
M246D,2.6402374180000003
M246E,2.304537529
M246F,2.585170345
M246G,1.870871496
M246H,2.37748875
M246I,0.641868607
M246K,2.289718701
M246L,1.157908718
M246N,2.545225856
M246P,0.698185405
M246Q,1.661594909
M246R,2.442838929
M246S,2.369832361
M246T,1.555046156
M246V,1.553754553
M246W,2.813022895
M246Y,2.844018326
N247A,-0.082895017
N247C,0.753184141
N247D,0.7207341359999999
N247E,0.486830067
N247F,1.317290531
N247G,1.000786634
N247H,0.428103166
N247I,2.181777873
N247K,0.013028187
N247L,2.024215911
N247M,0.830221029
N247P,2.320334209
N247Q,0.615538581
N247R,0.408565227
N247S,0.165447302
N247T,0.930597669
N247V,1.857670887
N247W,1.012715195
N247Y,0.688510974
R248A,1.7293289669999998
R248C,1.744976995
R248D,1.542782595
R248E,1.401481751
R248F,1.467718295
R248G,0.6559342429999999
R248H,0.980427956
R248I,2.60741248
R248K,-0.169686396
R248L,1.458720515
R248M,1.4706500059999998
R248N,1.060014461
R248P,2.294467954
R248Q,1.23347987
R248S,1.357516291
R248T,1.790519379
R248V,2.740458635
R248W,1.552718316
R248Y,1.610995131
R249A,2.431870407
R249C,2.512095577
R249D,2.4950864580000003
R249E,2.069612507
R249F,2.36982154
R249G,1.371229579
R249H,2.246484395
R249I,2.08625092
R249K,0.960554972
R249L,2.2239703580000003
R249M,1.424324254
R249N,2.3933653180000003
R249P,2.1382332180000003
R249Q,2.047353519
R249S,1.985173724
R249T,2.042763875
R249V,2.132602968
R249W,2.273331582
R249Y,2.3330357530000003
P250A,0.447561456
P250C,0.416104004
P250D,0.8833522909999999
P250E,0.830986571
P250F,2.546837686
P250G,0.7715646190000001
P250H,0.481952404
P250I,1.202396019
P250K,0.330578505
P250L,1.682202217
P250M,1.067223477
P250N,0.33013059
P250Q,1.018514013
P250R,0.656045598
P250S,0.131787776
P250T,0.374537776
P250V,0.448493232
P250W,2.035786966
P250Y,2.665639708
I251A,1.4646542530000002
I251C,0.72348766
I251D,1.704998997
I251E,1.6648731490000002
I251F,1.159086336
I251G,1.850506982
I251H,1.243049863
I251K,1.889687101
I251L,1.250218245
I251M,0.764778402
I251N,1.505653303
I251P,1.991317804
I251Q,1.834230189
I251R,1.735653825
I251S,1.039484757
I251T,0.853050807
I251V,0.086392656
I251W,2.01328512
I251Y,2.027345069
L252A,0.244672727
L252C,0.314626733
L252D,-0.743641074
L252E,0.088776914
L252F,0.62503864
L252G,1.555882231
L252H,0.465321751
L252I,0.099130195
L252K,0.422075316
L252M,-0.17199573
L252N,0.209049295
L252P,1.240051647
L252Q,-0.93384269
L252R,0.304803966
L252S,0.369278836
L252T,0.457194934
L252V,0.141373691
L252W,-0.183381301
L252Y,0.859463958
T253A,1.164141212
T253C,0.134645036
T253D,1.565590024
T253E,1.736435915
T253F,2.226507767
T253G,2.202213109
T253H,0.404339982
T253I,0.863695773
T253K,1.745096533
T253L,1.721221254
T253M,1.028887076
T253N,0.488082863
T253P,1.078335981
T253Q,0.358436869
T253R,1.743152873
T253S,0.232982836
T253V,0.537247919
T253W,2.097382554
T253Y,2.364692165
I254A,1.719154391
I254C,0.836556876
I254D,1.785867652
I254E,1.81422564
I254F,0.640526158
I254G,1.855446568
I254H,1.073866261
I254K,1.556096282
I254L,0.5618743039999999
I254M,0.925227851
I254N,1.382218979
I254P,1.6137116459999998
I254Q,1.037885896
I254R,1.305842349
I254S,1.303659995
I254T,0.947618718
I254V,0.382829557
I254W,1.700635515
I254Y,0.88824069
I255A,1.786320968
I255C,0.844569531
I255D,1.636558942
I255E,1.713441962
I255F,1.622555788
I255G,1.659596521
I255H,1.5119414430000002
I255K,1.836602911
I255L,0.499488716
I255M,0.374430432
I255N,1.6797244059999998
I255P,1.438851533
I255Q,1.549053479
I255R,1.923305605
I255S,1.257321084
I255T,1.302238477
I255V,0.509539692
I255W,1.930059153
I255Y,1.890524415
T256A,0.410214437
T256C,0.434873811
T256D,0.416859262
T256E,0.348768922
T256F,0.794492596
T256G,1.642530325
T256H,0.311587006
T256I,0.601689933
T256K,0.379054653
T256L,0.827261056
T256M,1.012398433
T256N,1.09882052
T256P,1.657715113
T256Q,-0.0213962
T256R,0.638335031
T256S,0.694600262
T256V,0.597171711
T256W,1.996868653
T256Y,0.638912269
L257A,1.799986123
L257C,1.689315928
L257D,1.4992183419999998
L257E,1.816707792
L257F,0.70451595
L257G,1.3700896969999998
L257H,1.859318353
L257I,-0.08154818
L257K,1.973635522
L257M,-0.032597171
L257N,1.593687131
L257P,1.6859554419999998
L257Q,1.7127827759999998
L257R,1.891035396
L257S,1.851576681
L257T,1.784471135
L257V,0.650634994
L257W,1.240590109
L257Y,1.909206442
E258A,1.67081111
E258C,1.521985091
E258D,1.289542773
E258F,1.773119462
E258G,1.102080683
E258H,1.252027463
E258I,0.60037397
E258K,1.307254142
E258L,0.86122141
E258M,1.091034395
E258N,1.400493313
E258P,2.109023439
E258Q,1.101665507
E258R,1.332834874
E258S,1.76278277
E258T,1.257849901
E258V,0.872231922
E258W,1.604322087
E258Y,2.120327581
D259A,0.169114447
D259C,-0.452840906
D259E,0.603098445
D259F,1.32388901
D259G,0.094109238
D259H,0.583936708
D259I,1.373352278
D259K,1.744863754
D259L,0.867841957
D259M,1.375661484
D259N,0.319811895
D259P,2.096394756
D259Q,1.414538609
D259R,1.3861328780000002
D259S,0.329884137
D259T,0.6157443570000001
D259V,1.298783179
D259W,1.121750056
D259Y,1.237341453
S260A,1.169205999
S260C,0.6020574910000001
S260D,1.6629683919999998
S260E,0.125667231
S260F,0.13187838
S260G,0.82383127
S260H,1.111704679
S260I,1.2577495440000002
S260K,1.261552601
S260L,0.216587113
S260M,0.568595868
S260N,0.302875348
S260P,0.229988239
S260Q,0.04183219
S260R,0.690334184
S260T,0.468583099
S260V,-0.364826012
S260W,-0.7451452059999999
S260Y,0.316663013
S261A,-0.180523222
S261C,-0.286109669
S261D,0.577283616
S261E,-0.544743156
S261F,0.977093587
S261G,0.472110749
S261H,0.650560037
S261I,0.612202325
S261K,0.978408795
S261L,0.600590826
S261M,0.037086274
S261N,0.6795371809999999
S261P,0.545815405
S261Q,0.87730397
S261R,0.605307115
S261T,0.628499602
S261V,0.680817345
S261W,0.677483242
S261Y,0.227685274
G262A,0.648371985
G262C,0.302793934
G262D,0.698049444
G262E,0.672866946
G262F,0.292888453
G262H,0.176541454
G262I,1.731153341
G262K,0.6795287190000001
G262L,0.981884916
G262M,0.364627578
G262N,0.650268198
G262P,1.642332898
G262Q,-0.048737542
G262R,0.611804654
G262S,0.355160524
G262T,0.818996845
G262V,0.969797999
G262W,0.7840853170000001
G262Y,0.733389308
N263A,0.840492727
N263C,0.303100345
N263D,0.572309659
N263E,0.48309949
N263F,0.401540754
N263G,0.530487061
N263H,0.136123795
N263I,0.507972744
N263K,-0.004379887
N263L,0.152594213
N263M,0.473487915
N263P,1.526729745
N263Q,0.599438507
N263R,0.621858564
N263S,0.185306462
N263T,0.380551446
N263V,0.5963579999999999
N263W,1.134144238
N263Y,0.658922773
L264A,0.366088403
L264C,0.484692894
L264D,0.12980094
L264E,0.531814892
L264F,1.236069963
L264G,0.514816075
L264H,0.34897275
L264I,-0.069154811
L264K,0.985625962
L264M,0.50045645
L264N,-0.043327545
L264P,0.7665698959999999
L264Q,0.789673485
L264R,0.544737138
L264S,0.202905097
L264T,0.8622506999999999
L264V,0.422546344
L264W,0.710108865
L264Y,0.303741822
L265A,1.029532715
L265C,0.552962732
L265D,1.35983853
L265E,0.948181994
L265F,-0.225244323
L265G,1.323719693
L265H,1.347739538
L265I,-0.359957858
L265K,0.693362301
L265M,0.051607538
L265N,1.462841174
L265P,1.527786425
L265Q,0.909650655
L265R,0.858404038
L265S,1.579519046
L265T,0.69595244
L265V,0.534922308
L265W,0.910652457
L265Y,0.266658825
G266A,0.919947325
G266C,0.551952619
G266D,1.184338893
G266E,1.556990726
G266F,2.016299105
G266H,1.984193044
G266I,1.379707679
G266K,1.446047099
G266L,1.745877091
G266M,1.865446197
G266N,1.976273959
G266P,1.878594242
G266Q,2.054943269
G266R,1.579148159
G266S,1.797315745
G266T,2.07939695
G266V,1.10790423
G266W,2.002361408
G266Y,2.250914643
R267A,1.049396213
R267C,0.688732405
R267D,1.918949953
R267E,0.878217945
R267F,1.731522109
R267G,0.881084345
R267H,1.12444466
R267I,1.284008276
R267K,0.345788366
R267L,0.569822987
R267M,0.94127265
R267N,1.680537903
R267P,1.699424936
R267Q,0.398898669
R267S,0.316797009
R267T,0.311674027
R267V,1.103561295
R267W,1.030361367
R267Y,1.125561434
N268A,0.710155698
N268C,1.341767044
N268D,0.1405001609999999
N268E,0.245793595
N268F,1.054974152
N268G,1.37845229
N268H,0.924682932
N268I,1.191862658
N268K,0.424191773
N268L,1.311431538
N268M,0.44846964
N268P,1.942575721
N268Q,0.7239192409999999
N268R,0.70053132
N268S,0.578789975
N268T,0.6176633779999999
N268V,0.7578265670000001
N268W,1.335743532
N268Y,0.72541628
S269A,0.65379091
S269C,0.309584004
S269D,0.766943292
S269E,0.92489181
S269F,1.291683944
S269G,0.514807651
S269H,0.529746052
S269I,0.6377042279999999
S269K,0.91155343
S269L,0.8431981359999999
S269M,1.268346328
S269N,0.927276145
S269P,1.681118797
S269Q,1.142394169
S269R,0.528517126
S269T,0.8072388490000001
S269V,0.794628881
S269W,1.068155677
S269Y,0.477221731
F270A,1.5408039340000002
F270C,1.691169779
F270D,1.72998652
F270E,1.670306958
F270G,1.909787348
F270H,1.984604456
F270I,1.525025339
F270K,1.737319634
F270L,0.811785358
F270M,1.510559775
F270N,1.426013493
F270P,1.433178509
F270Q,2.134208044
F270R,1.594636624
F270S,1.371587472
F270T,1.587529704
F270V,0.909010263
F270W,1.3675055930000002
F270Y,1.187407562
E271A,1.239986606
E271C,0.8637518959999999
E271D,0.8040324320000001
E271F,1.575423194
E271G,0.646347001
E271H,1.140155163
E271I,1.54351272
E271K,0.818392958
E271L,1.156158423
E271M,1.944410981
E271N,1.344212475
E271P,1.86631002
E271Q,1.202289639
E271R,1.069131797
E271S,1.377496374
E271T,0.5976256839999999
E271V,1.26036635
E271W,2.526548609
E271Y,1.431362824
V272A,0.8551644290000001
V272C,0.189925509
V272D,1.6086457180000002
V272E,1.591043019
V272F,2.108721343
V272G,1.549847638
V272H,1.857985864
V272I,0.939592521
V272K,2.0100845
V272L,1.417491365
V272M,1.790216627
V272N,1.722168895
V272P,1.811913412
V272Q,1.768763781
V272R,2.04499061
V272S,1.332620543
V272T,-0.351577712
V272W,2.010923737
V272Y,1.889878188
R273A,1.379241538
R273C,1.261347254
R273D,2.037180397
R273E,1.481029499
R273F,2.188753845
R273G,1.7951773640000002
R273H,1.14550082
R273I,2.4361367030000003
R273K,-0.459655454
R273L,1.346060405
R273M,1.6220449730000002
R273N,1.38498846
R273P,1.553757957
R273Q,1.22344357
R273S,1.042686259
R273T,1.679065545
R273V,1.568871989
R273W,1.3735569980000002
R273Y,2.219826257
V274A,1.7640415269999998
V274C,0.789878229
V274D,1.804819584
V274E,1.884888472
V274F,1.588721766
V274G,1.853772766
V274H,1.965227698
V274I,-0.110867104
V274K,1.823971651
V274L,1.921822075
V274M,2.080615589
V274N,1.872459355
V274P,1.939766629
V274Q,1.907750848
V274R,1.999262382
V274S,1.733078008
V274T,1.747491844
V274W,1.959279236
V274Y,2.005426169
C275A,1.00146245
C275D,2.57336948
C275E,2.756141916
C275F,1.664227685
C275G,0.448252929
C275H,2.175952869
C275I,2.379232945
C275K,1.516470843
C275L,1.848385138
C275M,2.122822742
C275N,2.357297768
C275P,2.0263376930000003
C275Q,2.09387651
C275R,1.618916085
C275S,-0.122869884
C275T,1.228782243
C275V,1.945558351
C275W,1.94224381
C275Y,1.845477319
A276C,0.238448378
A276D,1.26890555
A276E,0.740844735
A276F,1.815594356
A276G,0.465064564
A276H,0.682970427
A276I,0.240744731
A276K,-0.870725214
A276L,0.302254411
A276M,-0.014184203
A276N,0.290861325
A276P,0.7635165509999999
A276Q,0.222249785
A276R,0.182045103
A276S,0.0888121319999999
A276T,0.46119207
A276V,-0.0031538
A276W,1.435832845
A276Y,1.573852122
C277A,-0.14174719
C277D,0.03000855
C277E,0.111224094
C277F,0.617759769
C277G,1.328558768
C277H,-0.438756835
C277I,0.985938183
C277K,-0.608546456
C277L,0.523218755
C277M,0.343931985
C277N,-0.13727097
C277P,2.254342422
C277Q,0.7708122540000001
C277R,0.282473805
C277S,-0.14290445
C277T,-0.171347707
C277V,0.7994675259999999
C277W,0.177845862
C277Y,0.565304037
P278A,2.096922063
P278C,2.235661992
P278D,2.086981107
P278E,2.023096142
P278F,2.087783158
P278G,2.119702794
P278H,1.759648368
P278I,2.2576423
P278K,2.133448075
P278L,1.713279305
P278M,2.05944929
P278N,2.176951557
P278Q,1.994415549
P278R,1.966202397
P278S,1.455574566
P278T,1.74138834
P278V,1.938181946
P278W,1.893244974
P278Y,1.939572445
G279A,0.437436089
G279C,-0.499173169
G279D,-0.40481442
G279E,0.535942383
G279F,-0.029237914
G279H,-0.548365173
G279I,-0.540396318
G279K,-0.8510354379999999
G279L,-0.140021379
G279M,-0.348140771
G279N,-0.126628126
G279P,0.506222899
G279Q,-0.71164486
G279R,0.070607088
G279S,0.010743282
G279T,-0.0834131209999999
G279V,0.371386727
G279W,0.14499192
G279Y,-0.148060034
R280A,0.496784428
R280C,2.259948479
R280D,0.899650407
R280E,0.848318238
R280F,1.005059432
R280G,1.2504185209999998
R280H,0.678972805
R280I,0.927190098
R280K,0.370045028
R280L,0.54278038
R280M,0.6983005309999999
R280N,1.216410002
R280P,0.88700643
R280Q,0.7437506909999999
R280S,1.03452565
R280T,0.899034023
R280V,0.940163231
R280W,0.897359845
R280Y,-0.235354787
D281A,0.5831352989999999
D281C,-0.421444989
D281E,0.221816379
D281F,1.229473894
D281G,0.519380224
D281H,0.931436162
D281I,0.658511108
D281K,1.013210261
D281L,0.780342713
D281M,-0.177154315
D281N,1.115002602
D281P,2.2703301540000003
D281Q,0.072064667
D281R,0.795268341
D281S,0.320788399
D281T,0.443380122
D281V,0.223491211
D281W,0.386667226
D281Y,1.027131368
R282A,0.215178213
R282C,0.059540464
R282D,1.997209714
R282E,2.026284927
R282F,1.092356473
R282G,1.718690103
R282H,1.560416449
R282I,-0.306408795
R282K,-0.165309715
R282L,0.287036622
R282M,-0.7556937659999999
R282N,2.022384338
R282P,1.733953403
R282Q,0.670706303
R282S,0.687906435
R282T,2.145455585
R282V,0.37730781
R282W,1.590702967
R282Y,1.19756948
R283A,0.35794438
R283C,-0.083487043
R283D,0.200762966
R283E,-0.654990456
R283F,-0.119675046
R283G,0.162155961
R283H,0.549270245
R283I,-0.7648336809999999
R283K,-0.218267908
R283L,0.134808122
R283M,-0.462477698
R283N,-0.247120793
R283P,1.563749641
R283Q,-0.372204503
R283S,0.327658424
R283T,-0.097353544
R283V,-0.200525314
R283W,-0.032688221
R283Y,0.48932341
T284A,-0.123161781
T284C,-0.150742107
T284D,0.298007166
T284E,0.057930517
T284F,-0.173835416
T284G,-0.275822903
T284H,-0.186149142
T284I,-0.160042202
T284K,-0.221822412
T284L,0.062244922
T284M,-0.182440741
T284N,-0.013610579
T284P,1.763386712
T284Q,0.216190287
T284R,0.360506021
T284S,0.420457195
T284V,-0.987621089
T284W,-0.630333829
T284Y,-1.064454464
E285A,0.314735071
E285C,0.081101333
E285D,0.656051524
E285F,0.7137366740000001
E285G,0.8117417309999999
E285H,-0.062241904
E285I,1.852958952
E285K,1.843314673
E285L,1.047994053
E285M,0.471283033
E285N,0.780017335
E285P,1.949680941
E285Q,0.211332017
E285R,1.7539966930000002
E285S,0.006696315
E285T,1.3761074780000002
E285V,1.711337411
E285W,1.810193067
E285Y,1.580463196
E286A,1.948842646
E286C,1.871140836
E286D,1.053738246
E286F,2.023632859
E286G,1.6455438409999998
E286H,1.925783256
E286I,2.02283006
E286K,1.539525019
E286L,1.728265798
E286M,2.208446206
E286N,2.012295191
E286P,1.958162986
E286Q,1.741860595
E286R,1.943122115
E286S,1.824258132
E286T,1.759406672
E286V,1.885416192
E286W,1.908327089
E286Y,1.957495139
E287A,-0.1630367469999999
E287C,-0.265743312
E287D,0.126856741
E287F,-0.450445105
E287G,-0.288812036
E287H,-0.355180367
E287I,-0.063559751
E287K,0.113470066
E287L,-0.491298624
E287M,-0.456928101
E287N,-0.7844650240000001
E287P,1.846794039
E287Q,-0.344113423
E287R,0.338548531
E287S,0.041441654
E287T,-0.0890631019999999
E287V,0.647460777
E287W,-0.01773057
E287Y,-0.26395606
N288A,0.020856259
N288C,0.138499627
N288D,0.22494703
N288E,0.454779954
N288F,0.550688396
N288G,0.23055196
N288H,0.394651502
N288I,0.182388737
N288K,-0.027507438
N288L,0.36941564
N288M,-0.047230996
N288P,0.426037958
N288Q,-0.393133499
N288R,-0.05463044
N288S,0.034148166
N288T,-0.161416396
N288V,-0.267593223
N288W,-0.601671366
N288Y,0.33929724
L289A,-0.189697224
L289C,0.055968168
L289D,0.795802311
L289E,0.094776495
L289F,-0.0317053329999999
L289G,0.601178499
L289H,0.1101373
L289I,0.025729646
L289K,0.411054296
L289M,-0.040288529
L289N,-0.374110702
L289P,0.519745995
L289Q,-0.550580023
L289R,0.001262363
L289S,0.28232202
L289T,0.5736861120000001
L289V,0.1616151619999999
L289W,-0.046717247
L289Y,1.000886009
R290A,-0.297948183
R290C,0.0823955109999999
R290D,-0.333035786
R290E,0.306625916
R290F,-0.069084435
R290G,0.374986455
R290H,0.473134078
R290I,0.526088365
R290K,-0.138602964
R290L,0.14597968
R290M,-0.445514883
R290N,0.361288805
R290P,0.347773774
R290Q,-0.03886774
R290S,0.227181873
R290T,0.8034684240000001
R290V,-0.492174399
R290W,0.084048768
R290Y,0.6045094839999999
K291A,0.424859324
K291C,0.026922715
K291D,0.004893958
K291E,0.524788537
K291F,-0.033039831
K291G,0.331875476
K291H,0.465221847
K291I,0.654121253
K291L,-0.042815083
K291M,0.070604456
K291N,0.1787881539999999
K291P,0.228000678
K291Q,0.326115345
K291R,0.040132307
K291S,-0.340009535
K291T,0.497454553
K291V,0.149943559
K291W,0.03490077
K291Y,0.409846741
K292A,-0.346447972
K292C,-0.090664672
K292D,0.240735203
K292E,0.360045332
K292F,0.232268103
K292G,-0.068873252
K292H,-0.152079203
K292I,0.143294511
K292L,-0.246918743
K292M,-0.736342383
K292N,0.518098233
K292P,0.070398882
K292Q,-0.332796399
K292R,0.097642811
K292S,0.464691454
K292T,0.336166682
K292V,-0.1320951709999999
K292W,-0.046690712
K292Y,0.250186982
G293A,-0.071477501
G293C,0.099008491
G293D,-0.266123262
G293E,0.514084749
G293F,0.201727579
G293H,0.288438658
G293I,0.298719344
G293K,0.3982891120000001
G293L,-0.080124796
G293M,0.031376929
G293N,0.034706605
G293P,0.133731627
G293Q,-0.076924884
G293R,0.591193634
G293S,0.4289592270000001
G293T,-0.259299021
G293V,0.064112659
G293W,0.108261916
G293Y,-0.076355225
E294A,0.465159196
E294C,0.332521017
E294D,0.292121551
E294F,0.061348182
E294G,0.394042831
E294H,0.172105848
E294I,-0.088847917
E294K,0.5907289179999999
E294L,0.267441079
E294M,0.3448018329999999
E294N,1.05011236
E294P,0.413536121
E294Q,0.3379394
E294R,0.30764824
E294S,0.701524198
E294T,0.381956608
E294V,0.444160485
E294W,-0.019390291
E294Y,0.370648364
P295A,0.235386322
P295C,0.176439241
P295D,0.024494144
P295E,-0.102888777
P295F,0.765592807
P295G,0.7612947040000001
P295H,0.509926831
P295I,0.196866211
P295K,1.007823753
P295L,0.330283579
P295M,-0.001513277
P295N,0.442227267
P295Q,1.040427294
P295R,0.598179145
P295S,0.760499024
P295T,0.34913596
P295V,0.147901428
P295W,-0.459337015
P295Y,0.626220542
H296A,0.652904252
H296C,0.05670334
H296D,0.219675465
H296E,0.660239347
H296F,0.291990352
H296G,0.560669576
H296I,0.539914284
H296K,0.546294822
H296L,0.754110231
H296M,0.500327261
H296N,0.432411391
H296P,0.188480228
H296Q,0.525743947
H296R,0.210676418
H296S,0.296674919
H296T,0.020567718
H296V,-0.329737993
H296W,-0.22624927
H296Y,0.320558076
H297A,0.312806682
H297C,0.181893557
H297D,0.450061112
H297E,0.693830123
H297F,0.6880075370000001
H297G,0.5716963389999999
H297I,0.12728794
H297K,0.088406909
H297L,0.3627667670000001
H297M,0.284408669
H297N,0.163984767
H297P,0.189528784
H297Q,0.183295984
H297R,0.288053212
H297S,0.8633909040000001
H297T,0.532418509
H297V,-0.179577017
H297W,0.7771534720000001
H297Y,0.564364112
E298A,0.571714556
E298C,0.671007726
E298D,0.393220109
E298F,0.870568681
E298G,0.384647955
E298H,1.018000337
E298I,0.614271053
E298K,0.499807885
E298L,1.025285532
E298M,0.747263021
E298N,-0.221724858
E298P,0.31754868
E298Q,0.377412991
E298R,0.393000482
E298S,0.369239443
E298T,0.562434404
E298V,0.504615829
E298W,0.667583052
E298Y,0.8646176440000001
L299A,0.170546361
L299C,0.039364724
L299D,-0.193210309
L299E,0.29953856
L299F,0.485963937
L299G,-0.274330741
L299H,0.796407373
L299I,0.439877505
L299K,0.8550441740000001
L299M,0.539558022
L299N,0.77217218
L299P,0.3938266
L299Q,0.914422289
L299R,0.571752288
L299S,0.333120642
L299T,0.364240949
L299V,0.315375148
L299W,0.32303856
L299Y,0.53876243
P300A,-0.036555568
P300C,0.626348654
P300D,1.079068209
P300E,0.431442239
P300F,0.548792587
P300G,0.768843229
P300H,0.204568295
P300I,0.535429766
P300K,0.981548494
P300L,0.310776278
P300M,0.7343515490000001
P300N,0.620253438
P300Q,0.573185013
P300R,1.023300141
P300S,0.340623646
P300T,0.45414702
P300V,0.535709202
P300W,0.517886328
P300Y,1.108889424
P301A,0.278271473
P301C,-0.034969276
P301D,0.251749998
P301E,0.883902912
P301F,-0.032214015
P301G,0.315179041
P301H,0.586997592
P301I,0.904874485
P301K,1.206870867
P301L,0.58044944
P301M,0.890950833
P301N,1.172120181
P301Q,0.0327204
P301R,0.332657033
P301S,0.162953987
P301T,0.464755788
P301V,0.414711529
P301W,0.317883295
P301Y,0.993308724
G302A,-1.107042228
G302C,-1.688786585
G302D,-1.2203403
G302E,0.052417492
G302F,-1.238466864
G302H,-1.6234895669999998
G302I,-1.130284055
G302K,-1.1281945
G302L,-1.027935269
G302M,-1.176875314
G302N,-0.924173802
G302P,-1.821213148
G302Q,-1.733319775
G302R,-0.049006232
G302S,-1.49925624
G302T,-1.055869956
G302V,-0.334917518
G302W,-0.397218425
G302Y,-1.191949344
S303A,-1.060165812
S303C,-0.7134236270000001
S303D,-0.980137286
S303E,-0.935699963
S303F,-1.393924037
S303G,-0.118383206
S303H,-1.051135339
S303I,-0.20990186
S303K,-1.316564622
S303L,-1.608280862
S303M,-0.63098539
S303N,-0.003477578
S303P,-1.285137258
S303Q,-1.448055795
S303R,-0.339192887
S303T,-0.859987725
S303V,-1.685636753
S303W,-1.169010676
S303Y,-0.7222683320000001
T304A,-0.7142126209999999
T304C,-1.112291464
T304D,-1.2348611390000002
T304E,-1.131856959
T304F,-0.737040246
T304G,-1.20012383
T304H,-1.066064378
T304I,-0.630769509
T304K,-1.421407078
T304L,-1.276653668
T304M,-1.67991978
T304N,-0.247461776
T304P,-0.997263297
T304Q,-1.771344114
T304R,-1.657987095
T304S,-0.6965546509999999
T304V,-1.019508167
T304W,-4.367651217
T304Y,-1.188544975
K305A,-1.526883429
K305C,-1.457411398
K305D,-1.720921807
K305E,-0.627502175
K305F,-1.705261074
K305G,-0.978818352
K305H,-2.535826455
K305I,-2.213825603
K305L,-1.643679432
K305M,-0.825673682
K305N,-0.675449572
K305P,-1.0587741000000002
K305Q,-1.506004385
K305R,-0.644546705
K305S,-1.265829912
K305T,-0.8832933479999999
K305V,-1.699277575
K305W,-1.94524524
K305Y,-1.180623957
R306A,-1.174134099
R306C,-1.696828319
R306D,-1.042859028
R306E,-1.552614867
R306F,-1.179479994
R306G,-1.484569319
R306H,-1.81963351
R306I,-1.584974989
R306K,-2.183477149
R306L,-0.406348081
R306M,-2.040130617
R306N,-2.494175251
R306P,-1.18214063
R306Q,-0.727456427
R306S,-1.521239581
R306T,-2.3394838730000003
R306V,-1.438244123
R306W,-1.139488973
R306Y,-2.00239013
A307C,-1.969647995
A307D,-1.648266361
A307E,-0.310356045
A307F,-1.330627779
A307G,-0.7120053540000001
A307H,-1.155590546
A307I,-1.835100135
A307K,-1.94473134
A307L,-1.025236798
A307M,-1.732285763
A307N,-1.353086926
A307P,-1.188243619
A307Q,-1.3906398519999998
A307R,-0.935624836
A307S,-0.449832376
A307T,-0.178475313
A307V,-0.196200178
A307W,-1.016410136
A307Y,-0.658505232
L308A,-1.632949799
L308C,-1.061950913
L308D,-1.978742347
L308E,-2.345737509
L308F,-1.720661615
L308G,-1.669356571
L308H,-1.921882709
L308I,-1.400158515
L308K,-0.345672351
L308M,-0.348937075
L308N,-1.531655217
L308P,-0.299011777
L308Q,-0.590700137
L308R,-0.6878906509999999
L308S,-1.211152088
L308T,-1.209049663
L308V,-0.7160139190000001
L308W,-1.479932342
L308Y,-1.222683865
P309A,-0.8063149340000001
P309C,-1.077258205
P309D,-1.6019679480000002
P309E,-2.009887442
P309F,-1.54112571
P309G,-1.282655316
P309H,-0.1667676
P309I,-1.7948520980000002
P309K,-1.885547542
P309L,-0.615041611
P309M,-2.352645296
P309N,-0.068654985
P309Q,-1.456249504
P309R,-1.688614859
P309S,-0.367266308
P309T,-0.323810275
P309V,-1.227003241
P309W,-1.0884501009999998
P309Y,-1.172211985
N310A,0.112905114
N310C,-1.074954149
N310D,-0.489606849
N310E,-0.93006096
N310F,-1.389066161
N310G,-0.644491124
N310H,-0.637130422
N310I,-0.299673809
N310K,-0.314710518
N310L,-2.026000218
N310M,-0.80704538
N310P,-0.585798979
N310Q,-1.04732888
N310R,-1.099140447
N310S,-0.463663332
N310T,-0.922093357
N310V,-1.303084932
N310W,-1.4177655809999998
N310Y,-0.80640464
N311A,-2.13485674
N311C,-1.4364802369999998
N311D,-0.515340548
N311E,-2.48044969
N311F,-0.542827753
N311G,-0.970504829
N311H,-1.100944763
N311I,-0.837049873
N311K,-0.304110271
N311L,-1.574063672
N311M,-1.184693224
N311P,-1.200838356
N311Q,-1.059609118
N311R,-1.551156709
N311S,0.050777496
N311T,-0.919753356
N311V,-0.248335205
N311W,-1.349833557
N311Y,-0.459709678
T312A,-0.205266355
T312C,-1.6888503869999998
T312D,-1.633182094
T312E,-1.442908918
T312F,-1.974546847
T312G,-2.102251719
T312H,-1.244850965
T312I,-0.123888012
T312K,-1.309097565
T312L,-0.859942277
T312M,-1.405413026
T312N,-0.3420280470000001
T312P,-1.040926455
T312Q,-1.268429365
T312R,-1.92731403
T312S,-0.655472787
T312V,-1.4623140680000002
T312W,-1.02620937
T312Y,-1.6684283290000002
S313A,-0.996503508
S313C,-1.014964262
S313D,-1.109681614
S313E,-1.995387183
S313F,-1.3664465469999998
S313G,-0.464757148
S313H,-0.745419445
S313I,-0.160835063
S313K,-1.797873623
S313L,-0.923240861
S313M,-1.979104701
S313N,-0.352807209
S313P,-0.779771193
S313Q,-1.178434518
S313R,-0.26405752
S313T,-0.633085192
S313V,-0.666675195
S313W,-1.832553998
S313Y,-1.697144686
S314A,-0.152079969
S314C,-1.410337384
S314D,-0.749102286
S314E,-1.605600436
S314F,-0.251037086
S314G,-2.332945461
S314H,-1.009812803
S314I,-0.214002505
S314K,-0.926103675
S314L,-1.149100374
S314M,-0.51269124
S314N,-0.739728993
S314P,-0.426503489
S314Q,-1.625643145
S314R,-2.52840409
S314T,-0.536140602
S314V,-0.468453579
S314W,-1.807726515
S314Y,-0.457371304
S315A,-0.834426989
S315C,-0.534421945
S315D,-0.6171261029999999
S315E,-1.813762823
S315F,-0.524713208
S315G,-0.832886224
S315H,-0.610188477
S315I,-1.409077225
S315K,-2.643429989
S315L,-0.86584479
S315M,0.3853924
S315N,-2.223297386
S315P,-0.460204912
S315Q,-1.786936914
S315R,-1.073120692
S315T,-0.100110318
S315V,-1.470583757
S315W,-1.913406326
S315Y,-0.270602529
P316A,-0.5025797329999999
P316C,-0.978712677
P316D,-1.145191391
P316E,-0.540732193
P316F,-1.75489798
P316G,-0.827600085
P316H,-0.299419395
P316I,-0.6117113820000001
P316K,-1.348777425
P316L,-0.795175783
P316M,-1.372684168
P316N,-1.2308384
P316Q,-0.726886191
P316R,-1.012331994
P316S,-0.608444799
P316T,-0.465915909
P316V,-1.039125215
P316W,-0.987162468
P316Y,-1.504785602
Q317A,-0.8261527590000001
Q317C,-1.061082392
Q317D,-1.5252360530000002
Q317E,-0.602346455
Q317F,-1.150515264
Q317G,-1.856350528
Q317H,-0.30192402
Q317I,-1.495805611
Q317K,-0.212239232
Q317L,-0.063882221
Q317M,-1.14293071
Q317N,-1.831253655
Q317P,-0.6323049510000001
Q317R,-0.171746619
Q317S,-0.6908377720000001
Q317T,-0.7842118929999999
Q317V,-1.077676217
Q317W,-0.97451661
Q317Y,-1.339500833
P318A,-0.8972116609999999
P318C,-1.646958827
P318D,-1.186744993
P318E,-1.362763061
P318F,-1.106304392
P318G,-0.6465750229999999
P318H,-1.894689836
P318I,-0.463536241
P318K,-1.5068507130000002
P318L,-0.384478016
P318M,-0.7845813640000001
P318N,-1.047412843
P318Q,-0.647556502
P318R,-0.40608663
P318S,-0.341916228
P318T,-0.379825489
P318V,-1.244888803
P318W,-1.269911801
P318Y,-1.286002579
K319A,-1.461684081
K319C,-1.406327413
K319D,-1.155063005
K319E,-0.498449462
K319F,-1.253751925
K319G,-1.16135238
K319H,-1.700794145
K319I,-1.081748823
K319L,-1.232944999
K319M,-0.716218095
K319N,-0.103939648
K319P,-1.257712151
K319Q,-1.53759464
K319R,-0.8443721559999999
K319S,-1.600274416
K319T,-0.618749015
K319V,-1.206131683
K319W,-1.446355614
K319Y,-1.214118085
K320A,-1.596175846
K320C,-1.4186695269999998
K320D,-2.245460303
K320E,-0.648008603
K320F,-1.795655055
K320G,-1.745651165
K320H,-1.3855721559999998
K320I,-1.834554054
K320L,-0.542301896
K320M,-0.722966643
K320N,-0.248938249
K320P,-1.774192735
K320Q,-1.1491714
K320R,-0.423739246
K320S,-1.823353986
K320T,-0.989109792
K320V,-1.38810874
K320W,-2.040913314
K320Y,-2.108755679
K321A,-1.120236719
K321C,-0.89848427
K321D,-2.073572976
K321E,-0.94914481
K321F,-1.485638406
K321G,-1.599483206
K321H,-1.359411256
K321I,-0.794320983
K321L,-1.355773175
K321M,-0.756496556
K321N,-0.611093279
K321P,-1.360506535
K321Q,-1.6437191269999998
K321R,-0.503475301
K321S,-1.555278545
K321T,-1.3497766480000002
K321V,-1.002965813
K321W,-1.094476792
K321Y,-1.631280354
P322A,-0.838130762
P322C,-1.664341387
P322D,-2.040620001
P322E,-0.825219316
P322F,-1.740666981
P322G,-1.103692265
P322H,-1.2601836990000002
P322I,-1.401402503
P322K,-0.751672007
P322L,-0.373729768
P322M,-1.825936191
P322N,-1.295045075
P322Q,-0.353731373
P322R,-0.8550095759999999
P322S,-0.3914152870000001
P322T,-0.581336518
P322V,-2.43616131
P322W,-1.798473226
P322Y,-1.61075915
L323A,-1.168406797
L323C,-1.5164641559999998
L323D,-1.964773149
L323E,-1.868024805
L323F,-1.142919002
L323G,-1.557023371
L323H,-0.952863939
L323I,-2.341622697
L323K,-1.6092545619999998
L323M,-0.274463762
L323N,-1.6298554159999998
L323P,-0.629097539
L323Q,-0.155071959
L323R,-0.8107737340000001
L323S,-1.77011897
L323T,-1.31362393
L323V,-1.171062953
L323W,-1.542755879
L323Y,-1.330194116
D324A,-0.613447985
D324C,-1.293599904
D324E,-0.169183161
D324F,-1.371520086
D324G,-0.577268107
D324H,-0.345909056
D324I,-1.964406583
D324K,-1.122533951
D324L,-1.217269192
D324M,-1.074485567
D324N,0.031748545
D324P,-0.938501938
D324Q,-1.74854208
D324R,-1.449210888
D324S,-0.836135326
D324T,-1.631908603
D324V,-0.692821887
D324W,-1.826299468
D324Y,-0.128475556
G325A,-0.7575511890000001
G325C,-1.832598809
G325D,-1.467909842
G325E,-0.129865935
G325F,-1.539184349
G325H,-1.858405676
G325I,-2.196338288
G325K,-0.8179628090000001
G325L,-1.060568068
G325M,-1.317437306
G325N,-1.546998985
G325P,-1.019024724
G325Q,-1.800153735
G325R,0.048501485
G325S,-0.7596734270000001
G325T,-1.077917804
G325V,-0.372786445
G325W,-1.120078649
G325Y,-1.912651441
E326A,-1.250302141
E326C,-1.82278378
E326D,-0.818637275
E326F,-0.460710574
E326G,-0.48339372
E326H,-0.8958160279999999
E326I,-1.3859502419999998
E326K,0.1769344789999999
E326L,-1.414411759
E326M,-1.001400518
E326N,-1.303595194
E326P,-0.913814305
E326Q,-0.710635615
E326R,-1.028764243
E326S,-1.411997798
E326T,-0.953231107
E326V,-0.5507623460000001
E326W,-1.005377471
E326Y,-0.986854783
Y327A,-1.5705315619999998
Y327C,-0.53526977
Y327D,-1.3454868759999998
Y327E,-1.845480471
Y327F,-0.686556479
Y327G,-1.465105201
Y327H,-0.838016595
Y327I,-1.27607734
Y327K,-1.995920528
Y327L,-1.448336084
Y327M,-1.458960611
Y327N,-0.365901874
Y327P,-1.289453469
Y327Q,-1.126741384
Y327R,-1.489176108
Y327S,-1.202176305
Y327T,-1.204063449
Y327V,-1.346890111
Y327W,-0.86032471
F328A,-1.802739119
F328C,-1.119352243
F328D,-2.776140035
F328E,-1.5542553119999998
F328G,-1.581550382
F328H,-1.529791035
F328I,-0.955732918
F328K,-1.923575482
F328L,-0.34610889
F328M,-2.133212013
F328N,-1.458555338
F328P,-2.643666036
F328Q,-2.620125573
F328R,-1.746780465
F328S,-1.089801088
F328T,-1.600678779
F328V,-1.370500689
F328W,-1.282472072
F328Y,-0.675132478
T329A,0.226181246
T329C,-1.6919439019999998
T329D,-2.073819099
T329E,-1.57801634
T329F,-1.440905925
T329G,-1.521348884
T329H,-1.368770211
T329I,-0.351257316
T329K,-1.231666809
T329L,-1.3713084080000002
T329M,-1.50017422
T329N,-0.3806141770000001
T329P,-1.335375953
T329Q,-1.39236378
T329R,-0.934140719
T329S,-0.6728098090000001
T329V,-1.850246305
T329W,-1.831923079
T329Y,-1.905483846
L330A,-2.687101642
L330C,-2.095793125
L330D,-0.907187574
L330E,-0.258431549
L330F,-0.956979979
L330G,-1.443099682
L330H,-0.43331397
L330I,-0.215529695
L330K,-1.96523527
L330M,-1.063703026
L330N,-1.468251178
L330P,-0.7061292379999999
L330Q,-2.600199287
L330R,-0.452277386
L330S,-1.53397238
L330T,-0.762228322
L330V,-0.938478712
L330W,-1.975390129
L330Y,-2.735495097
Q331A,-1.936944619
Q331C,-0.97994604
Q331D,-2.15822295
Q331E,-0.63301827
Q331F,-1.6378143040000002
Q331G,-0.938579176
Q331H,-0.028085986
Q331I,-1.026303696
Q331K,-0.061339868
Q331L,-0.5199019229999999
Q331M,-1.659531087
Q331N,-1.997506542
Q331P,-0.63544153
Q331R,-0.441871158
Q331S,-1.26598952
Q331T,-0.962545906
Q331V,-1.453696452
Q331W,-1.510956589
Q331Y,-0.5832988929999999
I332A,-1.608484044
I332C,-1.4858745080000002
I332D,-1.388360176
I332E,-1.683691042
I332F,-1.639368353
I332G,-1.8186507
I332H,-1.68741987
I332K,-2.160462211
I332L,-1.418502365
I332M,-1.36239389
I332N,-1.357185455
I332P,-1.692387102
I332Q,-2.081813328
I332R,-1.747021741
I332S,-1.402570125
I332T,-1.274925973
I332V,-1.0074890159999998
I332W,-2.065053441
I332Y,-1.7885801330000002
R333A,-2.073046356
R333C,-1.178600882
R333D,-2.1457472930000003
R333E,-2.344288285
R333F,-1.678636576
R333G,-1.912992855
R333H,-0.533408644
R333I,-1.150502865
R333K,-0.607559252
R333L,-0.846294123
R333M,-1.083632014
R333N,-2.168178976
R333P,-1.919722336
R333Q,-1.383003921
R333S,-0.535523588
R333T,-1.625607575
R333V,-1.200349483
R333W,-1.001572967
R333Y,-1.084463756
G334A,-1.811832652
G334C,-1.542095831
G334D,-2.105393524
G334E,-1.478112885
G334F,-1.509916355
G334H,-2.0918584680000003
G334I,-1.170264831
G334K,-1.241262902
G334L,-1.365101279
G334M,-1.777391995
G334N,-1.279917705
G334P,-1.961447145
G334Q,-2.184593406
G334R,-0.878950401
G334S,-1.5305230769999998
G334T,-0.85853894
G334V,-0.64071244
G334W,-0.84073896
G334Y,-1.846202396
R335A,-1.253258643
R335C,-0.835130045
R335D,-2.651784879
R335E,-1.915919439
R335F,-1.177796594
R335G,-1.355531221
R335H,-0.834247702
R335I,-2.320487271
R335K,-0.525695691
R335L,-0.8042055770000001
R335M,-1.3487144269999998
R335N,-1.917177812
R335P,-1.318519741
R335Q,-1.417187047
R335S,-0.887264843
R335T,-2.176081796
R335V,-1.316593993
R335W,-1.082032846
R335Y,-1.65510189
E336A,-0.833666859
E336C,-1.379407749
E336D,-0.751004909
E336F,-1.73318456
E336G,-0.740577907
E336H,-0.907197028
E336I,-1.41701116
E336K,0.056981332
E336L,-1.218693725
E336M,-1.223163679
E336N,-1.00208709
E336P,-1.568713644
E336Q,-0.790366172
E336R,-1.006983621
E336S,-1.406364926
E336T,-0.934289664
E336V,-0.787792167
E336W,-1.192423386
E336Y,-1.704180817
R337A,-1.686317522
R337C,-0.984937807
R337D,-1.754275286
R337E,-1.928250318
R337F,-1.78336116
R337G,-1.369128832
R337H,-0.964707535
R337I,-1.367674896
R337K,-1.533180516
R337L,-0.69779776
R337M,-1.74952141
R337N,-2.000569031
R337P,-1.132865377
R337Q,-1.938476908
R337S,-1.05803701
R337T,-1.645929765
R337V,-2.081086702
R337W,-2.179399462
R337Y,-1.771774836
F338A,-1.7811559259999998
F338C,-1.996178242
F338D,-2.126695155
F338E,-1.995022162
F338G,-2.47711323
F338H,-2.661903831
F338I,-1.443127184
F338K,-1.950238919
F338L,-0.996691971
F338M,-2.024371922
F338N,-2.004105736
F338P,-2.05658573
F338Q,-2.969175872
F338R,-1.975882258
F338S,-0.789586186
F338T,-2.151109915
F338V,-1.933016093
F338W,-0.795044768
F338Y,-0.699760959
E339A,-1.005968274
E339C,-1.235006438
E339D,-0.386411213
E339F,-1.813566742
E339G,-0.691447987
E339H,-1.505787452
E339I,-0.83546617
E339K,0.006191298
E339L,-1.510202045
E339M,-0.973918557
E339N,-0.947511422
E339P,-1.99627669
E339Q,-1.290750998
E339R,-0.983390506
E339S,-0.641089524
E339T,-1.105734323
E339V,-0.94879382
E339W,-1.466562248
E339Y,-1.230722529
M340A,-0.885350778
M340C,-1.193585601
M340D,-1.982737076
M340E,-2.020336419
M340F,-0.710459738
M340G,-1.202779084
M340H,-1.674890429
M340I,-0.442582103
M340K,-0.134913466
M340L,-0.965563976
M340N,-1.534410214
M340P,-1.6602195219999998
M340Q,-1.518628795
M340R,-1.099685206
M340S,-1.785354734
M340T,-0.572577711
M340V,-0.837548187
M340W,-1.071877135
M340Y,-1.068662701
F341A,-1.737089931
F341C,-1.049139032
F341D,-1.515381049
F341E,-1.423894732
F341G,-1.8131138
F341H,-2.097024107
F341I,-1.012022613
F341K,-1.732599904
F341L,-0.337807874
F341M,-0.791952873
F341N,-1.990834098
F341P,-1.56202258
F341Q,-2.11894799
F341R,-2.003840538
F341S,-0.956131473
F341T,-1.721426144
F341V,-1.3861148580000002
F341W,-1.659776929
F341Y,-1.493310432
R342A,-1.038629919
R342C,-0.975414697
R342D,-2.308415362
R342E,-1.488131532
R342F,-1.271621992
R342G,-1.322747478
R342H,-1.080071983
R342I,-1.851642995
R342K,-0.513042546
R342L,-0.8317126290000001
R342M,-1.451514418
R342N,-1.90819535
R342P,-1.25854948
R342Q,-0.40650315
R342S,-0.968457162
R342T,-1.27696784
R342V,-1.543130674
R342W,-1.24194318
R342Y,-1.060273503
E343A,-0.571907261
E343C,-0.4921943620000001
E343D,-0.594857624
E343F,-0.823720598
E343G,-0.301695787
E343H,-0.645208905
E343I,-0.909033272
E343K,0.56096556
E343L,-1.113263468
E343M,-1.301708691
E343N,-0.750337369
E343P,-2.277798952
E343Q,-0.670059076
E343R,-0.924800605
E343S,-1.191584436
E343T,-0.897284603
E343V,-0.7084195059999999
E343W,-0.310716128
E343Y,-0.959930658
L344A,-1.414553049
L344C,-1.699032244
L344D,-1.924322718
L344E,-1.952271892
L344F,-0.812921948
L344G,-1.951349331
L344H,-1.952547725
L344I,-0.977581605
L344K,-1.687624637
L344M,-0.11920227
L344N,-1.689728159
L344P,-0.878783867
L344Q,-1.479224831
L344R,-1.341202205
L344S,-1.57730634
L344T,-2.166812452
L344V,-1.321931122
L344W,-0.697389488
L344Y,-1.6197343990000002
N345A,-1.202548257
N345C,-1.424082134
N345D,-1.082360591
N345E,-1.350165281
N345F,-1.7976447290000002
N345G,-1.990831993
N345H,-1.144422567
N345I,-1.202399637
N345K,-0.957333509
N345L,-0.572762525
N345M,-1.032103057
N345P,-1.870221471
N345Q,-1.427577164
N345R,-2.087512285
N345S,-0.940095457
N345T,-1.159686974
N345V,-1.725949933
N345W,-2.056470691
N345Y,-0.920590913
E346A,-0.68282118
E346C,-0.605362902
E346D,-0.696435481
E346F,-1.417297245
E346G,-0.27186398
E346H,-0.5173922089999999
E346I,-0.448769621
E346K,0.295207206
E346L,-1.45616098
E346M,-0.8173129690000001
E346N,-0.1789594169999999
E346P,-2.491933942
E346Q,-0.592561572
E346R,-0.681511028
E346S,-1.491246924
E346T,-1.139774321
E346V,-0.432933429
E346W,-0.755813167
E346Y,-0.806804407
A347C,-1.213340063
A347D,-0.893116134
A347E,-1.009032301
A347F,-0.260799852
A347G,-0.988526868
A347H,-0.8145355059999999
A347I,-0.16513818
A347K,-0.985681418
A347L,-0.343738503
A347M,-0.127852384
A347N,-1.493540403
A347P,-1.20188412
A347Q,-1.308495355
A347R,-0.735412202
A347S,-0.729247807
A347T,-0.662357522
A347V,-0.54535179
A347W,-0.284378148
A347Y,-0.166676154
L348A,-1.900301239
L348C,-1.013126637
L348D,-2.276722474
L348E,-1.903867536
L348F,-0.579970815
L348G,-1.681908385
L348H,-1.7204474580000002
L348I,-1.758610032
L348K,-2.024295849
L348M,-0.074662612
L348N,-1.589990007
L348P,-2.225366228
L348Q,-0.980551338
L348R,-1.733151661
L348S,-0.983689137
L348T,-2.081855295
L348V,-1.139683139
L348W,-1.143194747
L348Y,-1.407566792
E349A,-1.286626696
E349C,-1.2505329790000002
E349D,-0.80786717
E349F,-1.996664138
E349G,-0.776820118
E349H,-2.050122521
E349I,-1.210115563
E349K,-0.406084556
E349L,-1.476451971
E349M,-0.929315439
E349N,-0.8953865320000001
E349P,-2.001321464
E349Q,-1.121035558
E349R,-1.325840693
E349S,-1.39223733
E349T,-1.007589606
E349V,-0.998632103
E349W,-1.527466687
E349Y,-1.776720965
L350A,-0.7473982109999999
L350C,-1.366369348
L350D,-1.41216505
L350E,-1.059903204
L350F,-0.771208329
L350G,-1.180623851
L350H,-1.007459513
L350I,-0.64303841
L350K,-1.09774198
L350M,-0.8790437040000001
L350N,-0.81296332
L350P,-1.134137901
L350Q,-0.847021774
L350R,-1.1497198999999998
L350S,-1.073550146
L350T,-0.996186802
L350V,-1.072868724
L350W,-1.145904426
L350Y,-0.79823596
K351A,-0.630227424
K351C,-0.951385181
K351D,-1.641427247
K351E,-0.858686374
K351F,-1.187436477
K351G,-1.154038315
K351H,-1.424209586
K351I,-0.935585084
K351L,-0.886824032
K351M,-0.552690109
K351N,-0.7390232720000001
K351P,-1.714622967
K351Q,-1.029440377
K351R,-0.731596837
K351S,-1.255801577
K351T,-1.135267969
K351V,-1.14606538
K351W,-1.50815669
K351Y,-1.159556608
D352A,-0.993917775
D352C,-1.332035992
D352E,-0.42574249
D352F,-0.617731451
D352G,-0.7915984290000001
D352H,-0.912953194
D352I,-1.244359631
D352K,-1.088392995
D352L,-1.49250345
D352M,-1.172571015
D352N,-0.340601461
D352P,-1.601786671
D352Q,-0.614566959
D352R,-1.010177112
D352S,-1.262330083
D352T,-1.058846919
D352V,-1.228166452
D352W,-1.4145098130000002
D352Y,-0.5674302
A353C,-1.090415242
A353D,-0.688390037
A353E,-1.23882592
A353F,-0.887600108
A353G,-0.567679102
A353H,-0.789558962
A353I,-1.2581718590000002
A353K,-1.830547052
A353L,-1.622809778
A353M,-1.176594826
A353N,-1.598402365
A353P,-1.008246623
A353Q,-1.260204557
A353R,-0.574085305
A353S,-0.691677799
A353T,-0.570020934
A353V,-0.352064189
A353W,-1.230298753
A353Y,-0.584090019
Q354A,-0.852025303
Q354C,-1.2292563440000002
Q354D,-1.004359545
Q354E,-1.070559712
Q354F,-0.550773976
Q354G,-1.8007847469999998
Q354H,-0.369673429
Q354I,-1.020138066
Q354K,-0.251972851
Q354L,-0.5211129879999999
Q354M,-0.880438905
Q354N,-0.6549105679999999
Q354P,-0.984221612
Q354R,-0.726095662
Q354S,-1.213272451
Q354T,-0.7470875140000001
Q354V,-0.747907467
Q354W,-1.38119478
Q354Y,-1.315247233
A355C,-0.954006145
A355D,-0.7806241429999999
A355E,-1.612962469
A355F,-1.272420294
A355G,-1.13630608
A355H,-1.988847879
A355I,-1.054623268
A355K,-0.855877474
A355L,-1.371684189
A355M,-1.521034194
A355N,-1.148614582
A355P,-0.869660013
A355Q,-1.084940511
A355R,-1.043442381
A355S,-0.416013054
A355T,-0.422623869
A355V,-0.449443208
A355W,-1.117208866
A355Y,-1.827381406
G356A,-0.983608866
G356C,-1.2089605490000002
G356D,-1.513636968
G356E,-0.418338523
G356F,-0.961506475
G356H,-1.135037551
G356I,-1.357980467
G356K,-0.377578992
G356L,-1.124250359
G356M,-0.550223908
G356N,-1.001693185
G356P,-0.8000266490000001
G356Q,-1.123576538
G356R,-0.296033501
G356S,-1.407736
G356T,-0.8537912790000001
G356V,-0.575873303
G356W,-0.984295046
G356Y,-0.808135598
K357A,-1.221458538
K357C,-0.847976903
K357D,-1.523489199
K357E,-0.8253553779999999
K357F,-1.311486178
K357G,-1.758028936
K357H,-1.213496277
K357I,-1.6256863519999998
K357L,-1.286824999
K357M,-0.938599586
K357N,-0.859336509
K357P,-1.54732054
K357Q,-1.04844945
K357R,-0.823881125
K357S,-1.670024327
K357T,-1.026791471
K357V,-0.96097457
K357W,-1.363651975
K357Y,-1.084667275
E358A,-0.7492493370000001
E358C,-0.649683284
E358D,-0.8438253040000001
E358F,-0.88497423
E358G,-0.572292128
E358H,-1.041408613
E358I,-0.964754162
E358K,-0.20487987
E358L,-0.891079232
E358M,-0.565874275
E358N,-0.7205730909999999
E358P,-0.951277996
E358Q,-0.8123237659999999
E358R,-0.633759699
E358S,-1.064646666
E358T,-1.129955594
E358V,-0.721780092
E358W,-0.7923972970000001
E358Y,-1.4560610980000002
P359A,-1.092081266
P359C,-1.464900911
P359D,-1.252429656
P359E,-0.808053771
P359F,-1.161095003
P359G,-1.014588912
P359H,-0.921869817
P359I,-0.815563453
P359K,-0.365352379
P359L,-0.7124187240000001
P359M,-0.857575133
P359N,-1.030395177
P359Q,-0.987923592
P359R,-0.237264864
P359S,-0.124814175
P359T,-0.416840596
P359V,-1.369450242
P359W,-0.959700872
P359Y,-0.590630477
G360A,-1.190319418
G360C,-1.246649293
G360D,-1.035651091
G360E,-0.884793466
G360F,-0.960483188
G360H,-1.4375358319999998
G360I,-1.195682399
G360K,-0.750122629
G360L,-1.0990153740000002
G360M,-1.081260584
G360N,-1.299122856
G360P,-1.347364666
G360Q,-1.531039215
G360R,-0.202209671
G360S,-1.441513567
G360T,-0.954685015
G360V,-0.60826542
G360W,-0.673610936
G360Y,-1.262353711
G361A,-1.4918178480000002
G361C,-1.63281752
G361D,-1.491122303
G361E,-0.529742072
G361F,-1.580561565
G361H,-1.231973564
G361I,-1.171796438
G361K,-0.8628757979999999
G361L,-1.066834731
G361M,-1.021437729
G361N,-1.4678956980000002
G361P,-2.0221016240000003
G361Q,-1.736616018
G361R,-0.405326015
G361S,-1.172811309
G361T,-1.400794509
G361V,-0.570536113
G361W,-0.49524977
G361Y,-0.99911749
S362A,-0.86999896
S362C,-0.263388502
S362D,-0.839408679
S362E,-1.187773232
S362F,-0.760698988
S362G,-0.186114488
S362H,-1.147302283
S362I,-0.550751839
S362K,-0.7557321840000001
S362L,-1.382576189
S362M,-0.90175683
S362N,-0.143845797
S362P,-0.824498588
S362Q,-1.455116255
S362R,-0.533563445
S362T,-0.915119533
S362V,-1.626400199
S362W,-0.449864967
S362Y,-0.885305626
R363A,-1.464038715
R363C,-1.157046751
R363D,-0.974371997
R363E,-1.451931373
R363F,-1.340007211
R363G,-0.8676991540000001
R363H,-1.235129907
R363I,-0.791635933
R363K,-0.260340804
R363L,-0.6410351910000001
R363M,-0.446282532
R363N,-1.4263649719999998
R363P,-1.547671919
R363Q,-1.194889973
R363S,-0.363338457
R363T,-1.282477429
R363V,-0.925837755
R363W,-0.7675649590000001
R363Y,-0.760484132
A364C,-2.078836714
A364D,-0.339199311
A364E,-0.329268248
A364F,-0.673635427
A364G,-1.085536315
A364H,-0.851460469
A364I,-1.007453125
A364K,-0.988617842
A364L,-1.066980605
A364M,-0.686603815
A364N,-0.574789922
A364P,-0.902858197
A364Q,-0.429108662
A364R,-1.111320928
A364S,-0.354340267
A364T,-0.176060191
A364V,-0.559137787
A364W,-0.20043737
A364Y,-0.749237403
H365A,-1.6903133
H365C,-0.946792847
H365D,-0.933930381
H365E,-0.951052627
H365F,-0.784615465
H365G,-1.089537672
H365I,-0.54005039
H365K,0.141228933
H365L,-0.887838976
H365M,-1.577961547
H365N,-0.21976374
H365P,-1.010693064
H365Q,-0.248576878
H365R,-0.156484991
H365S,-1.20795829
H365T,-1.233932343
H365V,-0.8266473129999999
H365W,-1.123015178
H365Y,-0.365854514
S366A,-1.00446978
S366C,-1.690129651
S366D,-1.3609765740000002
S366E,-0.853309095
S366F,-0.1552908999999999
S366G,-0.586194079
S366H,-1.110404176
S366I,-0.63041352
S366K,-1.151286772
S366L,-1.320216067
S366M,-1.064694431
S366N,-1.364151168
S366P,-0.547609814
S366Q,-0.42992268
S366R,-0.663868464
S366T,-0.843833245
S366V,-0.388315182
S366W,-1.4195034519999998
S366Y,-0.118999956
S367A,-1.243096844
S367C,-0.606376179
S367D,-0.8732060970000001
S367E,-0.544072501
S367F,-0.609848629
S367G,-0.011920392
S367H,-0.927278698
S367I,-0.391906247
S367K,-0.110277086
S367L,-1.3383927409999998
S367M,-0.956720323
S367N,-0.0194726
S367P,-1.583595542
S367Q,-0.747214754
S367R,-0.10161967
S367T,-1.000107823
S367V,-0.603372628
S367W,-1.085591607
S367Y,-0.742621685
H368A,-1.371789722
H368C,-0.426568765
H368D,-0.775671532
H368E,-1.075463508
H368F,-0.89026526
H368G,-0.617630434
H368I,-1.425207736
H368K,-0.325252465
H368L,-0.649759616
H368M,-1.232554471
H368N,-0.603796286
H368P,-1.062815704
H368Q,-0.228718002
H368R,-0.598710528
H368S,-0.899902833
H368T,-0.8837068840000001
H368V,-0.6550097420000001
H368W,-1.174425407
H368Y,-0.597580524
L369A,-1.100961298
L369C,-0.940434082
L369D,-0.825283752
L369E,-0.626394793
L369F,-1.062139347
L369G,-1.240202302
L369H,-0.819530086
L369I,-1.3343124990000002
L369K,-0.6801015559999999
L369M,-0.327869929
L369N,-1.0203858890000002
L369P,-0.012862285
L369Q,-0.46260447
L369R,-0.340956489
L369S,-1.556997136
L369T,-0.749679432
L369V,-0.316838849
L369W,-1.533749232
L369Y,-1.995032174
K370A,-1.587231471
K370C,-1.085974517
K370D,-1.417930286
K370E,-0.229122515
K370F,-1.099995545
K370G,-1.25753798
K370H,-1.370923069
K370I,-1.482859055
K370L,-0.902110198
K370M,-0.646356548
K370N,-0.114931992
K370P,-1.783910364
K370Q,-0.6837507159999999
K370R,-0.301903181
K370S,-1.399680345
K370T,-0.332054934
K370V,-1.187251374
K370W,-0.7050990229999999
K370Y,-1.537383538
S371A,-0.7124376259999999
S371C,-0.606117999
S371D,-0.768508037
S371E,-1.157512388
S371F,-0.428878379
S371G,-1.735131515
S371H,-1.2137473909999998
S371I,-0.724656211
S371K,-0.343722811
S371L,-1.497926198
S371M,-0.740237877
S371N,-1.671342633
S371P,-0.457596648
S371Q,-0.673229757
S371R,-0.5173082139999999
S371T,-0.158812569
S371V,-0.339439385
S371W,-1.400084229
S371Y,-0.184597544
K372A,-1.111117904
K372C,-1.189995455
K372D,-2.106929956
K372E,-0.58475716
K372F,-1.388273125
K372G,-1.098053265
K372H,-1.894705731
K372I,-0.816377303
K372L,-1.627464023
K372M,-1.7045564869999998
K372N,-0.769791005
K372P,-1.717296282
K372Q,-0.53618752
K372R,-0.366919675
K372S,-1.872103364
K372T,-0.50880616
K372V,-1.407696239
K372W,-0.8150798920000001
K372Y,-1.147077364
K373A,-1.00772943
K373C,-1.09487275
K373D,-1.4179377130000002
K373E,-0.400535693
K373F,-0.877678757
K373G,-1.009292068
K373H,-1.364577072
K373I,-1.267660682
K373L,-0.907397673
K373M,-0.767463455
K373N,-0.420682147
K373P,-1.540624966
K373Q,-0.8950236709999999
K373R,-0.019986186
K373S,-1.100128461
K373T,-1.041444136
K373V,-1.243044062
K373W,-1.26033916
K373Y,-1.7345407469999998
G374A,-0.46796883
G374C,-0.314469712
G374D,-0.239131808
G374E,-2.0616988430000003
G374F,-1.252775012
G374H,-0.749600925
G374I,-0.8693387220000001
G374K,-0.854656903
G374L,-1.055446455
G374M,-1.230232291
G374N,-1.2309815590000002
G374P,-1.424535485
G374Q,-0.6389435489999999
G374R,-0.550859428
G374S,-0.022149087
G374T,-0.7472888540000001
G374V,-0.305889063
G374W,-0.319434714
G374Y,-0.419639925
Q375A,-1.036684538
Q375C,-1.096448952
Q375D,-0.507677384
Q375E,-0.908113568
Q375F,-1.075675818
Q375G,-0.823779459
Q375H,-0.152420223
Q375I,-0.7448234090000001
Q375K,-0.012670843
Q375L,-0.7130724690000001
Q375M,-1.641472648
Q375N,-0.737005957
Q375P,-1.161906421
Q375R,0.214329151
Q375S,-0.534895138
Q375T,-1.250446992
Q375V,-0.883446483
Q375W,-0.620103969
Q375Y,-1.22215767
S376A,-0.657021082
S376C,-0.581726174
S376D,-1.4204890369999998
S376E,-1.592057937
S376F,-0.320449195
S376G,-1.166449366
S376H,-1.027104002
S376I,-0.505744721
S376K,-1.418374006
S376L,-0.55550078
S376M,-1.539016374
S376N,-0.548474326
S376P,-0.13389802
S376Q,-0.892312476
S376R,-1.325882828
S376T,-0.526619147
S376V,-0.703791252
S376W,-0.649935834
S376Y,-0.050226572
T377A,-0.251366264
T377C,-1.858142583
T377D,-0.905746232
T377E,-1.287616148
T377F,-0.555168943
T377G,-0.622721107
T377H,-0.584964598
T377I,-0.402528401
T377K,-0.988016053
T377L,-0.932764794
T377M,-1.109754263
T377N,-0.062936874
T377P,-0.646054769
T377Q,-2.844476117
T377R,-0.6746191140000001
T377S,-0.731425296
T377V,-0.7260911790000001
T377W,-0.927280339
T377Y,-0.81262904
S378A,-0.296759055
S378C,-1.131158533
S378D,-0.859670888
S378E,-0.8005527590000001
S378F,0.10195633
S378G,-0.777205287
S378H,-1.119735272
S378I,-0.481480708
S378K,-0.823532192
S378L,-1.188456927
S378M,-0.774013277
S378N,-1.581085212
S378P,-0.200596572
S378Q,-1.302855664
S378R,-0.167762515
S378T,-0.433789608
S378V,-1.009084666
S378W,-1.10829218
S378Y,-0.244013515
R379A,-0.8766339390000001
R379C,-0.50472373
R379D,-0.775653391
R379E,-1.505780577
R379F,-0.870783938
R379G,-0.903339038
R379H,0.043040115
R379I,-1.592999039
R379K,-0.6015526760000001
R379L,-0.317542112
R379M,-2.525080281
R379N,-1.301878316
R379P,-0.781663647
R379Q,-0.6981261440000001
R379S,-0.143641773
R379T,-2.309106754
R379V,-0.958193706
R379W,-1.6595720630000002
R379Y,-1.368912802
H380A,-0.702249455
H380C,-1.390684734
H380D,-1.07246196
H380E,-1.337495152
H380F,-0.7241868640000001
H380G,-0.171827038
H380I,-0.553729614
H380K,0.207213683
H380L,-0.477177578
H380M,-1.034113595
H380N,-0.121331518
H380P,-0.72168754
H380Q,-0.3698246220000001
H380R,-0.042936942
H380S,-0.918208706
H380T,-1.725109072
H380V,-1.145942271
H380W,-0.495130707
H380Y,-0.162838893
K381A,-1.170758072
K381C,-1.368297413
K381D,-1.327101502
K381E,-0.734534983
K381F,-1.595090981
K381G,-1.351296407
K381H,-0.497596729
K381I,-0.576474986
K381L,-1.782247758
K381M,0.151947029
K381N,-0.8799864479999999
K381P,-1.3511767419999998
K381Q,-0.216164554
K381R,-0.273969117
K381S,-1.6565654230000002
K381T,-0.297503673
K381V,-1.666684319
K381W,-1.638792561
K381Y,-1.389975121
K382A,-0.450716836
K382C,-1.225719901
K382D,-1.980640469
K382E,-0.5486317629999999
K382F,-0.901600737
K382G,-0.837541471
K382H,-1.240336487
K382I,-0.345930853
K382L,-0.602968622
K382M,-1.096618516
K382N,-0.728468745
K382P,-1.104728681
K382Q,-1.01206163
K382R,-0.498059344
K382S,-0.787565614
K382T,-1.036248607
K382V,-1.799363873
K382W,-1.761295914
K382Y,-1.441016704
L383A,-0.6312748970000001
L383C,-1.753590287
L383D,-1.162880739
L383E,-1.065658391
L383F,-0.517194529
L383G,-1.137706931
L383H,-0.539342989
L383I,0.019528964
L383K,-0.836627738
L383M,-0.851982936
L383N,-1.568003436
L383P,0.218005908
L383Q,-1.357086567
L383R,-0.62709102
L383S,-0.474397394
L383T,-0.158866713
L383V,-0.944318751
L383W,-0.7136595440000001
L383Y,-0.972316894
M384A,-1.59944781
M384C,-0.850709136
M384D,-0.834836844
M384E,-1.674309153
M384F,-1.580016221
M384G,-0.988106971
M384H,-0.646058893
M384I,-0.139019991
M384K,0.034757671
M384L,-0.51701068
M384N,-1.7008706569999998
M384P,-1.49287553
M384Q,-0.96099922
M384R,-0.85522685
M384S,-0.561506201
M384T,-0.116590319
M384V,-0.148772834
M384W,-1.296943553
M384Y,-0.760091049
F385A,-1.155485777
F385C,-1.42211644
F385D,-1.240568651
F385E,-1.941904427
F385G,-0.39269692
F385H,-0.552093542
F385I,-0.146325073
F385K,-1.958815775
F385L,0.075002203
F385M,-0.369741224
F385N,-0.957220949
F385P,-1.051566943
F385Q,-1.4740645369999998
F385R,-0.731310805
F385S,-0.453630504
F385T,-1.4615089490000002
F385V,-0.760963995
F385W,-1.066925845
F385Y,-0.455073554
K386A,-1.063264303
K386C,-0.90475168
K386D,-1.454239195
K386E,-0.493940483
K386F,-1.304840985
K386G,-1.912027331
K386H,-1.327233238
K386I,-1.565087781
K386L,-0.49299509
K386M,-1.078699488
K386N,-0.379582845
K386P,-1.55892788
K386Q,-0.850544902
K386R,-0.482078974
K386S,-1.189330112
K386T,-0.937376726
K386V,-2.0795059680000003
K386W,-1.156116731
K386Y,-1.41070948
T387A,-0.7063139390000001
T387C,-1.247009657
T387D,-0.950331331
T387E,-1.690242195
T387F,-0.968916549
T387G,-1.787320415
T387H,-1.343304999
T387I,-0.496549593
T387K,-0.016425872
T387L,-0.897960547
T387M,-0.8979639340000001
T387N,-1.142893515
T387P,-1.119866359
T387Q,-0.864574645
T387R,-0.7681141309999999
T387S,-0.482301775
T387V,-0.588462565
T387W,-1.126834887
T387Y,-1.041876425
E388A,-0.247964607
E388C,-0.520010603
E388D,-0.5734467639999999
E388F,-0.799569503
E388G,0.192843236
E388H,-1.022875801
E388I,-0.670308121
E388K,0.044449447
E388L,-0.6969258709999999
E388M,-1.250625891
E388N,-0.515123058
E388P,-0.557163536
E388Q,-0.311428247
E388R,-1.024302691
E388S,-1.283948766
E388T,-0.8490660809999999
E388V,-0.642261538
E388W,-1.523864749
E388Y,-0.343297742
G389A,-0.848207747
G389C,-0.508145341
G389D,-1.082588353
G389E,-0.307999081
G389F,-1.270133287
G389H,-1.6680156380000002
G389I,-0.7768032559999999
G389K,-1.124723099
G389L,-1.354904128
G389M,-2.06997039
G389N,-0.502003899
G389P,-1.255081847
G389Q,-1.716092467
G389R,0.041158147
G389S,-0.6439384260000001
G389T,-1.3681565219999998
G389V,-0.244723172
G389W,-0.241007694
G389Y,-1.272224355
P390A,-0.268568238
P390C,-1.444842317
P390D,-1.632043717
P390E,-0.957616961
P390F,-1.768108613
P390G,-1.738731718
P390H,-0.092218216
P390I,-1.68255513
P390K,-0.993247326
P390L,-0.623421856
P390M,-0.823577718
P390N,-0.490272232
P390Q,-0.898925058
P390R,-1.3496682969999998
P390S,-0.649697776
P390T,-0.141112934
P390V,-1.4681363280000002
P390W,-0.962730496
P390Y,-1.059906521
D391A,-0.4963709220000001
D391C,-0.577611081
D391E,-0.3781018270000001
D391F,-0.185132654
D391G,-0.214898103
D391H,-0.548857194
D391I,-0.696428805
D391K,-0.259417004
D391L,-0.58844484
D391M,-0.631719512
D391N,0.216205937
D391P,-0.073810779
D391Q,-0.00940916
D391R,-0.626214986
D391S,-0.822392088
D391T,-0.5049048629999999
D391V,-0.7732829859999999
D391W,-0.776271945
D391Y,-0.104296604
S392A,0.134706451
S392C,0.5023622520000001
S392D,0.038861539
S392E,-0.218099263
S392F,0.307787317
S392G,-0.45839953
S392H,-1.296807918
S392I,-0.945158511
S392K,-1.466564685
S392L,-0.007977469
S392M,-0.133193515
S392N,-0.939808686
S392P,0.018940252
S392Q,-0.400555191
S392R,-0.5169946120000001
S392T,-0.049316984
S392V,-0.734169379
S392W,-0.78006713
S392Y,-0.827786425
D393A,-0.209363961
D393C,-2.277929051
D393E,0.049499699
D393F,-0.231192887
D393G,0.322331328
D393H,0.121743427
D393I,-0.159455288
D393K,0.342857091
D393L,-1.049233827
D393M,-0.247950333
D393N,0.566411618
D393P,-2.048341656
D393Q,-0.65416671
D393R,-0.6735078659999999
D393S,-0.873462892
D393T,-0.493802045
D393V,-0.469176259
D393W,-0.888961353
D393Y,0.0877946219999999
