hgvs_pro,score,standard_error,rep1_score,rep3_score
p.Lys46Pro,0.0183579966928637,0.0406863287664683,-0.0223283320736047,0.0590443254593321
p.Asn126Ala,0.995329784084665,0.0745616783598659,1.06989146244453,0.920768105724798
p.Gln449Ter,-0.0533291668914776,0.0411176207015853,-0.094446787593063,-0.0122115461898923
p.Leu362Trp,-0.0034683463418473,0.0812346409814669,-0.0847029873233144,0.0777662946396196
p.Phe250Arg,0.500807541669825,0.087882177229008,0.588689718898833,0.412925364440817
p.Lys95Cys,1.10480725406752,0.197714558249127,1.30252181231665,0.907092695818395
p.Met267Ser,0.95610818719197,0.0801653837949509,1.03627357098692,0.875942803397018
p.Phe138Thr,0.115687209255114,0.0454930291925718,0.0701941800625424,0.161180238447686
p.Phe445Pro,0.0069343512811219,0.0372436318954379,-0.030309280614316,0.0441779831765599
p.Asn64Val,0.4609484273695,0.0300731750762975,0.430875252293203,0.491021602445798
p.Ile80Thr,0.472530716708078,0.0461399315114754,0.426390785196602,0.518670648219553
p.Glu239Val,1.02120482752217,0.0254914975749214,1.04669632509709,0.995713329947247
p.Gly174Asn,0.759726889101084,0.057738618256523,0.701988270844561,0.817465507357607
p.Pro223Ala,1.14934512342077,0.01198981152824,1.13735531189253,1.16133493494901
p.Ala492His,1.04728354764578,0.0059364153184999,1.04134713232728,1.05321996296428
p.Leu130Gln,1.11904474531344,0.079651824383735,1.19869656969718,1.03939292092971
p.Lys360Ile,0.899526722475288,0.0984812808185425,0.998008003293831,0.801045441656746
p.Phe354Val,0.404511843439999,0.0209370293673535,0.383574814072645,0.425448872807352
p.Ser188His,0.980730663089996,0.00260698382369,0.978123679266306,0.983337646913686
p.Glu297Lys,0.792080594317556,0.159859463966926,0.63222113035063,0.951940058284482
p.Lys46Ile,0.844626389248386,0.0255966642938149,0.870223053542201,0.819029724954571
p.Lys47Glu,1.00387056182625,0.020154113455855,1.02402467528211,0.9837164483704
p.Phe56Arg,0.150417149336816,0.0354058502129735,0.115011299123842,0.185822999549789
p.Ser332Glu,0.610503292269872,0.151710439443952,0.762213731713824,0.458792852825919
p.Val352Leu,0.0489202703996648,0.0597235507861629,-0.010803280386498,0.108643821185828
p.Gln471Phe,0.948764083414143,0.0479286097417704,0.900835473672372,0.996692693155913
p.Ser84Trp,0.548823912462012,0.0423464886849544,0.506477423777057,0.591170401146966
p.Lys95Ala,1.25166134954496,0.030016763692125,1.28167811323709,1.22164458585284
p.Glu347Asp,1.14972675770791,0.05032946048124,1.20005621818915,1.09939729722667
p.Met267Asp,0.583194831368504,0.0078200054575929,0.591014836826097,0.575374825910911
p.Ser281Ter,0.37297139560679,0.260561462606995,0.633532858213785,0.112409932999795
p.Arg439Met,1.08632210088701,0.028412263926945,1.11473436481395,1.05790983696006
p.Phe221Lys,0.137011332289241,0.119282443969726,0.256293776258967,0.0177288883195159
p.Tyr197Ile,0.132809286720849,0.0595672579336458,0.192376544654495,0.0732420287872034
p.Tyr503Val,1.16892985342186,0.0482095035366499,1.21713935695851,1.12072034988521
p.Gly485Pro,0.0296014581183725,0.0807717402524816,-0.0511702821341093,0.110373198370854
p.Phe250Thr,0.819662880786612,0.113233040324459,0.932895921111071,0.706429840462152
p.Met207Tyr,1.21503190100638,0.0287547950375099,1.24378669604389,1.18627710596887
p.Arg219Leu,0.914986507123255,0.0875464947304649,1.00253300185372,0.82744001239279
p.Thr327His,1.08447634040282,0.0289659867099,1.11344232711272,1.05551035369292
p.Glu368Ter,0.012608714059591,0.0418709226907457,0.0544796367503368,-0.0292622086311548
p.Ile167Thr,0.494724030578127,0.138249840360342,0.632973870938469,0.356474190217785
p.Arg357Ile,1.07723082970593,0.034766475300385,1.11199730500632,1.04246435440555
p.Ala492Cys,1.07010312230969,0.03430789361162,1.10441101592131,1.03579522869807
p.Gly110Pro,0.0290222114089765,0.0567099052361404,-0.027687693827164,0.0857321166451169
p.Val298Trp,0.642936347251184,0.0699130285941049,0.712849375845289,0.573023318657079
p.Leu140Gln,0.051808973970085,0.0641245151330031,-0.0123155411629183,0.115933489103088
p.Leu469Val,1.05467301505788,0.127453678041812,1.18212669309969,0.927219337016067
p.Arg285Met,0.582068075354012,0.069551561109387,0.651619636463399,0.512516514244625
p.Asp283Gln,0.911510854630933,0.109019046930937,0.802491807699996,1.02052990156187
p.Asp176Met,0.641357501198744,0.129519211588921,0.770876712787665,0.511838289609822
p.Ile441Asn,0.0736324371158487,0.0300357016556575,0.103668138771506,0.043596735460191
p.Gln119Arg,1.08769688557473,0.118422178190321,1.20611906376505,0.969274707384408
p.Gly306Cys,0.571642647976867,0.390983050196021,0.962625698172888,0.180659597780846
p.Asn135Val,0.343774945359015,0.0133917403088189,0.330383205050196,0.357166685667834
p.Asn280Ser,1.08725436722867,0.0683516162276399,1.01890275100103,1.15560598345631
p.Gln178Pro,0.942248904379393,0.074545851806328,0.867703052573064,1.01679475618572
p.Ala44Val,0.733749705932072,0.141435041512473,0.875184747444545,0.592314664419599
p.Gly447Ser,0.824357698238071,0.0204704565328874,0.844828154770959,0.803887241705184
p.Lys152Ter,0.416110266635108,0.320585988070573,0.736696254705681,0.0955242785645344
p.His382Pro,1.06930961616739,0.036339276211105,1.1056488923785,1.03297033995629
p.Leu265Val,1.03025991333482,0.125876009263561,1.15613592259838,0.904383904071258
p.His451Arg,1.00739999618463,0.103846320640069,1.1112463168247,0.903553675544561
p.Glu417=,1.04416535128152,0.073114053180455,0.97105129810106,1.11727940446197
p.Arg365Leu,0.927452486173076,0.0280764301906055,0.89937605598247,0.955528916363681
p.Met411Ser,1.14518066400473,0.071066257795075,1.21624692179981,1.07411440620966
p.Asp114Met,0.885292343575237,0.0423628857640954,0.927655229339333,0.842929457811142
p.Ile472Arg,0.650951019572649,0.001469012992105,0.652420032564754,0.649482006580544
p.His32Gln,0.923535918232168,0.123226134987402,1.04676205321957,0.800309783244767
p.Pro489Met,0.596518353077593,0.069454618026062,0.665972971103655,0.527063735051531
p.Ala335=,1.06600637348049,0.0442288139315899,1.11023518741208,1.0217775595489
p.Val208Asn,1.02854845008511,0.109226173504747,1.13777462358986,0.919322276580366
p.Leu474Asp,0.916563352385246,0.0411138254531714,0.875449526932074,0.957677177838417
p.Leu474=,1.04031689854617,0.0296406935383349,1.06995759208451,1.01067620500784
p.Trp349Ser,0.276302151869246,0.158655840975605,0.434957992844851,0.11764631089364
p.Leu390Ile,0.907087232637593,0.0959688639035069,0.811118368734086,1.0030560965411
p.Pro143Gln,1.02336676942622,0.0151556062619599,1.00821116316426,1.03852237568818
p.Asn153Glu,0.908374670539895,0.0306257997415715,0.939000470281467,0.877748870798324
p.Leu177Val,0.956053117427952,0.0176915487710844,0.973744666199036,0.938361568656867
p.Gln83=,0.779953296318279,0.23315738993083,0.546795906387449,1.01311068624911
p.Asp113Ile,0.2856737497676,0.231387720140607,0.0542860296269929,0.517061469908207
p.Asp79Arg,0.743222955924883,0.0363057805653739,0.706917175359509,0.779528736490257
p.Leu121Lys,0.206576707133436,0.0897977432814384,0.296374450414875,0.116778963851998
p.Val298Arg,0.535057256253273,0.111417505655612,0.646474761908885,0.423639750597661
p.Leu98Pro,-0.0398049834461474,0.108992565300872,-0.14879754874702,0.0691875818547248
p.Asp114Gln,0.932454918316759,0.0547380170942204,0.877716901222539,0.98719293541098
p.Ile295Glu,0.179977642362308,0.0588125397101814,0.238790182072489,0.121165102652126
p.Tyr118Lys,0.178028907159375,0.0953404312349598,0.273369338394335,0.0826884759244154
p.Ser418Tyr,0.999573199341605,0.0351858254080655,1.03475902474967,0.964387373933539
p.Asn226Ala,0.830126012788411,0.0681728399680234,0.898298852756434,0.761953172820387
p.Met212Trp,0.930590204900149,0.125013681028843,1.05560388592899,0.805576523871304
p.His186Ala,0.938768388788165,0.0331209526716704,0.905647436116495,0.971889341459836
p.Gln209Pro,0.826763407542061,0.124610905134487,0.951374312676547,0.702152502407574
p.Ala318Glu,0.937836975558309,0.0484046279257769,0.889432347632532,0.986241603484086
p.Pro326Gly,1.05602822938836,0.0713680915048365,0.984660137883527,1.1273963208932
p.Pro415Ser,1.09447495117978,0.03175672416174,1.12623167534152,1.06271822701804
p.Glu206Ala,1.03587763074909,0.054104492566382,1.08998212331547,0.981773138182706
p.Arg348Val,0.978151332813157,0.0264564482884104,1.00460778110157,0.951694884524749
p.Phe337Gln,0.517631030311512,0.0526596553306975,0.570290685642209,0.464971374980814
p.Pro62Trp,0.56812067986627,0.0968317196415679,0.664952399507838,0.471288960224702
p.Phe216Ile,0.282734346325456,0.17624190999232,0.458976256317776,0.106492436333137
p.Glu206Gln,0.672833801994149,0.348774453232821,0.324059348761328,1.02160825522697
p.Pro477Trp,1.0413278044806,0.01121099810155,1.05253880258215,1.03011680637905
p.Ser189Gln,1.0610141607903,0.199837011743969,1.26085117253427,0.861177149046332
p.Asn426Lys,0.89708079216409,0.0083648476211264,0.888715944542964,0.905445639785217
p.Lys320Thr,1.05704086217727,0.0638638786240874,1.12090474080136,0.993176983553185
p.Ala103Tyr,0.927508404241276,0.117188674956266,1.04469707919754,0.810319729285009
p.Gly505Phe,0.978709943275733,0.077852648743766,1.0565625920195,0.900857294531968
p.Gly447Tyr,-0.0359653848245322,0.141573354736019,-0.177538739560551,0.105607969911487
p.Asn218Val,0.0735767062933374,0.0607675206394603,0.0128091856538772,0.134344226932798
p.Tyr49Cys,0.0388557839376953,0.0709073982962436,-0.0320516143585483,0.109763182233939
p.Lys171Leu,0.865289862189984,0.103074890506056,0.96836475269604,0.762214971683927
p.Tyr482Asn,0.222424754723765,0.0193750325770545,0.203049722146711,0.24179978730082
p.Asn135Glu,0.329792549264178,0.0907734972672869,0.420566046531465,0.239019051996891
p.Asn414Pro,1.22952492825294,0.110918674405205,1.34044360265815,1.11860625384774
p.Ala25Ile,0.990250491992488,0.0229249109890225,1.01317540298151,0.967325581003465
p.Arg9Ser,0.927290091707666,0.025420849594255,0.901869242113411,0.952710941301921
p.Val394Phe,1.17877333438069,0.019629136854615,1.15914419752608,1.19840247123531
p.Pro50Gly,0.408027052668764,0.135928709684672,0.543955762353436,0.272098342984091
p.Glu491Ala,0.946518323151174,0.0167201770649945,0.929798146086179,0.963238500216168
p.Glu94Ter,0.0552165478955114,0.0611396030540547,0.116356150949566,-0.0059230551585436
p.Ser418Phe,1.05152293066328,0.0565166767916414,1.10803960745492,0.995006253871637
p.Pro396Asn,0.996488033366158,0.0874278498839629,1.08391588325012,0.909060183482194
p.Lys366Met,1.07696615569605,0.0158919948435449,1.06107416085251,1.0928581505396
p.Arg487Asn,1.18240703142307,0.0700901578159299,1.252497189239,1.11231687360714
p.Lys476Gln,1.0414689883815,0.020577099380475,1.06204608776197,1.02089188900102
p.Tyr147Phe,1.14332353882425,0.027772915310105,1.17109645413436,1.11555062351415
p.Leu137Asp,0.0873556079717364,0.0818086525889688,0.0055469553827674,0.169164260560705
p.Leu7Tyr,0.929032110986135,0.0401877139190979,0.888844397067037,0.969219824905233
p.Ile168Gln,-0.0219506893372069,0.0890359963271463,-0.110986685664353,0.0670853069899397
p.Lys46Arg,1.04231534393914,0.0538963870949739,0.988418956844162,1.09621173103411
p.Leu55Lys,0.0434782827701792,0.0347418276318112,0.0782201104019904,0.008736455138368
p.Pro329Ter,-0.0135889351245914,0.031219926626907,0.0176309915023157,-0.0448088617514985
p.Lys508Thr,1.06326315883299,0.104498931680373,1.16776209051336,0.958764227152614
p.Ala115His,1.14125166483813,0.209977561611821,1.35122922644995,0.931274103226307
p.Gly331Arg,0.964506001153846,0.0062569046024599,0.958249096551386,0.970762905756306
p.Leu130Cys,0.931308818114933,0.0398093528328085,0.891499465282124,0.971118170947741
p.Ser278Ala,0.829848727107677,0.0792340161715345,0.909082743279212,0.750614710936143
p.Phe191Ala,-0.0315059420177581,0.0005895711513514,-0.0320955131691095,-0.0309163708664067
p.Val340Lys,-0.0070824815870615,0.0593512698377172,-0.0664337514247789,0.0522687882506557
p.Asp79Gly,0.743956706663316,0.0739020385195314,0.670054668143785,0.817858745182848
p.Val328Glu,0.547493612580686,0.170284098337269,0.717777710917955,0.377209514243417
p.Gln11Tyr,0.949920197121275,0.116048659863614,1.06596885698489,0.833871537257661
p.Leu474Lys,1.01765817910849,0.079372266102162,1.09703044521065,0.938285913006326
p.Asp176Phe,0.726880445203291,0.202504873228946,0.929385318432237,0.524375571974345
p.Asp421Pro,1.12841634202999,0.0644948118999899,1.19291115392998,1.06392153013
p.Asp114Glu,0.918732108872118,0.0143852783748185,0.933117387246937,0.9043468304973
p.Lys478Phe,0.764893337904164,0.0944702529082079,0.670423084995956,0.859363590812372
p.Ile256Gln,0.105218852419852,0.014292851454057,0.119511703873909,0.0909260009657949
p.Leu356Met,0.976881456374733,0.0341568523207254,1.01103830869546,0.942724604054009
p.Glu494Ter,-0.0388758775521828,0.0382879869857335,-0.0771638645379163,-0.0005878905664492
p.Ala217Tyr,0.369143876384574,0.230784057074361,0.599927933458936,0.138359819310213
p.Leu342Ter,-0.0294204077062424,0.0302955897629925,-0.059715997469235,0.0008751820567501
p.Ala272Leu,0.480100457339323,0.163311486111613,0.643411943450936,0.316788971227709
p.Val400Asp,0.7953090582016,0.186991560748883,0.982300618950483,0.608317497452717
p.Trp349Ala,0.0755662710397249,0.110860426012787,-0.0352941549730621,0.186426697052512
p.Gly163Lys,0.580893746619676,0.0338276295417219,0.547066117077954,0.614721376161398
p.Tyr322Gln,0.0177386874646859,0.0090999779042353,0.0086387095604506,0.0268386653689212
p.Phe102Gly,0.14917717184904,0.0352919127226224,0.113885259126418,0.184469084571663
p.Arg439Leu,1.03670963451705,0.073708838872629,1.11041847338968,0.963000795644422
p.Glu494Asn,0.998348752456204,0.051511277931048,1.04986003038725,0.946837474525154
p.Val499Thr,1.02244147000676,0.00897118960146,1.0134702804053,1.03141265960822
p.Arg57=,1.16769939390991,0.0809334122320499,1.24863280614196,1.08676598167786
p.Lys46Tyr,1.00482103557855,0.0721213022841665,1.07694233786272,0.932699733294387
p.His374Cys,0.987179826019035,0.0071414769052339,0.994321302924269,0.980038349113801
p.Phe56Cys,0.360441751338845,0.108297797982996,0.252143953355848,0.468739549321841
p.Leu305Gln,0.894163540311864,0.109995222476937,1.0041587627888,0.784168317834926
p.Asp286Asn,0.877707428137492,0.053386239153545,0.824321188983947,0.931093667291037
p.Thr243Pro,1.08426210540484,0.03233630939996,1.1165984148048,1.05192579600488
p.Asp200His,1.00149327330261,0.152549233067539,1.15404250637015,0.848944040235071
p.Phe26Arg,0.801551559463354,0.115255555699171,0.686296003764183,0.916807115162524
p.Pro326Ile,0.956680371434572,0.0519185961035305,1.0085989675381,0.904761775331039
p.Val146Phe,1.04756239746022,0.0607545372684119,1.10831693472863,0.986807860191806
p.Ala318Arg,0.979841062704609,0.0429043151598909,1.0227453778645,0.936936747544718
p.Val453Ter,0.0597133337885896,0.0552261698383204,0.0044871639502692,0.11493950362691
p.Lys47His,0.996395015244892,0.078104090751406,1.0744991059963,0.918290924493488
p.Gly306Ser,0.237595609307274,0.160282016712613,0.397877626019887,0.0773135925946609
p.Asn135Ile,0.286368381225928,0.182832881969491,0.103535499256437,0.469201263195419
p.Arg182Trp,0.98821180333018,0.071047112516502,1.05925891584668,0.917164690813676
p.Met273Ala,0.686774121182182,0.077264516029943,0.609509605152239,0.764038637212125
p.Arg365Ser,1.16639908149697,0.054113532150905,1.22051261364788,1.11228554934607
p.Glu317Trp,0.936628975575032,0.0161769248912784,0.920452050683754,0.952805900466311
p.Leu420Cys,1.23002461560762,0.0460917952792299,1.27611641088685,1.18393282032839
p.Arg387Cys,1.0132361940332,0.0014728568344949,1.01470905086769,1.0117633371987
p.Ala44Glu,-0.0477708508923464,0.0642969868155947,-0.112067837707941,0.0165261359232486
p.Glu475Thr,0.969914975411731,0.0281955389039494,0.941719436507781,0.99811051431568
p.Gln395Cys,0.991790804910973,0.060623801693028,1.052414606604,0.931167003217944
p.Ala134Gly,1.0630566505503,0.0509152842913299,1.11397193484163,1.01214136625897
p.Leu468Cys,0.982456866697136,0.121128206244243,1.10358507294138,0.861328660452894
p.Gly351Ser,0.828301712509914,0.0912942906655375,0.737007421844376,0.919596003175451
p.Glu475Ter,-0.0392921590558654,0.0848206726787755,-0.124112831734641,0.04552851362291
p.Ser29Ile,0.787760276987912,0.129636016322399,0.658124260665512,0.917396293310311
p.Ile483=,1.07607696647763,0.109159326095264,1.18523629257289,0.966917640382363
p.Thr319Ter,-0.0166869930984983,0.0162577783658409,-0.0329447714643392,-0.0004292147326572
p.Trp462Leu,1.12199782476809,0.10445203065507,1.22644985542316,1.01754579411302
p.Tyr322=,1.02348328018888,0.0613149131397975,1.08479819332868,0.962168367049085
p.Ser281Tyr,0.817098571853702,0.0229607043633694,0.794137867490332,0.840059276217071
p.Gln384Ala,0.726055655606747,0.303335552711152,0.422720102895596,1.0293912083179
p.Ala461Leu,0.902108188017084,0.121555932868587,1.02366412088567,0.780552255148497
p.Gly14Cys,0.919937098184641,0.152860227729687,1.07279732591433,0.767076870454956
p.Asp181Ser,0.662172684867415,0.356654124452014,0.305518560415402,1.01882680931943
p.Ser84Gly,0.763107132462145,0.0608945252885315,0.824001657750676,0.702212607173613
p.Arg198Ser,0.531752103267127,0.171339442922967,0.703091546190094,0.36041266034416
p.Val291Ala,0.766679978995569,0.08789368025668,0.678786298738889,0.854573659252249
p.Ser332Thr,0.975571284869842,0.0376375336233599,1.0132088184932,0.93793375124648
p.Ser278=,1.08897670877406,0.113171976465999,1.20214868524006,0.975804732308061
p.Asn126His,0.969688706874964,0.0540803505467544,1.02376905742172,0.915608356328211
p.Lys386Asn,1.14482440637137,0.068690763985615,1.07613364238576,1.21351517035699
p.Glu504Ala,0.812225367258075,0.154292033261597,0.657933333996478,0.966517400519672
p.Val284Arg,0.391228491861747,0.290116540938279,0.681345032800026,0.101111950923468
p.Thr236Trp,0.350150275777831,0.084283771708839,0.43443404748667,0.265866504068992
p.Asp251Leu,-0.0253871746115421,0.0228835293750379,-0.0482707039865801,-0.0025036452365041
p.Leu7Thr,0.727555955879949,0.188153274700627,0.539402681179322,0.915709230580576
p.Phe250Cys,0.72338366085182,0.140513718519617,0.863897379371438,0.582869942332203
p.Arg166Tyr,0.0262756845298526,0.0095527335147935,0.016722951015059,0.0358284180446462
p.Asn218Glu,0.0387423258224294,0.0488990917022325,0.0876414175246619,-0.0101567658798031
p.Ser296Cys,0.869903880366357,0.0019972048127545,0.867906675553603,0.871901085179112
p.Phe501Lys,1.16807628942049,0.0883631251422899,1.25643941456278,1.0797131642782
p.Val271Ala,0.634830026109884,0.311158453621599,0.323671572488285,0.945988479731483
p.Thr65Lys,0.0529305384631663,0.12262289902132,-0.0696923605581542,0.175553437484487
p.Thr466Val,0.85211028351828,0.0428330036625835,0.809277279855697,0.894943287180864
p.Ser486Ile,0.244953370679507,0.0974535380988575,0.342406908778364,0.147499832580649
p.Ala377Asn,0.911694849225417,0.0075374330300594,0.904157416195358,0.919232282255477
p.Val291Tyr,0.101295556340088,0.0149454148561649,0.086350141483923,0.116240971196253
p.Glu494Thr,0.97476361736205,0.0054517806823139,0.980215398044364,0.969311836679736
p.Tyr249Arg,1.20599432293276,0.0322041644399599,1.23819848737272,1.1737901584928
p.Lys97Ter,-0.099397325546681,0.069618520878899,-0.16901584642558,-0.0297788046677819
p.Ile355Val,0.85768959401185,0.131294849994728,0.726394744017122,0.988984444006578
p.Tyr484Met,0.90515139510646,0.032429083251491,0.937580478357951,0.872722311854969
p.Ile15Glu,0.950400789458489,0.029671829836896,0.980072619295385,0.920728959621593
p.Glu244Ala,1.0233248367739,0.0361954137557954,1.0595202505297,0.987129423018109
p.His186Leu,0.941363856171073,0.035681045046072,0.977044901217145,0.905682811125001
p.Met125Asp,-0.0170299000677438,0.155141386926632,-0.172171286994376,0.138111486858888
p.Gln502Phe,1.04567353344629,0.0219161808959549,1.06758971434225,1.02375735255034
p.Val376Ter,-0.108900588897122,0.0647666456701244,-0.173667234567247,-0.0441339432269981
p.Thr334Glu,1.06965052676968,0.0094508296821049,1.07910135645178,1.06019969708757
p.Glu193Thr,0.567701782802852,0.139312324569746,0.707014107372599,0.428389458233106
p.Ile480Glu,0.535330522918306,0.227534474564627,0.307796048353679,0.762864997482933
p.Leu469Gln,1.08726742444534,0.0775727994952799,1.16484022394062,1.00969462495006
p.Asp375Gln,0.978343608524434,0.0441783718068784,1.02252198033131,0.934165236717553
p.Leu16Phe,0.936094238532386,0.0152859901419805,0.920808248390405,0.951380228674366
p.Asn311Val,0.574225650733588,0.127385029320294,0.446840621413294,0.701610680053882
p.Glu438Met,1.06074773596419,0.172447977893004,1.23319571385719,0.888299758071183
p.Met207Pro,0.896150168908548,0.0308827325825454,0.927032901491094,0.865267436326003
p.Thr402Arg,0.414928008010774,0.261926985023717,0.676854993034491,0.153001022987057
p.Ala115Met,0.966818458604268,0.160575010320252,1.12739346892452,0.806243448284015
p.Leu190Arg,0.931179877119974,0.0023603482063569,0.933540225326331,0.928819528913617
p.Arg427Ter,-0.0109342053135186,0.0348143987954517,-0.0457486041089704,0.0238801934819332
p.Leu142Tyr,1.10886938916412,0.084716470251815,1.19358585941594,1.02415291891231
p.Ala338Met,0.22523024648612,0.141170420639226,0.366400667125346,0.0840598258468943
p.Ile472Pro,0.919906677203801,0.281483270351919,1.20138994755572,0.638423406851882
p.Gly505Ser,1.12566403332823,0.048936736781775,1.17460077011,1.07672729654645
p.Leu342Ser,0.625312418146653,0.0398529773858254,0.585459440760827,0.665165395532478
p.Glu297Leu,0.771344741058719,0.0628373809317475,0.708507360126971,0.834182121990466
p.Arg357His,1.06311759343656,0.0617764302113349,1.12489402364789,1.00134116322522
p.Pro62Val,0.397662679926625,0.081907732311881,0.315754947614744,0.479570412238506
p.Trp509Gln,1.06734956375679,0.01263614912295,1.05471341463384,1.07998571287974
p.Val77Phe,0.927967047321097,0.051157548610588,0.876809498710509,0.979124595931685
p.Gly174Arg,0.854679269638129,0.182739000117898,1.03741826975603,0.671940269520233
p.Glu252Ser,0.89258220562384,0.0937019800926669,0.798880225531173,0.986284185716507
p.Glu438Gln,1.02673079608635,0.0536134448366664,1.08034424092301,0.973117351249677
p.Gly485Trp,0.897742763724218,0.215171183809711,1.11291394753393,0.682571579914507
p.Ala2Asp,1.22678428680167,0.229985929329889,1.45677021613156,0.996798357471781
p.Phe452Asp,0.110654060185405,0.111115483933093,0.221769544118498,-0.0004614237476877
p.Arg370Met,0.950917908224941,0.0224169477778164,0.928500960447125,0.973334856002758
p.Arg166Cys,0.192676147418994,0.0805001327814514,0.273176280200446,0.112176014637543
p.Phe191=,0.965174934548495,0.0105394995069225,0.954635435041572,0.975714434055417
p.Gly488Glu,0.864590949098299,0.158852005260403,1.0234429543587,0.705738943837894
p.Asp42Ala,1.02484564323741,0.0730003086823024,1.09784595191971,0.951845334555105
p.Glu317=,1.0595200390506,0.0871958018400764,1.14671584089068,0.972324237210527
p.Asn218Pro,0.0909699315853267,0.0534242563978384,0.144394187983165,0.037545675187488
p.Tyr107Pro,0.127240807846387,0.0253799149849424,0.152620722831329,0.101860892861444
p.Phe253Thr,1.09258793288976,0.0770776193834,1.16966555227316,1.01551031350636
p.Cys158Gly,0.33130467831167,0.247538707561431,0.0837659707502389,0.578843385873101
p.Pro144Gly,1.17790900212708,0.109217188312555,1.06869181381453,1.28712619043964
p.Ala44Phe,0.514948152017264,0.0179048279600519,0.497043324057212,0.532852979977316
p.His201Ter,-0.0306125433492204,0.0009811512588542,-0.0315936946080746,-0.0296313920903662
p.Leu270Cys,1.05568139268806,0.0438323710703849,1.09951376375844,1.01184902161767
p.Phe221Thr,1.19621227686839,0.0074564917972549,1.18875578507114,1.20366876866565
p.Lys366Gly,1.04021551151089,0.0515302215035199,1.09174573301441,0.98868529000737
p.Asn64Asp,0.905102787928071,0.0971668429340504,1.00226963086212,0.807935944994019
p.Phe241Glu,1.09321540569366,0.0058522294781,1.09906763517176,1.08736317621556
p.Phe88Gly,0.364987536301044,0.239505254738796,0.60449279103984,0.125482281562248
p.Lys82Pro,0.39677968267469,0.0954187249923589,0.301360957682331,0.492198407667049
p.Leu98Met,0.93223723100498,0.0453927161976925,0.977629947202673,0.886844514807288
p.Phe413=,1.02546563700183,0.0607459094506934,1.08621154645252,0.964719727551133
p.Thr327Met,1.05977000593532,0.0072745618070398,1.05249544412828,1.06704456774236
p.Val68Ala,0.160453084113555,0.0495480363182864,0.110905047795268,0.210001120431841
p.Glu315Ser,0.922551133946563,0.0688435564090275,0.853707577537535,0.99139469035559
p.Arg459Phe,0.742361134867183,0.0752985822253515,0.667062552641831,0.817659717092534
p.Arg136Trp,0.253065091423257,0.0916461914697249,0.344711282892982,0.161418899953532
p.Glu170Asp,0.960881604730395,0.036996635154155,0.99787823988455,0.92388496957624
p.Trp349His,0.20359581576573,0.119395121994005,0.0842006937717249,0.322990937759735
p.Gln384Ser,1.0371738884701,0.057719237872713,0.979454650597384,1.09489312634281
p.Ala90Thr,1.06304611239634,0.0600509946459699,1.12309710704231,1.00299511775037
p.Ala339Ter,-0.0588550899698196,0.112415574419295,-0.171270664389115,0.0535604844494758
p.Gln384Tyr,0.987976114235801,0.07133106205378,1.05930717628958,0.91664505218202
p.Tyr322Leu,0.331252258844321,0.191188368231357,0.522440627075679,0.140063890612964
p.Phe250Met,0.926139603914903,0.0377340630593734,0.963873666974277,0.88840554085553
p.Asp493Pro,0.557261271271166,0.115373440367933,0.6726347116391,0.441887830903233
p.Ile480Asp,0.978966777120425,0.0075801392651499,0.986546916385575,0.971386637855275
p.Ser184Ter,0.0889201036621879,0.0831271927173013,0.172047296379489,0.0057929109448864
p.Lys408=,0.758726870702946,0.224458478995964,0.534268391706982,0.98318534969891
p.Asp283His,0.905150013243869,0.109471894077871,0.795678119165999,1.01462190732174
p.Gln178Ter,0.0038986461625779,0.0179950824616111,0.0218937286241892,-0.0140964362990332
p.Ala149Ter,0.183819033378635,0.145485005890618,0.329304039269253,0.0383340274880168
p.Glu417Lys,1.04339002452089,0.0099420882537749,1.05333211277467,1.03344793626712
p.Lys429Met,1.08225865968014,0.063954421546485,1.01830423813365,1.14621308122662
p.Tyr249Cys,1.13047698496947,0.083379509638605,1.21385649460807,1.04709747533086
p.Lys497Trp,1.04933737240342,0.065230899561345,1.11456827196477,0.98410647284208
p.Asp375His,0.803730221672065,0.028411058631156,0.775319163040909,0.832141280303221
p.Asp58Ile,0.885234286211057,0.148587342881821,1.03382162909288,0.736646943329237
p.Leu211Cys,0.973095422351252,0.0326802982204159,1.00577572057167,0.940415124130838
p.Arg175Pro,0.874404608564213,0.0597018327962899,0.934106441360503,0.814702775767923
p.Leu469Asn,1.11602469939241,0.132146784849502,1.24817148424191,0.983877914542906
p.Val394=,1.06937671757502,0.054773973320815,1.12415069089584,1.01460274425421
p.Leu422Thr,0.934833731887266,0.0786549050083564,1.01348863689562,0.856178826878907
p.Glu473Asn,1.02152156322439,0.00386281396149,1.0176587492629,1.02538437718588
p.Glu3Trp,0.851383828664523,0.085133029112477,0.936516857777,0.766250799552046
p.Asp324Ala,0.978972292486388,0.0597816117797534,1.03875390426614,0.919190680706633
p.Asp194Pro,0.835968176693374,0.079159437017768,0.915127613711142,0.756808739675606
p.Arg246Met,0.976118094665773,0.057662742691589,0.918455351974182,1.03378083735736
p.Tyr202Ser,1.17682671485598,0.13441732428186,1.31124403913784,1.04240939057412
p.Lys46=,0.977823457809312,0.0868440838726889,0.890979373936622,1.064667541682
p.Leu356Arg,0.0793550671993288,0.134875692546097,-0.0555206253467685,0.214230759745426
p.His32Gly,0.515874953623332,0.167993426489748,0.347881527133584,0.683868380113079
p.His124Cys,0.946014746087641,0.0001165429840709,0.946131289071712,0.94589820310357
p.Pro240Leu,0.997486806029083,0.0135063914892284,0.983980414539853,1.01099319751831
p.Gly242Met,1.01907677659607,0.0972771696357694,1.11635394623184,0.921799606960301
p.Tyr484Gly,0.665705864339387,0.226539654849504,0.439166209489883,0.892245519188891
p.Thr151Gly,0.939187194147248,0.198311876198321,1.13749907034557,0.740875317948929
p.Phe56Tyr,0.876412384105634,0.100113657795276,0.776298726310357,0.97652604190091
p.Gly222Met,0.952453906243617,0.0273481799436475,0.925105726299969,0.979802086187264
p.Val303Pro,0.287227983135552,0.109086486528683,0.396314469664235,0.178141496606869
p.Val68Pro,0.124226783089324,0.0478540760758813,0.0763727070134432,0.172080859165206
p.Leu390Thr,0.549973172680485,0.114597029646742,0.664570202327228,0.435376143033743
p.His155Glu,0.613750811037809,0.180895060547005,0.432855750490804,0.794645871584813
p.Asp313Met,0.829278044223159,0.201648814779632,0.627629229443525,1.03092685900279
p.Arg427Pro,1.23337234217811,0.01343526743079,1.21993707474732,1.2468076096089
p.Val304Arg,0.670019560967519,0.0271273275498264,0.697146888517345,0.642892233417692
p.Phe216Trp,0.996574624233563,0.062979954793047,0.933594669440516,1.05955457902661
p.Asn165Tyr,0.31162386327842,0.150198381673451,0.461822244951871,0.161425481604969
p.Trp462Asn,1.11272022655048,0.129452477568011,1.24217270411849,0.983267748982468
p.Arg459Tyr,1.17592026203725,0.219256600633855,1.3951768626711,0.95666366140339
p.Gln383Ser,0.822073294780227,0.181239047106065,0.64083424767416,1.00331234188629
p.Leu270Gly,1.05006915953656,0.016376771093395,1.06644593062995,1.03369238844316
p.Tyr437Ile,1.02864382185056,0.00845177043137,1.02019205141919,1.03709559228193
p.Phe21Trp,1.14707847079497,0.083103684006065,1.23018215480104,1.06397478678891
p.Val510Trp,1.08106097387521,0.199199088846579,1.28026006272179,0.881861885028631
p.Ala367Met,0.909693637037415,0.0888060437932745,0.820887593244141,0.99849968083069
p.Leu305Lys,0.0941719710064901,0.0881124205090257,0.182284391515516,0.0060595504974645
p.Lys508Ala,1.23527257040903,0.22516225919446,1.46043482960349,1.01011031121457
p.Leu96Gly,0.951988851020017,0.082421278134172,1.03441012915419,0.869567572885846
p.Val431Asn,1.02498095701926,0.103204100401789,1.12818505742105,0.921776856617471
p.Glu504Cys,0.778296860534138,0.112317516011993,0.665979344522145,0.890614376546132
p.Gly247Phe,0.996280041541409,0.113808257843919,1.11008829938533,0.882471783697492
p.Gly59Ala,0.624964858569449,0.0424312962399369,0.667396154809386,0.582533562329512
p.Val284Thr,1.13740739753864,0.202108402226564,1.3395157997652,0.935298995312071
p.Ser123Asn,0.955608792867189,0.0053019042386274,0.950306888628562,0.960910697105817
p.Ser189Leu,0.975999249195986,0.0645124750117019,1.04051172420769,0.911486774184286
p.Arg219Ile,0.995239042784423,0.0655653716877879,1.06080441447221,0.929673671096634
p.Trp53Gly,-0.0943914342669388,0.119997152160688,-0.214388586427627,0.0256057178937491
p.Glu419Leu,1.08193132509599,0.121759433837091,1.20369075893308,0.960171891258899
p.Lys432Ile,1.1570998792093,0.03631927711292,1.12078060209638,1.19341915632222
p.Arg459Ala,1.0770295378851,0.149733400950901,1.226762938836,0.927296136934197
p.Lys497Val,0.909596196050403,0.039119608165109,0.948715804215512,0.870476587885294
p.Glu206Ter,0.406305730479347,0.389504781355638,0.795810511834984,0.0168009491237088
p.Gln195Ser,0.82550908884362,0.023134478332049,0.802374610511571,0.848643567175669
p.Glu494Met,1.04908956170799,0.00649514333306,1.05558470504105,1.04259441837493
p.Arg365Gln,0.892145612875577,0.219657000621571,0.672488612254007,1.11180261349715
p.Leu142Cys,1.03381731131021,0.0484159755678385,0.985401335742373,1.08223328687805
p.Ile255His,0.38019884390048,0.320051090401338,0.700249934301818,0.0601477534991413
p.Ser180Tyr,0.88599120957302,0.0351388295690734,0.921130039142094,0.850852380003947
p.Gln178Ser,1.11947402630815,0.04622914411821,1.16570317042636,1.07324488218994
p.Arg57Leu,0.592973660440222,0.0053384425895954,0.598312103029817,0.587635217850626
p.Glu419Met,1.00181478959885,0.045349966994941,0.956464822603908,1.04716475659379
p.Thr406Asp,0.757648565817232,0.130194233483335,0.887842799300568,0.627454332333897
p.Pro172Cys,0.876838344576257,0.0971784636352089,0.974016808211466,0.779659880941048
p.Tyr70Arg,0.166938300266435,0.0570397611438644,0.223978061410299,0.10989853912257
p.Val303Tyr,0.943684990598339,0.0677961592894595,0.875888831308881,1.0114811498878
p.Leu20Met,1.2450685986535,0.206908768485515,1.45197736713902,1.03815983016799
p.Asn105Arg,0.0715856699919615,0.0058158820476934,0.0657697879442681,0.077401552039655
p.Glu148Gly,1.10392236775599,0.16122317565167,1.26514554340766,0.94269919210432
p.Lys95Glu,0.975271992223516,0.0536771571155439,1.02894914933906,0.921594835107972
p.Thr319Met,1.00857587790625,0.0204468210175764,1.02902269892383,0.988129056888677
p.Gly351Trp,-0.0042191905003665,0.106546205745747,-0.110765396246113,0.10232701524538
p.Glu368Leu,0.385730278562469,0.0404875094947865,0.426217788057256,0.345242769067683
p.Lys320Gln,0.986822133785808,0.006864974956027,0.993687108741835,0.979957158829781
p.Glu3Thr,0.910249237410503,0.0125633662170085,0.922812603627511,0.897685871193494
p.Gly247Ser,1.00325395695217,0.030303935702965,0.97295002124921,1.03355789265514
p.Glu417Gln,1.11358747150079,0.06980039743298,1.18338786893377,1.04378707406781
p.Lys497Ser,1.02693308066584,0.0122926425761399,1.03922572324198,1.0146404380897
p.Glu193Phe,0.276479166483,0.114001760284777,0.390480926767778,0.162477406198223
p.Lys497=,1.03025374279738,0.078395473766897,1.10864921656428,0.951858269030486
p.Thr65Gln,0.210941629410938,0.0337297059338825,0.24467133534482,0.177211923477055
p.Tyr139=,1.07695421730144,0.133172217059855,1.2101264343613,0.94378200024159
p.Tyr308Cys,0.286876252034062,0.105266841085842,0.392143093119904,0.181609410948219
p.Leu183Asp,0.898514367724493,0.042837366975887,0.94135173470038,0.855677000748606
p.Ser418Glu,1.11346741999977,0.08660572677151,1.20007314677128,1.02686169322826
p.Phe253Gly,0.85670659039535,0.135135930268255,0.721570660127095,0.991842520663606
p.Ser179Lys,0.972248353722098,0.118773919317811,1.09102227303991,0.853474434404287
p.Leu60Lys,0.423620392117082,0.41298650081887,0.0106338912982123,0.836606892935952
p.Asp176Ile,0.759140221330846,0.289386619419837,1.04852684075068,0.469753601911006
p.Phe452Gly,0.138252602373214,0.150984228500132,0.289236830873346,-0.0127316261269192
p.Ala272Arg,0.174931853935712,0.0886299280254267,0.0863019259102855,0.263561781961139
p.Leu75Cys,0.751506238032793,0.17719944058316,0.574306797449634,0.928705678615953
p.Ile220Cys,0.853251664881094,0.0346571444638789,0.818594520417215,0.887908809344973
p.Glu156Gly,0.996811634488903,0.0400134765299949,1.0368251110189,0.95679815795891
p.Leu371=,1.04447745868219,0.00124845407692,1.04572591275911,1.04322900460527
p.Tyr147Val,1.20354991907205,0.03002124453532,1.23357116360737,1.17352867453673
p.Ser8Met,0.801921013677178,0.0808411695390715,0.721079844138106,0.882762183216249
p.Asn122Val,0.954671425153455,0.0365101689065805,0.991181594060036,0.918161256246875
p.Gln261Arg,1.11282039346442,0.0624675476004,1.17528794106482,1.05035284586402
p.Ala277Thr,1.00309797412351,0.0549186848870055,1.05801665901052,0.948179289236509
p.Glu473=,1.06204571120411,0.0106462758075099,1.07269198701162,1.0513994353966
p.Asn302Cys,0.939768890679245,0.032164781900268,0.971933672579514,0.907604108778978
p.Met125Val,1.11524538023048,0.10104742578617,1.21629280601665,1.01419795444431
p.Leu203Pro,1.17817084108797,0.05546801171994,1.23363885280791,1.12270282936803
p.Gln502Ter,1.42453402370659,0.055059151473845,1.47959317518043,1.36947487223274
p.Phe102Ile,0.665062762355308,0.047409528894908,0.6176532334604,0.712472291250216
p.Gln299Trp,0.877155374232269,0.0649451909500645,0.942100565182334,0.812210183282205
p.Leu474Ala,0.828803528116713,0.134592407735732,0.69421112038098,0.963395935852445
p.Ser106Gln,0.771721872527396,0.0294113769333544,0.801133249460751,0.742310495594042
p.Tyr322Trp,0.88451653517227,0.192027363273658,1.07654389844593,0.692489171898613
p.Thr279His,0.697744174234311,0.227765610472112,0.469978563762198,0.925509784706423
p.Pro50Cys,0.423894678664679,0.0027099956971075,0.426604674361787,0.421184682967572
p.Gln209Phe,1.03657082040891,0.10313906479014,1.13970988519905,0.93343175561877
p.Asp350Arg,1.11104857029189,0.0582827635156349,1.16933133380752,1.05276580677625
p.Pro329Leu,1.0596934669144,0.0429432809121599,1.10263674782656,1.01675018600224
p.Tyr49Ile,0.771212076439526,0.0237825001006115,0.794994576540138,0.747429576338915
p.His27Ala,0.879178182101233,0.35752456987426,0.521653612226971,1.23670275197549
p.Val444=,1.11300391302565,0.0208478186088999,1.13385173163455,1.09215609441675
p.Gly14Met,0.83900338924354,0.0001950245582665,0.838808364685274,0.839198413801807
p.Pro434Phe,0.591108006815656,0.388914911391185,0.202193095424471,0.980022918206841
p.Val259Ser,0.923573645481262,0.0596813649745884,0.863892280506673,0.98325501045585
p.Phe501Thr,1.12249083765659,0.0035525067982549,1.11893833085833,1.12604334445484
p.Glu389Pro,0.0750759100983635,0.0087124136940646,0.0663634964042988,0.0837883237924281
p.Ile36Tyr,-0.0477509281518443,0.136519320759147,-0.184270248910992,0.0887683926073029
p.Leu371Ala,0.683070727484204,0.0201137396786984,0.703184467162903,0.662956987805506
p.Glu193His,0.388688913533647,0.172230175732567,0.21645873780108,0.560919089266214
p.Phe412Ala,1.12268219950956,0.05880521094746,1.18148741045702,1.0638769885621
p.Lys386=,1.06257738599675,0.0150667549067849,1.07764414090353,1.04751063108996
p.Glu398Asn,1.17345110446501,0.037243504585455,1.21069460905047,1.13620759987956
p.Ser281Lys,0.719016733757121,0.153121536042441,0.56589519771468,0.872138269799561
p.Pro512Asn,1.17944386877974,0.10907320131294,1.28851707009268,1.0703706674668
p.Tyr197Leu,0.0957899376023136,0.0541537886524225,0.149943726254736,0.041636148949891
p.Arg57Lys,1.05625661092395,0.04696676703192,1.10322337795587,1.00928984389203
p.Tyr343Trp,0.855713717023958,0.112613648487304,0.743100068536654,0.968327365511262
p.Met260Gln,0.860204418687373,0.036777079045252,0.896981497732625,0.823427339642121
p.Tyr437Ter,-0.117639050087631,0.0711106131016562,-0.188749663189287,-0.0465284369859745
p.Asn64=,0.979095473937661,0.0109576974643005,0.990053171401962,0.968137776473361
p.Ala149Asp,1.05762294772459,0.0837867100640099,1.1414096577886,0.97383623766058
p.Glu85Gly,0.844692391441308,0.0610944995064084,0.905786890947717,0.7835978919349
p.Thr333=,1.11340097753926,0.052621627644975,1.16602260518424,1.06077934989429
p.Leu468Met,1.01611429318455,0.15894837806717,1.17506267125172,0.857165915117379
p.Val328Tyr,0.612370711600673,0.280575150521222,0.892945862121895,0.331795561079451
p.Glu63His,1.16595557472144,0.058647528335075,1.22460310305651,1.10730804638636
p.Glu315His,0.908495741860495,0.0930277309864024,0.815468010874095,1.0015234728469
p.Phe101Tyr,0.638145208868922,0.071248329749643,0.566896879119279,0.709393538618565
p.Leu142Ile,0.948714560557773,0.0913419056444965,0.857372654913277,1.04005646620227
p.Gly14Lys,1.33854452612298,0.189622954226515,1.5281674803495,1.14892157189647
p.Ile380Ter,0.175474237708435,0.178857522757081,0.354331760465516,-0.0033832850486451
p.Met405Ser,0.8246834309163,0.067365216531733,0.757318214384567,0.892048647448033
p.Val284=,0.91761756261389,0.046881645964472,0.870735916649418,0.964499208578362
p.Gln383Thr,1.10670033049917,0.014943625214485,1.12164395571365,1.09175670528468
p.Ser188Arg,1.15056733831327,0.0448354984699149,1.19540283678319,1.10573183984336
p.Ala436Trp,1.07626163381529,0.0929278731203734,1.16918950693566,0.983333760694913
p.Phe87Gly,0.628231075029526,0.0119454856260834,0.64017656065561,0.616285589403443
p.Gln28Ser,0.899787912802457,0.0164447658439255,0.916232678646383,0.883343146958532
p.Ile234Asn,1.1103563649607,0.0361395217836649,1.14649588674436,1.07421684317703
p.Gly14Arg,1.07231799063968,0.0272356107939599,1.09955360143364,1.04508237984572
p.Lys478Ala,0.93677735373061,0.0018886552913739,0.938666009021984,0.934888698439236
p.Ser106Asp,0.637578652088427,0.095910847462195,0.733489499550622,0.541667804626232
p.Arg365Asp,0.931122644119832,0.0578405348719119,0.87328210924792,0.988963178991744
p.Tyr118Trp,0.975653191249377,0.049908638282111,1.02556182953149,0.925744552967268
p.Leu458Tyr,0.50296317284716,0.0597893707828754,0.562752543630036,0.443173802064285
p.Phe216Met,0.71301167640619,0.0672171657074174,0.780228842113607,0.645794510698772
p.Gln83Tyr,1.05662288194309,0.147242933090588,1.20386581503368,0.909379948852504
p.Pro144Gln,1.25138193544088,0.075324892016125,1.326706827457,1.17605704342475
p.Lys408Ter,-0.0863790365790401,0.046314837949209,-0.132693874528249,-0.0400641986298309
p.Ile168Ter,-0.0406243194459189,0.0026267741118433,-0.0379975453340756,-0.0432510935577622
p.Val169Tyr,0.794549490562048,0.0807447987260304,0.713804691836017,0.875294289288078
p.Asn262=,1.14545707301021,0.0190488722200199,1.16450594523023,1.12640820079019
p.Tyr428Ser,1.15583385405794,0.074417650907465,1.2302515049654,1.08141620315047
p.Ile295Pro,0.0382351534279356,0.249650280281406,-0.211415126853471,0.287885433709342
p.Ser157Cys,1.05924681120404,0.0792962922450075,1.13854310344905,0.979950518959035
p.Ser8Thr,1.15722511874908,0.204184877999442,1.36140999674852,0.953040240749635
p.Leu442Ala,0.941884767413822,0.0674982398577179,1.00938300727154,0.874386527556104
p.Pro479Met,0.925350447820529,0.148470207321771,1.0738206551423,0.776880240498758
p.Gln161Cys,0.738461084507024,0.23480914876995,0.503651935737074,0.973270233276974
p.Pro172Phe,0.7824222571645,0.013080540005932,0.795502797170432,0.769341717158568
p.Thr336Gly,0.467519204182295,0.048524692735522,0.418994511446773,0.516043896917817
p.Gln119His,0.868487673419825,0.244737143697725,0.623750529722099,1.11322481711755
p.Ile80Asp,0.011481498378843,0.0637553349022695,-0.0522738365234266,0.0752368332811125
p.Met207Cys,1.12178399990825,0.04107326585555,1.1628572657638,1.0807107340527
p.Leu43Asp,0.920159187060381,0.0373275068868425,0.957486693947224,0.882831680173539
p.His263Arg,1.22914667364113,0.034449531203475,1.26359620484461,1.19469714243766
p.Thr145Ala,1.16948235041532,0.176877216379176,1.3463595667945,0.992605134036147
p.Pro240Trp,0.791801286342088,0.0213117188078814,0.81311300514997,0.770489567534207
p.Glu460Arg,0.289678976669467,0.125548225997065,0.415227202666532,0.164130750672403
p.Ile35Glu,0.0431455412057466,0.102253443850689,-0.0591079026449422,0.145398985056435
p.Lys360Cys,0.936795113315444,0.121196796307807,1.05799190962325,0.815598317007636
p.His201Leu,0.86730314912349,0.178245399159401,1.04554854828289,0.689057749964088
p.Glu19Val,0.652038985236531,0.0836327315192639,0.568406253717267,0.735671716755795
p.Glu457Cys,1.12635468680681,0.11493071920014,1.24128540600695,1.01142396760667
p.Met496Ile,1.09214093372358,0.063253131643215,1.1553940653668,1.02888780208037
p.Asn311Arg,1.21911474331171,0.21150446693365,1.43061921024536,1.00761027637806
p.Gly306=,1.05008972051832,0.0071780448892749,1.05726776540759,1.04291167562904
p.Ala90Ser,0.522101879340568,0.293898009582011,0.228203869758557,0.81599988892258
p.Pro477Arg,1.05246722400716,0.0549300500389685,1.10739727404613,0.997537173968193
p.Phe413Asn,0.549625709852878,0.260200866048014,0.289424843804864,0.809826575900892
p.Tyr428Arg,1.17017367913834,0.08172742000841,1.25190109914675,1.08844625912993
p.Met411Trp,0.698489247578557,0.0456017080347279,0.652887539543829,0.744090955613285
p.Ala335Leu,0.213519151423171,0.010284927314,0.203234224109171,0.223804078737171
p.Ala339His,0.868664275421648,0.0959827463241329,0.964647021745781,0.772681529097515
p.Gly254Tyr,0.0611980612469302,0.0670523160922655,0.128250377339196,-0.005854254845335
p.Phe412Tyr,1.09112500636173,0.159009274336357,1.25013428069809,0.932115732025375
p.Glu19Pro,0.890484000089245,0.137416893303734,0.753067106785512,1.02790089339298
p.Ala367Glu,1.11865897126037,0.068721218921735,1.1873801901821,1.04993775233863
p.Asp58His,0.856292828069019,0.096492245682876,0.759800582386143,0.952785073751895
p.Pro326Ser,0.976188968725451,0.149629339522301,0.826559629203149,1.12581830824775
p.Pro479Asn,0.609925363229601,0.0260560904947499,0.635981453724351,0.583869272734851
p.Lys205Thr,1.18505214321183,0.009383155974515,1.19443529918635,1.17566898723732
p.Val394Arg,1.20158316435944,0.0967512034423949,1.29833436780183,1.10483196091704
p.Asp283Arg,0.955619216268095,0.0258076006160924,0.981426816884187,0.929811615652002
p.Asp181=,1.04745470154895,0.0459820868399799,1.09343678838893,1.00147261470897
p.Tyr503Lys,1.10011328653888,0.118192972315456,1.21830625885434,0.981920314223429
p.Asp79Thr,0.756941211195533,0.0053925394991234,0.751548671696409,0.762333750694656
p.His129Pro,1.04008922467163,0.025556241285025,1.06564546595666,1.01453298338661
p.Ala339Met,0.832217023357622,0.0072429425460939,0.824974080811528,0.839459965903716
p.Asp379Asn,1.13056696498336,0.10819117718119,1.23875814216455,1.02237578780217
p.Arg198Tyr,0.500288350532617,0.0314714694990175,0.468816881033599,0.531759820031634
p.Asn229Thr,1.08459955549454,0.06016642331555,1.14476597881009,1.02443313217899
p.Ile295Ser,0.303965841494613,0.0028411480956459,0.301124693398967,0.306806989590259
p.Arg393Pro,1.0723783465345,0.125078941046883,1.19745728758138,0.947299405487614
p.Thr402Ala,1.08325516633412,0.01174530033296,1.07150986600116,1.09500046666708
p.Arg454Lys,0.601874617372731,0.216092004903765,0.385782612468965,0.817966622276496
p.Glu315Trp,1.06249874979512,0.0933342560632429,1.15583300585836,0.969164493731874
p.Thr243Ter,0.219717444127334,0.040975828377808,0.260693272505142,0.178741615749526
p.Phe216Gln,0.926574455816068,0.1431786854135,1.06975314122957,0.783395770402569
p.Tyr507Phe,1.22114693174844,0.0800619310364499,1.30120886278489,1.14108500071199
p.Arg175=,0.992687926402216,0.0414529608841039,1.03414088728632,0.951234965518112
p.Ile35Ala,0.882332445755567,0.0035861805900779,0.878746265165489,0.885918626345645
p.Gly41Ter,0.0341112931833831,0.0202932924697963,0.0544045856531794,0.0138180007135867
p.Asp251Met,0.180532085449941,0.0606820834398914,0.241214168889833,0.11985000201005
p.Tyr428Glu,1.2700269553582,0.14946598346554,1.41949293882374,1.12056097189266
p.Gln28Leu,1.11648395422258,0.108287701752775,1.22477165597536,1.00819625246981
p.Phe56=,0.946730006965132,0.11479905362156,0.831930953343569,1.06152906058669
p.Lys46Ser,0.78102335519829,0.17838464420033,0.60263871099796,0.959407999398621
p.Val369Asp,0.476821162019074,0.255426748868691,0.732247910887765,0.221394413150383
p.Leu268Asn,0.0940696197179749,0.068074958007262,0.0259946617107129,0.162144577725237
p.Gly410Met,0.890023463300127,0.07148868118844,0.961512144488567,0.818534782111687
p.Leu292Ter,0.166487718505137,0.139424455834374,0.305912174339511,0.0270632626707622
p.Val150Ser,0.974278242995694,0.0236688753637244,0.997947118359419,0.95060936763197
p.Pro481Trp,0.826957521629753,0.021477106939312,0.848434628569065,0.805480414690441
p.Cys13=,1.09875164203055,0.02817947025583,1.12693111228638,1.07057217177472
p.Gly254His,0.606764833402227,0.160278920584017,0.767043753986244,0.44648591281821
p.Leu96Thr,1.13530421994812,0.11877813337971,1.25408235332783,1.01652608656841
p.Cys446Phe,0.797103001272812,0.134034190478846,0.663068810793966,0.931137191751658
p.Asn363Ala,0.980136584970491,0.099963393200597,1.08009997817109,0.880173191769896
p.Gln119Gly,0.599697525993109,0.52885784715331,0.0708396788398006,1.12855537314642
p.Val213Met,1.11089252379724,0.037812104889305,1.07308041890794,1.14870462868655
p.Cys294Ala,0.970896698811965,0.0285505265453555,0.99944722535732,0.942346172266609
p.Asn122Leu,0.413570482758926,0.348153135022744,0.0654173477361817,0.76172361778167
p.Lys497Pro,0.844747108233858,0.173874935544674,1.01862204377853,0.670872172689182
p.Asn363=,0.9812222470446,0.084472450151769,0.896749796892832,1.06569469719637
p.Thr65Gly,0.163522823987752,0.0103181613922219,0.15320466259553,0.173840985379974
p.Glu297Tyr,0.941562001078797,0.153794015849861,1.09535601692866,0.787767985228937
p.Thr76Asp,0.990494677438523,0.0804968974146949,1.07099157485322,0.90999778002383
p.Thr76Met,0.885628745235136,0.0738404364372184,0.959469181672354,0.811788308797917
p.Ile255Lys,0.58121935834186,0.418811875206411,1.00003123354827,0.162407483135447
p.Glu148Tyr,0.899438495883759,0.0169635169936775,0.916402012877437,0.882474978890082
p.Asn153Lys,1.12385027661722,0.103078639726405,1.22692891634363,1.02077163689082
p.Ile35Gly,0.671153743614702,0.14043129954113,0.811585043155832,0.530722444073572
p.Arg463Thr,0.478664410421743,0.023898913763009,0.502563324184752,0.454765496658734
p.Asp421Met,0.940037244135445,0.02756291851724,0.967600162652685,0.912474325618205
p.His470Arg,1.19775319120669,0.16200091973884,1.35975411094553,1.03575227146785
p.Gln299Phe,0.86829407906045,7.74580798715285E-05,0.868371537140321,0.868216620980578
p.Asn126Gln,0.909145448050745,0.0319163189473384,0.877229129103406,0.941061766998083
p.Val213Ser,0.941096579173877,0.0329081544923,0.974004733666177,0.908188424681577
p.Asn430Ile,1.02130200850477,0.0427050976594235,1.06400710616419,0.978596910845343
p.Asn185His,0.967391386354946,0.0080549543622844,0.959336431992661,0.97544634071723
p.Ile187Cys,0.988961704330479,0.0921164656329529,1.08107816996343,0.896845238697524
p.Pro477Met,1.01251472912285,0.0325922195743025,0.979922509548545,1.04510694869715
p.Thr145Arg,0.898087694126062,0.0340538252786825,0.86403386884738,0.932141519404745
p.Phe253Met,1.14138658323212,0.0901127346419699,1.23149931787409,1.05127384859015
p.Arg257Gln,1.18557783785948,0.116031707054085,1.30160954491357,1.0695461308054
p.Thr91Lys,1.17313517481452,0.095291293561365,1.26842646837588,1.07784388125315
p.Val169Cys,1.16975371874477,0.00996461910302,1.17971833784779,1.15978909964175
p.Gly131Met,0.683232113017268,0.0071810845926134,0.676051028424654,0.690413197609881
p.Ser179His,0.988271214353501,0.0732769400179985,1.0615481543715,0.914994274335503
p.Glu274His,0.77165217327732,0.132317813860876,0.903969987138196,0.639334359416444
p.Thr334Ile,0.860611300780664,0.0179664970649189,0.878577797845583,0.842644803715745
p.His124Gln,1.0452970947742,0.0228982544726949,1.0223988403015,1.06819534924689
p.Pro143Leu,0.96331179215041,0.230098118869298,1.19340991101971,0.733213673281113
p.Gln471Tyr,0.975019023798138,0.0024010564990344,0.977420080297173,0.972617967299104
p.Leu75Ala,0.929116781632666,0.088682778357126,1.01779955998979,0.840434003275538
p.Val369Phe,0.889000896093597,0.0414794900144404,0.930480386108038,0.847521406079157
p.Thr406Arg,1.19055565895524,0.180034469106885,1.37059012806213,1.01052118984836
p.Ser123Ala,1.10716984966269,0.0379601695889699,1.14513001925166,1.06920968007372
p.Glu206Lys,0.727557294864941,0.265908939278534,0.993466234143475,0.461648355586407
p.Met260Thr,1.21982410158748,0.158968594479965,1.37879269606744,1.06085550710751
p.Thr10Ile,0.832454049257337,0.158416030103688,0.674038019153648,0.990870079361025
p.Ala2=,0.943595055711694,0.0004571367820359,0.943137918929658,0.94405219249373
p.Val341Trp,0.219971436675357,0.0244934124462935,0.244464849121651,0.195478024229064
p.Gly41Cys,1.05220863870707,0.016326689073015,1.06853532778008,1.03588194963405
p.Asp324Thr,0.984462966488318,0.0769437196192819,1.0614066861076,0.907519246869036
p.Asp42=,1.14797525750871,0.148381742847935,1.29635700035664,0.999593514660771
p.Leu177His,0.894875003348752,0.0128275309291129,0.907702534277865,0.882047472419639
p.Ala134Met,0.774471688533942,0.211419344055145,0.563052344478796,0.985891032589087
p.Val394Asn,1.113793922185,0.047074831973635,1.16086875415863,1.06671909021136
p.Arg192Asp,1.0363137826794,0.0339440773621749,1.00236970531723,1.07025786004158
p.Glu494Phe,0.709721718574592,0.251242368441097,0.458479350133495,0.960964087015689
p.Arg330Ter,0.11996343627184,0.138054604157217,0.258018040429057,-0.0180911678853768
p.Arg357Val,1.18910521007331,0.07600996835994,1.26511517843325,1.11309524171337
p.Gly488Asn,0.541913549673005,0.479335180550822,1.02124873022383,0.0625783691221854
p.Lys320Phe,0.962794642867505,0.0327785251942525,0.995573168061757,0.930016117673252
p.Arg182Asn,1.07762146961295,0.054450454756275,1.13207192436923,1.02317101485668
p.Glu148Met,1.07947069154725,0.149511839019539,1.22898253056679,0.929958852527711
p.Gln384Pro,1.30598446569988,0.112327523204185,1.41831198890407,1.1936569424957
p.Ile33Thr,0.83877455765749,0.0051380615313454,0.843912619188836,0.833636496126145
p.Asp283Tyr,1.00054238024611,0.0919510035181495,1.09249338376426,0.908591376727961
p.Phe237Asn,0.789808166657852,0.027130008117959,0.762678158539893,0.816938174775811
p.Pro434Leu,1.14687625895856,0.0108436501070799,1.13603260885148,1.15771990906564
p.Arg427=,0.917697830740554,0.175880260761657,1.09357809150221,0.741817569978895
p.Thr91Arg,1.06338515762719,0.0410091571806449,1.10439431480783,1.02237600044654
p.Ala149Gly,1.14708822685853,0.033690582726845,1.18077880958538,1.11339764413169
p.Trp225His,0.258336508049597,0.120162728378831,0.378499236428428,0.138173779670766
p.Leu440Ala,1.29729740288157,0.128289488750885,1.42558689163245,1.16900791413068
p.Tyr112Ile,0.634044205271949,0.0595414420133144,0.693585647285264,0.574502763258635
p.Tyr507Ala,1.26441280891682,0.155062228787945,1.41947503770477,1.10935058012888
p.Ala300Pro,0.743779771351846,0.230420119514804,0.513359651837042,0.97419989086665
p.Gln395Asn,1.14529234267434,0.143840652643725,1.28913299531807,1.00145169003062
p.Leu214Thr,1.3359456765001,0.10319514154069,1.43914081804079,1.23275053495941
p.Glu494His,0.991940417759094,0.0491281890117569,1.04106860677085,0.942812228747336
p.Trp164Arg,0.731590416794619,0.0001342799489549,0.731456136845664,0.731724696743574
p.Ala399Phe,1.22252773113431,0.01011158138959,1.2326393125239,1.21241614974472
p.Asn511Ser,1.11329452067897,0.267313657018412,1.38060817769738,0.845980863660556
p.Gly204Lys,1.31059712283426,0.117666021629325,1.42826314446359,1.19293110120494
p.Pro276Arg,0.0802288032732633,0.0302708390478078,0.110499642321071,0.0499579642254553
p.Trp349Arg,-0.009470092397758,0.173203399131903,-0.182673491529661,0.163733306734145
p.Glu287His,1.09844650821581,0.246220163165326,1.34466667138114,0.852226345050488
p.Asp30His,0.862478071855734,0.226701975630376,0.635776096225357,1.08918004748611
p.His451Met,1.21266564477955,0.074429937417965,1.28709558219751,1.13823570736158
p.Thr243Asp,1.07219859063153,0.178686393241679,1.25088498387321,0.893512197389851
p.Lys171Tyr,0.944213996581861,0.128829454930209,1.07304345151207,0.815384541651652
p.Gly314His,0.798681332051435,0.0340030977766879,0.764678234274747,0.832684429828123
p.Ser455Pro,0.364376197964063,0.147715858113855,0.512092056077918,0.216660339850207
p.His124Asn,0.846154367989171,0.078030084738339,0.92418445272751,0.768124283250832
p.Thr31His,0.987610932875177,0.0141121294100535,0.973498803465123,1.00172306228523
p.Phe237Met,0.701743767449783,0.179594003363385,0.522149764086398,0.881337770813168
p.Gln307Asp,0.232503624108537,0.128208428435546,0.104295195672991,0.360712052544082
p.Glu438Ala,1.12848174705519,0.0930568383325251,1.22153858538772,1.03542490872267
p.Gln119Met,1.01059889920334,0.0334292871341255,0.977169612069219,1.04402818633747
p.Asp456Leu,0.495325736103882,0.0953077527858745,0.400017983318007,0.590633488889756
p.Phe253Ala,0.819411747653864,0.182310407108906,0.637101340544957,1.00172215476277
p.Ser8Gln,0.838919642352226,0.0242170201738944,0.814702622178332,0.863136662526121
p.Ala116Gly,0.931966456713816,0.124565255656752,0.807401201057066,1.05653171237057
p.Phe26Gln,0.926343301624504,0.135656367610858,1.06199966923536,0.790686934013643
p.Lys152Leu,1.07641973129488,0.0899813755324539,1.16640110682733,0.986438355762422
p.Tyr507His,1.44547270868316,0.23192200881287,1.67739471749603,1.21355069987029
p.Ala231Tyr,0.764848587527597,0.257627420830715,1.02247600835831,0.507221166696879
p.Lys476Pro,1.05006389927414,0.154212656490911,1.20427655576505,0.895851242783228
p.His124Ala,1.00157750248752,0.096314158854917,1.09789166134244,0.905263343632606
p.His374Ile,1.0787824631674,0.202854921464295,1.2816373846317,0.87592754170311
p.Ala436Lys,1.33823747551563,0.192888540965105,1.53112601648074,1.14534893455053
p.Tyr70Val,0.954112592253865,NA,NA,0.954112592253865
p.Phe87Ala,0.732675867203772,NA,NA,0.732675867203772
p.Ile472Trp,0.932066570494043,NA,NA,0.932066570494043
p.Leu371Pro,0.354275333536097,NA,NA,0.354275333536097
p.Thr145Leu,1.22858974880123,NA,NA,1.22858974880123
p.Phe381Gly,0.0961558015873146,NA,NA,0.0961558015873146
p.Lys403Asn,1.28810568857196,0.181690262061645,1.4697959506336,1.10641542651031
p.Ser157Pro,0.210570454253063,0.0455330855845865,0.165037368668476,0.256103539837649
p.Gln266Val,0.527188205183007,0.0353054350825094,0.562493640265517,0.491882770100498
p.Asn218Ala,-0.0113994434712417,0.0114215595548383,-0.02282100302608,2.21160835966672E-05
p.Asp24Ter,0.0885802848719728,0.0941876160920021,0.182767900963975,-0.0056073312200293
p.Gly331Lys,0.86955680138561,0.0811206209708524,0.788436180414757,0.950677422356462
p.Ala109Ter,-0.0488190149329366,0.0231366363337524,-0.0719556512666891,-0.0256823785991841
p.Tyr482Met,0.16993862038803,0.0271852971903844,0.142753323197646,0.197123917578415
p.Leu142Glu,1.04074016332888,0.043539210625115,1.08427937395399,0.99720095270376
p.Ile255Phe,0.116908417241468,0.120363164957261,0.237271582198729,-0.0034547477157925
p.Tyr197Asn,0.196176713232869,0.16993803882306,0.366114752055929,0.0262386744098094
p.Lys514Thr,1.03515180972375,0.0990897300658569,1.13424153978961,0.936062079657896
p.Ala217Ile,0.0368995557141304,0.0510562125800768,-0.0141566568659465,0.0879557682942072
p.Arg487Pro,0.911974968049782,0.0226703620768299,0.934645330126612,0.889304605972952
p.Phe373Ala,0.278346577420284,0.0655270302921495,0.343873607712433,0.212819547128134
p.Arg227Gly,0.982064098139608,0.0990451711904795,1.08110926933009,0.883018926949131
p.Pro172Ser,0.753590113305377,0.143047278554613,0.89663739185999,0.610542834750763
p.Ile220Lys,0.710559805902165,0.23294622060689,0.943506026509056,0.477613585295275
p.Val303Leu,0.976164237997355,0.0956136926358345,1.07177793063319,0.880550545361521
p.Lys97Arg,0.950760696366346,0.029370335706965,0.980131032073311,0.921390360659381
p.Lys403Ser,1.27609367823943,0.104359492505705,1.38045317074514,1.17173418573373
p.His451Cys,1.12185350131622,0.0380357114322049,1.15988921274843,1.08381778988402
p.Ala115Ile,0.879194936956615,0.182539804859267,0.696655132097347,1.06173474181588
p.Ser296Asp,0.778347774291369,0.160536143016094,0.617811631275274,0.938883917307463
p.Tyr107=,1.0719181495721,0.06448540093827,1.13640355051037,1.00743274863383
p.Val309Ser,1.08024779878012,0.199041854481097,1.27928965326122,0.881205944299026
p.Gly38Leu,0.0522705822377334,0.148618449373002,-0.096347867135268,0.200889031610735
p.Arg370Ile,1.05232084018963,0.101041548328162,1.15336238851779,0.951279291861466
p.Ile196Ser,0.0752049564955268,0.0295162720526081,0.104721228548135,0.0456886844429187
p.Ala231Trp,0.0966887680852761,0.0444232463014299,0.0522655217838462,0.141112014386706
p.Phe354Thr,0.124743971084933,0.012822906084874,0.137566877169807,0.111921065000059
p.Gly23Glu,1.10172406824974,0.0399807409524199,1.14170480920216,1.06174332729732
p.Leu433Ser,1.18597928935543,0.0927042714296499,1.27868356078508,1.09327501792578
p.Ser179Ter,0.0457949684148013,0.0880082340669694,0.133803202481771,-0.0422132656521679
p.Leu474Gln,0.959825671503138,0.0522441569928604,0.907581514510279,1.012069828496
p.Lys47Leu,1.16572092841668,0.11212062913384,1.27784155755052,1.05360029928284
p.Arg198Pro,0.167141211394621,0.0675644803294575,0.234705691724078,0.099576731065163
p.Pro62Asp,0.557571954050339,0.0033786746178385,0.560950628668178,0.554193279432501
p.Leu190Lys,0.597935740810585,0.375800291130316,0.222135449680269,0.973736031940901
p.Lys82Leu,0.923526437770169,0.017150300077148,0.940676737847317,0.906376137693021
p.Ile168Tyr,0.017619482332074,0.058762695557522,-0.0411432132254481,0.076382177889596
p.Ala115Lys,1.07188989517446,0.0774045966455805,1.14929449182004,0.994485298528879
p.Asp282Ter,0.341208522585395,0.341865486972766,0.683074009558162,-0.0006569643873709
p.Phe138His,0.0234912990931013,0.0848715014376599,-0.0613802023445588,0.108362800530761
p.Pro512Lys,0.988290300637832,0.0483528389980449,1.03664313963588,0.93993746163979
p.Gln307Ala,0.659855322177822,0.108855844639496,0.768711166817318,0.550999477538325
p.Asn388Lys,0.088408977061602,0.0493449618021119,0.137753938863714,0.0390640152594901
p.Ile256Lys,0.125409514691798,0.11774187999306,0.0076676346987378,0.243151394684857
p.Leu177Tyr,0.874187106911443,0.111303478145651,0.762883628765792,0.985490585057094
p.Thr334Met,0.853421161197002,0.0654764757219749,0.787944685475027,0.918897636918977
p.Pro223Leu,0.472395326695676,0.0084848204983044,0.463910506197371,0.48088014719398
p.His186=,0.816372008929225,0.17423226121483,0.642139747714395,0.990604270144055
p.Lys89Ala,1.09213972056106,0.049427597316715,1.14156731787777,1.04271212324434
p.Ala115Tyr,0.956615804615123,0.0288263256189855,0.985442130234109,0.927789478996138
p.Thr423Met,1.11373420737955,0.0040852071877949,1.10964900019175,1.11781941456734
p.Ala231Gln,1.05669242808077,0.0469766834375899,1.10366911151836,1.00971574464318
p.Lys288Cys,1.16634275310546,0.0079806121966099,1.17432336530207,1.15836214090885
p.Trp225Asp,-0.0011950430915323,0.0552778965015491,-0.0564729395930814,0.0540828534100168
p.Val298Glu,0.246919335061937,0.130705582992225,0.377624918054162,0.116213752069711
p.Lys205Asp,1.28817146607706,0.15064449427174,1.4388159603488,1.13752697180532
p.His513Leu,1.02831295114056,0.02071980865743,1.04903275979799,1.00759314248313
p.Leu128Ala,0.66166913484794,0.0122230198836504,0.64944611496429,0.673892154731591
p.Ala335Trp,0.138802520562339,0.0543966647232464,0.0844058558390921,0.193199185285585
p.Leu270Ile,1.11275237209718,0.0321183131030349,1.14487068520022,1.08063405899415
p.Val68Phe,0.559212717719333,0.0491124733291475,0.60832519104848,0.510100244390185
p.Asn229Trp,0.276319988670794,0.0790626493145585,0.355382637985353,0.197257339356236
p.Ala127Pro,0.360456031334062,0.002068541149533,0.362524572483595,0.358387490184529
p.Leu142Asn,1.32543247993186,0.13498505418272,1.46041753411458,1.19044742574914
p.Arg227Lys,0.948443194247526,0.132487421179303,0.815955773068224,1.08093061542683
p.Phe445Glu,0.111669263799177,0.0285267871460973,0.140196050945274,0.0831424766530793
p.Pro312Ter,-0.0264772792521016,0.0241253209868371,-0.0506026002389387,-0.0023519582652645
p.Ile230Asn,0.114644815464456,0.239438154523608,-0.124793339059152,0.354082969988064
p.Asn388Ter,0.0282537731135711,0.0602176294312104,0.0884714025447815,-0.0319638563176393
p.Ser184Pro,0.436579126992708,0.23380665693754,0.670385783930248,0.202772470055168
p.Val233Gln,0.343696715540434,0.190500988670538,0.534197704210972,0.153195726869896
p.Asp283Ter,0.130736601795459,0.112419784483204,0.243156386278663,0.0183168173122553
p.Phe337Thr,0.0024695458869262,0.0757583698454393,-0.0732888239585131,0.0782279157323655
p.Thr31Glu,0.905714040336435,0.0988813480744265,1.00459538841086,0.806832692262007
p.Val344Phe,0.0697771773644433,0.0558099647716398,0.125587142136083,0.0139672125928033
p.Glu438Arg,0.898100731424337,0.0083662513885029,0.90646698281284,0.889734480035834
p.Asp443Pro,0.381401710280919,0.434079984475862,0.815481694756782,-0.052678274194943
p.Val146=,0.996199331614827,0.044296222905781,1.04049555452061,0.951903108709048
p.Ala492Ile,0.92174928509983,0.15241285100789,1.07416213610772,0.76933643409194
p.Gln261=,1.07245852354543,0.083753409304033,1.15621193284946,0.988705114241394
p.Ile441Gly,0.0216888934678209,0.0698701596947184,-0.0481812662268976,0.0915590531625394
p.Ile220Met,1.14613469682875,0.0069313309773549,1.15306602780611,1.1392033658514
p.Ile480Gln,1.00254572623057,0.0504758894170215,1.05302161564759,0.952069836813547
p.Thr490Asp,1.06489595303248,0.0930271985063689,1.15792315153885,0.971868754526112
p.Glu504Gln,1.00358231568653,0.047725203333815,1.05130751902034,0.95585711235271
p.Thr236Phe,0.147075908058341,0.015820087685763,0.162895995744104,0.131255820372578
p.Val444His,0.0066375114983271,0.0832515825595258,-0.0766140710611988,0.089889094057853
p.Asp282Lys,1.13011037008454,0.041682452415225,1.17179282249976,1.08842791766931
p.Met207Leu,1.12014793631698,0.0228787852197499,1.14302672153673,1.09726915109723
p.Ala39Trp,0.0459691398538941,0.0302208463081062,0.0157482935457878,0.0761899861620003
p.Thr236Tyr,0.647005296737424,0.109708598472592,0.756713895210016,0.537296698264832
p.Leu190Ala,1.06895010121019,0.135291643349105,1.20424174455929,0.933658457861079
p.Thr506Gly,1.04583147820208,0.0224789152857599,1.02335256291632,1.06831039348784
p.Glu417Gly,1.01256057814585,0.0221540030915324,0.990406575054315,1.03471458123738
p.Arg215Ter,0.0043222139700221,0.0165446387957718,-0.0122224248257497,0.0208668527657939
p.Arg166Ala,0.301097542967712,0.212874541703782,0.513972084671495,0.0882230012639304
p.Arg387Ile,0.431953155135756,0.197168710790819,0.629121865926575,0.234784444344936
p.Ala71Asp,1.18961033012554,0.1304190262882,1.32002935641374,1.05919130383734
p.Pro481Phe,0.754591696294747,0.158073916449408,0.596517779845339,0.912665612744155
p.Ile441Arg,0.0486208911852048,0.0638564997346292,0.112477390919834,-0.0152356085494244
p.Arg57Asp,0.0989090217806314,0.0675797860279746,0.0313292357526567,0.166488807808606
p.Val400Lys,0.554111576862297,0.181043877661046,0.735155454523343,0.373067699201251
p.Glu3Leu,0.639864147136985,0.135314495768424,0.504549651368561,0.775178642905408
p.Ala461Ter,-0.0736857064061432,0.0514429897346596,-0.125128696140803,-0.0222427166714837
p.Ile380Lys,0.483769401056383,0.218596084692054,0.702365485748437,0.265173316364329
p.Tyr139Gly,0.12022904525577,0.0417842676082857,0.162013312864056,0.0784447776474846
p.Gly359Leu,0.102900093766818,0.0823448575245356,0.0205552362422826,0.185244951291354
p.Ala335Ter,0.159355562503015,0.131233999870123,0.290589562373138,0.028121562632892
p.Tyr139Glu,0.38460261534392,0.0448263440622919,0.429428959406212,0.339776271281628
p.Tyr249Asp,1.13258047195538,0.0676193712063599,1.20019984316174,1.06496110074902
p.Cys385Val,1.18338225459844,0.12530556269351,1.30868781729195,1.05807669190493
p.Cys232Thr,0.964117930790209,0.0576084198514605,1.02172635064167,0.906509510938749
p.Arg104Lys,0.923272988075017,0.0546967406687685,0.868576247406249,0.977969728743786
p.Ser455=,1.1252044263588,0.177089316353295,1.3022937427121,0.94811511000551
p.Glu156His,0.969352474852852,0.0460042651324585,1.01535673998531,0.923348209720393
p.Met267Val,1.15807265130889,0.020941373189015,1.17901402449791,1.13713127811988
p.Phe191Ter,0.0015217050607359,0.0216530136476994,0.0231747187084354,-0.0201313085869635
p.Gln28Lys,0.872752583053897,0.117872371024701,0.754880212029196,0.990624954078597
p.Thr65Ile,1.20856593387413,0.18990323904903,1.39846917292316,1.0186626948251
p.Gln11Asp,1.06702890519553,0.028005466882365,1.0950343720779,1.03902343831317
p.Met212Val,0.740492575510388,0.168868373416338,0.57162420209405,0.909360948926726
p.Leu440Lys,1.29228069285683,0.0578110869867099,1.35009177984354,1.23446960587012
p.Ile168Val,0.86667787653993,0.0928267922680125,0.773851084271918,0.959504668807943
p.Glu18Asn,1.02137934786082,0.0645119022428289,1.08589125010365,0.956867445617992
p.Ser84Ala,1.06810176038161,0.0783583140708685,1.14646007445248,0.989743446310743
p.Ile36Trp,0.0226974362301128,0.108327642343838,-0.0856302061137255,0.131025078573951
p.Met159Arg,1.13512891528949,0.0653136232855249,1.20044253857501,1.06981529200396
p.Met125Ala,0.929126730714371,0.062034470027975,0.991161200742346,0.867092260686396
p.Ile187Arg,0.32648391442581,0.182621131876116,0.509105046301926,0.143862782549694
p.His374Asp,0.876934494460141,0.0197651909083644,0.896699685368505,0.857169303551776
p.Thr10Ter,0.358837075427684,0.0151911601645994,0.343645915263085,0.374028235592284
p.Lys293Val,0.291087147515346,0.0125453286312265,0.278541818884119,0.303632476146572
p.Gly222=,1.02372429810738,0.035913737521564,1.05963803562894,0.987810560585812
p.Ser179Gln,0.969228908432173,0.0118989662357044,0.957329942196469,0.981127874667878
p.Asp324Ile,0.670739401677824,0.089989056315717,0.760728457993541,0.580750345362107
p.Val284Leu,1.01241387516337,0.0240674900291449,1.03648136519252,0.98834638513423
p.Ser418Asn,1.20250919002681,0.0447024446026799,1.24721163462949,1.15780674542413
p.Phe101Pro,-0.0493871033830853,0.147674629655066,-0.197061733038151,0.0982875262719801
p.Val453His,1.2070433094636,0.05699052343038,1.26403383289398,1.15005278603322
p.Glu274Thr,0.556779540564401,0.117076183460967,0.673855724025368,0.439703357103434
p.Ala103Leu,0.899767402631825,0.0053068907653375,0.894460511866488,0.905074293397163
p.Lys497Met,1.0677616877129,0.0541424740961099,1.01361921361679,1.12190416180901
p.Lys171Val,0.799518834603744,0.0860914796722719,0.885610314276016,0.713427354931472
p.Gly316Arg,1.05282158707742,0.0958008934588824,1.1486224805363,0.957020693618535
p.Glu504Trp,0.720660799267822,0.0969844262519695,0.623676373015853,0.817645225519792
p.Ser180His,0.678987413091877,0.189462954303918,0.489524458787959,0.868450367395795
p.Val108Asn,0.394914295148836,0.0405414981832495,0.435455793332086,0.354372796965587
p.Pro326Cys,0.947768856509416,0.0325027610552875,0.915266095454129,0.980271617564704
p.Val5Pro,0.982271671038469,0.007795134708356,0.974476536330113,0.990066805746825
p.Asn397Ter,-0.102710864508307,0.0829688376815287,-0.185679702189836,-0.0197420268267786
p.Trp462Phe,1.12024886233451,0.073871901278275,1.19412076361279,1.04637696105624
p.Ile52Ter,0.54505843270286,0.539945920199009,1.08500435290187,0.0051125125038516
p.Ala367Gly,1.00739641423928,0.0592654265317005,1.06666184077098,0.948130987707579
p.Ile167Ser,0.067151115218113,0.0160977169691495,0.0510533982489635,0.0832488321872625
p.Ile168Gly,0.243726481853422,0.110507276541447,0.354233758394869,0.133219205311974
p.Leu98Arg,0.359090636989676,0.0214563211066589,0.380546958096335,0.337634315883017
p.Lys403=,1.14579603192235,0.1001393174492,1.24593534937155,1.04565671447315
p.Arg215Cys,0.0348143600522934,0.0532459299140122,0.0880602899663056,-0.0184315698617189
p.His155Asn,1.00061611543049,0.0247249643506115,1.0253410797811,0.975891151079877
p.Asp324Ser,0.984465396623541,0.0395723431087564,1.0240377397323,0.944893053514787
p.Phe354Cys,0.144487508019111,0.0586630210037927,0.203150529022904,0.0858244870153186
p.Lys97Met,1.02954431300274,0.104730252669268,1.13427456567201,0.924814060333473
p.His470Gln,1.05783868664719,0.068905753698276,0.988932932948918,1.12674444034547
p.Gln299Arg,1.06593113652765,0.0929186952025435,1.15884983173019,0.973012441325103
p.Ile196Asp,0.0244927014812607,0.0513987730316137,-0.026906071550353,0.0758914745128745
p.Phe237Cys,0.939973777220472,0.0541893519661609,0.994163129186633,0.885784425254311
p.Phe138Leu,0.111201064420948,0.0210982163795339,0.132299280800482,0.0901028480414142
p.Gly314Cys,0.968123392435669,0.0333204196578615,0.934802972777807,1.00144381209353
p.Asp200Met,1.04046712912503,0.0572532040578149,1.09772033318285,0.98321392506722
p.Ile167Tyr,0.500949948899319,0.0897596022533879,0.590709551152707,0.411190346645931
p.Arg427Ser,1.1523772292901,0.0748534578130999,1.2272306871032,1.077523771477
p.Val5Phe,1.05532655857246,0.04159796464815,1.09692452322061,1.01372859392431
p.Leu203Trp,1.21885832214087,0.150834957585925,1.3696932797268,1.06802336455495
p.Arg393=,0.998941842810878,0.0651068761344735,0.933834966676403,1.06404871894535
p.Phe21Val,0.854397448709642,0.0961159791487065,0.758281469560935,0.950513427858348
p.Gln471Arg,1.06742663694579,0.071830526165926,1.13925716311172,0.995596110779868
p.Asp379Pro,1.04404903256781,0.0576237806012009,0.986425251966608,1.10167281316901
p.Arg74Gly,1.0021000738096,0.0725867479418539,1.07468682175145,0.929513325867742
p.Trp164Asn,0.718547001866974,0.0804615323173795,0.638085469549595,0.799008534184354
p.Asp30Asn,1.1850788530756,0.158913146122835,1.34399199919844,1.02616570695277
p.Asp286Arg,0.849773594412497,0.0710699573322439,0.920843551744741,0.778703637080253
p.Ala71Glu,0.58563965740308,0.236733037544085,0.348906619858995,0.822372694947165
p.Pro415Tyr,1.13669080379791,0.0779820745016349,1.21467287829955,1.05870872929628
p.Val453Glu,0.817386458019117,0.239103984463871,1.05649044248299,0.578282473555248
p.Tyr503His,1.06047168082592,0.04214994984376,1.01832173098216,1.10262163066968
p.Lys288Phe,1.07756432900133,0.109136854693446,1.18670118369478,0.968427474307888
p.Ala361Ile,0.302434807257809,0.252336825580182,0.554771632837991,0.0500979816776261
p.Ile35Trp,0.11212368362849,0.0486978703828413,0.0634258132456482,0.160821554011331
p.Ile67Ser,0.0122395706457188,0.0996559940162421,-0.0874164233705233,0.111895564661961
p.Pro223Asn,1.25087146388647,0.135748425573855,1.38661988946033,1.11512303831262
p.Ser84Pro,0.0927444861335405,0.0314885138692504,0.124233000002791,0.0612559722642901
p.Ser448Val,1.02125262955564,0.0437963439284325,0.977456285627205,1.06504897348407
p.Val108Leu,0.812621088878265,0.0027965154939989,0.815417604372264,0.809824573384266
p.Tyr437Lys,0.993470691503128,0.106529915378413,1.10000060688154,0.886940776124713
p.Gly314Lys,1.04821011940744,0.126802635186384,1.17501275459382,0.921407484221052
p.Ser486Pro,0.117949070760043,0.105998064622211,0.0119510061378321,0.223947135382254
p.Thr490Glu,1.1046277877702,0.189365412635579,1.29399320040578,0.915262375134622
p.Ala399Ser,1.15754120368119,0.123532592285375,1.28107379596657,1.03400861139582
p.Asp42Phe,0.979917204646371,0.0982889816718894,1.07820618631826,0.881628222974481
p.Ile196Ala,0.0187480536509702,0.0181640694724324,0.0369121231234027,0.0005839841785378
p.His201Val,0.762873903782448,0.0091242404341279,0.771998144216576,0.75374966334832
p.Gln471Ter,0.0507310656920758,0.0522510031708884,0.102982068862964,-0.0015199374788129
p.Lys360Tyr,1.07660279572656,0.0196663746368049,1.09626917036337,1.05693642108976
p.Arg175Phe,0.839707068098666,0.212580130968162,0.627126937130506,1.05228719906683
p.Phe101Glu,0.0667384414067927,0.0168422019085532,0.0835806433153459,0.0498962394982395
p.Glu389Ter,-0.0759546217609032,0.0844127792818916,-0.160367401042795,0.0084581575209882
p.Gly110Glu,0.12891373664925,0.0088772361765809,0.137790972825831,0.120036500472669
p.Arg330Trp,0.990198177739292,0.0902332476511004,1.08043142539039,0.899964930088189
p.Pro329Lys,1.05132134957557,0.0147774169905449,1.06609876656612,1.03654393258503
p.Gln372Trp,0.792044228235078,0.0011929318576724,0.793237160092751,0.790851296377406
p.Asp435Ser,1.02576702598829,0.0358513335817875,0.989915692406505,1.06161835957008
p.Thr406Ala,1.00440242642942,0.0392310495449379,0.965171376884484,1.04363347597436
p.Glu244Met,0.992089925668918,0.0614100217012215,1.05349994737014,0.930679903967697
p.Arg439Tyr,0.981889664002986,0.0403660064640645,1.02225567046705,0.941523657538921
p.Val376Asn,1.06909442238074,0.0686691218063799,1.13776354418712,1.00042530057436
p.Tyr197Arg,0.0685466242155775,0.020234042992574,0.0483125812230035,0.0887806672081516
p.Gly310Ala,0.982746583135123,0.0475056727729165,1.03025225590804,0.935240910362207
p.Trp509Leu,1.07608572037644,0.0039916153852699,1.08007733576171,1.07209410499117
p.Arg285Lys,0.971167936823262,0.208457276522369,1.17962521334563,0.762710660300892
p.Gly310Phe,0.539404762543993,0.0232582921204534,0.516146470423539,0.562663054664446
p.Tyr202Glu,1.10724810423157,0.043419525468345,1.15066762969992,1.06382857876323
p.Arg104Met,0.86834747939633,0.10950288542481,0.977850364821141,0.75884459397152
p.Ser40Ile,0.850787062794662,0.0989586578423129,0.949745720636975,0.751828404952349
p.Phe216Ter,0.0033596526747655,0.0352834473171101,-0.0319237946423446,0.0386430999918758
p.Arg166Pro,0.13393015157257,0.0782960938348537,0.212226245407424,0.0556340577377165
p.Asn165Thr,1.03005118986968,0.0683018954901635,1.09835308535984,0.961749294379513
p.Asn122Glu,0.861239841140574,0.207503541544736,0.653736299595837,1.06874338268531
p.Lys275Ter,0.286124911426443,0.266730318781845,0.552855230208289,0.0193945926445978
p.Gly110Asp,-0.0001511033216994,0.0477797105396853,-0.0479308138613848,0.0476286072179859
p.Val328Ala,0.832835743749515,0.0673950416648094,0.900230785414325,0.765440702084706
p.Glu347Phe,0.771645009236486,0.0359388549344249,0.807583864170911,0.735706154302061
p.Gln161Ter,0.329116777178031,0.304570826612395,0.633687603790426,0.0245459505656351
p.Ile196Lys,-0.011203483972443,0.0292115445607178,-0.0404150285331609,0.0180080605882748
p.Ala277Glu,1.15542886646093,0.0069446684598399,1.14848419800109,1.16237353492077
p.Cys269Gly,1.05852524156683,0.02058482693185,1.03794041463498,1.07911006849868
p.Asn301Leu,1.02646374296494,0.075625753985956,1.1020894969509,0.950837988978988
p.Gly41Val,0.314131134143099,0.0534527914272744,0.260678342715824,0.367583925570373
p.Glu252His,1.02022640130478,0.150836963434932,1.17106336473971,0.869389437869845
p.Gln395Leu,1.15935853045208,0.064298824281945,1.22365735473403,1.09505970617014
p.Val259Asp,0.863365974281344,0.107962892592668,0.971328866874012,0.755403081688676
p.Met260Trp,0.123934865965499,0.0745646500956966,0.198499516061196,0.0493702158698028
p.Phe34Asp,0.0918782972667603,0.0692985725903537,0.0225797246764065,0.161176869857114
p.Cys269Phe,0.335634637281679,0.211517011308311,0.54715164858999,0.124117625973368
p.Val453=,1.04140815779979,0.01911037475003,1.06051853254982,1.02229778304976
p.Val12Ter,-0.103480490149427,0.0947742201509671,-0.198254710300394,-0.0087062699984596
p.Tyr343Val,0.69005604014294,0.00430712374606,0.694363163889,0.68574891639688
p.Glu368Gln,0.811470053083539,0.0014949986605344,0.809975054423005,0.812965051744074
p.Ala272Ile,0.565171788216849,0.128232557664607,0.693404345881456,0.436939230552242
p.Leu60Arg,0.868957928043931,0.15485302336024,1.02381095140417,0.714104904683689
p.Leu420Gly,0.865392413453152,0.0436810092372029,0.821711404215949,0.909073422690355
p.Lys407Tyr,1.24297391489538,0.0696657223032299,1.31263963719861,1.17330819259215
p.Gly351Leu,0.251991461160037,0.015709310372377,0.23628215078766,0.267700771532414
p.Leu268Trp,0.0789934781938036,0.104751859708399,-0.0257583815145954,0.183745337902203
p.Leu362Gly,0.139410850745329,0.107621006324928,0.247031857070257,0.0317898444204003
p.Glu364Lys,1.12823343851991,0.001268504500055,1.12696493401986,1.12950194301997
p.Val291Asn,0.0205154811605338,0.0500236686770102,-0.0295081875164765,0.070539149837544
p.Ile154Lys,0.0815971646301223,0.0338817700289199,0.0477153946012022,0.115478934659042
p.Tyr139Asn,0.219822810844906,0.0925122662194955,0.312335077064401,0.12731054462541
p.Glu389Ile,0.317323255468102,0.0188692602000124,0.336192515668115,0.29845399526809
p.Met260Asn,0.205455319762503,0.0133350296206659,0.192120290141837,0.218790349383169
p.Val369Tyr,0.703070372845495,0.039179431554555,0.66389094129094,0.74224980440005
p.Ile355His,0.309369925155611,0.0197507507366274,0.289619174418983,0.329120675892238
p.Ser84Tyr,0.99288096538246,0.0202563689671415,0.972624596415317,1.0131373343496
p.Leu203Lys,1.02166069451701,0.170895127973921,1.19255582249093,0.850765566543088
p.Val394Trp,1.19228460718166,0.040259263419185,1.23254387060085,1.15202534376248
p.Leu371Asp,0.193363114824406,0.147611954879148,0.0457511599452578,0.340975069703554
p.Glu156Met,1.05530528594518,0.0634343834929874,1.11873966943817,0.991870902452195
p.Asn388Asp,1.14367444654899,0.053695247388585,1.19736969393757,1.0899791991604
p.Phe34Cys,1.08853986618892,0.032712751939575,1.12125261812849,1.05582711424934
p.Tyr249Ile,1.2509506938661,0.08275272278425,1.33370341665035,1.16819797108185
p.Gln266Cys,0.977207641527639,0.0707408703057829,1.04794851183342,0.906466771221854
p.Ser455Tyr,0.729397571628279,0.094324497431989,0.823722069060268,0.63507307419629
p.Val431Ter,0.0994118238661907,0.109938378032506,0.209350201898697,-0.0105265541663155
p.Val12Asp,0.848835057864546,0.0056138729745954,0.854448930839142,0.843221184889951
p.Ser188Glu,1.08052533685432,0.0255661854065499,1.05495915144777,1.10609152226087
p.Glu419=,0.95457518997768,0.0574390903133389,0.897136099664342,1.01201428029102
p.Gln395Ser,1.03738420951837,0.0180052439229749,1.0193789655954,1.05538945344135
p.Ala90Arg,0.495493172970873,0.0677720933468979,0.563265266317771,0.427721079623975
p.Gly248Pro,1.17211679708014,0.0845750303893499,1.25669182746949,1.08754176669079
p.Lys82Asn,0.979796423345328,0.131965492233771,1.1117619155791,0.847830931111558
p.Ile199Leu,0.938965249255217,0.110174328093742,0.828790921161476,1.04913957734896
p.Leu16Ala,0.770598748378005,0.0827066100688049,0.6878921383092,0.85330535844681
p.Thr31=,1.03518997355909,0.01243093936687,1.04762091292596,1.02275903419222
p.Tyr308Gly,0.312457123072452,0.233405045910658,0.54586216898311,0.0790520771617939
p.Glu274Gly,0.858512639584935,0.0185699473081145,0.83994269227682,0.877082586893049
p.Asn426Gln,0.938865157336604,0.023903987160237,0.914961170176367,0.962769144496841
p.Val68Asn,-0.0134518683911403,0.0764224989522197,-0.08987436734336,0.0629706305610795
p.Lys293Glu,0.948686821876082,0.0182536419760334,0.930433179900049,0.966940463852116
p.Phe241Val,1.22890915976112,0.162775636925635,1.39168479668676,1.06613352283549
p.Lys275Met,1.05906058038524,0.0270472326261649,1.03201334775907,1.0861078130114
p.Arg427Phe,1.07487448175176,0.0967034044990919,1.17157788625085,0.978171077252666
p.Leu43Trp,1.12822391798604,0.07934454565264,1.20756846363868,1.0488793723334
p.Phe381Glu,0.391758780688124,0.205949932050258,0.597708712738382,0.185808848637865
p.Ser40Trp,0.627468677899125,0.0333994378006825,0.660868115699807,0.594069240098442
p.Glu504His,1.02388360491352,0.100448034521205,1.12433163943472,0.92343557039231
p.Ile256Trp,0.0554306519480223,0.0616163746646885,0.117047026612711,-0.0061857227166661
p.Tyr343Lys,0.961859326459561,0.042133860254588,1.00399318671415,0.919725466204974
p.Phe381Ser,0.360126297222292,0.225798116949872,0.585924414172164,0.13432818027242
p.Met267Lys,0.647364524671632,0.001580156937241,0.645784367734391,0.648944681608873
p.Arg166Asp,0.0165758310945459,0.0842791071564582,-0.0677032760619125,0.100854938251004
p.Asp114Ile,0.809941667730379,0.0312900515675264,0.841231719297906,0.778651616162853
p.Met267His,0.989141870972884,0.088029316343868,1.07717118731675,0.901112554629014
p.Glu19Phe,0.685723546998924,0.178786579161393,0.506936967837531,0.864510126160316
p.Gly247Arg,0.939105814882729,0.052427320348839,0.88667849453389,0.991533135231568
p.Tyr343Met,0.986175785092109,0.0410282760322105,1.02720406112432,0.945147509059899
p.Glu170Val,0.942622678831602,0.317960522710837,1.26058320154244,0.624662156120766
p.Leu55His,0.671451598388949,0.000677688334274,0.670773910054675,0.672129286723223
p.Asn185Ile,0.966379864091001,0.0411289193817215,1.00750878347272,0.925250944709277
p.Arg166Phe,0.0026034906385949,0.15397340604113,-0.151369915402535,0.156576896679725
p.Arg393Met,1.12414184761819,0.1140614875102,1.23820333512839,1.01008036010799
p.Phe66Lys,0.999674430229766,0.0581722391819725,1.05784666941174,0.941502191047795
p.Phe413Pro,1.13191289971845,0.0947766694898849,1.22668956920833,1.03713623022856
p.Asn280Trp,1.0133475293296,0.0606856656915309,1.07403319502113,0.952661863638068
p.Asn126Ser,1.03307163678466,0.01875470743613,1.05182634422079,1.01431692934853
p.Asp100Trp,0.632858899286918,0.169845609625238,0.46301328966168,0.802704508912156
p.Ala361Asn,0.113253138052218,0.0576864125965442,0.170939550648762,0.0555667254556736
p.Gly242Ile,0.554234809235039,0.124807262506664,0.679042071741703,0.429427546728375
p.Arg257Cys,1.04383690314575,0.057859417431745,1.1016963205775,0.98597748571401
p.Thr91Val,1.07322119777195,0.049047102941,1.12226830071295,1.02417409483095
p.Thr10Phe,0.922621115472259,0.084481386941513,1.00710250241377,0.838139728530744
p.Ala2Cys,1.03111044050904,0.023170581357885,1.00793985915116,1.05428102186693
p.Arg219Cys,1.07100837334428,0.03567119252138,1.10667956586566,1.0353371808229
p.Phe501His,1.19537828670031,0.103194490388,1.29857277708831,1.09218379631231
p.Ala461=,1.02847801069273,0.170835762281178,1.19931377297391,0.857642248411555
p.Gln178Asn,1.02928124792821,0.131653940443306,1.16093518837152,0.897627307484907
p.Glu315Arg,1.09509383929092,0.0622659746492949,1.15735981394021,1.03282786464162
p.Cys13Phe,0.929671929378276,0.009222948190097,0.938894877568373,0.920448981188179
p.Ala461Asn,1.14582395578004,0.11206161173525,1.25788556751529,1.03376234404479
p.Met125Tyr,-0.0045884410101562,0.0917141577628246,-0.0963025987729809,0.0871257167526684
p.Ala90Pro,0.739341273995751,0.0643485328376469,0.674992741158104,0.803689806833398
p.Leu203Thr,1.22939693641992,0.02475046019016,1.25414739661008,1.20464647622976
p.His129Asn,1.09662830547065,0.146199385475534,1.24282769094619,0.950428919995121
p.Gly410Ile,0.961659434655129,0.0503195351026715,1.0119789697578,0.911339899552457
p.Leu440Gln,1.33790026287721,0.0650438383130649,1.40294410119028,1.27285642456415
p.Ile480His,0.971824150820019,0.0094340308562844,0.962390119963735,0.981258181676304
p.Ile67Asn,0.0243344363906322,0.114914594171449,-0.0905801577808165,0.139249030562081
p.Lys288Glu,0.823015223089631,0.0773577101923689,0.900372933282,0.745657512897262
p.Leu235Arg,0.234447513578204,0.0051667405167469,0.239614254094951,0.229280773061457
p.Tyr147Ter,0.151715712656608,0.0929718771874572,0.244687589844065,0.0587438354691506
p.Arg257Phe,0.386272392049146,0.14842014807811,0.534692540127257,0.237852243971036
p.Thr402Asn,0.657323809892764,0.0362224704760359,0.621101339416728,0.6935462803688
p.Gly174Gln,0.742740391237043,0.038353734300887,0.78109412553793,0.704386656936156
p.Met260Tyr,0.254225588336121,0.175006778557812,0.429232366893933,0.0792188097783096
p.Val328Lys,0.876508859801527,0.105022995847348,0.981531855648876,0.771485863954179
p.Glu94Asn,0.745874579512762,0.0484156946414535,0.794290274154215,0.697458884871308
p.Cys358Asp,0.327859706057087,0.0591408774825279,0.268718828574559,0.387000583539615
p.Ile392Tyr,1.205649691847,0.0922719059456699,1.29792159779267,1.11337778590133
p.Gln195Phe,0.204264572046764,0.0840805628590394,0.288345134905803,0.120184009187724
p.Ser278Met,0.875098765431311,0.16286824490871,1.03796701034002,0.7122305205226
p.Ala339Gln,1.05294458874284,0.0227860828235599,1.0757306715664,1.03015850591928
p.Thr76Phe,0.721467306839863,0.08913715148793,0.810604458327793,0.632330155351933
p.Asn311Gln,0.904159223589374,0.0298504130074949,0.934009636596869,0.874308810581879
p.Glu416Trp,0.833565465856321,0.0818895284581855,0.751675937398135,0.915454994314506
p.Lys45Val,0.91945530569734,0.0157863874646799,0.93524169316202,0.90366891823266
p.Val499Phe,1.00247876369306,0.041320195795898,1.04379895948896,0.961158567897164
p.Ala399Lys,1.12212816456905,0.0401071461259749,1.08202101844308,1.16223531069503
p.Lys366Glu,1.24451619564377,0.0207670997888049,1.26528329543257,1.22374909585496
p.Thr406Leu,1.07670845721721,0.0793268311080325,1.15603528832524,0.997381626109175
p.Leu474Asn,0.950467450084039,0.110403070262808,0.840064379821233,1.06087052034685
p.Ser455Trp,0.859052729259974,0.0496662467843875,0.908718976044361,0.809386482475586
p.Ala277His,1.09434546355201,0.0371481132314399,1.05719735032057,1.13149357678345
p.Asn346His,0.95427832141877,0.0884946263141704,1.04277294773294,0.865783695104599
p.Ser29Cys,1.1053431436538,0.141079647532674,1.24642279118648,0.964263496121132
p.Ser160Cys,0.918222796306803,0.0267627320527449,0.944985528359548,0.891460064254058
p.Asn126Leu,1.06997684383115,0.0349598870150849,1.10493673084624,1.03501695681607
p.Glu504Pro,1.03868937383254,0.119879510214322,1.15856888404686,0.918809863618216
p.Ala436Val,0.841371638947098,0.261473684067294,0.579897954879801,1.10284532301439
p.Lys366Thr,1.14911905831421,0.0412262337335249,1.19034529204773,1.10789282458068
p.Pro172Gln,0.789413899614357,0.0608784144776264,0.850292314091983,0.72853548513673
p.Ala2Gly,0.931781067194726,0.103834654069603,0.827946413125125,1.03561572126433
p.Asn185Met,1.05908683366307,0.0466573610407949,1.10574419470386,1.01242947262227
p.Ser486His,0.779580682140081,0.024261994496706,0.803842676636787,0.755318687643375
p.Ile15Ala,0.441085178524163,0.531069588680694,-0.0899844101565308,0.972154767204858
p.Thr490Phe,0.960154456739893,0.0398732023251064,0.920281254414787,1.000027659065
p.Ser296Met,0.714298354151433,0.027963918058907,0.686334436092526,0.74226227221034
p.Glu368Ile,0.341295141725293,0.061333248530614,0.402628390255907,0.279961893194679
p.Gly69Phe,0.142865348156663,0.0866441571736928,0.0562211909829702,0.229509505330356
p.Phe250Ter,-0.0618791296458057,0.0138280243226745,-0.0757071539684803,-0.0480511053231311
p.Tyr401Thr,1.06225616423849,0.0175589738078248,1.04469719043067,1.07981513804632
p.His186Phe,1.04842370869568,0.212349027126723,1.26077273582241,0.836074681568963
p.Cys358Trp,0.733187423147296,0.156044537974316,0.889231961121611,0.57714288517298
p.Ile196Thr,0.792244817578101,0.0567166006054925,0.848961418183594,0.735528216972609
p.Ala44Ter,-0.0246484367768317,0.0291168443156241,-0.0537652810924559,0.0044684075387924
p.Glu473Arg,1.09400718475785,0.0060303471398249,1.10003753189768,1.08797683761803
p.Pro62Ile,0.482116573921512,0.183690110552781,0.665806684474293,0.298426463368732
p.Gln22Trp,0.994036778553715,0.037620488769484,0.956416289784232,1.0316572673232
p.Leu356Gln,0.0232361346898143,0.071599464721681,-0.0483633300318667,0.0948355994114953
p.Phe501Ser,1.14110522511449,0.001913516316215,1.14301874143071,1.13919170879828
p.Ile35Asn,0.496697581255853,0.055603952847341,0.441093628408512,0.552301534103194
p.Phe221His,0.68666618069676,0.0187812468354894,0.66788493386127,0.705447427532249
p.Val298Pro,1.00306760200292,0.0336279272853904,1.03669552928831,0.969439674717529
p.Arg81Val,0.763827827184479,0.0439476999990174,0.719880127185461,0.807775527183496
p.Arg348Met,1.08962177248387,0.039951807713745,1.12957358019762,1.04966996477013
p.Arg9Lys,0.831995586546839,0.1424978752406,0.689497711306239,0.974493461787439
p.Pro512Thr,1.10001054456878,0.0804158872109649,1.18042643177974,1.01959465735781
p.Arg348Leu,1.00002733688497,0.0321935459716764,0.967833790913287,1.03222088285664
p.Pro92Lys,1.01883156730952,0.031204840162931,0.987626727146588,1.05003640747245
p.Ala6Pro,0.910786991715973,0.066577596615194,0.844209395100779,0.977364588331167
p.Arg459Leu,1.02096517570461,0.231430650424985,1.25239582612959,0.78953452527962
p.Leu390Cys,0.917592848740855,0.0845515705954335,1.00214441933629,0.833041278145423
p.His27Val,1.00166397524842,0.06354627861162,1.06521025386004,0.9381176966368
p.Arg72Ter,0.0916737030745382,0.147354498667456,0.239028201741994,-0.055680795592918
p.Trp54Asp,1.01960389933224,0.0274491913831735,1.04705309071541,0.992154707949063
p.Ala436His,1.1489468270116,0.10904783337659,1.25799466038819,1.03989899363501
p.Gln22Ser,1.0453101711307,0.00888987199002,1.03642029914068,1.05420004312072
p.Phe241Arg,1.10856884394062,0.045705263827435,1.15427410776805,1.06286358011318
p.Pro92Ter,0.0719236601841759,0.046767341538037,0.118691001722213,0.0251563186461389
p.Asn346Glu,0.294685227734091,0.004824648818815,0.299509876552906,0.289860578915276
p.Asn210Tyr,0.79146779540797,0.0826389570055555,0.874106752413526,0.708828838402415
p.Arg393Cys,1.17479349277316,0.0677338738378199,1.24252736661098,1.10705961893534
p.Val303Met,0.90228118429255,0.0018977952513695,0.90038338904118,0.904178979543919
p.Val444Tyr,0.0954990495287368,0.0389368894355503,0.134435938964287,0.0565621600931863
p.Asp325Ile,0.955271695977537,0.0403684053097265,0.914903290667811,0.995640101287264
p.Asp313Phe,1.16196017273147,0.129856919137445,1.03210325359402,1.29181709186891
p.Val150Leu,0.857047100651687,0.0226874197104204,0.879734520362107,0.834359680941266
p.Ala141=,0.940877993619966,0.0020099410561045,0.938868052563862,0.942887934676071
p.Glu416Cys,0.911105170355491,0.0053803590983165,0.905724811257175,0.916485529453808
p.Pro409Cys,1.24099719347847,0.052765895433305,1.29376308891177,1.18823129804516
p.Lys497Arg,1.11151987354415,0.081824789952,1.19334466349615,1.02969508359215
p.Arg74Ser,0.984607397540304,0.0286269953279459,0.955980402212358,1.01323439286825
p.Asp282His,1.05310065295441,0.135975488792009,1.18907614174642,0.917125164162402
p.Ala338His,0.480360890753128,0.138971276723271,0.619332167476399,0.341389614029856
p.Gly500Ala,1.03343206340036,0.0272026583883699,1.00622940501199,1.06063472178873
p.Leu433Ala,1.27747761473785,0.143691527158135,1.42116914189599,1.13378608757972
p.Val298His,0.612519242889996,0.0757632932598355,0.688282536149832,0.536755949630161
p.Ala300Ile,1.12553405377072,0.09532383302306,1.22085788679378,1.03021022074766
p.Gly242Gln,0.684807756279524,0.171151739579365,0.85595949585889,0.513656016700159
p.Leu61Asn,-0.0138562387738444,0.104948659713803,-0.118804898487647,0.0910924209399584
p.Phe373His,0.208206038024276,0.0272919894123084,0.235498027436584,0.180914048611967
p.Phe354Tyr,0.552023575295149,0.152295552978794,0.704319128273943,0.399728022316356
p.Pro172Ile,0.937213346956874,0.187011684901194,1.12422503185807,0.750201662055682
p.Leu268Ala,1.04788174321961,0.0681183076921504,1.11600005091176,0.979763435527459
p.Tyr112Arg,0.595841281341144,0.21051026522243,0.806351546563575,0.385331016118714
p.Lys476Cys,1.13200514323654,0.0153604632007049,1.14736560643725,1.11664468003584
p.Asn346Thr,0.700131038884686,0.159502208777655,0.540628830107031,0.859633247662342
p.Leu235Pro,0.177332717922858,0.0236740303740585,0.153658687548799,0.201006748296916
p.Ile67Glu,-0.0505621832915499,0.128568927218962,-0.179131110510512,0.0780067439274125
p.Phe413Arg,0.917803650866301,0.0649210136563775,0.852882637209924,0.982724664522679
p.Trp225Tyr,0.910543119400445,0.0323160679757305,0.942859187376175,0.878227051424714
p.Met450Cys,0.721022041305838,0.238859881409603,0.482162159896235,0.959881922715441
p.Glu170Ala,1.03648700393786,0.0973328975602004,1.13381990149806,0.939154106377659
p.Trp225Thr,-0.0251069938912525,0.0152441612056052,-0.0403511550968578,-0.0098628326856472
p.Ser40Asn,0.677223821078408,0.120352657756042,0.556871163322366,0.79757647883445
p.Asp24Ser,0.863973831121899,0.234978312143869,1.09895214326577,0.628995518978031
p.Ala149Gln,0.772948045490773,0.131944738866958,0.641003306623815,0.904892784357731
p.Ser448Glu,1.14333677539127,0.0080278803542749,1.15136465574555,1.135308895037
p.Gly488Ter,-0.0709467078044914,0.0883763431629768,-0.159323050967468,0.0174296353584856
p.Glu99Thr,0.816296304649791,0.0417390885303364,0.858035393180127,0.774557216119454
p.Tyr507Trp,1.1592936626163,0.139558238519175,1.29885190113547,1.01973542409712
p.Tyr197Gln,0.0636527691427366,0.012335809988317,0.0759885791310537,0.0513169591544195
p.Phe26His,0.948752609177698,0.0549112453180729,0.893841363859624,1.00366385449577
p.Ala25Ser,1.12380888425439,0.144685156090668,1.26849404034506,0.979123728163724
p.Val284Trp,1.13402343174576,0.105234457911505,1.23925788965726,1.02878897383425
p.Val146Arg,1.13180986921671,0.07143994032982,1.20324980954653,1.06036992888689
p.Val150=,1.02231383887508,0.0168109668305149,1.00550287204457,1.0391248057056
p.Glu63Phe,0.983719400643011,0.0435157728443884,1.0272351734874,0.940203627798623
p.Gln4His,1.02280405627304,0.0874298052668249,1.11023386153987,0.93537425100622
p.Pro92Gly,1.03475265284125,0.0442577076211064,1.07901036046236,0.990494945220147
p.Ala300Gly,1.02335882558134,0.0558327642099765,0.967526061371367,1.07919158979132
p.Pro326His,0.915731066874419,0.0946364606696624,0.821094606204755,1.01036752754408
p.His201Phe,0.87556707486692,0.031506492055052,0.907073566921972,0.844060582811868
p.Asn229Val,0.72479722850836,0.0462137249406585,0.771010953449019,0.678583503567702
p.Asn229Met,0.53338540540118,0.224755068784468,0.308630336616712,0.758140474185648
p.Asp258Trp,1.1569255549955,0.04880752057552,1.20573307557102,1.10811803441998
p.Thr151Phe,0.979118030136082,0.0121932622031155,0.966924767932966,0.991311292339197
p.Ile187=,0.880021752022006,0.143538660788595,0.73648309123341,1.0235604128106
p.Met159Ser,1.08843188245071,0.150273150129363,1.23870503258008,0.938158732321354
p.Arg198Val,0.82870467764792,0.156974627260172,0.985679304908092,0.671730050387748
p.Asp313Ser,1.02956492262084,0.0844558067737725,1.11402072939461,0.945109115847065
p.Cys294Asn,0.935852893589146,0.0600325459619249,0.875820347627221,0.995885439551071
p.Phe373Gln,0.657973671174924,0.448519058553064,1.10649272972799,0.209454612621862
p.Arg257Met,0.911288090893526,0.0950639391175159,1.00635203001104,0.816224151776008
p.Phe34Glu,0.195445496743634,0.0477741091430109,0.243219605886645,0.147671387600623
p.Ala141His,0.708614537899057,0.0974545394179109,0.806069077316968,0.611159998481146
p.Glu193Gln,0.674406286303649,0.230726534601202,0.905132820904852,0.443679751702447
p.Leu268Pro,0.35050391437775,0.0696443813493784,0.420148295727129,0.280859533028372
p.Ser132Ala,0.850115348763455,0.0748299353532204,0.775285413410235,0.924945284116676
p.Phe191Met,0.789253963285171,0.046026470246653,0.835280433531824,0.743227493038518
p.Gly163Gln,0.0630126057494311,0.0029334036674339,0.0659460094168651,0.0600792020819972
p.Arg17Trp,0.601379349232323,0.241999601034019,0.359379748198304,0.843378950266343
p.Cys358Val,0.827254350242585,0.0038726246035374,0.831126974846123,0.823381725639048
p.Phe250Asn,0.696663351801972,0.108241414424252,0.804904766226224,0.588421937377721
p.Glu364Ile,0.986685685330664,0.065976483716417,1.05266216904708,0.920709201614246
p.Pro479Phe,0.272861346101698,0.140592484083513,0.413453830185212,0.132268862018185
p.Gly222Pro,0.854486791441319,0.0510629000315654,0.803423891409753,0.905549691472884
p.Arg198Cys,0.516375744698223,0.076923719673428,0.439452025024795,0.593299464371651
p.Phe381Thr,0.499224492865157,0.233151464561378,0.732375957426535,0.266073028303778
p.Gly314Ile,0.965998984857142,0.0112638720134289,0.954735112843713,0.977262856870571
p.Val289His,0.856250564876011,0.153739474942658,0.702511089933354,1.00999003981867
p.His374Arg,1.04907839891998,0.0544773815884509,0.994601017331528,1.10355578050843
p.Val510Gln,0.894933817831116,0.0911049126082915,0.803828905222825,0.986038730439408
p.Leu137Lys,0.141523863704301,0.032130683101842,0.173654546806143,0.109393180602459
p.Ser73Phe,0.718217013265951,0.104787810325226,0.613429202940725,0.823004823591177
p.Leu60Ser,0.674832997772219,0.0760875763160775,0.750920574088296,0.598745421456141
p.Ile80Glu,0.167701518101666,0.061603503025732,0.106098015075934,0.229305021127398
p.Lys320Ile,0.952295906581435,0.003491707276139,0.948804199305296,0.955787613857574
p.Ala127Ile,0.98298988873057,0.0403217758578109,1.02331166458838,0.942668112872758
p.Thr243Tyr,0.98041799654283,0.0230414980300525,1.00345949457288,0.957376498512775
p.Ala109Lys,0.988410498066666,0.0400331528039125,1.02844365087058,0.948377345262755
p.Ile80Leu,1.08401628511492,0.03595037769506,1.11996666280998,1.04806590741986
p.Val213Asp,1.18241649234744,0.278853443731113,1.46126993607855,0.903563048616324
p.Ile80Phe,1.0221598917059,0.0871264130773584,1.10928630478326,0.935033478628543
p.His382Arg,1.20232766362955,0.209681589004851,1.4120092526344,0.992646074624697
p.Val169Asp,0.14452252052948,0.118464333613265,0.262986854142745,0.0260581869162143
p.Ala318Pro,1.006486621639,0.100709877272545,1.10719649891154,0.90577674436645
p.Lys275His,1.04339235191948,0.168855986441244,1.21224833836072,0.874536365478232
p.Tyr503Ter,1.549200617439,0.147045834997595,1.6962464524366,1.40215478244141
p.Ala300Gln,0.80184832596104,0.126158006333108,0.675690319627932,0.928006332294149
p.Met159Pro,0.798022307687219,0.13062259366375,0.928644901350969,0.667399714023469
p.Thr151Leu,0.864882700895819,0.04294945949438,0.907832160390199,0.821933241401439
p.Gly314Asp,0.454279228638177,0.307941118442328,0.146338110195849,0.762220347080506
p.Arg285Ala,0.938853528953928,0.199561864212823,1.13841539316675,0.739291664741103
p.Ile483Arg,1.05519740136671,0.0566398053959255,1.11183720676264,0.998557595970789
p.Gly69Asn,0.78667231800155,0.216673166333148,1.0033454843347,0.569999151668404
p.Leu362Tyr,0.0681737300072152,0.073049591126871,-0.004875861119656,0.141223321134086
p.Ala339Val,0.927227407395691,0.022102697709352,0.949330105105043,0.905124709686339
p.Gly316Cys,1.02706947845916,0.016705415864175,1.04377489432333,1.01036406259498
p.Asp282Cys,0.930178677986596,0.0223421803801995,0.907836497606396,0.952520858366795
p.Lys275Pro,1.11171155353721,0.01049168843028,1.12220324196749,1.10121986510693
p.Asp114Val,1.0121119077252,0.164273486205719,1.17638539393092,0.847838421519481
p.Val68Leu,0.562984925559152,0.176006484012988,0.386978441546164,0.73899140957214
p.Pro223Cys,0.975446695915355,0.102194812518747,1.0776415084341,0.873251883396606
p.Asp421Phe,1.09780804763576,0.238879499852176,1.33668754748794,0.858928547783587
p.Ser296Val,0.79677767641099,0.057302542260027,0.739475134150963,0.854080218671017
p.Ala39Gly,0.771973219943018,0.188457343920628,0.960430563863647,0.58351587602239
p.Lys407Asp,0.994906359817315,0.0727458979787264,1.06765225779604,0.922160461838587
p.Gln195Glu,0.955603892969734,0.0544638811987934,0.901140011770943,1.01006777416853
p.Glu457=,1.1835728488278,0.0697161028889999,1.2532889517168,1.1138567459388
p.Ser486Cys,0.759358311943583,0.147770368481875,0.611587943461708,0.907128680425458
p.Gln28Trp,1.0820207615863,0.0545178848287699,1.13653864641507,1.02750287675753
p.Ala277Trp,1.08588086281778,0.118663780233918,1.2045446430517,0.967217082583863
p.Lys429Asn,0.959419423679224,0.047564793787444,0.911854629891782,1.00698421746667
p.Ile224Trp,0.693721530512017,0.194180638447925,0.887902168959942,0.499540892064092
p.Leu128Met,0.998982719662652,0.0498536873034764,1.04883640696613,0.949129032359177
p.Ala90Trp,0.876633155841905,0.0055978109150999,0.882230966757005,0.871035344926805
p.Thr31Met,0.965156400382301,0.051529894098898,0.913626506283404,1.0166862944812
p.Gly41Thr,1.09175773423313,0.0027307874590399,1.08902694677409,1.09448852169217
p.Glu317Ile,1.03341932921024,0.0403441466120474,1.07376347582229,0.993075182598195
p.Glu3Gln,0.91765346231119,0.0419700512250684,0.959623513536259,0.875683411086122
p.Gln4Phe,0.889641998791802,0.052228387137132,0.941870385928934,0.83741361165467
p.Ser188=,1.12975526129091,0.073840278875665,1.20359554016657,1.05591498241524
p.Ala492Asp,0.594859849258944,0.165583009190324,0.760442858449269,0.42927684006862
p.Glu170Pro,1.08306455319556,0.0320320697216549,1.11509662291722,1.05103248347391
p.His32=,0.988009306790002,0.0586439933525774,0.929365313437425,1.04665330014258
p.His155Thr,0.812118158345272,0.0893421157821185,0.90146027412739,0.722776042563153
p.Thr76Arg,0.989866779188278,0.0922227183100794,1.08208949749836,0.897644060878201
p.Arg17Ile,0.926475089845775,0.247204761785524,1.1736798516313,0.679270328060251
p.Gly131Lys,0.844537990769956,0.0106239933001749,0.855161984070131,0.833913997469781
p.Thr319Gly,0.951820717287688,0.0171597811498779,0.93466093613781,0.968980498437566
p.Asp325Tyr,0.877557161281725,0.018455734866988,0.896012896148713,0.859101426414737
p.Val271Ile,1.07974267167186,0.0366992903959049,1.11644196206777,1.04304338127596
p.Asp286His,0.672987301120635,0.277740595771494,0.395246705349141,0.950727896892129
p.Val77Gln,0.813770692987275,0.128034711329596,0.941805404316872,0.685735981657679
p.Ser179Asp,0.832267311980575,0.0772905815875644,0.754976730393011,0.90955789356814
p.Glu148Ile,1.06876305849474,0.188601766948788,1.25736482544353,0.880161291545954
p.Gln119Asn,1.01345138353374,0.0875707464457785,1.10102212997952,0.925880637087963
p.Cys232Glu,0.822346307870384,0.123569946068243,0.945916253938627,0.698776361802142
p.Met273Ile,0.893284181588665,0.0790859217828349,0.9723701033715,0.81419825980583
p.Lys366Pro,0.324349626394698,0.07099448668079,0.395344113075488,0.253355139713908
p.Gly222Asn,1.04293592429789,0.0679007092127059,0.975035215085188,1.1108366335106
p.Gly23Thr,1.25705203070197,0.0642629764904499,1.32131500719242,1.19278905421152
p.Val309His,0.928562524934773,0.0307959676509049,0.959358492585678,0.897766557283868
p.Ala78Gln,0.961760937565105,0.146206167183994,1.1079671047491,0.815554770381112
p.Ile187Ser,0.855958823923709,0.0237029708049469,0.879661794728656,0.832255853118762
p.Val352=,1.1280951420441,0.210157867972956,1.33825301001706,0.917937274071147
p.Ile80Asn,0.115411692746178,0.0214216161049901,0.0939900766411877,0.136833308851168
p.Met450Lys,0.716163807312508,0.133784124161907,0.849947931474415,0.582379683150601
p.Ala141Ser,1.01645307408078,0.0292924238694855,1.04574549795026,0.987160650211289
p.Ile483Asp,1.028834041712,0.070457067369841,1.09929110908184,0.958376974342158
p.Lys82Gly,0.85302573882303,0.0416313648553794,0.811394373967651,0.89465710367841
p.Ser184Met,0.916484601466129,0.0117053095865204,0.904779291879608,0.928189911052649
p.Gly331Ile,1.00341873713814,0.0232115842399175,1.02663032137806,0.980207152898225
p.Ser117Arg,0.698933259783989,0.0170418285488554,0.681891431235134,0.715975088332845
p.Val5Thr,0.938824070020007,0.064695590435515,0.87412847958449,1.00351966045552
p.Ala103Cys,0.817590491171551,0.153524861869534,0.664065629302017,0.971115353041085
p.Val169Ile,0.969245660345502,0.0478107252496774,1.01705638559518,0.921434935095825
p.Arg393Gln,1.11951664497774,0.0255820485800749,1.14509869355782,1.09393459639767
p.Trp54Cys,0.963423913599278,0.0951673938664629,0.868256519732814,1.05859130746574
p.Gln178Lys,1.06483886806682,0.065753087608588,1.13059195567541,0.999085780458234
p.Leu362Ala,0.750340066268044,0.112867696502306,0.863207762770349,0.637472369765738
p.Ala103His,1.05171366362557,0.0736750752079289,1.1253887388335,0.978038588417642
p.Phe26Leu,0.534216158288145,0.504211713486574,0.0300044448015711,1.03842787177472
p.Ala44Thr,0.409739768630659,0.097081620745849,0.506821389376508,0.31265814788481
p.Lys497Cys,1.17246967354451,0.12723265213569,1.2997023256802,1.04523702140882
p.Lys97Leu,0.932643995890862,0.158466765937529,0.774177229953332,1.09111076182839
p.Phe452Ala,0.552938073426919,0.0366675125593919,0.516270560867527,0.589605585986311
p.Asp114Gly,0.833602016468456,0.029121025618356,0.862723042086812,0.8044809908501
p.Asn135Ser,0.766266673693733,0.282366397629857,0.483900276063875,1.04863307132359
p.His32Ile,1.15129758056594,0.0400118880736749,1.19130946863961,1.11128569249226
p.Pro143Trp,0.801513522693551,0.116885130695083,0.918398653388634,0.684628391998468
p.Ser180Trp,0.70434499335197,0.047575159268952,0.751920152620922,0.656769834083018
p.Pro329=,0.951436087883185,0.075260982598394,0.876175105284792,1.02669707048158
p.Gly410Ser,1.24957423181541,0.05002550200013,1.29959973381554,1.19954872981528
p.Cys446Tyr,0.919022060652259,0.156855667479482,1.07587772813174,0.762166393172776
p.His470Lys,1.25962892719367,0.13210044271427,1.39172936990794,1.1275284844794
p.Asp379His,0.855572324930231,0.27808012677324,0.577492198156989,1.13365245170347
p.Gly425Lys,0.675054203014365,0.208428103812519,0.466626099201846,0.883482306826884
p.Phe34Asn,0.0928925165104216,0.259149332256736,-0.166256815746314,0.352041848767158
p.Leu474Ser,1.06152054169529,0.0244556664016449,1.08597620809694,1.03706487529365
p.Gly500His,1.09951569149799,0.127097477197605,1.22661316869559,0.972418214300379
p.Gln502Glu,1.04463126824404,0.0086600860576,1.05329135430164,1.03597118218644
p.Asp24Gly,1.21134986076752,0.10015474039789,1.31150460116541,1.11119512036963
p.Thr402His,0.944004595149008,0.0038456546298085,0.947850249778816,0.940158940519199
p.Lys45Leu,1.18495575488623,0.274575059672708,1.45953081455894,0.910380695213523
p.Val453Arg,0.353490321121136,0.335672770423187,0.0178175506979489,0.689163091544323
p.Phe87Cys,0.633132057079253,0.0366644961172364,0.669796553196489,0.596467560962016
p.Asp421Cys,0.635313384041704,0.303345741224145,0.331967642817559,0.938659125265849
p.Lys82Cys,0.891761446025855,0.0065426335573754,0.898304079583231,0.88521881246848
p.Gln161Ile,0.857033812840484,0.0262146767000235,0.883248489540508,0.830819136140461
p.Asp100Tyr,0.978339024966907,0.0634680681702349,1.04180709313714,0.91487095679667
p.Leu55Met,1.22093880761169,0.0598275730162099,1.2807663806279,1.16111123459548
p.Pro92Val,0.891980080005069,0.0213175717308695,0.913297651735939,0.8706625082742
p.Thr319His,0.71197713682638,0.330332166126439,0.381644970699942,1.04230930295282
p.Leu458Gln,0.964417969937077,0.206281004712644,1.17069897464972,0.758136965224431
p.Ser296=,1.09522332517038,0.020781971097915,1.07444135407247,1.1160052962683
p.Glu368Arg,0.130968620974971,0.0065822934494239,0.137550914424395,0.124386327525547
p.Pro353Met,-0.0847711097875108,0.137311457187982,-0.222082566975493,0.0525403474004718
p.His124=,1.00463975771066,0.122496163656708,1.12713592136737,0.882143594053954
p.Leu96Ile,1.21507146010602,0.0981834596688749,1.3132549197749,1.11688800043715
p.Tyr424Val,1.15706125825758,0.046069493970795,1.20313075222837,1.11099176428678
p.Glu3Pro,1.00652277092201,0.0654868489333855,0.941035921988629,1.0720096198554
p.Glu398Pro,1.12512686010905,0.234977642802515,1.36010450291156,0.890149217306529
p.Gly331Trp,0.774638295642398,0.13737310347343,0.637265192168967,0.912011399115828
p.Ala318Gly,1.47884837455521,NA,NA,1.47884837455521
p.Leu268Phe,0.899846868356424,NA,NA,0.899846868356424
p.Ala399Thr,1.07187313348637,NA,NA,1.07187313348637
p.Glu438Asn,1.28571923902722,NA,NA,1.28571923902722
p.Val169Trp,0.854643117522158,NA,NA,0.854643117522158
p.Pro329Gly,1.01240133222163,NA,NA,1.01240133222163
p.Leu211Ter,-0.0110391122020012,0.030803096590145,0.0197639843881438,-0.0418422087921463
p.Thr236Ile,0.381263044169508,0.0694300540453665,0.450693098214875,0.311832990124142
p.Lys360Asp,0.355372078373231,0.164448464457441,0.519820542830672,0.19092361391579
p.Met404Asp,0.748130337550865,0.15683699559542,0.904967333146286,0.591293341955445
p.Phe237Tyr,1.13068049905299,0.0669704425149849,1.19765094156797,1.063710056538
p.Arg74Glu,1.00885666241974,0.0074266462715399,1.01628330869128,1.0014300161482
p.Ala109Asn,0.935844660712132,0.0874604822041075,0.848384178508025,1.02330514291624
p.Leu442Pro,0.759241543623355,0.165897228064137,0.925138771687492,0.593344315559217
p.Met273Gln,0.733321011123542,0.0253833243930934,0.758704335516635,0.707937686730448
p.His32Met,1.27249168086818,0.110331797847825,1.38282347871601,1.16215988302036
p.His374Pro,0.0173318758242512,0.0496064352536647,-0.0322745594294136,0.0669383110779159
p.Arg227Pro,0.0705175389887716,0.0100902241550163,0.0604273148337552,0.0806077631437879
p.Val510Pro,1.15107538936972,0.0504859533937349,1.20156134276345,1.10058943597598
p.Lys275Ile,1.04406473663632,0.0929968295571814,1.1370615661935,0.951067907079137
p.Met496Glu,1.1031985380191,0.090001591653525,1.19320012967262,1.01319694636557
p.Thr91Asn,0.923654364581549,0.0478993539582764,0.971553718539826,0.875755010623273
p.Met450Val,0.719760000354241,0.197810199300912,0.521949801053329,0.917570199655153
p.Met260Gly,0.68010385581049,0.077314259661777,0.757418115472267,0.602789596148713
p.Ala338Asp,0.330820368663557,0.148123764601527,0.478944133265084,0.18269660406203
p.Gly485Phe,0.255261819216001,0.01940933460554,0.274671153821541,0.235852484610461
p.Gly23Phe,1.21900116261427,0.06233575049781,1.28133691311208,1.15666541211646
p.Ser418Ter,-0.0103085320075687,0.0049665796893622,-0.015275111696931,-0.0053419523182064
p.Arg370Asn,0.901270197627374,0.0445150650643064,0.945785262691681,0.856755132563068
p.Tyr70Ala,0.76807366358048,0.0264878488447434,0.741585814735736,0.794561512425223
p.Gln11Lys,0.831159234791126,0.182488145601413,0.648671089189714,1.01364738039254
p.Tyr118Val,0.809313568198859,0.0535183454169539,0.755795222781905,0.862831913615813
p.Tyr147=,1.05026940485158,0.002835042514365,1.04743436233722,1.05310444736595
p.Glu457Leu,1.01663048206147,0.137930363243276,1.15456084530475,0.878700118818198
p.Ser73Val,0.789269959414223,0.0374769679343854,0.826746927348609,0.751792991479838
p.Thr236Asp,1.24795443961037,0.0941491285162999,1.34210356812667,1.15380531109407
p.Val146Ala,0.816859430846131,0.114578706270325,0.702280724575806,0.931438137116457
p.Arg104Tyr,0.552817077581242,0.0232793655737904,0.529537712007451,0.576096443155032
p.Lys238Glu,1.23872393244422,0.0469811686489349,1.28570510109315,1.19174276379528
p.Ala335Thr,0.815357164382587,0.147111200788031,0.962468365170619,0.668245963594556
p.Arg72Trp,0.728575419843845,0.0086485458818264,0.737223965725672,0.719926873962019
p.Glu504Tyr,0.828275790068746,0.033989678974488,0.794286111094258,0.862265469043234
p.Phe250Leu,1.07885348352872,0.02783129823597,1.10668478176469,1.05102218529275
p.Val233His,0.233199719033694,0.0505695012583885,0.182630217775306,0.283769220292083
p.Arg104Phe,0.654172522715207,0.0822318698691994,0.736404392584407,0.571940652846008
p.Phe250Pro,0.622529256414368,0.163688901754432,0.786218158168801,0.458840354659936
p.Ala339Cys,0.966359743782354,0.0816434226349154,0.884716321147439,1.04800316641727
p.Gly488Phe,0.0871047788151841,0.0888396901238989,0.175944468939083,-0.001734911308715
p.Asn430Arg,1.19912388728746,0.06092838930602,1.26005227659348,1.13819549798144
p.Asn218Cys,0.241708373147673,0.108956852936542,0.350665226084214,0.132751520211131
p.Pro481Ter,-0.0989750824196445,0.0552679555490273,-0.154243037968672,-0.0437071268706173
p.Leu235Trp,0.03940587207162,0.0067608365840496,0.0461667086556697,0.0326450354875703
p.Val376Glu,1.25737447450171,0.13333715074433,1.39071162524604,1.12403732375738
p.Pro276His,-0.0275458881254761,0.0343778048477871,-0.0619236929732633,0.0068319167223111
p.Leu96Tyr,1.16352961917056,0.170144416189755,1.33367403536032,0.99338520298081
p.Gly247Thr,1.04697775141749,0.15791285931241,1.2048906107299,0.88906489210508
p.Asn280Met,0.798379300176506,0.106042442474474,0.692336857702031,0.90442174265098
p.Asn302Val,0.784717342398646,0.030863823980342,0.815581166378988,0.753853518418304
p.Ala103Gly,0.969696946732299,0.039386257232003,1.0090832039643,0.930310689500294
p.Trp54Ter,-0.115041708243148,0.066890715685567,-0.181932423928715,-0.0481509925575808
p.Gln449Arg,0.821013978797132,0.107978680151361,0.928992658948493,0.713035298645771
p.Thr151Glu,0.905077706760849,0.122363573960978,1.02744128072183,0.782714132799874
p.Thr31Lys,1.0885562135136,0.040975734865615,1.12953194837922,1.04758047864799
p.Asp228Arg,1.06412030401433,0.022343926332865,1.0864642303472,1.04177637768147
p.Leu440Gly,1.38899901218042,0.092205896132185,1.48120490831261,1.29679311604824
p.Val340Arg,0.22754964204114,0.0667634129462384,0.160786229094902,0.294313054987379
p.Phe445Leu,1.09920020678094,0.030635904828685,1.06856430195226,1.12983611160963
p.Glu345Gln,1.09976683986512,0.061796704616055,1.16156354448117,1.03797013524906
p.Asn397Met,0.986225531579497,0.114492983100702,1.1007185146802,0.871732548478796
p.Gly485Lys,0.790286182563961,0.104984023294886,0.895270205858847,0.685302159269075
p.Leu264=,0.928465345314595,0.112482694393195,0.815982650921399,1.04094803970779
p.Phe354Met,0.729435539817647,0.10037083342247,0.829806373240118,0.629064706395177
p.Ile67Trp,0.150484059367426,0.0073327489693634,0.157816808336789,0.143151310398062
p.Phe221Glu,0.143933083126135,0.118923364561339,0.262856447687473,0.0250097185647957
p.Ala115Leu,0.995793591579856,0.007384465272453,1.00317805685231,0.988409126307404
p.Thr466Lys,0.804968629571906,0.05879249069295,0.746176138878956,0.863761120264856
p.Gln395Tyr,1.04054936635958,0.024693006167055,1.06524237252664,1.01585636019253
p.Lys408Pro,1.30049051455912,0.074356137167635,1.37484665172675,1.22613437739148
p.Lys360Gln,1.07722879631797,0.0867426193705284,1.1639714156885,0.990486176947443
p.Arg348Ile,0.989454580551063,0.016623924196769,1.00607850474783,0.972830656354292
p.Leu177Thr,0.962515500714779,0.0329714911974645,0.929544009517315,0.995486991912244
p.Tyr322Glu,0.0375635404965504,0.0206000215938246,0.0581635620903751,0.0169635189027257
p.Thr506Tyr,1.0520888402523,0.022653828697295,1.0747426689496,1.02943501155501
p.Phe452Lys,0.115912310760815,0.0474042596355031,0.163316570396318,0.0685080511253117
p.Arg81Thr,0.439485722554227,0.17030250837018,0.269183214184047,0.609788230924407
p.Arg227Asp,0.114018729412935,0.0074404291912225,0.121459158604158,0.106578300221713
p.Thr466Trp,0.913483940572874,0.060201707208189,0.973685647781063,0.853282233364685
p.Asp79Phe,0.619602922105737,0.0845218959838169,0.704124818089554,0.53508102612192
p.His382Met,0.97650849917185,0.0255722334669719,1.00208073263882,0.950936265704876
p.Ile230=,0.957800139965781,0.0328329583133945,0.924967181652387,0.990633098279176
p.Asn229Lys,0.142237258500259,0.109911504734035,0.252148763234294,0.0323257537662242
p.Tyr202Gln,1.14674517386181,0.00976189663789,1.1565070704997,1.13698327722392
p.Pro489Asn,0.0735031651488526,0.110002751926224,-0.0364995867773714,0.183505917075077
p.Pro172His,0.937396667413204,0.119850132977086,1.05724680039029,0.817546534436117
p.Asp113Phe,0.782343994776008,0.0341177519523305,0.816461746728338,0.748226242823677
p.Arg387Val,0.450610355683926,0.158257516765714,0.60886787244964,0.292352838918211
p.Pro312Trp,0.815053447450947,0.020491722620902,0.835545170071849,0.794561724830045
p.Gly222Gln,0.869482791696373,0.140596411628238,1.01007920332461,0.728886380068133
p.Asp194=,0.887366038866976,0.109845046105304,0.777520992761671,0.99721108497228
p.His263Tyr,1.27544774407149,0.14986089030014,1.42530863437163,1.12558685377135
p.Cys358Ter,0.154159638723457,0.168839866594159,0.322999505317616,-0.0146802278707024
p.Ile392Arg,0.497324700365846,0.377156934851746,0.874481635217592,0.1201677655141
p.Pro467Ala,0.788075960015502,0.0050955694225255,0.782980390592977,0.793171529438028
p.Ala272Lys,0.236799524845621,0.160156632379711,0.0766428924659106,0.396956157225332
p.Thr466Arg,0.944967535014136,0.198311798465736,1.14327933347987,0.746655736548398
p.Leu96=,1.07273065808551,0.0485543216878599,1.12128497977337,1.02417633639765
p.Tyr401Ile,1.14444314815307,0.02334351836775,1.12109962978532,1.16778666652082
p.Gly321Leu,0.0460741015511125,0.0739237648484086,-0.0278496632972963,0.119997866399521
p.Asn363Leu,0.397585600539556,0.0498873925653849,0.447472993104941,0.347698207974171
p.Pro477Gln,0.981989464386252,0.0373318009190875,1.01932126530534,0.944657663467165
p.Ser418Ile,1.08129846917349,0.0992041317448634,0.982094337428623,1.18050260091835
p.Asp251Trp,0.145279365345178,0.0692061443958353,0.214485509741013,0.0760732209493422
p.Glu94Phe,0.52466323996692,0.0046123849784885,0.520050854988432,0.529275624945409
p.Ile35Ter,-0.10945608567767,0.0596301653429046,-0.169086251020575,-0.0498259203347657
p.Gln195Val,0.768990843954907,0.0355484276917449,0.804539271646652,0.733442416263162
p.Ser160Lys,0.664597109116538,0.148163397488967,0.812760506605505,0.516433711627572
p.Asn105Glu,-0.0378722400989793,0.0516749280544986,-0.0895471681534779,0.0138026879555194
p.Leu356Pro,0.116155787451277,0.0310808502728459,0.085074937178431,0.147236637724123
p.Glu473Tyr,0.900932234770353,0.0104647759974155,0.911397010767769,0.890467458772938
p.Lys403Gly,0.804708393785922,0.135874750575129,0.940583144361052,0.668833643210793
p.Glu287Lys,1.12720835569526,0.102408361288445,1.22961671698371,1.02479999440682
p.Asp282Trp,0.895146314930913,0.0750610553860275,0.970207370316941,0.820085259544886
p.Phe354Gln,0.153596689844728,0.121489084191241,0.0321076056534863,0.275085774035969
p.Ile483Met,1.10755409313965,0.0727151988948049,1.18026929203445,1.03483889424484
p.Glu206Asp,1.15725640238747,0.01917979421977,1.1380766081677,1.17643619660724
p.Asp283Trp,0.76078390362648,0.0693863511770664,0.830170254803547,0.691397552449414
p.Ala217Thr,0.857823367905032,0.0076158855904684,0.850207482314564,0.865439253495501
p.Glu244Val,0.98163688968813,0.13034091692547,1.1119778066136,0.85129597276266
p.Leu495Val,0.903536092379681,0.0317854002560095,0.93532149263569,0.871750692123671
p.Asn105Lys,-0.068844287762148,0.0720439774402668,-0.140888265202415,0.0031996896781188
p.Met125Gln,0.0311323965084448,0.0200237937797107,0.0511561902881556,0.011108602728734
p.Ser179Glu,1.04513213803068,0.0227823430223249,1.06791448105301,1.02234979500836
p.Gly222Val,0.825488458768182,0.0321769154346404,0.793311543333542,0.857665374202823
p.Arg198Asp,0.0227212874956929,0.073595438262825,0.0963167257585179,-0.0508741507671321
p.Pro415Val,1.01497545339784,0.101323235633956,0.913652217763878,1.11629868903179
p.Glu85Cys,0.845584720509461,0.0713956827997294,0.916980403309191,0.774189037709732
p.Ser448His,1.07677311647657,0.0875869582001779,1.16436007467675,0.989186158276394
p.Glu417Ile,1.01102290877769,0.0209437669887055,1.0319666757664,0.990079141788989
p.Ala338Phe,0.0367469634851897,0.0669643084552123,0.103711271940402,-0.0302173449700226
p.Trp53Lys,0.134568609828887,0.143451823153538,-0.0088832133246503,0.278020432982425
p.Val289Ter,-0.0091449529278603,0.0256566876165989,-0.0348016405444593,0.0165117346887387
p.Ile295Arg,0.0573586140231452,0.0953228739800537,-0.0379642599569085,0.152681488003199
p.Gly378Ter,0.0424267037364617,0.0562797273299653,0.0987064310664271,-0.0138530235935036
p.Trp225Gly,0.0750778153430457,0.0867282347386771,-0.0116504193956314,0.161806050081723
p.Ala141Glu,0.259969290252026,0.0364998842316975,0.223469406020328,0.296469174483723
p.Lys508His,1.0041037810937,0.0483983249198219,1.05250210601352,0.955705456173876
p.Pro353Gln,0.0868561436888953,0.0621655464624345,0.0246905972264608,0.14902169015133
p.His201Ile,0.557191985488754,0.0528260493241214,0.504365936164633,0.610018034812876
p.Leu342Asn,0.0395758094040672,0.0002452642645531,0.0398210736686203,0.039330545139514
p.Val400Leu,0.979109074919224,0.094605657135136,0.884503417784088,1.07371473205436
p.Tyr308Met,0.204301928642074,0.158440636062004,0.362742564704078,0.0458612925800696
p.Glu239Gln,1.11973673857573,0.0158224248737649,1.10391431370197,1.1355591634495
p.Asp181Met,0.799863280270279,0.03921087752306,0.760652402747219,0.839074157793339
p.Asn165Asp,0.65398373895342,0.0325840995654845,0.686567838518904,0.621399639387935
p.Glu252Val,0.983010878289176,0.0669410101670435,1.04995188845622,0.916069868122133
p.Ser73Ile,0.617094318728858,0.001877074019715,0.615217244709143,0.618971392748573
p.Asn262Ter,0.164418686949408,0.104286983366247,0.268705670315655,0.0601317035831615
p.Asn262Lys,0.830610318901105,0.169037543878297,0.999647862779402,0.661572775022808
p.Phe26Met,0.98235817118878,0.009523362862458,0.972834808326322,0.991881534051238
p.Lys407Trp,1.17433326764187,0.013023250762715,1.16131001687916,1.18735651840459
p.Gly59Ile,0.161462931232587,0.0918136477292239,0.253276578961811,0.069649283503363
p.Ile168Asp,-0.0242114695923843,0.0905170623561015,-0.114728531948486,0.0663055927637172
p.Gln383Pro,0.821646469448661,0.0105969278278879,0.811049541620773,0.832243397276549
p.Gly245Ter,0.0588992714031634,0.0515376151217504,0.110436886524914,0.007361656281413
p.Asp283Pro,0.857341099943098,0.0051725884416889,0.852168511501409,0.862513688384787
p.Arg17Gly,0.814455776229194,0.017409698707599,0.797046077521595,0.831865474936793
p.Gly174Lys,0.465859993362938,0.202719930157644,0.668579923520583,0.263140063205294
p.Lys360=,1.05564857930478,0.039012789327875,1.0166357899769,1.09466136863265
p.Leu422Asp,0.839469574803635,0.206838522267753,1.04630809707139,0.632631052535883
p.Asp194Ile,0.764891086934686,0.112265292202363,0.877156379137049,0.652625794732323
p.Gly23Arg,1.06140463451535,0.0597119986971099,1.12111663321246,1.00169263581824
p.Pro223Gln,1.2284120027055,0.04899416463259,1.27740616733809,1.17941783807291
p.Ala361Arg,0.281991122738274,0.256379526066436,0.53837064880471,0.0256115966718379
p.Ile380Gln,0.635727026821545,0.259176163198746,0.894903190020291,0.376550863622798
p.Thr151Asp,0.10826782611117,0.028532590868831,0.136800416980001,0.079735235242339
p.Trp53Cys,0.0575009191831718,0.0367182274119571,0.0942191465951289,0.0207826917712147
p.Asp176Asn,0.969973645760364,0.007112979980911,0.977086625741275,0.962860665779453
p.Cys358His,0.662847389093159,0.132940010081223,0.795787399174381,0.529907379011936
p.Phe191Cys,0.301097530758924,0.214356121558356,0.51545365231728,0.0867414092005682
p.Val233Leu,0.567443494195426,0.17202307165422,0.739466565849646,0.395420422541206
p.Tyr147Asn,1.05750595434252,0.0115487425207699,1.04595721182175,1.06905469686329
p.Tyr343Glu,0.869988740105468,0.0575598321607035,0.927548572266172,0.812428907944765
p.Glu63Ala,0.994083626022558,0.039418223821983,1.03350184984454,0.954665402200574
p.Gln307Trp,0.0315770416340616,0.0645598663133644,-0.0329828246793029,0.0961369079474261
p.Pro62Ala,0.87900588746187,0.130008103100821,1.00901399056269,0.748997784361048
p.Ala39Ser,0.411989950847896,0.0887947586620225,0.323195192185873,0.500784709509918
p.Arg246Trp,1.0542870105713,0.0305657231859149,1.08485273375722,1.02372128738539
p.Phe221=,1.06982592599443,0.132403221541434,1.20222914753586,0.937422704452991
p.Gln133Ter,-0.0375425974156138,0.0559117693613679,-0.0934543667769818,0.0183691719457541
p.Ile15Thr,0.944372478494781,0.114794068981129,1.05916654747591,0.829578409513652
p.Met273Ser,0.720978973919871,0.088899076518372,0.632079897401499,0.809878050438243
p.Glu193Arg,0.236821282049844,0.0273736922450859,0.26419497429493,0.209447589804758
p.Leu203Asp,1.25185854628109,0.0629053955607049,1.3147639418418,1.18895315072039
p.Phe88Thr,0.405675098967441,0.0114252796484519,0.417100378615893,0.394249819318989
p.Phe102Gln,0.372464428138232,0.0204311103825454,0.392895538520777,0.352033317755686
p.Gly314Ser,1.14976518796335,0.06348840632656,1.21325359428991,1.08627678163679
p.Lys476Ile,0.908913704639722,0.001436683424583,0.907477021215139,0.910350388064305
p.Leu190Ile,0.961825336523759,0.0821951105638384,0.879630225959923,1.0440204470876
p.Glu317Ser,0.948250123625392,0.0059286980553144,0.954178821680706,0.942321425570077
p.Leu495Trp,0.756239343881019,0.08949925158401,0.845738595465029,0.666740092297009
p.Arg427Tyr,1.01245138976661,0.0152132125570799,1.02766460232369,0.99723817720953
p.Phe501Trp,0.988052923915948,0.137785947232901,0.850266976683049,1.12583887114885
p.Asp283Cys,0.94010524842318,0.0327279096159005,0.907377338807279,0.97283315803908
p.Tyr482Thr,0.298659438877183,0.091136083327053,0.389795522204236,0.20752335555013
p.Glu148Trp,1.16695334867774,0.066774487633815,1.23372783631156,1.10017886104393
p.Arg454Cys,0.974193099692171,0.0717647020240985,1.04595780171627,0.902428397668073
p.Asp379Gln,1.08970091296726,0.05970067306817,1.14940158603543,1.03000023989909
p.Leu390Glu,0.132295680951729,0.0095279382599945,0.122767742691735,0.141823619211724
p.Phe381Pro,0.446851151558168,0.246000265244807,0.692851416802975,0.20085088631336
p.Phe373Ser,0.0963431741862144,0.0650402953684567,0.161383469554671,0.0313028788177575
p.Ala277Phe,0.9541926018542,0.0300635653633384,0.924129036490861,0.984256167217538
p.Asp30Tyr,0.949325295990939,0.0865530477609594,0.862772248229981,1.0358783437519
p.Val341Lys,1.11955757057581,0.160981029587472,1.28053860016328,0.958576540988336
p.Asp30Pro,0.612341065260679,0.297171165745726,0.315169899514953,0.909512231006405
p.Thr506Ile,1.14600985945874,0.0914921679265849,1.23750202738532,1.05451769153215
p.Glu206Tyr,0.717868874266706,0.052187851114991,0.665681023151715,0.770056725381697
p.Gln133=,1.19064323215747,0.17979265055152,1.37043588270899,1.01085058160595
p.Leu20Lys,0.927063843142231,0.102003575544609,1.02906741868684,0.825060267597622
p.Gly69Met,0.43540418344443,0.106951133878792,0.328453049565638,0.542355317323222
p.Val499Gly,0.954774320717274,0.049973719653976,1.00474804037125,0.904800601063298
p.Val376Gly,1.16975675009827,0.0590639034033699,1.22882065350164,1.1106928466949
p.Pro223Ter,0.0176987707226224,0.0125031998315484,0.0051955708910739,0.0302019705541707
p.Ile255Val,1.08841311166152,0.128068434001109,1.21648154566263,0.960344677660411
p.Gly41Asp,1.13829577883047,0.0908519394754999,1.22914771830597,1.04744383935497
p.Arg166Gly,0.106087066095532,0.0657293482418722,0.0403577178536595,0.171816414337404
p.Ala149Cys,1.02815263318838,0.0465066669735569,1.07465930016194,0.981645966214826
p.Pro479=,1.08586185633491,0.0147432685628949,1.10060512489781,1.07111858777202
p.Gln449Gly,1.04430416696027,0.088588067195049,1.13289223415532,0.955716099765222
p.Gln11Phe,0.847661686108719,0.122335179635885,0.969996865744604,0.725326506472833
p.Gly110Ser,0.260248442620998,0.0276559351670789,0.287904377788077,0.232592507453919
p.Ala90Gln,0.627760260479185,0.132657568908302,0.495102691570883,0.760417829387487
p.Gly378=,1.00501335212175,0.031965809515578,0.973047542606174,1.03697916163733
p.Arg219=,1.19951169520156,0.143626580441635,1.34313827564319,1.05588511475992
p.Lys46Asn,0.885014959938595,0.0153085542950934,0.869706405643502,0.900323514233689
p.Ile295Gln,0.267044425408917,0.0483279454347334,0.31537237084365,0.218716479974183
p.Ala134Lys,0.70885219629603,0.043075976579574,0.751928172875604,0.665776219716456
p.Thr327Asp,1.18132791324788,0.203919577819853,1.38524749106773,0.977408335428024
p.Leu177Gly,0.918509251170485,0.0559869816581539,0.974496232828639,0.862522269512331
p.Asn302Ter,-0.0962082585451553,0.0569999439791744,-0.15320820252433,-0.0392083145659811
p.Glu460Tyr,0.663362800178792,0.0982346281927454,0.565128171986046,0.761597428371537
p.Ser117Pro,0.859614350640229,0.0507377826040844,0.808876568036144,0.910352133244313
p.Asp58Arg,0.603413813670724,0.140727980721378,0.462685832949346,0.744141794392103
p.Gly59Met,0.491451010544545,0.0383713340239124,0.453079676520632,0.529822344568457
p.Pro144Ala,0.769419348094346,0.169107171520665,0.600312176573681,0.938526519615011
p.His263Ter,-0.0839207322585805,0.0480884754780635,-0.132009207736644,-0.0358322567805169
p.Gly425Glu,0.919134464642903,0.0974133796724764,1.01654784431538,0.821721084970427
p.Val12Gln,0.923965003744785,0.0228920527560514,0.946857056500836,0.901072950988733
p.Phe191Ser,-0.0113956456365898,0.115856834491601,-0.127252480128191,0.104461188855012
p.Thr91Ala,1.03217335549544,0.0069661202211749,1.03913947571662,1.02520723527427
p.His155Ile,0.290243784881601,0.146356612275375,0.436600397156976,0.143887172606226
p.Val444Leu,0.780498876607018,0.0560065063639379,0.836505382970956,0.72449237024308
p.Gln22Lys,0.891685355653814,0.0916309625351735,0.800054393118641,0.983316318188988
p.His382Lys,1.00579760693317,0.000730527535775,1.00652813446894,1.00506707939739
p.Leu75Arg,0.836741290584484,0.125950675269017,0.962691965853501,0.710790615315466
p.Asn185Ser,1.15864879352487,0.0842698541436499,1.24291864766852,1.07437893938122
p.Gln261Trp,0.910017443925525,0.0690435474412889,0.979060991366814,0.840973896484236
p.Ile230Leu,0.823893992971625,0.0754882584913065,0.748405734480318,0.899382251462931
p.Ile52His,0.344147162189421,0.267980800572157,0.612127962761578,0.0761663616172639
p.Leu128Arg,0.790461626765177,0.0756375614804535,0.86609918824563,0.714824065284723
p.Phe101=,1.05017833242166,0.045479652760815,1.09565798518248,1.00469867966085
p.Asp379Ter,-0.0435120331729001,0.0556157391610016,-0.0991277723339018,0.0121037059881015
p.Asn126Ile,0.824715122847944,0.0096177307853619,0.834332853633306,0.815097392062582
p.Leu390Asp,0.17915389632678,0.0657272517129875,0.244881148039768,0.113426644613793
p.Leu362Glu,0.20503534359449,0.184249097871186,0.389284441465676,0.0207862457233044
p.His27Trp,0.900245435319226,0.081542899862796,0.81870253545643,0.981788335182022
p.Gln384Thr,0.674010227129218,0.27245855243908,0.401551674690137,0.946468779568298
p.Lys403Tyr,1.08258093123079,0.00726217257473,1.08984310380552,1.07531875865606
p.Gly110Leu,0.0090917301234885,0.167666780369837,-0.158575050246348,0.176758510493326
p.Leu177Ile,0.984137088470864,0.0070635617854704,0.991200650256335,0.977073526685394
p.Ile295Tyr,0.281658770664249,0.0676143038566794,0.21404446680757,0.349273074520929
p.Arg215Asn,0.110359270495001,0.0910484872690609,0.201407757764062,0.0193107832259402
p.Lys290Glu,0.989463577758059,0.0012436117179904,0.99070718947605,0.988219966040069
p.Pro143Asp,1.09290119212647,0.115167561809196,1.20806875393567,0.977733630317279
p.Ile67Leu,0.69100102179067,0.100971933419631,0.791972955210301,0.590029088371038
p.Ile154Asp,0.000135162021367,0.034295431440644,-0.034160269419277,0.0344305934620111
p.Trp53His,0.0550195394873313,0.148589953390961,-0.0935704139036295,0.203609492878292
p.Leu121Gly,-0.0318280126135402,0.106638469635687,-0.138466482249227,0.0748104570221469
p.Cys358Ile,0.746258821044518,0.197070495256412,0.94332931630093,0.549188325788105
p.Val510Leu,0.855063497195785,0.162195322599122,0.692868174596665,1.01725881979491
p.His451Ile,1.06245363355548,0.0478199069068899,1.11027354046237,1.01463372664859
p.Glu389Cys,0.806415146242423,0.127502208286734,0.933917354529157,0.678912937955689
p.Arg487Cys,1.16673741225282,0.09019585507598,1.2569332673288,1.07654155717684
p.Pro512Ser,0.987423633264817,0.0611739848731809,1.048597618138,0.926249648391638
p.Gly248Leu,1.08393491765024,0.0435432046550949,1.12747812230533,1.04039171299514
p.Ile295Ala,0.886262856987395,0.0814358676206695,0.967698724608064,0.804826989366725
p.Asn165Pro,0.0681278472384506,0.0612898254747565,0.0068380217636939,0.129417672713207
p.Ser8Arg,0.794278769156861,0.057021494015216,0.737257275141645,0.851300263172077
p.Gly254=,1.07859844350884,0.05755299597634,1.13615143948518,1.0210454475325
p.Ile33=,0.934088237335809,0.0861263606188779,0.847961876716934,1.02021459795469
p.Ile67=,1.09256334848216,0.0896821469679399,1.1822454954501,1.00288120151422
p.Leu16Met,0.913529470517287,0.051190963618362,0.862338506898925,0.964720434135649
p.Ser117Asp,1.17798492406757,0.178483712254064,1.35646863632164,0.999501211813511
p.Tyr424Asn,1.14510597273302,0.00870727836422,1.15381325109724,1.1363986943688
p.Leu420Thr,1.12066243144117,0.04773681218987,1.16839924363104,1.0729256192513
p.Ser73Asp,0.831707747840452,0.167139918152684,0.664567829687768,0.998847665993136
p.Gly488Arg,0.215494228598063,0.0731815225672929,0.288675751165356,0.14231270603077
p.Arg215Lys,0.921000782304019,0.0061209871853524,0.914879795118667,0.927121769489372
p.Glu364Leu,0.823207045276884,0.0727417303281079,0.895948775604992,0.750465314948776
p.Ala116Asp,1.0123739461745,0.012462219584293,0.999911726590204,1.02483616575879
p.Ala399Leu,1.14280924959549,0.07721322027465,1.22002246987014,1.06559602932084
p.Glu364His,1.06992461616027,0.057971608655755,1.12789622481603,1.01195300750452
p.Ile230Ser,0.128639705509344,0.048621248153836,0.17726095366318,0.0800184573555079
p.Thr327Lys,1.05544936462993,0.0626048151469599,1.11805417977689,0.99284454948297
p.Phe241Gln,1.11869620017511,0.0012553907106299,1.11995159088574,1.11744080946448
p.Asn185Cys,1.13604012055131,0.09304850274418,1.22908862329549,1.04299161780713
p.Gln299Ala,0.967971014430055,0.0022955546640089,0.965675459766046,0.970266569094064
p.Asn262His,1.20453869204986,0.0237958293137199,1.22833452136358,1.18074286273614
p.Arg387Trp,0.94169821959896,0.126096304861528,1.06779452446049,0.815601914737434
p.His186Ser,0.805924985516931,0.159868717845293,0.646056267671637,0.965793703362224
p.Lys432Ala,1.21475818825083,0.131399668264315,1.34615785651514,1.08335851998651
p.Ala2His,0.896386208856643,0.143633441667409,0.752752767189232,1.04001965052405
p.Glu252Thr,1.07491281561271,0.112749376484865,1.18766219209757,0.96216343912784
p.Met273Asn,0.584037593999297,0.372477948864641,0.956515542863939,0.211559645134656
p.Val208Asp,1.04027389409322,0.0034745435455849,1.04374843763881,1.03679935054764
p.His129Lys,1.07096839034863,0.0800909269385569,1.15105931728719,0.990877463410076
p.Pro489Ala,0.354647403500663,0.0762358149082995,0.430883218408962,0.278411588592363
p.Glu347Ala,1.07684099143511,0.02389313761019,1.05294785382492,1.1007341290453
p.Gln133Phe,0.778250469446518,0.0812000299158419,0.697050439530676,0.85945049936236
p.Val444Arg,0.0347362981422941,0.164515227602568,-0.129778929460274,0.199251525744862
p.Leu265His,0.0141132398208565,0.024393730644591,0.0385069704654476,-0.0102804908237345
p.Ser296Pro,0.8819861929779,0.021161012703519,0.860825180274381,0.903147205681419
p.Asp200Pro,1.02170324609348,0.077663807947025,1.09936705404051,0.94403943814646
p.Trp53Ser,0.0795463963622094,0.0366636888924946,0.0428827074697146,0.116210085254704
p.His470Asp,1.11020509529362,0.0577424028670449,1.16794749816066,1.05246269242657
p.Ile355Trp,0.0106869832647346,0.0673469575617424,-0.0566599742970078,0.078033940826477
p.Val369Ile,1.10173253227378,0.177746967039424,1.27947949931321,0.923985565234361
p.Trp164Leu,0.816551375254042,0.0031599132250584,0.819711288479101,0.813391462028984
p.Thr490Val,1.08778864236204,0.0590022178276599,1.1467908601897,1.02878642453438
p.Ile167Asn,-0.0251334824008396,0.0894231181330661,-0.114556600533906,0.0642896357322263
p.Ala141Thr,0.779342273779742,0.0550169665271709,0.724325307252571,0.834359240306913
p.Glu419Arg,0.967590989513966,0.0533269352926025,1.02091792480657,0.914264054221365
p.Ala300Thr,1.11290512233281,0.0161803826562799,1.09672473967653,1.12908550498909
p.Asn511Lys,1.08026031916474,0.067565378879755,1.1478256980445,1.01269494028499
p.Lys478Ile,1.17210584474965,0.0475560274803999,1.21966187223005,1.12454981726925
p.Cys385Trp,0.858477626851958,0.0387255027860639,0.819752124065894,0.897203129638022
p.Asp443His,0.670801806807684,0.0901114372086255,0.580690369599059,0.76091324401631
p.Lys171Cys,0.872399235047998,0.0093423350850175,0.881741570133016,0.863056899962981
p.Thr51Trp,1.13537996106016,0.114741574489675,1.25012153554983,1.02063838657048
p.Ile355Asp,0.0747443002228428,0.0899946363690129,-0.0152503361461698,0.164738936591856
p.Arg198Met,0.384493205862334,0.173814717091125,0.210678488771209,0.558307922953459
p.Glu297Val,0.899757352594295,0.000891522652179,0.900648875246474,0.898865829942116
p.His513Ala,0.980480081103205,0.0838802260950159,0.896599855008188,1.06436030719822
p.Ile472Gln,0.954397353671818,0.14337849286275,0.811018860809069,1.09777584653457
p.Ser157Ile,0.948865572660659,0.0279332588446349,0.920932313816024,0.976798831505294
p.Ala377Val,1.09268155955178,0.0169189908246649,1.07576256872711,1.10960055037644
p.Phe173Ser,1.01147038735486,0.153512244673349,1.16498263202821,0.857958142681512
p.Arg257Val,0.95964885892635,0.0270759135602419,0.932572945366108,0.986724772486592
p.Thr406Met,0.861633294414818,0.0249352436562459,0.836698050758572,0.886568538071064
p.Trp53Glu,0.141741426110778,0.0672311235778207,0.208972549688598,0.0745103025329566
p.Arg387Gly,0.777666357109276,0.116533899986982,0.661132457122295,0.894200257096258
p.Pro312Arg,1.04953352746775,0.0351567880640349,1.01437673940372,1.08469031553179
p.Val328Met,0.853824192830234,0.0238357659243855,0.829988426905848,0.877659958754619
p.Tyr107Asp,-0.0233301503892628,0.0352223689461326,-0.0585525193353954,0.0118922185568699
p.Ser160Trp,0.334997311768569,0.159721365451663,0.494718677220231,0.175275946316906
p.Ile255Cys,1.06569245775324,0.0599921844545949,1.12568464220784,1.00570027329865
p.Ile167Glu,-0.0228050379229552,0.044019739956382,-0.0668247778793372,0.0212147020334268
p.Met450Pro,1.2389139961048,0.0124515899206499,1.25136558602545,1.22646240618415
p.Arg104Asn,0.620883275651736,0.0303519707298405,0.590531304921896,0.651235246381577
p.Thr402Trp,1.1375231316618,0.050956956848615,1.08656617481319,1.18848008851042
p.Ile355Leu,0.735909584899231,0.002207138246952,0.733702446652279,0.738116723146183
p.Asp258Phe,0.950768272845066,0.063510371627634,1.0142786444727,0.887257901217432
p.Ser29Pro,1.00497661153765,0.025640442777277,1.03061705431493,0.979336168760376
p.Gln178Val,1.13694006954992,0.035830164265155,1.17277023381508,1.10110990528477
p.Ser117Gln,0.870147246200515,0.0681305727733634,0.938277818973878,0.802016673427151
p.Glu3Arg,1.20529366888611,0.240747727632293,1.4460413965184,0.964545941253814
p.Val344Ala,0.618764263744022,0.0779936281724539,0.696757891916476,0.540770635571568
p.Gly310His,0.931969099824942,0.212144327814208,1.14411342763915,0.719824772010733
p.Thr423Tyr,1.1456434057535,0.0787411760083149,1.22438458176181,1.06690222974518
p.Arg192Phe,0.9689859445706,0.0462104757677204,1.01519642033832,0.922775468802879
p.Asn430Gly,1.16084400391519,0.14497644959405,1.30582045350924,1.01586755432114
p.Met125Pro,-0.0020906597017957,0.1323900928213,-0.134480752523096,0.130299433119504
p.Phe138Gly,0.0267130700418359,0.0486187767443649,-0.021905706702529,0.0753318467862008
p.Asp443Cys,0.661277537417966,0.0611411315254324,0.722418668943399,0.600136405892534
p.Glu63Trp,1.09208992558317,0.0963577914346894,1.18844771701786,0.995732134148481
p.Gln11Ser,0.908559680972755,0.0650627552623019,0.843496925710453,0.973622436235057
p.Glu274Ile,-0.0429585172863494,0.0596470870700924,-0.102605604356442,0.0166885697837429
p.Pro92Asn,0.963422146155695,0.0626476420407039,0.900774504114992,1.0260697881964
p.Lys408Gly,1.23287175381702,0.0203003635187799,1.2531721173358,1.21257139029824
p.Glu93Cys,0.942298771516536,0.025742158439125,0.968040929955661,0.916556613077411
p.Cys446Ile,0.934714125503235,0.013192149954035,0.94790627545727,0.9215219755492
p.Gln261Gly,1.07162432755331,0.109609922883665,1.18123425043697,0.96201440466964
p.Ile380Gly,0.537675630612175,0.283122971155762,0.820798601767937,0.254552659456413
p.Leu342Val,0.981049376715132,0.0049662798250799,0.986015656540212,0.976083096890052
p.Glu239Trp,0.917604787349341,0.0428323652623109,0.960437152611652,0.87477242208703
p.Ile80Gly,0.372895556731121,0.140856962993151,0.513752519724272,0.232038593737971
p.Arg57Glu,0.270867608602206,0.0664872379628815,0.204380370639324,0.337354846565087
p.Pro240Gln,0.939657415615007,0.003570380474791,0.943227796089798,0.936087035140216
p.Pro172Trp,0.530177833101519,0.140704099718233,0.670881932819753,0.389473733383286
p.Ser8Ile,0.674826589100123,0.182608407782798,0.492218181317325,0.857434996882921
p.Asp258Arg,0.927627680593676,0.128522065291225,1.0561497458849,0.79910561530245
p.Ile224Arg,0.193044420276257,0.0256274592878134,0.218671879564071,0.167416960988444
p.Ala25Leu,0.819935310518707,0.130487365673972,0.689447944844735,0.950422676192679
p.Phe250Glu,0.770783378695542,0.126570041450574,0.897353420146116,0.644213337244967
p.Leu130Glu,1.00165978639499,0.0232014955020689,1.02486128189706,0.978458290892922
p.Lys238Arg,0.898318562158427,0.0364267225601914,0.861891839598236,0.934745284718619
p.Ser418Gln,1.22170325349274,0.11935128884131,1.34105454233405,1.10235196465143
p.Asn363Asp,1.13976243846081,0.184802209822944,1.32456464828376,0.954960228637872
p.Val344=,1.05079458827402,0.0827194777777229,1.13351406605174,0.968075110496294
p.Glu193Gly,0.569720037477944,0.143821548283243,0.713541585761187,0.425898489194701
p.Gln395His,0.910064917449257,0.0200860838318404,0.889978833617416,0.930151001281097
p.Glu368Gly,0.539614747809612,0.0206443567800005,0.560259104589613,0.518970391029612
p.Glu63Ser,0.982154785398725,0.0806527953163735,1.0628075807151,0.901501990082353
p.Ala335Val,0.708898914503423,0.003657139879423,0.712556054382846,0.705241774624
p.Phe102Met,0.755559823476879,0.0074112368773445,0.748148586599535,0.762971060354224
p.Ile256Val,1.09775975357124,0.136894395903952,1.23465414947519,0.960865357667286
p.Ile255Glu,1.10964202739958,0.147014091326748,1.25665611872633,0.962627936072834
p.Arg192Gly,1.03366625847634,0.0302995078664299,1.00336675060991,1.06396576634277
p.Cys446Asn,0.980757494150427,0.246127474794035,1.22688496894446,0.734630019356389
p.Asp286Phe,0.56786495729295,0.150107419324069,0.417757537968881,0.717972376617019
p.Lys290Met,0.770284893089957,0.0124130994348934,0.78269799252485,0.757871793655063
p.Lys47Val,1.13069115941563,0.0754010519176949,1.20609221133332,1.05529010749793
p.Asn105Met,1.03933970196266,0.0018537802890449,1.03748592167362,1.04119348225171
p.Gly331Val,1.02287789441853,0.0889979927599799,1.11187588717851,0.93387990165855
p.His382=,0.922232539354526,0.033131794500925,0.889100744853601,0.955364333855451
p.Leu7Ser,0.924293075830131,0.0478016974733559,0.876491378356775,0.972094773303487
p.Gln195Ter,-0.0722301871449553,0.0999329778132965,-0.172163164958252,0.0277027906683411
p.Phe216Glu,0.987017936940054,0.024120008405838,0.962897928534214,1.01113794534589
p.Arg182Ser,0.623604652940509,0.32006457277153,0.303540080168978,0.943669225712039
p.Pro479Gln,0.38268957095103,0.201397990377189,0.584087561328219,0.181291580573841
p.Val208Met,1.14187635068261,0.0381933876489799,1.18006973833159,1.10368296303363
p.Gly485His,0.753323999396024,0.0353175089723934,0.788641508368417,0.71800649042363
p.Leu121Ala,0.169740046029707,0.038647478917077,0.208387524946784,0.13109256711263
p.Ser486Gly,1.00316181815426,0.0244607913051144,1.02762260945937,0.978701026849141
p.Asp24Lys,0.84953841073873,0.0993220687311454,0.750216342007584,0.948860479469875
p.Asp24Trp,0.93196957847662,0.0593556017909994,0.872613976685621,0.99132518026762
p.Val291Trp,0.360532077579665,0.0430061483964565,0.317525929183208,0.403538225976121
p.Gln209Tyr,1.04005086403699,0.07268703228503,1.11273789632202,0.96736383175196
p.Ala367Ser,1.13133096028384,0.0476204858348999,1.17895144611874,1.08371047444894
p.Asn301Phe,0.834999887397841,0.0767583307257699,0.911758218123611,0.758241556672071
p.Asp325His,1.09912433783764,0.198099107095968,1.29722344493361,0.901025230741673
p.Ile392Lys,0.0915419925135745,0.0140364632028105,0.0775055293107638,0.105578455716385
p.Pro477Asn,1.05299635130452,0.175412535810684,1.2284088871152,0.877583815493832
p.Ile199Arg,0.975875660245658,0.194160953306502,1.17003661355216,0.781714706939156
p.Gly248Ala,1.16804293484428,0.0294162958218949,1.19745923066618,1.13862663902239
p.Phe354Ile,0.902888575058528,0.143187867603741,1.04607644266227,0.759700707454788
p.His27Arg,1.06439261498395,0.0295267629773749,1.09391937796132,1.03486585200657
p.Lys290Gly,1.09108578653085,0.144533046628553,1.23561883315941,0.946552739902303
p.Tyr202Gly,1.1871163035249,0.09963993434101,1.28675623786591,1.08747636918389
p.Ser160Ter,-0.116993283063611,0.0747495435428642,-0.191742826606475,-0.0422437395207465
p.Leu190Gln,0.963896152450288,0.031955550459822,0.931940601990466,0.99585170291011
p.Phe216Thr,0.900138314751053,0.137492515957996,1.03763083070905,0.762645798793058
p.Ile48Lys,-0.0723320966040409,0.129102637893163,-0.201434734497204,0.0567705412891221
p.Glu364Ser,1.27220326270145,0.118700403749565,1.39090366645101,1.15350285895188
p.Phe216Lys,0.464996680975595,0.0817116056485399,0.546708286624135,0.383285075327055
p.Tyr482Phe,0.0696634895145064,0.139686979869271,-0.0700234903547646,0.209350469383777
p.Leu142Gln,1.18547354249035,0.02041854356479,1.16505499892556,1.20589208605514
p.Asp194Ter,0.123127750799085,0.128229397819559,0.251357148618644,-0.0051016470204736
p.Asn122Ala,1.06658338419598,0.107417135539387,1.17400051973537,0.959166248656596
p.Arg166Lys,0.699770174210206,0.316287354755562,0.383482819454646,1.01605752896577
p.Gly447Pro,-0.0233812856360783,0.0772480979206076,-0.100629383556686,0.0538668122845294
p.Ile187Asp,0.867119188167368,0.055215210654715,0.811903977512653,0.922334398822083
p.Asn262Met,1.13703927467955,0.040393367510535,1.09664590716902,1.17743264219009
p.Val376Cys,0.809006675591715,0.224647286230225,0.584359389361489,1.03365396182194
p.Trp54Met,1.03451457633846,0.031228209066655,1.06574278540511,1.0032863672718
p.Asn302Thr,0.936994992865045,0.0273475751133405,0.964342567978386,0.909647417751705
p.Ile187Lys,0.441614633284202,0.202344709054266,0.643959342338469,0.239269924229936
p.Gly321=,1.02935342118081,0.0805106460625809,1.10986406724339,0.948842775118228
p.Met411Phe,0.855359765231077,0.0639068352693409,0.791452929961736,0.919266600500418
p.Thr490Lys,1.00788824716574,0.0132182175661584,1.0211064647319,0.994670029599583
p.Phe216Gly,0.493383012374988,0.160909402641923,0.654292415016911,0.332473609733065
p.Ile15Gln,0.938728414671278,0.102440812484972,0.836287602186305,1.04116922715625
p.Val298Gly,0.910348677373141,0.166049513530897,1.07639819090404,0.744299163842246
p.His27Met,1.02780321345848,0.00906919493428,1.0187340185242,1.03687240839276
p.Gln307Leu,-0.002519049511746,0.0366801803912873,-0.0391992299030334,0.0341611308795413
p.Leu495Glu,0.447142587870842,0.150538640862799,0.597681228733641,0.296603947008042
p.Asp286Thr,0.76171948456309,0.217658426678958,0.544061057884132,0.979377911242049
p.Pro467Lys,0.954313948198613,0.0796741991700665,1.03398814736868,0.874639749028547
p.Gly245Met,0.918142869038254,0.109059825043164,1.02720269408142,0.809083043995093
p.Glu460=,0.904702642626946,0.0701222250223339,0.834580417604612,0.97482486764928
p.Gln119Thr,1.06790849906253,0.0867984233083434,1.15470692237087,0.981110075754183
p.Lys275Cys,1.13845647068886,0.106725012976435,1.2451814836653,1.03173145771243
p.Tyr139Leu,0.636808924750864,0.0667803265720229,0.703589251322887,0.570028598178841
p.Gly174Leu,0.985168569811498,0.0945403761799235,1.07970894599142,0.890628193631573
p.Phe216Leu,0.23437743581712,0.111475542573908,0.345852978391027,0.122901893243212
p.Phe88=,0.830797352764161,0.165668808324256,0.665128544439905,0.996466161088418
p.Ser29Lys,1.20794811952263,0.10289180638386,1.31083992590649,1.10505631313877
p.Tyr112Trp,0.801206002651165,0.145539516699274,0.94674551935044,0.655666485951891
p.Pro326Asp,0.731164394969184,0.275846814300236,0.455317580668947,1.00701120926942
p.Glu19Met,0.76157130216927,0.121261574234478,0.640309727934792,0.882832876403749
p.Ala272Pro,0.0966887400189769,0.0389440439038403,0.0577446961151363,0.135632783922817
p.Asp435Leu,1.04709829010196,0.127882304133066,1.17498059423502,0.919215985968889
p.Glu170Phe,0.559666600943589,0.214405652762933,0.774072253706522,0.345260948180656
p.Trp509Phe,1.09333455317966,0.00965289596869,1.10298744914835,1.08368165721097
p.Asp375Asn,0.825545581856379,0.20277058088075,0.62277500097563,1.02831616273713
p.Lys97Trp,0.46445987168806,0.0932100450439935,0.371249826644066,0.557669916732053
p.Ile67Val,0.941846778929564,0.0075803851112195,0.949427164040784,0.934266393818345
p.Ala6Val,1.03146534305755,0.0219203407752249,1.05338568383278,1.00954500228233
p.Arg74Phe,1.01511754667364,0.070435436149196,1.08555298282284,0.944682110524448
p.Gln133Ile,0.986582496915849,0.004730986600955,0.981851510314894,0.991313483516804
p.Glu345Asn,1.03446287285202,0.122366674334277,1.1568295471863,0.912096198517746
p.Arg182=,0.757147905812759,0.0746032542013125,0.682544651611447,0.831751160014072
p.Arg387Ter,-0.0363105763908791,0.0093843934050842,-0.0456949697959633,-0.0269261829857948
p.Met411Arg,0.851313212839216,0.0167343691007649,0.868047581939981,0.834578843738451
p.Arg285Gln,0.728161362754097,0.0377333942642659,0.765894757018363,0.690427968489831
p.Thr91Ile,0.751977179393879,0.176674897305595,0.575302282088284,0.928652076699474
p.Met273Ter,0.229316975713254,0.181914694747168,0.411231670460422,0.0474022809660861
p.Val394Leu,1.1483392995819,0.0580854798354,1.2064247794173,1.0902538197465
p.Glu18Lys,1.1498143990257,0.305013227394367,1.45482762642007,0.844801171631335
p.Gly41Pro,0.0554771082319911,0.0068302934772563,0.0623074017092474,0.0486468147547347
p.Leu16=,0.991113929135955,0.0176799447615574,0.973433984374395,1.00879387389751
p.Val391Ser,0.984357137111646,0.0497194145944244,1.03407655170607,0.934637722517221
p.Cys158Asp,0.140402295638572,0.0232730883363104,0.163675383974883,0.117129207302262
p.Leu468Gln,0.572780685919315,0.114878768442183,0.687659454361499,0.457901917477132
p.Glu18Thr,0.811004984288704,0.0228580905604834,0.78814689372822,0.833863074849187
p.Glu473Cys,0.891514033090558,0.0027409522081464,0.894254985298704,0.888773080882411
p.Pro223Arg,1.16681038305366,0.0211083957620549,1.18791877881572,1.14570198729161
p.Glu416Leu,1.06427212046568,0.0862441955003014,1.15051631596598,0.978027924965377
p.Gln383Asn,0.866815047097332,0.144177819346366,0.722637227750968,1.0109928664437
p.Asn105Ter,0.0813606324636724,0.0437204336249445,0.125081066088617,0.0376401988387279
p.Lys47Asn,0.817149267248392,0.0099325465909649,0.807216720657427,0.827081813839357
p.Gln502Ile,0.970081805007351,0.020701089180687,0.949380715826664,0.990782894188038
p.Arg348Gln,1.19494088991465,0.026241269064795,1.22118215897944,1.16869962084985
p.Asp176Ter,0.0837809881407562,0.105849108401549,0.189630096542305,-0.0220681202607923
p.Ile196Gly,0.0429209176247743,0.0070929154251513,0.0500138330499257,0.035828002199623
p.Ile187Gly,0.643027106169606,0.153091029282017,0.796118135451623,0.489936076887589
p.Phe21Arg,1.05928091015975,0.130257625718609,1.18953853587836,0.929023284441141
p.Leu96Gln,1.12577691550816,0.0733054710823,1.19908238659046,1.05247144442586
p.Lys366Ter,0.0463789898866673,0.0035679621422298,0.0428110277444375,0.0499469520288971
p.Pro50His,0.325416565115328,0.0751245091433015,0.400541074258629,0.250292055972026
p.Glu389His,0.877012604089135,0.126289935600125,1.00330253968926,0.75072266848901
p.Gly488Asp,0.0496931537743044,0.0486019212258557,0.0982950750001601,0.0010912325484486
p.Asp493Phe,1.12938293307822,0.135379284332106,1.26476221741033,0.994003648746118
p.Val341Ser,0.876154711304032,0.0038534522801694,0.880008163584202,0.872301259023863
p.Leu60Gln,0.58813157216113,0.134688855163436,0.453442716997693,0.722820427324566
p.Phe337Arg,0.245581527275678,0.0313273521377169,0.276908879413395,0.214254175137961
p.Asn426Phe,0.980938577675065,0.0260273973137929,0.954911180361274,1.00696597498886
p.Ile52Leu,1.09086190862478,0.08378220257846,1.17464411120324,1.00707970604632
p.Glu504=,0.904997286077362,0.0689000077400089,0.836097278337353,0.973897293817371
p.Val444Thr,0.917486652613901,0.037457412594494,0.954944065208395,0.880029240019407
p.Val453Asn,0.85565874994711,0.159126767086231,1.01478551703334,0.696531982860877
p.Ala44=,1.10263571285406,0.02590230176627,1.12853801462033,1.07673341108779
p.Lys407Arg,1.1547696050407,0.01606893282221,1.13870067221849,1.17083853786291
p.Arg393Leu,0.939953142871154,0.001879307889371,0.941832450760525,0.938073834981783
p.Gln372=,0.931889119866046,0.019871111887941,0.951760231753987,0.912018007978105
p.Leu16Ile,1.15598006261855,0.186055152488792,1.34203521510734,0.969924910129755
p.Lys45=,1.03096571921599,0.110395425738493,0.920570293477503,1.14136114495449
p.Glu252Asp,1.02763678514803,0.02241841029599,1.05005519544402,1.00521837485204
p.Arg246Gln,1.17718948154573,0.0485309722684449,1.22572045381417,1.12865850927728
p.His470Ser,0.999401551932961,0.077333987530017,0.922067564402946,1.07673553946298
p.Tyr484His,0.833033095868659,0.189707129392132,0.643325966476526,1.02274022526079
p.Lys82Met,0.94202719084537,0.068216775564258,1.01024396640963,0.873810415281114
p.Pro481Val,0.806303320599754,0.072912834432163,0.879216155031917,0.733390486167591
p.Pro92His,1.02501836478444,0.0082464364714249,1.03326480125586,1.01677192831301
p.Val510Ile,0.912498915845327,0.007313140442748,0.905185775402579,0.919812056288075
p.Thr336Ter,0.0123680505408306,0.0724397070442351,0.0848077575850658,-0.0600716565034045
p.Asn122Ter,-0.129453730925602,0.0774298760043423,-0.206883606929944,-0.0520238549212593
p.Phe138Ter,-0.0481907014527173,0.0553660228935426,-0.10355672434626,0.0071753214408254
p.Trp53Thr,-0.0435164799068168,0.115784806392226,-0.159301286299043,0.07226832648541
p.Ile224Gly,0.982548848385609,0.089478649894562,1.07202749828017,0.893070198491046
p.Tyr112Gly,0.95262669172562,0.449042549586861,1.40166924131248,0.503584142138758
p.Asp313Asn,1.10444309014423,0.126229514968759,1.23067260511299,0.978213575175471
p.Ala141Phe,-0.0403138501209885,0.0359034235694529,-0.0762172736904415,-0.0044104265515355
p.Glu18Ala,1.12798045025293,0.0303066915040649,1.158287141757,1.09767375874887
p.Pro86Gly,0.89522582617883,0.048064934504278,0.943290760683108,0.847160891674552
p.Ser157Thr,0.75987703400355,0.2342161917636,0.52566084223995,0.99409322576715
p.Ser123His,0.910634045176402,0.105765039866988,0.804869005309413,1.01639908504339
p.Gln178Gly,0.898805195241023,0.0414886924167029,0.940293887657726,0.85731650282432
p.Leu342Phe,1.02485978867765,0.0260726955019144,1.05093248417956,0.998787093175731
p.Ala377Lys,1.09494869068074,0.0198920250402799,1.07505666564046,1.11484071572102
p.His27Leu,0.990781824784674,0.0320105137422779,1.02279233852695,0.958771311042394
p.Phe173=,0.899143204058131,0.132879220449559,0.766263983608572,1.03202242450769
p.Phe66Thr,0.995923291041479,0.114789165278331,1.11071245631981,0.881134125763148
p.Asp176Gly,1.11925528098622,0.481147744177926,1.60040302516414,0.638107536808287
p.Val289Gln,0.9703190073902,0.06854712833076,1.03886613572096,0.90177187905944
p.Leu128Val,0.944100243054064,0.023761006631888,0.967861249685952,0.920339236422176
p.Glu417Pro,1.05258927980122,0.170051933615563,1.22264121341678,0.882537346185654
p.Gly110Trp,0.406539988206062,0.020247629527884,0.426787617733946,0.386292358678178
p.Val12Arg,0.990953468283836,0.0639679252649439,1.05492139354878,0.926985543018892
p.Pro434Gly,1.05050348115553,0.002394575351485,1.04810890580404,1.05289805650701
p.Ile15Ser,0.7355331042595,0.201492516793357,0.534040587466143,0.937025621052858
p.Leu420Met,0.763687459256271,0.210842264947456,0.552845194308814,0.974529724203727
p.Val77Ser,0.981989038810819,0.150563924272399,1.13255296308322,0.831425114538422
p.Ile168Phe,0.419612438778009,0.260043060229008,0.679655499007017,0.159569378549001
p.Asp194Asn,0.968139837015426,0.0313788130140219,0.999518650029448,0.936761024001404
p.Val271His,0.0360394879753478,0.0672400979948542,-0.0312006100195065,0.103279585970202
p.Asn363Thr,0.794942269820919,0.039773315038616,0.834715584859535,0.755168954782303
p.Glu438Pro,1.13961767130475,0.002801506052815,1.14241917735756,1.13681616525193
p.Thr319Phe,0.943602552609598,0.08815070070812,1.03175325331772,0.85545185190148
p.Val340Tyr,0.118045894572402,0.017723497530371,0.135769392102773,0.100322397042031
p.Gln449Val,0.703116184204058,0.112655222787619,0.815771406991678,0.590460961416439
p.Phe221Trp,1.01995952460328,0.0372730405901959,1.05723256519347,0.982686484013078
p.Thr336Phe,0.385831724497412,0.199658715538466,0.186173008958946,0.585490440035878
p.Gly447His,0.711504625433306,0.0635727362824809,0.775077361715787,0.647931889150825
p.Ile167Ter,0.123214868831874,0.0903458719733555,0.21356074080523,0.0328689968585188
p.Asn185Phe,0.891613917950319,0.087084781732854,0.978698699683173,0.804529136217465
p.Thr319Ile,1.08631011548877,0.0628735190021099,1.14918363449088,1.02343659648666
p.Leu75Gly,0.728705850391367,0.0279638669194939,0.700741983471873,0.756669717310861
p.Glu315Asn,1.05429606202865,0.03825355265763,1.09254961468628,1.01604250937102
p.Glu368His,0.446969726476392,0.0699822993203069,0.376987427156085,0.516952025796699
p.His124Tyr,0.933137172915864,0.02175140461492,0.911385768300944,0.954888577530784
p.Lys152Pro,0.87418133496177,0.119463726951633,0.993645061913403,0.754717608010136
p.Arg365Thr,1.02850821907027,0.03890925814716,1.06741747721743,0.98959896092311
p.Gln133Cys,1.00473763624971,0.0637930318198705,0.940944604429839,1.06853066806958
p.Pro50Ala,0.490202492165859,0.0502088704392624,0.439993621726597,0.540411362605122
p.Arg427Asn,1.25471670439504,0.174888509091375,1.42960521348641,1.07982819530366
p.Pro276Leu,0.104384322237792,0.0625039037550491,0.166888225992841,0.0418804184827427
p.Leu177Asp,0.76447767240854,0.11684412226178,0.64763355014676,0.88132179467032
p.Ala134Ser,1.25420202263136,0.299216627220643,1.553418649852,0.954985395410713
p.Leu458Ter,0.0076590111503984,0.0030246389810009,0.0106836501313994,0.0046343721693974
p.Thr423Pro,1.05199222353819,0.00411616425034,1.04787605928785,1.05610838778853
p.Ser73Leu,0.740640544705767,0.0086184998391359,0.749259044544903,0.732022044866631
p.Tyr401Gln,1.12837521306892,0.11385014375933,1.24222535682825,1.01452506930959
p.Asn229Pro,0.262455358344058,0.008637480924307,0.253817877419751,0.271092839268365
p.His513Trp,1.02333764863753,0.0431324015736284,0.980205247063903,1.06647005021116
p.Arg74Ala,1.07755234381802,0.0435842443883949,1.12113658820642,1.03396809942963
p.Arg219Ala,1.2886438378998,0.179520544180495,1.4681643820803,1.10912329371931
p.Pro144Leu,1.06052589431175,0.0263596172685949,1.03416627704316,1.08688551158035
p.Ser40Thr,0.875111567200296,0.0615230426489884,0.936634609849284,0.813588524551307
p.Ser123Phe,0.75316879246792,0.0451361744956939,0.708032617972226,0.798304966963614
p.Trp54Phe,0.845174690132753,0.0028595799637615,0.848034270096514,0.842315110168991
p.Tyr308His,0.736346559928043,0.100727146018918,0.837073705946962,0.635619413909125
p.Lys95Met,1.17240570628525,0.0243008152187,1.19670652150395,1.14810489106655
p.Gly38Tyr,0.0609409530078095,0.0123903594565387,0.0733313124643482,0.0485505935512707
p.Phe354Ala,0.193232365017607,0.107213926748018,0.0860184382695895,0.300446291765625
p.Ile441=,1.05380864907675,0.086466549758374,1.14027519883512,0.967342099318372
p.Leu7Gln,1.19896072963328,0.297767242466272,1.49672797209955,0.901193487167005
p.Phe445Ser,-0.0123243962286951,0.151960694732706,-0.164285090961401,0.139636298504011
p.Leu495Ter,0.0094181719725635,0.0186981064517204,0.028116278424284,-0.0092799344791569
p.Ser132Tyr,1.01180535215138,0.017741094910452,1.02954644706183,0.994064257240926
p.Val376Phe,1.15722025721639,0.037519674549215,1.19473993176561,1.11970058266718
p.Ile380Val,1.1351894237604,0.12339541652646,1.25858484028686,1.01179400723394
p.Glu206Met,0.996988231459765,0.174820740522517,1.17180897198228,0.822167490937247
p.Gly425Cys,0.94978220316279,0.0079922102567269,0.957774413419517,0.941789992906063
p.Arg330Lys,0.803228209455129,0.226086003433651,0.577142206021477,1.02931421288878
p.Asp456Lys,0.546417638150085,0.0414982932546819,0.504919344895403,0.587915931404767
p.Arg257Ala,1.00318385538471,0.0318619848317289,1.03504584021644,0.971321870552982
p.Thr319Asp,0.912809370619247,0.0204097497851765,0.89239962083407,0.933219120404423
p.Asn105Thr,1.08685926075338,0.109237980882499,1.19609724163588,0.977621279870881
p.Tyr484Glu,0.342279376464199,0.202846526399418,0.545125902863617,0.139432850064781
p.Val12Asn,0.800060768026726,0.225335605300555,0.574725162726169,1.02539637332728
p.Thr490Gly,0.746187192293527,0.187310225349068,0.558876966944459,0.933497417642596
p.Leu268=,1.17080872685766,0.0678159765609749,1.10299275029668,1.23862470341863
p.Tyr437Cys,1.08149278237538,0.06999413346533,1.15148691584071,1.01149864891005
p.Asp379Tyr,0.735369884829628,0.0333366384794795,0.702033246350149,0.768706523309108
p.Asn311=,1.10466706555697,0.10103143422806,1.20569849978503,1.00363563132891
p.Glu148Cys,0.91607356685587,0.0252234098061334,0.941296976662004,0.890850157049737
p.Gly245Ser,0.97871381263083,0.0648663830074084,0.913847429623423,1.04358019563824
p.Thr334Ser,1.12659937486317,0.11137357389607,1.23797294875924,1.0152258009671
p.Ala367=,0.840993078912181,0.101616326262175,0.942609405174356,0.739376752650006
p.Pro326Phe,1.18502285910792,0.135982420255815,1.32100527936374,1.04904043885211
p.Glu85Thr,0.684752127004467,0.155335719230096,0.529416407774371,0.840087846234563
p.Cys446Ser,1.15052644098195,0.0372942494857,1.18782069046765,1.11323219149625
p.Pro143Arg,0.800188189529857,0.130950184957618,0.66923800457224,0.931138374487475
p.Lys97Ile,0.947730503002363,0.0364547350260975,0.911275767976265,0.98418523802846
p.Arg74Thr,0.701371589848653,0.26105700105702,0.440314588791633,0.962428590905673
p.Arg219Gln,1.18007774671025,0.07785592392631,1.25793367063656,1.10222182278394
p.Asn226Ser,1.11121572517269,0.134749188937971,1.24596491411066,0.976466536234718
p.His513=,1.05094485794426,0.0228676308780699,1.07381248882233,1.02807722706619
p.Lys95Ile,0.912285870613338,0.0570048586384219,0.855281011974916,0.96929072925176
p.Arg198Lys,0.238750856121079,0.460833423096571,-0.222082566975493,0.69958427921765
p.Ala109Ile,0.809049295884555,0.0923189285656084,0.716730367318946,0.901368224450163
p.Val341His,0.826888945263132,0.172686537593941,0.999575482857073,0.654202407669191
p.Gln372Ile,1.07834790798457,0.127990440974053,1.20633834895862,0.950357467010514
p.Leu265Thr,0.969312783397395,0.114473420982827,1.08378620438022,0.854839362414566
p.Arg72Ala,0.869739593723355,0.0010501490869064,0.870789742810262,0.868689444636449
p.Gln22Ile,1.08609862429678,0.0995940856413725,1.18569270993815,0.986504538655405
p.His124Ile,0.5052672354424,0.44746244727061,0.05780478817179,0.952729682713011
p.Phe21Lys,1.06825871072856,0.014624886089265,1.0536338246393,1.08288359681783
p.Val5Gln,1.09014582803245,0.06901317978385,1.1591590078163,1.0211326482486
p.Asp313Thr,1.12734669311056,0.230779425546047,1.35812611865661,0.896567267564516
p.Val12His,1.4144504682998,0.479921317957641,1.89437178625744,0.934529150342157
p.Gln299Lys,1.04117259277734,NA,NA,1.04117259277734
p.Val108Pro,0.0569426804868488,0.0607093131140001,-0.0037666326271513,0.117651993600849
p.Arg74Met,0.852810128905756,0.0139684264074589,0.838841702498297,0.866778555313215
p.Val284Asp,0.169659501950031,0.08614359062389,0.255803092573921,0.0835159113261409
p.Arg182Pro,0.867497264813341,0.114622634550035,0.982119899363377,0.752874630263306
p.Val150Tyr,0.0428523016578423,0.101403325188364,-0.0585510235305222,0.144255626846207
p.Ile234Tyr,1.22835181578672,0.100187680657285,1.328539496444,1.12816413512943
p.Gly59Leu,0.460392199357674,0.0428763291775724,0.417515870180102,0.503268528535247
p.Thr402Pro,0.624663221589244,0.129669021553065,0.75433224314231,0.494994200036179
p.Ile167Pro,-0.0051705314422556,0.0421998958111172,-0.0473704272533729,0.0370293643688616
p.Ile35Lys,0.230951763371064,0.177289439739747,0.408241203110811,0.0536623236313172
p.Ile255Gly,1.00141567063672,0.0572498755925639,1.05866554622928,0.944165795044152
p.Glu389Thr,0.893061705763696,0.0681582573337705,0.961219963097466,0.824903448429925
p.Phe412Pro,1.03611218459939,0.0687968790814395,1.10490906368083,0.967315305517951
p.Val394Ter,-0.0189775380333809,0.0133015864961792,-0.0056759515372017,-0.0322791245295601
p.Lys95Asn,1.01045138263813,0.0424109690863484,1.05286235172448,0.968040413551783
p.Ser84Met,0.854876901651881,0.185106055935486,0.669770845716397,1.03998295758737
p.Glu473Val,0.771517053113773,0.0973331416593384,0.868850194773112,0.674183911454435
p.Asn388Glu,1.11040297445635,0.110845152373852,1.2212481268302,0.999557822082495
p.Lys508Glu,1.11834988436317,0.0161308658220049,1.13448075018518,1.10221901854117
p.Val341Ter,-0.061846868453028,0.0550637166097983,-0.116910585062826,-0.0067831518432294
p.Thr145Asn,0.884337095955889,0.0493381357409884,0.834998960214901,0.933675231696878
p.Leu342Glu,0.153884880468698,0.0263058879601394,0.180190768428838,0.127578992508559
p.Tyr112Glu,0.909316777325914,0.0198654691484524,0.929182246474367,0.889451308177462
p.Glu317His,1.13893238265653,0.04995210540143,1.18888448805796,1.0889802772551
p.Ala318Asp,0.969204995001734,0.0988447700812269,1.06804976508296,0.870360224920506
p.Val284Gly,0.587066413964143,0.216803624893956,0.8038700388581,0.370262789070187
p.Tyr401=,1.04313685069588,0.101348982458373,1.14448583315425,0.941787868237504
p.Gly23=,1.00430503221125,0.046553131182939,0.957751901028312,1.05085816339419
p.Gly242Pro,0.993174744866813,0.179874075565768,1.17304882043258,0.813300669301043
p.Leu16His,1.04742381103119,0.0651140384020325,1.11253784943322,0.982309772629155
p.Asn105Ile,1.04064454916066,0.0129353811543,1.02770916800636,1.05357993031496
p.Ser448=,1.01030432515089,0.049121309196828,1.05942563434772,0.961183015954064
p.Arg370Pro,0.290643313778687,0.009242812620044,0.281400501158643,0.299886126398731
p.Asp435Ter,-0.0787977198500491,0.0581402550350967,-0.136937974885146,-0.0206574648149526
p.Phe138Pro,0.0496171608402177,0.0076586409843807,0.041958519855837,0.0572758018245985
p.Ile48Gln,0.103370934961357,0.0056509664090411,0.0977199685523157,0.109021901370398
p.Thr466Asn,1.19034362162357,0.12591921947658,1.31626284110015,1.06442440214699
p.Gly23Trp,1.19476895509735,0.0391764465938699,1.23394540169122,1.15559250850348
p.Glu398Val,1.01434797170646,0.0817624688404164,1.09611044054688,0.932585502866047
p.Ile48Cys,0.585953295644556,0.0677087979724809,0.653662093617037,0.518244497672075
p.Met496Pro,0.639931123111024,0.149211308618458,0.490719814492566,0.789142431729483
p.Asn153Ala,0.958490888256262,0.0398022165202295,0.918688671736032,0.998293104776491
p.Gly378Ala,1.09793868204141,0.025613960417955,1.12355264245936,1.07232472162345
p.Asp194Val,0.691698279757652,0.0220352180517184,0.71373349780937,0.669663061705933
p.Tyr112Ala,0.659312985258393,0.118672086120102,0.54064089913829,0.777985071378495
p.Arg257=,1.03707852511849,0.059775602053451,1.09685412717194,0.977302923065038
p.Pro512His,0.88772423183574,0.010755615809617,0.876968616026123,0.898479847645357
p.Ile33Gln,0.923082219210569,0.0271070999606279,0.895975119249941,0.950189319171197
p.Val369Ser,0.156855700303836,0.0277423449971224,0.129113355306713,0.184598045300958
p.Gly59Gln,0.772191354745414,0.0231862722542099,0.795377626999624,0.749005082491204
p.Asn226Tyr,0.662336848552789,0.0366325714174309,0.69896941997022,0.625704277135358
p.Leu190Tyr,1.056298765273,0.0018074467447749,1.05810621201778,1.05449131852823
p.Asn226Met,0.585673674180555,0.0146950663811479,0.570978607799407,0.600368740561703
p.Ile48Met,0.724588715931055,0.17497921744597,0.899567933377025,0.549609498485085
p.Asp181Tyr,0.76659976341345,0.100324279493999,0.66627548391945,0.866924042907449
p.Asp258Ala,1.21032089669843,0.112317606110325,1.32263850280876,1.09800329058811
p.Thr151Val,0.98649529727015,0.076357657753781,1.06285295502393,0.910137639516368
p.Arg454Phe,0.408181404177784,0.178539258853163,0.586720663030947,0.229642145324621
p.Gly359Phe,0.0245869453325713,0.0020243319526175,0.0225626133799537,0.0266112772851889
p.Ser117Glu,0.88005091324491,0.0251088451105225,0.854942068134387,0.905159758355432
p.Pro467Thr,1.00716932305909,0.0755133493776269,1.08268267243672,0.931655973681466
p.Gln266Ile,0.522985462780788,0.051853964458136,0.574839427238924,0.471131498322652
p.Glu475Asp,0.961760580995039,0.0236724627228535,0.938088118272186,0.985433043717893
p.Val271Tyr,0.112959070498265,0.0134230062949906,0.0995360642032746,0.126382076793256
p.Phe373Pro,0.0750707969370071,0.0829686001747779,-0.0078978032377709,0.158039397111785
p.Phe445Ile,1.02200555672562,0.0880144046580059,0.933991152067608,1.11001996138362
p.Glu504Arg,0.889961306144036,0.046387404857821,0.843573901286215,0.936348711001857
p.Val284Glu,0.406919217817276,0.188562649323971,0.595481867141247,0.218356568493304
p.Asn302Glu,1.10913084834307,0.123127144079774,1.23225799242284,0.986003704263293
p.Glu315Ter,0.082651097177564,0.0726374613437229,0.155288558521287,0.0100136358338411
p.Phe237Pro,0.150653997198844,0.0538889074295278,0.0967650897693163,0.204542904628372
p.Glu416Val,1.04401098729034,0.0499921083163704,0.994018878973969,1.09400309560671
p.His201Lys,1.12769800199587,0.01877342570591,1.14647142770178,1.10892457628996
p.Arg365Asn,1.09674720087281,0.070097718000245,1.16684491887306,1.02664948287257
p.Ile199Lys,0.842988736917698,0.308943095236939,1.15193183215464,0.534045641680761
p.Tyr482Ser,0.311652874761361,0.0366101982594425,0.348263073020803,0.275042676501918
p.Trp509Thr,1.15743082433001,0.11055803098748,1.26798885531749,1.04687279334253
p.Tyr437Pro,1.04734145840376,0.186272701770905,1.23361416017467,0.86106875663286
p.Ser8Lys,1.09185713969504,0.0685521923968399,1.16040933209188,1.0233049472982
p.Trp509Ter,1.39286215833595,0.050987282510295,1.44384944084625,1.34187487582566
p.Ala116Ser,0.83611316756985,0.101302794504249,0.734810373065601,0.937415962074099
p.Asp251=,1.01387262454149,0.0159148893837504,1.02978751392524,0.997957735157739
p.Gln261Asp,0.707925649113717,0.172226223427371,0.880151872541088,0.535699425686346
p.Asn165=,1.07500559062623,0.0809124172029365,1.15591800782917,0.994093173423297
p.Leu442Ile,0.69702022756081,0.300925962046615,0.396094265514194,0.997946189607425
p.Lys290Arg,1.13991330519754,0.11224132260054,1.25215462779808,1.027671982597
p.Arg370Lys,1.14259083371212,0.067229546517305,1.20982038022943,1.07536128719482
p.Gln195Ile,0.671951684558347,0.0796328182469809,0.751584502805328,0.592318866311366
p.Phe21=,1.00473878582476,0.0056926523191634,1.01043143814392,0.999046133505593
p.Ala217Asn,0.853508560977435,0.169434636778663,1.0229431977561,0.684073924198773
p.Asp313Ile,1.04961141237957,0.0206745750576799,1.02893683732189,1.07028598743725
p.Gly14Glu,1.03975100233557,0.0508345497798224,0.988916452555745,1.09058555211539
p.Leu292Glu,0.0409125645640013,0.0142158975442418,0.0266966670197595,0.0551284621082432
p.His263Gln,1.21178045642596,0.109119197907335,1.3208996543333,1.10266125851863
p.Asn153Met,0.881637880824302,0.0031168396265615,0.87852104119774,0.884754720450863
p.Arg166Met,0.290202629468927,0.029212065510478,0.319414694979405,0.260990563958449
p.Lys366Asp,1.11960312925422,0.074473498607805,1.19407662786203,1.04512963064642
p.Asn262Pro,1.07825630685634,0.00936068230058,1.06889562455576,1.08761698915692
p.His155Lys,0.945839567814282,0.0208868961857864,0.924952671628495,0.966726464000068
p.Phe253Pro,1.09148467186915,0.114481708201817,1.20596638007097,0.977002963667335
p.Val391Ala,1.00892272198256,0.0821589899947299,1.09108171197729,0.92676373198783
p.Val499Gln,0.986139417124447,0.025830143623484,1.01196956074793,0.960309273500962
p.Glu389=,0.852571961693058,0.0480320178269429,0.804539943866115,0.900603979520001
p.Leu422Met,1.2623026340647,0.0960421429888749,1.35834477705358,1.16626049107583
p.Thr506Lys,1.09053712652937,0.08798482748514,1.17852195401451,1.00255229904423
p.Gln83Ter,-0.0389116822545377,0.0413744359602389,-0.0802861182147767,0.0024627537057013
p.Val510Ser,0.974903720871636,0.139299494951664,1.1142032158233,0.835604225919972
p.Ala461Tyr,1.15304511260071,0.091553012782295,1.24459812538301,1.06149209981842
p.Thr145=,1.01804611435686,0.0553559733567439,0.962690141000112,1.0734020877136
p.Val391His,1.00670475421963,0.04843655265606,1.05514130687569,0.95826820156357
p.Leu43Ala,0.783573474410436,0.038152757131653,0.821726231542089,0.745420717278783
p.Gln161Glu,0.933297201147328,0.0859920847848205,0.847305116362509,1.01928928593215
p.Glu287Ile,0.199462951490098,0.0546102707985215,0.254073222288619,0.144852680691576
p.Gly23Gln,1.10939388854692,0.023486615018605,1.08590727352831,1.13288050356552
p.Val444Glu,-0.0104509461871541,0.0652230307932728,-0.0756739769804269,0.0547720846061187
p.Ile162Phe,1.00353603192539,0.0056574356123014,0.997878596313087,1.00919346753769
p.Asn135Ter,-0.0955054430569904,0.0644998738000718,-0.160005316857062,-0.0310055692569184
p.Phe412Asn,1.15346526940458,0.0170516630541599,1.13641360635042,1.17051693245874
p.Glu347Tyr,1.04386984322027,0.141865858105329,1.1857357013256,0.902003985114942
p.Val284Pro,0.299270764302402,0.111130521113457,0.410401285415859,0.188140243188945
p.Ile48Val,1.07032072139499,0.139281984703109,1.2096027060981,0.931038736691883
p.Ala71Val,0.209897555648471,0.0592282695344789,0.150669286113992,0.26912582518295
p.Asn229Glu,0.656264025035425,0.170435483152214,0.485828541883211,0.826699508187639
p.Lys205Ile,1.25127617543639,0.143977992654735,1.39525416809113,1.10729818278166
p.Glu473Phe,0.854067404234003,0.0606603293323014,0.914727733566305,0.793407074901702
p.Met159His,1.04316759716555,0.278856012676379,1.32202360984193,0.764311584489172
p.Gly41Leu,0.769101959602047,0.102299661599943,0.666802298002104,0.87140162120199
p.Asp176Glu,0.929619351554601,0.112729209359021,1.04234856091362,0.816890142195577
p.Thr506Met,1.1214249512441,0.0131999273480399,1.13462487859214,1.10822502389606
p.Thr76Ala,0.796703213308116,0.068281573694817,0.728421639613299,0.864984787002933
p.Val146Lys,1.0391582270542,0.008590096189015,1.04774832324322,1.03056813086519
p.Ile355Phe,0.896117112245715,0.143795967384676,1.03991307963039,0.752321144861038
p.Arg166Leu,0.208848303520637,0.0212345227881055,0.230082826308743,0.187613780732532
p.Met267Tyr,1.14480473320116,0.118549392973345,1.26335412617451,1.02625534022782
p.His382Val,0.975843896403973,0.117171233464466,0.858672662939508,1.09301512986844
p.Tyr197=,1.12171342913085,0.182681944142605,1.30439537327345,0.939031484988239
p.Tyr437Ala,1.14840406776632,0.0731983268777549,1.22160239464407,1.07520574088856
p.Ser123Gly,1.09295795235795,0.148320613538268,1.24127856589622,0.944637338819684
p.Ala25Glu,1.05865021601927,0.104518840453583,1.16316905647285,0.954131375565684
p.Gly351Ter,-0.0648634814829599,0.0687134390433533,-0.133576920526313,0.0038499575603937
p.Asp176Ala,0.689888158400532,0.192820263712958,0.88270842211349,0.497067894687574
p.Gly247Ile,1.08544684795546,0.110423952767404,1.19587080072286,0.975022895188052
p.Asp283Ser,0.967303645955394,0.0332267181130644,0.934076927842331,1.00053036406846
p.Ala339Phe,0.81269070358768,0.0376269720752139,0.850317675662894,0.775063731512466
p.Arg198Gly,-0.0021110070112022,0.0511887229474057,-0.0532997299586079,0.0490777159362035
p.Met404Thr,0.720339286352291,0.0588361557544344,0.661503130597856,0.779175442106725
p.Leu177Lys,1.34767523977234,0.348041736783289,1.69571697655563,0.999633502989052
p.Gly447Lys,0.794859077820496,0.0084495105213679,0.803308588341864,0.786409567299128
p.His129=,0.999099809457448,0.0659913348584199,0.93310847459903,1.06509114431587
p.Ile67Asp,0.219550810508162,0.19304948689249,0.412600297400652,0.0265013236156721
p.Gln502Val,0.938388392800482,0.11761319328641,0.82077519951407,1.05600158608689
p.Ala103Ser,1.13470713892534,0.0786459954031799,1.21335313432852,1.05606114352216
p.Ser184Asp,0.893712133632661,0.0765714349516684,0.817140698680992,0.970283568584329
p.Pro50Arg,0.799583211755639,0.0331160290998324,0.832699240855471,0.766467182655806
p.Glu419Trp,1.16314986630614,0.074318956808055,1.2374688231142,1.08883090949809
p.Glu368Thr,0.910595125630453,0.0797067728714024,0.990301898501855,0.83088835275905
p.Leu362Met,0.98042164846701,0.116195600421692,0.864226048045316,1.0966172488887
p.Glu416Ala,1.12198915955568,0.004717854800605,1.11727130475507,1.12670701435628
p.Gly316Thr,1.13865350669818,0.0394420888647499,1.17809559556293,1.09921141783343
p.Asp30Trp,0.776540682607653,0.0398707965681139,0.736669886039539,0.816411479175767
p.Ala90Cys,1.14655692201771,0.247440765237357,1.39399768725507,0.899116156780355
p.Gly248Ser,1.10557925197807,0.105995890824184,1.21157514280225,0.999583361153881
p.Gly316His,0.800938467206113,0.145602657844742,0.65533580936137,0.946541125050855
p.Asp325Pro,0.545699524258994,0.144196870880775,0.689896395139769,0.401502653378219
p.Val146Gln,1.03172224444076,0.0936777920812635,1.12540003652202,0.938044452359493
p.Ile80Ser,0.266324816268094,0.0562374388665715,0.322562255134666,0.210087377401523
p.Ser188Phe,0.841678088035291,0.0123616968281035,0.829316391207188,0.854039784863395
p.Glu494Cys,0.937201145577071,0.0422345663933554,0.894966579183716,0.979435711970427
p.Gly110Thr,0.28408468454429,0.217855372110217,0.501940056654507,0.0662293124340723
p.Gly204Arg,1.19834259527571,0.0362752791522499,1.23461787442796,1.16206731612346
p.Cys232Pro,0.393923686028691,0.0726861717849955,0.466609857813687,0.321237514243696
p.Ala2Leu,0.94375190685149,0.005370108680789,0.949122015532279,0.938381798170701
p.Leu43Gln,1.01709242215004,0.0426741594626034,1.05976658161264,0.974418262687433
p.Gly321Ile,0.154726017004512,0.0909270599423084,0.245653076946821,0.0637989570622041
p.Phe102Glu,0.317474811661468,0.0451807575287199,0.272294054132748,0.362655569190188
p.Asp379Lys,1.0943034276344,0.124575053070268,1.21887848070467,0.969728374564134
p.Met125Lys,-0.0090907541361169,0.0298200601322701,-0.0389108142683871,0.0207293059961533
p.Leu235Thr,0.563986604873781,0.0353590237292155,0.599345628602997,0.528627581144566
p.Glu85Gln,1.01495084144291,0.006288019115315,1.0086628223276,1.02123886055823
p.Glu457Lys,0.167048480623107,0.0328548695941394,0.134193611028967,0.199903350217246
p.Thr333Lys,0.966280545033797,0.0703365147214354,0.895944030312359,1.03661705975523
p.Asn388Gly,0.788624087830002,0.142803186556024,0.931427274386026,0.645820901273978
p.Arg219Glu,0.337647601364024,0.159942405581407,0.497590006945432,0.177705195782617
p.Ala6Leu,0.822313308542424,0.104598440203975,0.717714868338449,0.926911748746399
p.Arg57Tyr,0.262920451615258,0.0767894311097589,0.186131020505499,0.339709882725017
p.Leu55Ser,0.945034679117255,0.106214511388253,1.05124919050551,0.838820167729004
p.Phe173Lys,0.13690963729813,0.0738728973505745,0.210782534648705,0.0630367399475559
p.Lys366Tyr,0.853149263503831,0.134382304630159,0.98753156813399,0.718766958873672
p.Asp443Arg,0.601813989862649,0.133756534079612,0.735570523942261,0.468057455783037
p.Val510His,1.14764135537778,0.174472217641361,1.32211357301914,0.973169137736418
p.Met260Cys,0.93312587380815,0.10628957318138,0.82683630062677,1.03941544698953
p.Gly59Asn,0.985704119375587,0.0091584237847359,0.994862543160323,0.976545695590851
p.Ala399Trp,1.18689859738301,0.00975459816904,1.17714399921397,1.19665319555205
p.Phe191Arg,0.0012874111774327,0.0596194468487528,-0.0583320356713202,0.0609068580261856
p.Glu63Lys,1.08213692936241,0.052644880935345,1.13478181029775,1.02949204842706
p.Leu130Arg,0.93976130267849,0.0125582087336649,0.952319511412155,0.927203093944825
p.Gly131=,0.968412280193816,0.0518872428070434,0.916525037386773,1.02029952300086
p.Ser123Met,0.942454706562268,0.090029100987734,0.852425605574532,1.03248380755
p.Met212Lys,0.175844665296869,0.184256700265155,0.360101365562024,-0.0084120349682861
p.Lys95Ser,0.925641392917311,0.0080932160814005,0.933734608998711,0.91754817683591
p.Thr406Val,0.556602360492207,0.168869046839631,0.387733313652576,0.725471407331838
p.Leu96Phe,1.06739137160299,0.0361154973777099,1.1035068689807,1.03127587422528
p.Ala44Lys,0.0281285023400451,0.0619222198160293,-0.0337937174759843,0.0900507221560744
p.Gly447Leu,0.0100655229866174,0.0209502247325972,-0.0108847017459799,0.0310157477192147
p.Pro50Asp,-0.001182500155593,0.0363535584866336,-0.0375360586422267,0.0351710583310406
p.Val369Ter,-0.0759977964432382,0.0485501067032837,-0.124547903146522,-0.0274476897399545
p.Lys89Ter,-0.066218210906983,0.0447541640370339,-0.110972374944017,-0.0214640468699491
p.Gly174Ter,0.103767099458507,0.0727651188196941,0.176532218278201,0.0310019806388127
p.Ile234Phe,1.03883294449723,0.104419612378111,1.14325255687534,0.934413332119118
p.Leu371Ter,-0.0019145235946318,0.0482248205416811,-0.050139344136313,0.0463102969470494
p.Phe373Asp,0.0431739812799054,0.144978167778035,-0.10180418649813,0.188152149057941
p.Tyr49Lys,-0.0563160275124747,0.0572260534808182,-0.113542080993293,0.0009100259683436
p.Thr327Gln,1.04381764331063,0.01880250005511,1.02501514325552,1.06262014336574
p.Phe87Tyr,0.861447443787225,0.058312583044599,0.803134860742626,0.919760026831824
p.Ile162Glu,0.97158136199065,0.0238583684769554,0.995439730467605,0.947722993513694
p.Tyr147Cys,1.14859021591454,0.027931070763305,1.17652128667785,1.12065914515124
p.Glu63Cys,0.900620625253294,0.0592888993036604,0.841331725949633,0.959909524556954
p.Lys478His,1.04290342212906,0.082650139589177,1.12555356171824,0.960253282539886
p.Leu211Glu,0.0576213985447286,0.0879615856709273,0.145582984215656,-0.0303401871261988
p.Glu99His,1.10076994660367,0.24154029968926,1.34231024629293,0.85922964691441
p.Pro353Gly,0.0828331263193057,0.0638648205666651,0.0189683057526407,0.146697946885971
p.Leu495Gln,0.88598164940547,0.0637359504417859,0.949717599847256,0.822245698963684
p.Ala116Ter,0.145720711752547,0.0420250975310544,0.187745809283602,0.103695614221493
p.Lys290Phe,0.531526358030634,0.101559146611604,0.633085504642238,0.429967211419031
p.Pro62Arg,0.565390534357751,0.0478218039251245,0.517568730432627,0.613212338282876
p.Tyr107Asn,0.347433369985258,0.166857318261336,0.180576051723921,0.514290688246594
p.Asn229His,1.09907796080663,0.076935440165935,1.17601340097257,1.0221425206407
p.Glu3Asp,1.01415758577529,0.00949831526344,1.02365590103873,1.00465927051185
p.Ala339Asp,0.51437762911513,0.0837417975916724,0.598119426706802,0.430635831523457
p.Ile167Phe,1.11580432156768,0.0583011891973449,1.17410551076503,1.05750313237034
p.Asn414Glu,1.00154443811619,0.0027883637888249,1.00433280190502,0.99875607432737
p.Gly59Arg,0.805870975068281,0.0445057115813,0.850376686649581,0.761365263486981
p.Lys386Tyr,1.1692774877348,0.0240407029190149,1.14523678481579,1.19331819065382
p.Ser455Gly,1.02328996819746,0.0817932934041864,1.10508326160165,0.941496674793277
p.Leu98Tyr,0.484869570873621,0.0529512712140529,0.537820842087674,0.431918299659568
p.Arg393Tyr,0.841571328988115,0.0845691375900984,0.926140466578214,0.757002191398017
p.Val394Asp,1.16508682189345,0.0104377231607549,1.15464909873269,1.1755245450542
p.Ala115Val,1.06228046988279,0.0687379704387534,1.13101844032155,0.993542499444043
p.Ile33Val,0.896719536090186,0.0924377355488729,0.804281800541313,0.989157271639059
p.Arg348Asn,1.02969924284962,0.0303293334465009,1.06002857629612,0.999369909403118
p.Leu20Asp,0.66417423394235,0.307491598409802,0.356682635532548,0.971665832352153
p.Asp228Gln,0.967367924706355,0.136326958126947,1.1036948828333,0.831040966579407
p.Met496Ter,0.051679767726156,0.0170750317621339,0.0687547994882899,0.0346047359640221
p.Trp225Leu,0.415923640765644,0.260133576605129,0.676057217370773,0.155790064160515
p.Glu494Asp,0.922505946536825,0.133503079043314,0.789002867493511,1.05600902558014
p.Leu469Phe,1.06055767325318,0.0639711266978115,1.12452879995099,0.996586546555367
p.Gly306Trp,0.140997893787572,0.0765260226914616,0.0644718710961108,0.217523916479034
p.Lys366Gln,1.22499085139179,0.08049888083862,1.30548973223041,1.14449197055317
p.Ala339Glu,1.06780611684845,0.05453707005661,1.01326904679184,1.12234318690506
p.Lys290Ser,0.982405015300964,0.188360289015805,0.79404472628516,1.17076530431677
p.Ala6Glu,1.08012247275257,0.0270574422510499,1.05306503050152,1.10717991500362
p.Glu297Ser,1.00773649174901,0.023730322502503,1.03146681425151,0.984006169246504
p.Lys407=,1.01475481943191,0.100320186174788,1.1150750056067,0.914434633257124
p.Ala78=,1.09513090527604,0.157643387339948,1.25277429261599,0.937487517936093
p.Tyr484Asn,1.17808407620678,0.0921998629493,1.27028393915608,1.08588421325748
p.Thr151Ala,0.945730991983717,0.0941097792249529,1.03984077120867,0.851621212758764
p.Gly321Met,0.54007593715654,0.193521756634189,0.733597693790729,0.346554180522351
p.Leu469Ser,0.907999705141503,0.116958612090109,1.02495831723161,0.791041093051392
p.Arg166Glu,-0.0524583373756397,0.143221565402981,-0.195679902778621,0.0907632280273415
p.Ile441Leu,1.14589476614872,0.166237189009305,1.31213195515802,0.97965757713941
p.Met273Phe,0.794061954664565,0.117023446114295,0.91108540077886,0.67703850855027
p.Tyr118Ter,-0.0026423618462427,0.0139962933447846,0.0113539314985419,-0.0166386551910275
p.Ser29Phe,1.10741386575123,0.0315376615640249,1.13895152731525,1.0758762041872
p.Lys508Ile,0.887720782855861,0.0011876538371249,0.886533129018736,0.888908436692986
p.Pro409Gln,1.27863398947859,0.177761705392085,1.45639569487068,1.10087228408651
p.Lys46Thr,1.01852866097621,0.0033528427576849,1.02188150373389,1.01517581821852
p.Leu265Asn,0.162876212459876,0.0263289044346629,0.136547308025213,0.189205116894539
p.Arg198Leu,0.700392944852767,0.0876408020101024,0.78803374686287,0.612752142842665
p.His470Tyr,1.03797130320103,0.0823064660048015,1.12027776920583,0.955664837196227
p.Ile483Val,1.01157622788515,0.01477185049658,1.02634807838173,0.99680437738857
p.Cys385Arg,1.0921188976014,0.0733574898253699,1.16547638742677,1.01876140777603
p.Ala25Asp,1.0557029866843,0.008889791232285,1.06459277791658,1.04681319545201
p.Glu473Ser,1.03457055635435,0.0400769589937815,1.07464751534813,0.994493597360567
p.Gln11Asn,1.01724465201373,0.0494722388885239,0.967772413125202,1.06671689090225
p.Gly316Tyr,0.848442657731411,0.0800875653373579,0.768355092394053,0.928530223068769
p.Arg9Val,0.973325034619005,0.0719662403281955,1.0452912749472,0.901358794290809
p.Ile162Val,1.05228619661777,0.10617663211123,1.158462828729,0.946109564506539
p.Tyr118Gln,0.0096306369895734,0.0743042068063372,-0.0646735698167638,0.0839348437959106
p.Gly378Val,0.879337175026657,0.0512830204656284,0.828054154561029,0.930620195492286
p.Phe101Leu,0.0105853815697457,0.0387312093382907,-0.0281458277685451,0.0493165909080364
p.Val289Pro,0.0957029357217165,0.100942822512425,-0.005239886790709,0.196645758234142
p.Trp462Glu,1.12853131199962,0.1243286797564,1.25285999175602,1.00420263224322
p.Cys358Met,0.739854191451535,0.0655657633268365,0.805419954778372,0.674288428124699
p.Gln119Ile,0.911995487410876,0.0237440765435745,0.888251410867302,0.935739563954451
p.Met125Glu,-0.051288644991062,0.104697005279963,-0.155985650271025,0.0534083602889007
p.Glu491Lys,1.11051289709973,0.181362179278841,1.29187507637857,0.929150717820889
p.Ala377His,1.12087734673092,0.0085165218247199,1.1123608249062,1.12939386855564
p.Ile224Glu,0.559382250720982,0.213852972538874,0.773235223259856,0.345529278182108
p.Met267Pro,0.493558645775712,0.0824254317756545,0.575984077551366,0.411133214000057
p.Gly247Glu,0.946888593983803,0.0072589436587159,0.939629650325087,0.954147537642519
p.Val150Ter,0.0030226839416262,0.0145052293948755,0.0175279133365018,-0.0114825454532493
p.Arg370Glu,0.799239965593195,0.0171927608022789,0.782047204790916,0.816432726395474
p.Ala318Lys,0.930881705085704,0.01360817043408,0.917273534651624,0.944489875519784
p.Ala2Ser,1.00959900976134,0.039525483910528,1.04912449367187,0.970073525850814
p.Gly306Lys,0.0819311382396041,0.121602593276803,-0.039671455037199,0.203533731516407
p.Asp194Leu,0.470910900403039,0.020365600827864,0.491276501230903,0.450545299575175
p.Pro143Ile,0.893034909136033,0.0229623524266505,0.870072556709382,0.915997261562683
p.Lys386Gly,1.20888228415405,0.18790653903192,1.39678882318597,1.02097574512213
p.Glu85Asp,0.84777327205711,0.153362312152697,1.00113558420981,0.694410959904416
p.Val394Glu,1.24624861468648,0.0351891124077849,1.28143772709427,1.2110595022787
p.Lys171Trp,0.841146588265553,0.074892403910231,0.916038992175784,0.766254184355322
p.Val150Glu,-0.025785654673407,0.120707444861421,-0.146493099534828,0.0949217901880135
p.Lys288Val,0.795097065966352,0.305719272217856,1.10081633818421,0.489377793748498
p.Gly314Gln,1.10422796039495,0.190536462672285,1.29476442306724,0.91369149772267
p.Ile480Pro,0.759836718789921,0.0630730228974165,0.822909741687338,0.696763695892505
p.Arg81Tyr,0.728333467332249,0.009634213248549,0.7186992540837,0.737967680580798
p.Thr327=,1.0676620942793,0.0999159999730764,1.16757809425237,0.967746094306217
p.Val352Tyr,-0.0018062246869521,0.0271907149162101,-0.0289969396031622,0.025384490229258
p.Val68Thr,0.652727275141199,0.0594560539223774,0.712183329063577,0.593271221218822
p.Leu270=,0.962485519327565,0.0838389839229664,1.04632450325053,0.878646535404597
p.Asp181Thr,0.915395830908552,0.0481656720871759,0.867230158821376,0.963561502995728
p.Ile234Gly,0.901687682188787,0.0128052849118535,0.914492967100641,0.888882397276934
p.Val271Leu,0.916689573745325,0.108273921668577,1.0249634954139,0.808415652076746
p.Arg227Ile,0.0238342378461793,0.0784827204305877,-0.0546484825844085,0.102316958276767
p.Arg427Gln,1.23495336252664,0.16966149581586,1.4046148583425,1.06529186671078
p.Asp443Ile,0.260654183315952,0.218550778402906,0.479204961718858,0.042103404913046
p.Lys171Phe,0.692995577510172,0.0062147376993945,0.686780839810777,0.699210315209566
p.Val303Gly,0.61632905463239,0.0479960509038089,0.664325105536199,0.568333003728581
p.Thr31Arg,0.831934199010876,0.0209862928242804,0.810947906186595,0.852920491835156
p.Met411Gln,1.1732232754187,0.030761826711365,1.14246144870733,1.20398510213006
p.Cys269=,0.926360636335817,0.0631931862446504,0.863167450091166,0.989553822580467
p.Ser160Gly,0.883537501735762,0.168555364484157,0.714982137251605,1.05209286621992
p.Ala377Thr,1.06762473581608,0.0247709446594649,1.09239568047555,1.04285379115662
p.Arg9Ter,0.238137828188456,0.0426869029625625,0.195450925225893,0.280824731151018
p.Ser40Gly,0.861971752268022,0.110936998189054,0.972908750457076,0.751034754078967
p.Tyr437Met,1.09821277822915,0.106389729909994,1.20460250813914,0.991823048319153
p.Val208Pro,1.2341938707983,0.020834542375865,1.25502841317416,1.21335932842243
p.Glu170Trp,0.219713312448107,0.199846047838369,0.419559360286476,0.0198672646097382
p.Val150Arg,0.0729056385689857,0.0621372755306243,0.0107683630383613,0.13504291409961
p.Tyr322Asp,0.0175836349188907,0.0312803134908,0.0488639484096908,-0.0136966785719093
p.Phe250Asp,0.837244111926646,0.141990190725597,0.979234302652243,0.695253921201049
p.Thr10Tyr,0.888282201351498,0.0051323138824659,0.883149887469032,0.893414515233964
p.His470Leu,0.990448229831183,0.004866062463716,0.995314292294899,0.985582167367467
p.Arg487Ile,0.944214225845119,0.064881608688292,1.00909583453341,0.879332617156826
p.His186Pro,1.02724631537645,0.176966515513717,1.20421283089017,0.850279799862736
p.Leu442Val,0.661005064842696,0.214417882205665,0.446587182637031,0.875422947048362
p.Thr333Asp,0.970772990164478,0.036028494615232,1.00680148477971,0.934744495549246
p.Val344Met,0.937089724078387,0.056797060447042,0.993886784525429,0.880292663631345
p.Tyr118Asn,0.0760181503429532,0.0762997082484887,-0.0002815579055355,0.152317858591442
p.Pro86Cys,0.852100053834028,0.008948016274476,0.843152037559552,0.861048070108504
p.Tyr202Ter,-0.0764225198014551,0.0430365576469998,-0.119459077448455,-0.0333859621544553
p.Ala134Ter,-0.0263309933169192,0.0574283373189076,-0.0837593306358269,0.0310973440019884
p.Ile80Ter,0.0065014369931231,0.0510282571068321,0.0575296940999553,-0.0445268201137089
p.Asn346Trp,0.230034933595062,0.14771221434603,0.377747147941092,0.0823227192490318
p.Phe250Ala,0.704779001732089,0.146337282366866,0.851116284098955,0.558441719365223
p.Arg285Asn,0.639436708203393,0.149320053941486,0.788756762144879,0.490116654261907
p.Thr151His,0.733928004844695,0.030877808905834,0.703050195938861,0.764805813750529
p.Pro489Asp,0.173113201350366,0.0976674013067595,0.0754458000436069,0.270780602657126
p.Arg439Cys,1.15614276556208,0.040096143011915,1.196238908574,1.11604662255017
p.Asp258Met,1.11830267321375,0.10946924222198,1.22777191543573,1.00883343099177
p.Pro172Thr,0.766484110483255,0.063072533066859,0.829556643550114,0.703411577416396
p.Cys158His,-0.0114077820076878,0.106253585783154,-0.117661367790842,0.0948458037754665
p.Thr10Pro,0.800631862057023,0.160036287013388,0.640595575043636,0.960668149070411
p.Tyr424Leu,1.08179679856149,0.0844642011633089,1.1662609997248,0.997332597398182
p.Gln471Ser,0.991197486198734,0.079723017983195,1.07092050418193,0.91147446821554
p.Tyr107Gly,0.27915386848639,0.0210903790177945,0.258063489468596,0.300244247504185
p.Phe452Asn,0.625252600387885,0.281793994743445,0.90704659513133,0.34345860564444
p.Asp58Thr,0.958329855149921,0.0854236013329785,1.0437534564829,0.872906253816943
p.Asn185=,0.969338585751499,0.0789125551807494,0.890426030570751,1.04825114093225
p.Ala461Lys,1.00812171950477,0.038426959337116,0.969694760167658,1.04654867884189
p.Ala39Cys,0.82505145364182,0.0879906171880829,0.913042070829903,0.737060836453737
p.Arg227Leu,0.813868059701117,0.175488924710511,0.989356984411627,0.638379134990606
p.Leu140Asn,0.723118216779065,0.0639252086631815,0.787043425442247,0.659193008115884
p.Phe88Ala,0.464775155663322,0.042949056839664,0.507724212502986,0.421826098823658
p.Glu274Pro,0.137167403824081,0.0831344220567582,0.22030182588084,0.0540329817673234
p.Glu438Ser,1.18190546391367,0.0431085235418749,1.22501398745555,1.1387969403718
p.Cys269Ile,0.700652318601253,0.007823251643703,0.708475570244956,0.69282906695755
p.Gly254Ala,0.628038933988667,0.0070709267635694,0.635109860752236,0.620968007225097
p.Ser179=,0.881400513053488,0.166098804786512,0.715301708266975,1.04749931784
p.Leu292Lys,0.282683621141231,0.13449111144534,0.417174732586572,0.148192509695891
p.Glu93Tyr,0.927467963903668,0.0368509228942164,0.964318886797884,0.890617041009451
p.Arg427Thr,0.966172278341946,0.063308543816716,0.902863734525228,1.02948082215866
p.Lys238Trp,1.14719200449664,0.0615954290480299,1.20878743354467,1.08559657544861
p.Cys13His,0.916276446183972,0.070434814743137,0.986711260927109,0.845841631440835
p.Phe34Leu,0.618957631443523,0.247546492255051,0.371411139188471,0.866504123698574
p.Arg357Tyr,0.902676183711889,0.013419834352271,0.91609601806416,0.889256349359618
p.Tyr49Ter,-0.113152628895379,0.0805940448397515,-0.193746673735131,-0.032558584055628
p.Ala25Pro,0.984350557433069,0.0547791056128184,0.929571451820253,1.03912966304589
p.Met37Ter,-0.0693078549471849,0.0719114919173262,-0.141219346864511,0.0026036369701416
p.Lys47Gln,1.12553851162329,0.05281577618235,1.17835428780564,1.07272273544094
p.Thr423Gly,1.23919497155681,0.117869715811385,1.3570646873682,1.12132525574543
p.Arg57Pro,-0.079474805366652,0.0754954892028992,-0.154970294569551,-0.0039793161637526
p.Ile230Trp,0.0975860563564623,0.0601469983836036,0.0374390579728586,0.157733054740066
p.Gln83Pro,0.368863879743241,0.0406662473313164,0.409530127074557,0.328197632411924
p.Ala272Ser,1.03014984833518,0.13856823134351,1.16871807967869,0.89158161699167
p.Phe381Met,0.858724482112956,0.0660049376303855,0.924729419743342,0.792719544482571
p.Leu362Lys,0.128284669511956,0.0362985955544297,0.0919860739575264,0.164583265066386
p.Gln261Pro,0.598580313197733,0.339334899753488,0.259245413444245,0.937915212951222
p.Pro489Ser,0.493140063148051,0.48123352601829,0.974373589166341,0.0119065371297603
p.Val259Gln,1.230149173028,0.0680978402020249,1.29824701323002,1.16205133282597
p.Gly248Asn,0.90191315455914,0.0194061923729975,0.921319346932138,0.882506962186143
p.Lys508Trp,0.941993738462006,0.0005026302790644,0.941491108182942,0.942496368741071
p.Asn397Ala,1.15442099275742,0.092691062509895,1.24711205526732,1.06172993024753
p.Asp443Trp,0.409563108528216,0.0745136644726265,0.335049444055589,0.484076773000842
p.Pro467Trp,0.624956653681966,0.032388070818118,0.657344724500084,0.592568582863848
p.Val328Ile,0.909924788541686,0.074413981763316,0.83551080677837,0.984338770305002
p.Ser40Cys,0.899320354652611,0.0051565107957265,0.904476865448338,0.894163843856885
p.Leu20Gln,0.97298083419245,0.103458906978209,1.07643974117066,0.869521927214242
p.Arg459Asn,0.963399484816073,0.0848009129587579,1.04820039777483,0.878598571857314
p.Ile167Cys,0.950846834959898,0.0655587824193839,1.01640561737928,0.885288052540512
p.Tyr343Cys,0.820034531245167,0.0810630309472975,0.901097562192464,0.738971500297869
p.Val108Cys,1.14085332176433,0.0649179350164249,1.20577125678075,1.0759353867479
p.Phe21Tyr,0.799376502040356,0.388549016959286,0.410827485081068,1.18792551899964
p.Asn122Ile,0.819469830385474,0.0472761620989624,0.866745992484437,0.772193668286512
p.Lys288Leu,0.759605281161741,0.123747212012418,0.635858069149323,0.883352493174159
p.Gly410Pro,0.795959116069165,0.239419098455463,1.03537821452463,0.556540017613704
p.Gly310Glu,0.849552494031456,0.014793377665141,0.834759116366315,0.864345871696597
p.Ile36Asp,0.0102417554933994,0.161133210494855,-0.150891455001456,0.171374965988255
p.Ser179Leu,0.822073957710506,0.132962304708083,0.955036262418589,0.689111653002422
p.Tyr249Gln,1.06446994672027,0.112359768359399,0.952110178360872,1.17682971507967
p.Ser332Phe,0.0065935289380342,0.0511044407144838,-0.0445109117764496,0.0576979696525181
p.Leu183Ser,1.08478202094994,0.04934961153068,1.13413163248062,1.03543240941926
p.Ala300Ser,1.00698012480087,0.0589078628877645,1.06588798768864,0.948072261913111
p.Leu55Gly,0.753774604691344,0.0322761840488659,0.721498420642478,0.78605078874021
p.Ser73Gly,0.944005218559892,0.181937564040376,1.12594278260027,0.762067654519518
p.Leu268Thr,0.919230709742595,0.0585385614299995,0.977769271172595,0.860692148312596
p.Ala78Gly,0.977045081246397,0.129733449825594,0.847311631420801,1.10677853107199
p.Glu156Arg,0.887492443198814,0.0600472183094534,0.827445224889361,0.947539661508268
p.Gly14Tyr,0.76302440206109,0.0097867778616405,0.772811179922731,0.75323762419945
p.Tyr308Asp,0.271708508381528,0.196088191793818,0.467796700175346,0.0756203165877094
p.Ala141Gln,0.582739210594144,0.045598711050953,0.628337921645097,0.537140499543191
p.Gly242Cys,0.87775466121622,0.122963269694559,1.00071793091078,0.754791391521662
p.Ile33Lys,0.19570747553127,0.115481614988353,0.311189090519623,0.080225860542917
p.Gly14His,0.923351858504416,0.0722382963055299,0.851113562198886,0.995590154809946
p.Ser132Thr,1.07750796168249,0.0426103370217799,1.12011829870427,1.03489762466071
p.Glu19Tyr,0.905315696242407,0.039253334514798,0.944569030757205,0.866062361727609
p.Pro434Gln,0.936772569006943,0.0519656034219725,0.988738172428916,0.884806965584971
p.Ala300Met,0.99212869322385,0.0287394214870704,0.963389271736779,1.02086811471092
p.Met267Asn,0.790554925478431,0.026395766880334,0.816950692358765,0.764159158598097
p.Tyr139Arg,0.0226911429463968,0.0911914806668004,-0.0685003377204038,0.113882623613197
p.Lys360Leu,1.00240303250985,0.057902820605368,1.06030585311522,0.944500211904484
p.Asp114Ala,0.798174175619527,0.0686794992449404,0.866853674864467,0.729494676374586
p.Met450Asn,0.505592036171606,0.061117297751245,0.444474738420361,0.566709333922851
p.Asn414Tyr,0.758248039916852,0.103826335538734,0.654421704378117,0.862074375455586
p.Gly410Thr,1.08025743887218,0.072924302588165,1.15318174146034,1.00733313628401
p.Leu183Thr,1.090112506302,0.152232236249276,1.24234474255128,0.937880270052727
p.Met411Asn,1.2798035601641,0.14928058802742,1.42908414819152,1.13052297213668
p.Asn426His,0.852805281776419,0.152963695360079,0.699841586416342,1.0057689771365
p.His124Arg,0.874080966895511,0.0375363791428834,0.836544587752628,0.911617346038395
p.Phe373Ter,-0.114001904543941,0.083604907288652,-0.197606811832593,-0.0303969972552889
p.Val68Gln,0.199183076313771,0.11513762072082,0.314320697034591,0.084045455592951
p.Lys360His,1.04216742232052,0.0399841576480349,1.08215157996855,1.00218326467248
p.Thr279Ser,0.859768030686774,0.0389172168310105,0.820850813855763,0.898685247517784
p.Phe413Ser,0.848761687642403,0.065620442765356,0.914382130407759,0.783141244877047
p.Ser40Val,0.88636838028827,0.055269227440633,0.831099152847637,0.941637607728903
p.Ala127Met,0.898256044991885,0.045415740577402,0.943671785569287,0.852840304414483
p.Asn165Met,0.856490375992547,0.010949805037461,0.867440181030008,0.845540570955086
p.Asp30Leu,0.942636973590105,0.0258101102785039,0.916826863311601,0.968447083868609
p.Glu345Ala,0.886794583070625,0.119442333849514,0.767352249221111,1.00623691692014
p.Phe26Gly,0.905317399424349,0.0967118809843104,0.808605518440039,1.00202928040866
p.Ile15His,0.847893529041426,0.0631089864491135,0.784784542592313,0.91100251549054
p.Glu206Trp,0.753911148778528,0.116341886612792,0.637569262165737,0.87025303539132
p.Glu18Gln,1.04106198753501,0.0046026876812049,1.0364592998538,1.04566467521621
p.Pro512Phe,1.15431570484131,0.109955398522075,1.26427110336339,1.04436030631924
p.Gly310Trp,0.418440264779026,0.0327708985407555,0.451211163319781,0.38566936623827
p.Gly505Glu,1.24232913618952,0.110624721213275,1.3529538574028,1.13170441497625
p.Gly500Tyr,1.08164560958709,0.101390406211021,1.18303601579811,0.980255203376067
p.Asn346Leu,0.230426423707832,0.000428774839965,0.229997648867867,0.230855198547797
p.Glu3Cys,1.00732366287188,0.197448357766417,1.2047720206383,0.809875305105466
p.His201Ser,0.994575705690948,0.083500094009914,1.07807579970086,0.911075611681032
p.Ser180Gly,0.902952883059967,0.113834477612083,0.789118405447884,1.01678736067205
p.Arg227Asn,0.818004108155182,0.0619065542676809,0.756097553887501,0.879910662422863
p.Thr279=,0.994066219164103,0.0428751548297275,0.951191064334375,1.03694137399383
p.Pro143Cys,0.71533584385376,0.114118749223114,0.601217094630646,0.829454593076874
p.Ile33Glu,0.560852687386325,0.038206023374999,0.522646664011326,0.599058710761324
p.Gly425Phe,0.953015636131852,0.0754698725601684,0.877545763571683,1.02848550869202
p.Arg257Pro,1.10745937660787,0.159033727216917,1.26649310382479,0.948425649390955
p.Gly163Phe,0.186380334734776,0.0866073669711666,0.272987701705943,0.0997729677636098
p.Ile196Trp,0.0333994858378761,0.0548349874021822,0.0882344732400583,-0.0214355015643062
p.Val309Ala,0.910458405855253,0.0880930215660834,0.998551427421336,0.822365384289169
p.Pro479His,0.264667290057818,0.129872416832476,0.394539706890295,0.134794873225342
p.Lys429Trp,1.0815665280235,0.0840544313926034,1.16562095941611,0.997512096630903
p.Glu460Trp,0.209562700770179,0.297305761036901,-0.0877430602667219,0.506868461807081
p.Ile154Met,1.02644642687334,0.179515937527828,1.20596236440117,0.846930489345514
p.Gly447Met,0.485079708996243,0.192719521825623,0.677799230821866,0.292360187170619
p.Ser73Tyr,0.757890695096605,0.09112098642915,0.666769708667455,0.849011681525755
p.Glu297Pro,0.8877437965902,0.0898745923855159,0.797869204204684,0.977618388975716
p.His470Val,0.92157116948044,0.0447451095736189,0.876826059906821,0.966316279054059
p.Gln178Ile,0.877567619032313,0.221895089423848,0.655672529608464,1.09946270845616
p.Thr319Pro,1.14361629214657,0.223630960832872,1.36724725297944,0.919985331313695
p.Ala141Ile,0.464713224642696,0.017634419464598,0.447078805178098,0.482347644107294
p.Val453Met,1.23976429681796,0.15815326436983,1.39791756118779,1.08161103244813
p.Thr31Trp,1.01008167697552,0.0441383957275609,1.05422007270308,0.965943281247958
p.Asp251Asn,0.993715535593594,0.0955737950650944,1.08928933065869,0.898141740528501
p.Val394Tyr,1.14254698142124,0.040739596800025,1.10180738462121,1.18328657822126
p.Glu317Ter,0.0895145216333682,0.0101318671656447,0.099646388799013,0.0793826544677235
p.Thr236Val,0.3738681836847,0.101143855712527,0.272724327972173,0.475012039397227
p.Ile295Asn,0.206730902135274,0.139124809818121,0.0676060923171533,0.345855711953395
p.Cys446Met,0.849959978661669,0.23645763127606,0.61350234738561,1.08641760993773
p.Arg81Trp,0.98010282985097,0.05991002703309,1.04001285688406,0.92019280281788
p.Asn126Thr,0.952296895740332,0.0109369335372685,0.941359962203063,0.9632338292776
p.Asp493Trp,1.10283205995211,0.092814857898405,1.19564691785052,1.01001720205371
p.Gln83Ile,0.800164801344799,0.101012009366222,0.699152791978577,0.901176810711021
p.Met405His,1.14020661730173,0.11615292318574,1.25635954048747,1.02405369411599
p.Asp42Lys,1.11724049776999,0.028241619025175,1.14548211679517,1.08899887874482
p.Pro86His,0.941688470280268,0.0975027142585909,1.03919118453886,0.844185756021678
p.Leu323Ser,1.03747236542842,0.0201579994370549,1.01731436599136,1.05763036486547
p.Asn414Ter,-0.0853328571514455,0.0740240834224674,-0.159356940573913,-0.0113087737289781
p.Gly351Lys,0.816263776322693,0.12590393523761,0.690359841085083,0.942167711560303
p.Ala367Asp,0.970443832790652,0.0118325419598525,0.9586112908308,0.982276374750505
p.Val284Lys,0.293665321148756,0.215180205705056,0.508845526853812,0.0784851154436999
p.Ala149His,0.962402113328917,0.0776045082419109,0.884797605087008,1.04000662157083
p.Asn122Ser,1.02135624219361,0.034854148971454,1.05621039116506,0.986502093222152
p.Asn346Val,0.395563752733304,0.0522318791649405,0.447795631898245,0.343331873568364
p.Lys152=,1.01041722583451,0.0146110146564074,0.995806211178105,1.02502824049092
p.Ser278Thr,0.952676238797841,0.11948277202492,0.83319346677292,1.07215901082276
p.Ala6Ter,1.17905986576767,0.0930783618394149,1.27213822760709,1.08598150392826
p.Met404Ile,0.715846584041467,0.255002051047725,0.460844532993742,0.970848635089193
p.Ser106Leu,0.898922765703536,0.020801472004182,0.919724237707718,0.878121293699354
p.Tyr107Cys,0.875572897324165,0.059537362855128,0.935110260179293,0.816035534469037
p.Gln299Cys,1.0527498135954,0.017857552556445,1.03489226103896,1.07060736615185
p.Tyr49=,1.0176139045284,0.0067182390549249,1.02433214358332,1.01089566547347
p.Leu121Arg,-0.0059512519365969,0.0575006428728909,-0.0634518948094879,0.051549390936294
p.Phe250Lys,0.635039917882994,0.241606396937419,0.876646314820414,0.393433520945575
p.Ile187Asn,0.957275315906822,0.106039301115147,1.06331461702197,0.851236014791677
p.Arg17Thr,0.393705304248117,0.345966448187702,0.0477388560604147,0.739671752435819
p.Tyr437Gln,0.976410297168292,0.218068084429386,1.19447838159768,0.758342212738907
p.Arg175Asn,1.17047185770583,0.151464814063215,1.32193667176905,1.01900704364262
p.Trp225Ala,0.085596128258558,0.0624336170011901,0.0231625112573676,0.148029745259748
p.Lys429Tyr,1.05575839793069,0.0385760479678599,1.09433444589855,1.01718234996283
p.Lys97Phe,0.580470472508552,0.032642686862547,0.547827785646005,0.613113159371099
p.Lys366Arg,0.756476014126651,0.168714081985303,0.587761932141348,0.925190096111954
p.Val303His,0.724476270265292,0.207448810494793,0.517027459770499,0.931925080760085
p.Gln4Glu,1.04182446314768,0.138393038449511,1.18021750159719,0.903431424698168
p.Ser278Val,0.667008821460675,0.0380338168675075,0.628975004593168,0.705042638328183
p.Ser486Glu,0.970266255087431,0.11240991755353,1.08267617264096,0.8578563375339
p.Cys446Gln,0.556874107460017,0.4453252078827,0.11154889957732,1.00219931534272
p.Asn388Ser,0.982687655077868,0.0599812013622114,1.04266885644008,0.922706453715657
p.Ala399Asn,1.21174986021888,0.10674270776817,1.31849256798705,1.10500715245071
p.Asp113Tyr,0.915133141284781,0.023725678341444,0.891407462943337,0.938858819626225
p.Leu130Pro,1.03388014666513,0.0159641061169799,1.04984425278211,1.01791604054815
p.Ala335Lys,0.141586247025709,0.10044622409175,0.0411400229339582,0.242032471117459
p.Ala109Gln,1.08370306739824,0.035499500462535,1.11920256786077,1.0482035669357
p.Arg330Ser,1.11546599769227,0.07959292862818,1.19505892632045,1.03587306906409
p.Ile187Tyr,0.851144064003165,0.0616178446587739,0.789526219344391,0.912761908661939
p.Asp435Ile,1.13962914413913,0.126230518319695,1.26585966245882,1.01339862581943
p.Asn280Arg,0.779069039788572,0.233776603664976,0.545292436123597,1.01284564345355
p.Leu468Val,1.0744686613253,0.00193143544674,1.07253722587856,1.07640009677204
p.Arg227Thr,0.959605557813501,0.115922616942181,1.07552817475568,0.843682940871318
p.Arg498Pro,0.679602302424195,0.140661840239703,0.820264142663898,0.538940462184492
p.His129Phe,0.96602997019711,0.132687760016168,1.09871773021328,0.833342210180944
p.Ile154Tyr,0.0578892353677074,0.0558455588876925,0.1137347942554,0.0020436764800149
p.Tyr424Met,1.18936382571752,0.082122570730575,1.2714863964481,1.10724125498695
p.Phe412Ile,1.0749662748784,0.0926254419988615,1.16759171687726,0.982340832879537
p.Asn414Ile,0.942828930995748,0.117170800758991,0.825658130236758,1.05999973175474
p.Ser296Arg,1.00755806345411,0.0124545315191319,0.995103531934976,1.02001259497324
p.Leu20Trp,0.960104919642908,0.233889951700403,1.19399487134331,0.726214967942504
p.Arg498Met,1.03285765614082,0.102985719077716,1.13584337521853,0.929871937063097
p.His451Phe,1.22970661157388,0.094446259229905,1.32415287080378,1.13526035234397
p.Tyr197Thr,0.063880612378453,0.108888490262288,0.172769102640741,-0.0450078778838353
p.Arg498Gly,0.939845052171999,0.0491377091730945,0.890707342998904,0.988982761345093
p.Ile256Phe,0.52996309770898,0.203793954101522,0.326169143607457,0.733757051810502
p.Ile220His,0.592250028482339,0.0268986757842629,0.565351352698076,0.619148704266602
p.Pro92Glu,1.05315941602503,0.0257833865560449,1.02737602946898,1.07894280258107
p.Asp350Ala,0.711717026769434,0.284863229773086,0.426853796996347,0.99658025654252
p.Leu203Cys,1.17173812642359,0.0089665807506,1.18070470717419,1.16277154567299
p.Ser117Gly,1.05190131618146,0.0259527176830649,1.07785403386453,1.0259485984984
p.Ala339Pro,0.124743415570381,0.111130532577627,0.0136128829927535,0.235873948148008
p.Pro479Ala,0.908278319399199,0.0829948483648775,0.991273167764077,0.825283471034322
p.Tyr437His,0.927007678051797,0.147477476277495,1.07448515432929,0.7795302017743
p.Asn430Trp,1.10553299671029,0.041196776196135,1.14672977290643,1.06433622051416
p.Arg454Tyr,0.474486903388376,0.236233407784003,0.71072031117238,0.238253495604373
p.Phe101Ala,-0.0217733437284405,0.162391175280181,-0.184164519008622,0.140617831551741
p.Ile234Ala,1.09591749628962,0.040779702499925,1.13669719878954,1.05513779378969
p.Ala6Thr,1.06780535381194,0.0233289978584999,1.09113435167044,1.04447635595344
p.Gly359Tyr,-0.0238054773701424,0.0791693828445477,-0.10297486021469,0.0553639054744056
p.Tyr112Ser,0.652220467266053,0.0917295411236174,0.743950008389671,0.560490926142436
p.Arg219Lys,1.0594629014986,0.0507900077619549,1.11025290926055,1.00867289373664
p.Gln28Gly,0.889375899784487,0.0523480945608815,0.837027805223606,0.941723994345369
p.Ala461Phe,1.20979295943078,0.12742702309253,1.33721998252331,1.08236593633825
p.Val77=,0.964298157107215,0.0405336896819844,0.923764467425231,1.0048318467892
p.Arg120Ile,0.955563998856323,0.0036440240910299,0.951919974765293,0.959208022947353
p.Ser296His,0.973006148219848,0.108232001860331,0.864774146359517,1.08123815008018
p.Asn511Gly,0.955047904554552,0.0011252677232579,0.95617317227781,0.953922636831294
p.Ala39=,0.941796334616486,0.0356243680125105,0.906171966603976,0.977420702628997
p.Ala277Gln,0.656157153922613,0.0185490389952264,0.67470619291784,0.637608114927387
p.Thr406Asn,1.02665554625786,0.0587829213824639,1.08543846764032,0.967872624875392
p.Ser448Asp,1.21100127588575,0.0168395927265149,1.22784086861226,1.19416168315923
p.Ile295Cys,1.13011985996661,0.097837805822965,1.22795766578957,1.03228205414364
p.Gly69Glu,-0.0529015364940491,0.083790237174602,-0.136691773668651,0.030888700680553
p.Phe26Ala,0.794769956124399,0.139998993453632,0.654770962670767,0.934768949578031
p.Phe88Leu,1.05772679318719,0.03831774418806,1.01940904899913,1.09604453737525
p.Cys446Val,1.12733091276531,0.0815304146093199,1.20886132737463,1.04580049815599
p.Thr31Phe,0.972383394349759,0.0428493609731129,1.01523275532287,0.929534033376644
p.Leu356Val,0.91917069907535,0.0143026428846504,0.904868056190699,0.93347334196
p.Ile154=,1.06116824037269,0.05424428170422,1.11541252207691,1.00692395866847
p.Ser296Glu,0.817059518625965,0.148771980756937,0.668287537869028,0.965831499382901
p.Leu211=,0.697978385520441,0.36768085322531,0.330297532295129,1.06565923874575
p.Thr91Gly,0.968628274832712,0.02899387372277,0.939634401109942,0.997622148555482
p.Gln372His,0.920544632183372,0.0953424403278084,1.01588707251118,0.825202191855563
p.Arg454Ter,0.440643442137608,0.50896754619786,0.949610988335468,-0.0683241040602531
p.Asp282Asn,0.807311512099969,0.0539411706113674,0.753370341488601,0.861252682711336
p.Arg175Gly,1.00578684741324,0.0858863150124344,1.09167316242567,0.919900532400801
p.Lys46Phe,1.03970570188,0.146278359783065,1.18598406166306,0.89342734209693
p.His374Val,0.922338646588506,0.0391243095065374,0.961462956095044,0.883214337081969
p.Thr243Met,1.18086021528217,0.0208032823519001,1.20166349763407,1.16005693293027
p.Ile52Met,0.856522458563861,0.130647617985447,0.725874840578414,0.987170076549308
p.Leu7Asn,0.986336530466631,0.0208240312922499,0.96551249917438,1.00716056175888
p.Ala149Trp,1.08628285649631,0.103835802837385,1.19011865933369,0.98244705365892
p.Arg120Cys,1.01203736082222,0.106169210010089,1.11820657083231,0.905868150812131
p.Gly310Ser,0.900833074002343,0.0231749009314284,0.924007974933771,0.877658173070914
p.Gly131Cys,0.796144265953434,0.120865034099512,0.675279231853921,0.917009300052946
p.Gly310Lys,1.00700325605305,0.00321382002181,1.00378943603124,1.01021707607486
p.Gln209Ala,1.02167017451461,0.0057423665469049,1.02741254106151,1.0159278079677
p.Glu317Val,0.819101185095445,0.0364994052307379,0.855600590326183,0.782601779864707
p.Leu137Ala,0.902843497668598,0.056759966337692,0.846083531330906,0.95960346400629
p.Lys508Leu,0.958186872320709,0.0356257073330424,0.993812579653751,0.922561164987666
p.Lys320Asp,0.965226121024694,0.0493391658173435,1.01456528684204,0.915886955207353
p.Ala492Gly,0.725129248453805,0.058089475734544,0.667039772719261,0.783218724188349
p.Gly131Val,0.702055379628828,0.0158954271308244,0.717950806759653,0.686159952498004
p.Gln449=,0.950760512265772,0.0110591025665164,0.939701409699256,0.961819614832289
p.Met450His,1.30243439889513,0.12282699164462,1.42526139053975,1.17960740725051
p.Arg427Ile,0.927265924475204,0.0134605554867824,0.913805368988422,0.940726479961987
p.Ile80=,0.918667706457878,0.0622535723604185,0.85641413409746,0.980921278818297
p.Asn64Cys,0.825552198850305,0.0790056447004194,0.904557843550724,0.746546554149885
p.Leu43Cys,0.954632957920597,0.0013787836420195,0.953254174278578,0.956011741562617
p.Pro223Glu,1.39862888406357,0.13105802796834,1.52968691203191,1.26757085609523
p.Gln383Leu,1.07139029884731,0.00580699124293,1.06558330760438,1.07719729009024
p.Arg387=,1.01004004727352,0.0413829476670525,1.05142299494057,0.968657099606465
p.Lys429Arg,1.19660292846385,0.09882695683046,1.29542988529431,1.09777597163339
p.Ile224His,0.7821399137482,0.030185385637909,0.812325299386109,0.751954528110291
p.His155Trp,1.06353328610835,0.155194284145097,1.21872757025345,0.908339001963255
p.Arg427Gly,1.06606722409073,0.100048744305933,1.16611596839667,0.966018479784803
p.Glu287Arg,0.819682277362445,0.0581305504739559,0.761551726888489,0.877812827836401
p.Asp283Phe,0.846999501414876,0.077439820132008,0.769559681282868,0.924439321546884
p.Gly23Ser,1.3275649761511,0.19761244130431,1.52517741745541,1.12995253484679
p.Asp350Ser,1.20892806645124,0.07615381131249,1.28508187776373,1.13277425513875
p.Leu16Gln,0.866451947258875,0.0815704958910595,0.784881451367815,0.948022443149934
p.Ser73Ter,0.140018405271376,0.11136804469572,0.251386449967096,0.0286503605756552
p.Met404Phe,1.02461503731135,0.134175398054557,1.15879043536591,0.890439639256795
p.Ala149Arg,1.14920105652296,0.154860433162552,1.30406148968551,0.994340623360405
p.Met405Glu,0.789706602747203,0.117082786533289,0.906789389280492,0.672623816213914
p.Asp324Gln,0.990438594162812,0.0725690833212065,0.917869510841607,1.06300767748402
p.Phe381Lys,0.288304535788471,0.265568270996041,0.553872806784512,0.0227362647924296
p.Gln83His,0.845558898944193,0.137107532279797,0.708451366664396,0.98266643122399
p.Phe173Ala,0.972077189678129,0.273540199762342,1.24561738944047,0.698536989915785
p.Ser486Phe,0.56435086976485,0.03749611998796,0.60184698975281,0.52685474977689
p.Ala6Arg,0.954440122758105,0.118349278733262,1.07278940149137,0.836090844024845
p.Pro312Gln,0.908580896524812,0.0523123007651915,0.856268595759621,0.960893197290004
p.Ile441Cys,0.716974048093973,0.025231322776715,0.742205370870688,0.691742725317258
p.Ser117Tyr,1.23069424502408,0.226527410499765,1.45722165552384,1.00416683452431
p.Glu504Ter,1.37000950852197,0.30020922953637,1.67021873805834,1.0698002789856
p.Gln161Tyr,1.03646855191413,0.268726956234059,0.767741595680071,1.30519550814819
p.Phe138Trp,0.69800131341805,0.313809119031058,0.384192194386994,1.01181043244911
p.Arg285=,0.438893180321017,0.614262534661063,-0.175369354340046,1.05315571498208
p.Glu398Cys,1.11006388139562,0.226986647015883,1.3370505284115,0.883077234379733
p.Cys232Leu,0.640447759675885,0.216156699477801,0.856604459153687,0.424291060198084
p.Tyr107Ser,0.905851206990841,0.270793463223759,1.1766446702146,0.635057743767082
p.Ile35Thr,0.826139223309268,0.0319797955734315,0.794159427735836,0.858119018882699
p.Val499Trp,1.04835546259321,0.194416038832513,1.24277150142572,0.853939423760694
p.Lys82Phe,0.837081546647334,0.0485376824806009,0.788543864166733,0.885619229127935
p.Arg427Trp,1.07312453233772,0.05494668178063,1.12807121411835,1.01817785055709
p.Met159Gly,1.09371076479743,0.324708659619807,1.41841942441724,0.769002105177625
p.Ala78Met,1.05368586278709,0.0659593718229345,1.11964523461002,0.987726490964151
p.Val376=,1.13688656376467,0.14982836814282,1.28671493190749,0.987058195621849
p.Asp456Met,0.96374501417488,0.415004498350508,1.37874951252539,0.548740515824373
p.Thr327Ser,1.29243285324241,0.19836368840859,1.490796541651,1.09406916483382
p.Ser455Asn,1.2317159645658,NA,1.2317159645658,NA
p.Lys82Ser,1.14828112334618,0.104306708254505,1.25258783160068,1.04397441509167
p.Leu420=,1.2141619660517,0.15791170692464,1.37207367297634,1.05625025912706
p.Leu60Ile,1.03138836002162,0.0549483009470999,1.08633666096872,0.97644005907452
p.Asp324Leu,1.04519509180846,0.317442171569685,1.36263726337815,0.72775292023878
p.Asp456Glu,1.31155279156741,NA,NA,1.31155279156741
p.Phe101Asp,-0.100008736051074,NA,NA,-0.100008736051074
p.Glu389Trp,0.168687670423676,0.111310647165537,0.279998317589214,0.0573770232581394
p.Ala44Arg,0.0120990927968418,0.0074039665818187,0.004695126215023,0.0195030593786605
p.Ala127Arg,0.86957401200827,0.111901721592541,0.757672290415729,0.981475733600811
p.Thr236Lys,0.524398528737819,0.0881880351293019,0.436210493608517,0.612586563867121
p.Met273Pro,0.339121231612563,0.1059706339519,0.233150597660663,0.445091865564463
p.Gly254Trp,0.183084323526375,0.0929879054401584,0.276072228966533,0.090096418086216
p.Lys275Thr,0.974614613703013,0.031458402742757,1.00607301644577,0.943156210960256
p.Leu137Ser,0.709051807307347,0.0544920416811759,0.763543848988523,0.654559765626171
p.Pro329Met,1.08035137766483,0.0809117852389714,1.1612631629038,0.999439592425857
p.Lys238Val,1.18187229961188,0.0857724491429448,1.26764474875482,1.09609985046893
p.Asn430Lys,1.14277296294147,0.0632818090249,1.20605477196637,1.07949115391657
p.Ile392=,0.761357134870183,0.257538301360327,0.503818833509857,1.01889543623051
p.Leu433Tyr,1.1056382271586,0.010334017939125,1.09530420921948,1.11597224509773
p.Phe26Trp,0.881900012433128,0.106351005969891,0.775549006463236,0.988251018403019
p.Phe253Val,1.16225099567606,0.107249686579515,1.26950068225558,1.05500130909655
p.Ala272Asn,0.163451449660267,0.105152988923501,0.0582984607367667,0.268604438583768
p.Glu148Ser,0.879950869724524,0.112906719381915,0.767044150342609,0.992857589106439
p.Gly488Thr,0.0649517453454336,0.0294363423148074,0.094388087660241,0.0355154030306262
p.Val431Leu,1.07246753205117,0.144166844583988,1.21663437663516,0.928300687467183
p.Met37Gly,0.217353834609786,0.126304460951726,0.343658295561512,0.0910493736580594
p.Val208Cys,1.18645349452015,0.0536628526513599,1.24011634717151,1.13279064186879
p.Ala78Ile,0.785938432761205,0.0614332086963635,0.724505224064841,0.847371641457568
p.Lys46Ter,-0.0226130747586903,0.0056427780201167,-0.0282558527788071,-0.0169702967385736
p.Lys171Asp,0.82764745127512,0.103650449526513,0.931297900801634,0.723997001748607
p.Lys95Trp,0.95518302558652,0.112014654482691,1.06719768006921,0.843168371103828
p.Thr490=,0.84819799265437,0.205962772285411,0.642235220368958,1.05416076493978
p.Val108Gly,0.253920067499248,0.185218979663801,0.43913904716305,0.0687010878354469
p.His155Gln,0.944049826856363,0.0436374310056004,0.987687257861963,0.900412395850762
p.Ala277Arg,0.989724254692239,0.0461739680102334,0.943550286682003,1.03589822270247
p.Tyr147Thr,1.19696152750259,0.114759529428775,1.31172105693136,1.08220199807381
p.Asn301Ter,-0.0996410097566005,0.0512318082316174,-0.150872817988218,-0.048409201524983
p.Met267Cys,0.970642961034385,0.0722059786467275,1.04284893968111,0.898436982387655
p.Phe88Asn,0.229381691427207,0.0584429177510635,0.170938773676143,0.28782460917827
p.Lys360Gly,0.627225701916058,0.10610246321824,0.733328165134298,0.521123238697818
p.Leu55Ile,0.495768807496797,0.0628518741612605,0.558620681658058,0.432916933335537
p.Ile35Pro,0.12036179633129,0.111172647639015,0.0091891486922741,0.231534443970305
p.Gly310Tyr,0.630707028933809,0.0616662671782495,0.692373296112059,0.56904076175556
p.Ser184His,0.623328147374971,0.115650638451373,0.507677508923598,0.738978785826344
p.Phe221Arg,0.164970286719733,0.116796799064377,0.28176708578411,0.048173487655357
p.Leu235Phe,0.919884984916731,0.0496699139081125,0.969554898824844,0.870215071008619
p.Asn363Ter,-0.105451792316685,0.078194943703267,-0.183646736019952,-0.0272568486134179
p.Ile48Trp,0.11028680765456,0.0124441424741526,0.122730950128713,0.0978426651804078
p.Pro143Asn,0.995698572397071,0.0478243263399409,1.04352289873701,0.947874246057128
p.Arg74Val,0.954202011430086,0.02210099884962,0.976303010279706,0.932101012580466
p.Arg81Gly,0.420970652345247,0.0103057543784529,0.4312764067237,0.410664897966794
p.Tyr503Phe,1.12439310706267,0.0690214900955149,1.19341459715818,1.05537161696715
p.Asn346Cys,0.871909690183638,0.0247471269893079,0.84716256319433,0.896656817172946
p.Pro276Thr,0.0357591282790531,0.0178376360579812,0.0535967643370343,0.0179214922210719
p.Pro396Ser,0.740152436000799,0.134174533793811,0.87432696979461,0.605977902206988
p.Glu438His,0.966667433509891,0.133478981156898,1.10014641466679,0.833188452352995
p.Ala335Gln,0.815580145333465,0.0114566400624455,0.804123505271019,0.82703678539591
p.Glu398Thr,1.1061378802788,0.04182584027363,1.14796372055243,1.06431204000517
p.Thr336Asn,0.134952793360875,0.0937512923293193,0.228704085690194,0.0412015010315552
p.Leu342=,1.06340184919803,0.0017513487827849,1.06515319798082,1.06165050041525
p.Arg257Glu,0.89155528516499,0.0640932050714114,0.955648490236402,0.827462080093579
p.Leu16Arg,0.912295762121749,0.0260986012382435,0.938394363359992,0.886197160883505
p.Val291Pro,0.0412825555636551,0.0392036453302252,0.0020789102334298,0.0804862008938803
p.Ser189Ile,0.942415166368419,0.0970189741106319,1.03943414047905,0.845396192257786
p.Asp251Gln,0.849183841347848,0.0426084203816429,0.891792261729491,0.806575420966205
p.Gly488Trp,0.382079635249471,0.0984979824181134,0.480577617667585,0.283581652831358
p.Leu43Asn,0.647527578688142,0.071787003830366,0.575740574857776,0.719314582518508
p.Leu203Ser,1.1020118717008,0.0228757044740349,1.07913616722676,1.12488757617483
p.Glu193Pro,0.682409956831256,0.130165248019708,0.552244708811548,0.812575204850964
p.Glu18Gly,1.04615593799624,0.065465663739499,1.11162160173574,0.980690274256742
p.Ser117Ile,0.18454893462235,0.0215154897995925,0.163033444822758,0.206064424421943
p.Leu265Gln,0.548158165374985,0.0865299457572974,0.634688111132283,0.461628219617688
p.Phe191Trp,1.02935407382721,0.0205431177839099,1.0088109560433,1.04989719161112
p.Lys275Asn,1.00347405066218,0.237625853474983,1.24109990413716,0.765848197187193
p.Gln266Ter,-0.0560093928829729,0.031614456759169,-0.087623849642142,-0.0243949361238038
p.Glu274Arg,0.510924316540252,0.118518092495694,0.629442409035946,0.392406224044557
p.Thr31Val,1.04993990848843,0.0074879366495649,1.05742784513799,1.04245197183886
p.Val213Arg,0.859417233859098,0.152303523539582,1.01172075739868,0.707113710319515
p.Ala492Met,1.04286312890173,0.0426444799455749,1.08550760884731,1.00021864895616
p.Glu475Ile,0.755013472256801,0.217866082198387,0.537147390058414,0.972879554455189
p.Glu94Leu,0.334032675682055,0.0461306106614774,0.287902065020578,0.380163286343533
p.Trp349Ter,0.187977301682297,0.12171878008976,0.309696081772057,0.0662585215925367
p.Leu433Ile,0.754076400922505,0.0428324003109544,0.711244000611551,0.79690880123346
p.Met207Lys,0.625185560775979,0.108279963025877,0.733465523801856,0.516905597750102
p.Thr236Glu,1.17789055063388,0.0739010601791599,1.25179161081304,1.10398949045472
p.Gln111Ser,0.92230578347909,0.0244092591297689,0.897896524349321,0.946715042608859
p.Phe138Ala,0.199842455333365,0.0470893945683184,0.246931849901683,0.152753060765046
p.Asn226Gln,0.768155236366536,0.026290135051565,0.794445371418101,0.741865101314971
p.Thr423Phe,1.18684711092575,0.10801007669765,1.2948571876234,1.0788370342281
p.Glu19Asn,0.977817833578446,0.0367856268748435,1.01460346045329,0.941032206703603
p.Asn363Met,0.661707381634074,0.100684401049366,0.76239178268344,0.561022980584707
p.Gly14Phe,0.675126549168495,0.0837772821822799,0.758903831350775,0.591349266986215
p.Arg427Asp,0.866939132902279,0.098269961051206,0.768669171851073,0.965209093953485
p.Ile67Gln,0.171582026723107,0.130952138717338,0.302534165440445,0.0406298880057686
p.Gly505Arg,1.06392541235058,0.03042388127003,1.09434929362061,1.03350153108055
p.Arg498Lys,0.824572748191389,0.184001301030049,0.640571447161342,1.00857404922144
p.Pro434Val,1.10582954614003,0.043443808019325,1.14927335415936,1.06238573812071
p.Ala217Glu,0.778165641945833,0.105779653956475,0.883945295902308,0.672385987989358
p.Asp443Leu,0.455153001944917,0.05194617375807,0.507099175702987,0.403206828186847
p.Cys13Val,1.04163175805079,0.020735006223215,1.06236676427401,1.02089675182758
p.Met496Asp,0.907783077249444,0.034490258995912,0.942273336245356,0.873292818253532
p.Glu99Cys,0.701447870468424,0.14904471505244,0.552403155415983,0.850492585520864
p.Ile230Gln,0.0744266892024106,0.0516621140415153,0.0227645751608953,0.126088803243926
p.Cys158Ser,0.48296503026605,0.367783153555063,0.115181876710987,0.850748183821113
p.Lys514=,1.01282861061931,0.0728643773295094,0.939964233289801,1.08569298794882
p.Arg427Ala,1.17726257339437,0.11640247380869,1.29366504720306,1.06086009958568
p.Lys97Asn,0.673362447065539,0.0753690263928549,0.748731473458394,0.597993420672684
p.Glu18Met,0.878745034348986,0.0574175002350849,0.821327534113901,0.936162534584071
p.His155Ser,1.03599429266136,0.0430160212050834,1.07901031386644,0.992978271456273
p.Glu3Phe,0.440859840742216,0.0603866648928125,0.380473175849404,0.501246505635029
p.Phe56Ile,0.62882493326276,0.189564837940458,0.818389771203218,0.439260095322302
p.Met496Trp,0.941011550154496,0.0667212060752919,1.00773275622979,0.874290344079206
p.Arg246Glu,1.18312935498958,0.137871105824065,1.32100046081364,1.04525824916551
p.Thr279Phe,1.12356901631917,0.0930764788601099,1.21664549517928,1.03049253745906
p.Met125Ter,-0.0251116542916512,0.0083696229707537,-0.033481277262405,-0.0167420313208975
p.Thr333His,0.991369206964155,0.0152923561863045,0.976076850777851,1.00666156315046
p.Phe413Ter,-0.11035845667177,0.0588818359104871,-0.169240292582257,-0.0514766207612827
p.Arg57Trp,0.0244368925906915,0.007793989267938,0.0322308818586295,0.0166429033227534
p.Leu121Glu,0.0650580468058996,0.0163083797925469,0.0487496670133527,0.0813664265984465
p.Pro489Phe,0.449507269763393,0.083635395333228,0.533142665096621,0.365871874430165
p.Gly316Ala,1.01099452446063,0.0517193780003944,1.06271390246102,0.959275146460231
p.Val391=,0.713681773127942,0.247281530993997,0.466400242133945,0.960963304121939
p.Arg166Gln,0.0651757967710248,0.0088246175062704,0.0563511792647543,0.0740004142772952
p.Val5Trp,0.69243352134461,0.190892681355205,0.501540839989405,0.883326202699816
p.Ile295Phe,0.15854401735084,0.0865850645451151,0.245129081895955,0.0719589528057246
p.Trp164Met,0.709124840829255,0.0750936300546464,0.634031210774608,0.784218470883901
p.Ala115=,0.823919741881149,0.176084472810623,0.647835269070525,1.00000421469177
p.Ala335Ile,0.30868370685954,0.189677813755363,0.119005893104177,0.498361520614903
p.Leu323Asp,1.22375368751119,0.10679253674196,1.33054622425315,1.11696115076923
p.Leu55Trp,-0.036363066350946,0.0462047235298283,-0.0825677898807744,0.0098416571788823
p.Leu55Tyr,0.859122178601308,0.137572563500667,0.996694742101975,0.721549615100641
p.Asp30Val,0.696788475811464,0.234661456028192,0.462127019783271,0.931449931839656
p.Leu177Gln,0.93878232353353,0.0266038306469805,0.96538615418051,0.912178492886549
p.Ile355Tyr,0.845808635415186,0.058891844590219,0.904700480005405,0.786916790824967
p.Ile168Arg,0.101292792075799,0.0430104687879748,0.0582823232878244,0.144303260863774
p.Val352Asp,0.0485842188546686,0.0302740002815952,0.0183102185730734,0.0788582191362639
p.Lys408His,1.01077368624227,0.0216585908123884,0.989115095429883,1.03243227705466
p.Gly500Asn,1.07855965741572,0.0111095445932299,1.08966920200895,1.06745011282249
p.Gly247His,0.978513420885599,0.0473840363594805,1.02589745724508,0.931129384526119
p.Gly23Ile,1.04271891779768,0.0808581485183575,0.961860769279325,1.12357706631604
p.Glu252Gln,1.02076067324698,0.0489085953685069,1.06966926861549,0.971852077878476
p.Thr65Met,0.987678849693499,0.0421945860336914,0.945484263659807,1.02987343572719
p.Lys432Gln,1.06726319973669,0.02222177614206,1.08948497587875,1.04504142359463
p.Leu264Asn,0.379480166792754,0.082360316991137,0.461840483783891,0.297119849801617
p.Asn426Val,0.869693987096615,0.0031836990288425,0.872877686125457,0.866510288067772
p.Ile67Met,0.868912622305297,0.128477080187459,0.997389702492756,0.740435542117838
p.Ile162Ser,0.970831434483924,0.116640373050853,0.854191061433073,1.08747180753478
p.Glu3Gly,0.895185226561475,0.0606795039478315,0.834505722613644,0.955864730509307
p.Pro92Ala,1.0509345569548,0.03931203604053,1.09024659299533,1.01162252091427
p.Tyr202Cys,1.18888278207084,0.143337533262365,1.33222031533321,1.04554524880848
p.Phe191Ile,0.469953364724073,0.154803336308471,0.624756701032544,0.315150028415602
p.Asn229=,0.933003652573947,0.112991188643891,0.820012463930057,1.04599484121784
p.Leu121Trp,0.0096679431270969,0.108001461059921,-0.0983335179328247,0.117669404187018
p.His124Gly,0.619225993885471,0.164219208711757,0.783445202597228,0.455006785173714
p.Val304Met,0.339196894573891,0.402660526585442,-0.0634636320115518,0.741857421159333
p.Leu433Arg,1.13577669102231,0.07522458026508,1.21100127128739,1.06055211075723
p.Glu315Gly,0.757388024346111,0.040907877943195,0.716480146402916,0.798295902289306
p.Glu244Cys,0.878755847553381,0.118085332953618,0.760670514599763,0.996841180507
p.Thr91Tyr,0.921725723953006,0.0732532472902805,0.994978971243286,0.848472476662725
p.Phe337Ile,0.18289054624751,0.210557287925384,-0.0276667416778739,0.393447834172895
p.Val344Ile,0.846433230890032,0.0577174934673719,0.78871573742266,0.904150724357404
p.Pro434Glu,1.10127347049237,0.0830202449559149,1.18429371544828,1.01825322553645
p.Gln22Phe,1.19146169199573,0.14547921569271,1.33694090768844,1.04598247630302
p.Arg285His,1.03887809079204,0.0626396116020385,1.10151770239408,0.976238479190003
p.Asn218Tyr,0.0369908855779761,0.0357203007417515,0.0727111863197276,0.0012705848362246
p.Tyr70Ter,-0.0491765151371718,0.0275687841979431,-0.076745299335115,-0.0216077309392287
p.Thr333Glu,1.04436754551729,0.0491740555759974,1.09354160109329,0.995193489941295
p.Asn430Ser,1.19965242031272,0.097790341321275,1.29744276163399,1.10186207899144
p.His129Asp,0.943994023453088,0.033972642091796,0.910021381361292,0.977966665544884
p.Glu457Trp,1.10765902253296,0.068335881930335,1.17599490446329,1.03932314060262
p.Ile162Pro,1.14177967669287,0.06869408482889,1.21047376152176,1.07308559186398
p.Ile33Pro,0.0358716220200229,0.173773968972319,-0.137902346952296,0.209645590992341
p.Cys358Leu,0.377133074238628,0.22973284676172,0.606865921000348,0.147400227476907
p.Lys45Phe,1.04783617068435,0.0501560412122785,1.09799221189663,0.997680129472073
p.Glu504Val,0.978522695856016,0.0735635795953645,1.05208627545138,0.904959116260651
p.Gly23Lys,0.982924729614947,0.0332064140973319,0.949718315517616,1.01613114371228
p.Asp194Ser,0.978567190929193,0.0568645666479945,0.921702624281201,1.03543175757719
p.Leu264Ter,-0.0652628573578709,0.0171593694646607,-0.0824222268225317,-0.0481034878932102
p.Ala399Gly,1.03787850207083,0.0818915715632775,0.955986930507555,1.11977007363411
p.Glu347Thr,1.08736998326791,0.133445296793286,1.22081528006119,0.953924686474618
p.Leu137Gln,0.526367598642138,0.232263514112373,0.758631112754511,0.294104084529765
p.Arg387Pro,1.20612438478095,0.1878764523262,1.39400083710715,1.01824793245475
p.Asn363Lys,0.976581710093396,0.133816297436021,1.11039800752942,0.842765412657378
p.Gly245Gln,1.06156164985992,0.0298840199236199,1.09144566978354,1.0316776299363
p.Ala318Val,1.02327668755717,0.0082141273280099,1.03149081488518,1.01506256022916
p.Ile220Asn,0.605002106419459,0.187399441046319,0.792401547465779,0.41760266537314
p.Glu347Lys,1.08258191707255,0.0218325578160849,1.10441447488864,1.06074935925647
p.Ile224Gln,1.07184442082856,0.077638277889439,1.149482698718,0.994206142939122
p.Val309Tyr,0.87522817759023,0.23099733411658,0.64423084347365,1.10622551170681
p.Leu121Thr,0.0492312089460788,0.104084959217892,-0.0548537502718136,0.153316168163971
p.Gly38Cys,0.507332701335384,0.082657052820649,0.589989754156033,0.424675648514735
p.Lys238Cys,1.07575197981904,0.048469293713275,1.12422127353231,1.02728268610576
p.Leu130Thr,1.0717836547592,0.112517470090973,1.18430112485017,0.959266184668225
p.Tyr322Thr,0.0338090770599679,0.0637533638745498,0.0975624409345177,-0.029944286814582
p.Lys432His,1.07609394000198,0.0997121776892944,1.17580611769127,0.976381762312681
p.Lys476Thr,0.820220790266902,0.167822811210543,0.652397979056359,0.988043601477445
p.Ala116Leu,1.0631009899104,0.10874702712118,1.17184801703158,0.954353962789219
p.Glu85Ala,0.861057795670274,0.0255331442752034,0.886590939945477,0.83552465139507
p.Lys429Val,1.11742111876528,0.0737621819138,1.19118330067908,1.04365893685148
p.Cys158Gln,0.346149797701738,0.200101186911998,0.546250984613737,0.14604861078974
p.Ser448Leu,1.09611349990567,0.049153677013735,1.14526717691941,1.04695982289194
p.Gln395Ile,1.07272104594708,0.0454443369510399,1.11816538289812,1.02727670899604
p.Tyr343Ala,0.848287088551096,0.0752973663461225,0.923584454897219,0.772989722204974
p.Val328Ser,0.881424473595589,0.107890814219321,0.98931528781491,0.773533659376268
p.Phe237Ala,0.4930250983036,0.358346899673089,0.134678198630511,0.85137199797669
p.Met212His,0.805068508806095,0.189122282461949,0.994190791268044,0.615946226344147
p.Leu211Asp,0.118164544280581,0.117719935575718,0.235884479856298,0.0004446087048628
p.Leu203=,0.993517742214219,0.0205328877965915,0.972984854417627,1.01405063001081
p.Gly505Asp,1.23927696345344,0.109407128741085,1.34868409219453,1.12986983471236
p.Phe88Met,0.939641460387685,0.0075571649808324,0.932084295406853,0.947198625368518
p.Leu264Arg,0.206610776940926,0.030071623068668,0.236682400009594,0.176539153872258
p.Val169Gly,0.194155986865431,0.115944944752571,0.310100931618002,0.078211042112859
p.Ser40Ter,0.0263044690201997,0.0004698475684685,0.0258346214517311,0.0267743165886682
p.Leu75Ter,-0.040171034054649,0.0276231945591492,-0.0677942286137982,-0.0125478394954997
p.Arg487Gln,1.11963802433831,0.0156698129447,1.10396821139361,1.13530783728301
p.Phe138Ile,0.440006761848567,0.0993180353959159,0.539324797244483,0.340688726452651
p.Lys403Trp,0.991357345366479,0.178803598117713,1.17016094348419,0.812553747248764
p.Gly505Pro,1.24678534726114,0.06783687089778,1.31462221815892,1.17894847636336
p.Asp251His,1.04600266895639,0.00081681734125,1.04681948629764,1.04518585161514
p.Gly359Gln,-0.0111699202802584,0.0292702405659407,-0.0404401608461991,0.0181003202856823
p.Tyr484Val,0.999489436916813,0.0244649119822459,1.02395434889906,0.975024524934568
p.Val328Gln,0.721491441914341,0.190235867106788,0.911727309021129,0.531255574807553
p.Phe381Tyr,0.762823193659161,0.106039583142768,0.868862776801929,0.656783610516393
p.Pro276Glu,-0.004410627146472,0.0120508894932538,-0.0164615166397259,0.0076402623467818
p.Pro144His,1.13169927328625,0.020286168545635,1.15198544183188,1.11141310474061
p.Gly59Glu,0.709399842752009,0.0827406151085674,0.792140457860576,0.626659227643441
p.Leu474Val,1.04156180357502,0.0348911989885,1.07645300256352,1.00667060458652
p.Pro467Tyr,0.750311455802821,0.0782086632506919,0.828520119053513,0.672102792552129
p.Gly38Gln,0.0413266516549157,0.0403230720920282,0.0010035795628874,0.0816497237469439
p.Leu211Lys,0.117822939098122,0.119797643235072,0.237620582333194,-0.0019747041369494
p.Lys497Leu,0.885735507695268,0.133526206882862,0.752209300812406,1.01926171457813
p.Arg498Thr,0.942030693482501,0.016261530909287,0.925769162573214,0.958292224391788
p.Arg387Gln,1.17608624537242,0.061806441311075,1.23789268668349,1.11427980406134
p.Gly410Tyr,0.864563947748474,0.126422259735606,0.99098620748408,0.738141688012868
p.Gln266Lys,1.16141826832312,0.124963699236775,1.28638196755989,1.03645456908634
p.Phe381Cys,0.4859697893823,0.136913789923024,0.622883579305324,0.349055999459276
p.Lys386Asp,1.11095849055305,0.10606925627749,1.21702774683054,1.00488923427556
p.Leu371Asn,0.129015772981117,0.0214383827066724,0.150454155687789,0.107577390274444
p.Thr10Asp,0.929904550047226,0.122443402248703,0.807461147798525,1.05234795229593
p.His32Phe,0.992801034012605,0.0265919521456455,0.966209081866959,1.01939298615825
p.Glu287Leu,0.76030868887352,0.189246590721273,0.949555279594792,0.571062098152247
p.Arg198Phe,0.438958730241335,0.022332126790116,0.461290857031451,0.416626603451219
p.Ala367Asn,1.08948669867049,0.0045105634154549,1.08497613525504,1.09399726208595
p.Asp493Tyr,0.95470544411911,0.0093925090767065,0.945312935042403,0.964097953195816
p.Thr327Arg,1.0988486261128,0.0522361733436799,1.15108479945648,1.04661245276912
p.Gly59Ser,0.436780163383211,0.189788286369765,0.246991877013445,0.626568449752976
p.Phe241Pro,0.895419348853703,0.125385998937537,1.02080534779124,0.770033349916165
p.Leu420Ter,-0.0582861314622026,0.0800995942516304,-0.138385725713833,0.021813462789428
p.Tyr107Met,0.832269153619157,0.077390449670993,0.90965960329015,0.754878703948164
p.Tyr507Ser,1.243403906001,0.13130552403678,1.37470943003778,1.11209838196422
p.Gly242Glu,0.402568871547763,0.206075048976974,0.608643920524737,0.196493822570789
p.Glu297Thr,0.966895795486771,0.0603245902955499,0.90657120519122,1.02722038578232
p.Arg17Cys,0.824364221547371,0.002076325472656,0.826440547020027,0.822287896074715
p.Lys403Ile,0.90503814867617,0.0935582805941714,0.811479868081998,0.998596429270341
p.Ile472Gly,0.773277606277436,0.0904501402839454,0.863727746561382,0.682827465993491
p.Thr466Ser,1.06152574812594,0.089663701850883,1.15118944997682,0.971862046275054
p.Glu287Val,1.20481372791501,0.243564815921473,1.44837854383648,0.961248911993534
p.Glu315=,1.12479559976182,0.161293076395126,1.28608867615695,0.963502523366698
p.Phe26Lys,0.853940148334179,0.0493811782592035,0.804558970074976,0.903321326593383
p.Phe253Asp,1.1799401930049,0.130790522549785,1.31073071555469,1.04914967045512
p.Glu416His,0.904343171129162,0.144474065455386,0.759869105673777,1.04881723658455
p.His129Ala,0.873350324563141,0.0287966993794239,0.844553625183717,0.902147023942565
p.Ala71Leu,0.0419476949023693,0.0529792177093023,-0.0110315228069331,0.0949269126116716
p.Thr406His,1.00304232893251,0.077457737064776,1.08050006599729,0.925584591867738
p.Ala231Ter,0.0744721559972516,0.0952597526652264,0.169731908662478,-0.020787596667975
p.Ile355Gln,0.132964663649143,0.0537844658818143,0.186749129530958,0.0791801977673293
p.Phe413Ala,0.829143420990318,0.0270306197700299,0.802112801220288,0.856174040760348
p.Gln299Glu,0.943509989320032,0.0193306808295344,0.924179308490498,0.962840670149567
p.Ala2Val,1.01030360042589,0.0194681985363159,0.990835401889578,1.02977179896221
p.Leu183Arg,1.11186898662503,0.11676251583116,1.22863150245619,0.99510647079387
p.His470Cys,0.919894667384853,0.0006974094558714,0.919197257928982,0.920592076840725
p.Ser132Met,1.00578245302135,0.0575526521038525,1.0633351051252,0.948229800917495
p.Pro312Glu,0.978017752566029,0.137724677579774,1.1157424301458,0.840293074986253
p.Asn126Tyr,0.874074245352316,0.0387439703434644,0.835330275008851,0.91281821569578
p.Ala272Cys,1.03411085452975,0.004539929773615,1.02957092475614,1.03865078430337
p.Ile199Gln,0.341781388510346,0.164977107951717,0.506758496462064,0.176804280558629
p.Gln266His,1.2013498321738,0.0508750603561299,1.25222489252993,1.15047477181767
p.His263Lys,1.08601481101032,0.04562452348041,1.13163933449073,1.04039028752991
p.Asn388=,0.926920217092652,0.130576662259909,0.796343554832742,1.05749687935256
p.Leu140=,1.05077643267065,0.0969062186350249,1.14768265130567,0.95387021403562
p.Pro240Glu,1.20713840347125,0.13588018450239,1.34301858797364,1.07125821896886
p.Asp228Leu,0.928967365894831,0.0442162030707124,0.973183568965543,0.884751162824118
p.Tyr112Leu,0.88621589418066,0.0514634192057075,0.937679313386368,0.834752474974953
p.Trp164Thr,0.699301447056225,0.123507560501812,0.575793886554413,0.822809007558037
p.Gly485Asn,0.855330810025628,0.0651938425929584,0.79013696743267,0.920524652618587
p.Gln195Arg,0.274762470313432,0.0625415810108025,0.337304051324235,0.21222088930263
p.Ala399=,0.972970740554801,0.0099863401114534,0.982957080666255,0.962984400443348
p.Gly505Tyr,1.10413700006481,0.04996997729493,1.15410697735974,1.05416702276988
p.Glu345Tyr,0.763417832493955,0.066408630488845,0.8298264629828,0.69700920200511
p.Thr423Ter,0.0280946307433056,0.0041179162417375,0.023976714501568,0.0322125469850431
p.Ile480Leu,1.02682768288201,0.0558176717696104,0.971010011112399,1.08264535465162
p.Arg427Val,1.07512133021785,0.0323265107760949,1.10744784099394,1.04279481944175
p.Arg72Leu,0.848954025518102,0.0623309719591315,0.911284997477233,0.78662305355897
p.Asp30Ala,1.19145784441955,0.0537321487859699,1.24518999320552,1.13772569563358
p.Val150Cys,0.893629876822031,0.132919958274018,0.760709918548015,1.02654983509605
p.Arg427Leu,0.978567105812955,0.0862578552298665,1.06482496104282,0.892309250583087
p.His263Cys,1.38879680808355,0.0879870766589751,1.47678388474253,1.30080973142458
p.Gln372Thr,0.959953703133105,0.0698244977270839,1.02977820086019,0.890129205406022
p.Thr490Asn,1.05132777674453,0.105869451781156,1.15719722852569,0.945458324963378
p.Asp42Asn,1.0531420225505,0.0804379883672555,1.13358001091776,0.972704034183249
p.Val304Pro,0.381597990603257,0.0770319204528199,0.458629911056077,0.304566070150437
p.Tyr507Val,1.05649033887926,0.062565572049288,1.11905591092855,0.993924766829974
p.Trp349Phe,0.693516404516194,0.049291830536616,0.644224573979577,0.742808235052809
p.Lys290Ala,1.00335793332112,0.0512764846162519,0.952081448704866,1.05463441793737
p.Phe102Leu,0.821433997986469,0.158323143593966,0.979757141580436,0.663110854392503
p.Leu323Cys,1.12434301735374,0.0220499305045299,1.14639294785827,1.10229308684921
p.Tyr249Trp,1.15670849233227,0.085295040003435,1.2420035323357,1.07141345232883
p.Met267Leu,1.26224407776349,0.05089450791242,1.31313858567591,1.21134956985107
p.Thr333Asn,0.913494607880356,0.107027135903055,0.806467471977301,1.02052174378341
p.Leu140Pro,0.0660540642205379,0.0138988948903849,0.052155169330153,0.0799529591109229
p.Glu244Thr,0.863463675632019,0.0621515351126414,0.801312140519377,0.92561521074466
p.Leu190Trp,1.05431073262198,0.060398379559496,1.11470911218148,0.993912353062488
p.Ala6Phe,0.915632135492355,0.0452332275289374,0.960865363021293,0.870398907963418
p.Leu362His,0.794833705724195,0.0723398008454609,0.867173506569656,0.722493904878734
p.Glu389Gln,0.928425838239986,0.0445859759531089,0.973011814193095,0.883839862286877
p.Asn388Ala,0.990246979616251,0.126861528700557,1.11710850831681,0.863385450915696
p.Leu458Met,1.04436336880024,0.167850778810973,1.21221414761122,0.876512589989274
p.Phe413Met,0.814887253421084,0.133663920111398,0.681223333309686,0.948551173532482
p.Thr31Gly,0.862725981891123,0.118428379909697,0.744297601981426,0.981154361800819
p.Arg57Gly,0.283127664494663,0.111682329267574,0.394809993762237,0.171445335227089
p.Val400Ile,1.08119494731008,0.147106587994201,1.22830153530428,0.934088359315878
p.Ala318His,1.07301572376521,0.04200894117378,1.11502466493899,1.03100678259143
p.Lys82Val,0.928190334209727,0.0453063897797385,0.973496723989466,0.882883944429989
p.Leu265Ser,0.785950572171102,0.0121759581593505,0.773774614011752,0.798126530330453
p.Ser281=,1.05456301308673,0.0685392190355389,1.12310223212227,0.986023794051192
p.Ser180=,0.934338386193487,0.140033947695104,0.794304438498381,1.07437233388859
p.Asp282Arg,0.99393740200556,0.05692667149279,1.05086407349835,0.93701073051277
p.Pro353His,0.242561947706116,0.0431817746379739,0.28574372234409,0.199380173068142
p.Gln4Ala,1.04355733973827,0.0451626589483175,0.998394680789955,1.08871999868659
p.Asn426Cys,1.07532744648831,0.0836506014092309,1.15897804789754,0.991676845079078
p.Ala134Trp,0.128829158149582,0.27869068777027,-0.149861529620688,0.407519845919852
p.Val344Asn,0.0618734252071321,0.083940380938652,-0.02206695573152,0.145813806145784
p.Ile224Lys,0.228920515909467,0.1622301700483,0.391150685957767,0.0666903458611665
p.Lys476Met,0.85434820573568,0.0289492166447125,0.825398989090968,0.883297422380393
p.Glu368Lys,0.139078565840214,0.015011732694851,0.154090298535065,0.124066833145363
p.Asn346Phe,0.268545278872801,0.211805813581617,0.480351092454418,0.0567394652911831
p.Ser73=,1.11603706518986,0.01468112283021,1.13071818802007,1.10135594235965
p.Arg370Val,1.10815346438592,0.0416004457177949,1.06655301866812,1.14975391010371
p.Val303Trp,1.12726561710356,0.0532676301776749,1.18053324728123,1.07399798692588
p.Gly242Arg,0.621429853611562,0.182899014072888,0.80432886768445,0.438530839538674
p.Leu203Gln,1.13476122027669,0.017396122305745,1.11736509797094,1.15215734258243
p.Pro143His,1.12964212895112,0.05680797481439,1.18645010376551,1.07283415413673
p.Val341Ala,1.03545734658275,0.061394185572549,1.0968515321553,0.974063161010202
p.Ala300Val,1.26972764653423,0.1158286326228,1.38555627915703,1.15389901391143
p.Ser106Pro,-0.0214833994943251,0.109120585216239,-0.130603984710564,0.0876371857219141
p.Glu274Asp,1.02780419640676,0.0859611419413129,1.11376533834807,0.941843054465444
p.Ser123Cys,0.707409681102396,0.252857164665986,0.45455251643641,0.960266845768382
p.Cys232Ala,1.00740854617549,0.0479704486505704,0.959438097524919,1.05537899482606
p.Val499Pro,1.03939793950896,0.111424555990692,1.15082249549965,0.927973383518266
p.Ala436Arg,1.17950466195024,0.018543463232485,1.16096119871776,1.19804812518273
p.Leu142Ter,-0.0823845479260663,0.0459605216980189,-0.128345069624085,-0.0364240262280472
p.Ala127Asp,0.968464093139543,0.0432910694057385,0.925173023733803,1.01175516254528
p.Tyr484Trp,0.938245965487701,0.0010408870062975,0.939286852493998,0.937205078481403
p.Thr490Ile,0.97571198843719,0.0029978575377239,0.978709845974914,0.972714130899466
p.Tyr437Gly,1.17801886020903,0.0425449133003349,1.22056377350936,1.13547394690869
p.Phe381=,0.907880898648741,0.10080771983053,0.80707317881821,1.00868861847927
p.Ile162Tyr,1.06526982270376,0.05222253834896,1.11749236105272,1.0130472843548
p.Asn414Val,0.787639435792959,0.146930532333112,0.640708903459846,0.934569968126071
p.Arg57Phe,0.0902495351894042,0.0067984362082819,0.0970479713976861,0.0834510989811222
p.Leu495Gly,0.174768344667583,0.102306168342471,0.277074513010054,0.0724621763251117
p.Val108His,0.783781076800345,0.0470395844447115,0.736741492355634,0.830820661245057
p.Thr506Trp,1.09360543862912,0.08765082831473,1.18125626694385,1.00595461031439
p.Leu342Gln,0.103289002199915,0.0514912010818112,0.154780203281726,0.0517978011181035
p.Phe253Lys,1.13848679280216,0.07455378162203,1.21304057442419,1.06393301118013
p.Glu345His,0.945413705973892,0.11191589765737,0.833497808316521,1.05732960363126
p.Ile35Cys,1.03099258918207,0.086453450932814,1.11744604011488,0.944539138249252
p.Ser418=,1.10777795446004,0.117408955729216,1.22518691018926,0.990368998730828
p.Ile392Glu,0.0070011484675226,0.0962099142191203,-0.0892087657515977,0.103211062686643
p.Leu177Ala,0.856296027023017,0.0071926537811429,0.849103373241874,0.86348868080416
p.Val77Leu,0.904339184347238,0.101825742644981,0.802513441702257,1.00616492699222
p.Gln83Lys,1.04659120050761,0.04099880876645,1.08759000927406,1.00559239174116
p.His513Ser,0.891871930448335,0.165070181218175,0.726801749230159,1.05694211166651
p.Tyr308Ter,-0.0904350529062921,0.0292130221444138,-0.119648075050706,-0.0612220307618784
p.Gln266Tyr,1.12905676151627,0.03557079196827,1.16462755348454,1.093485969548
p.Gln299Ter,0.0037408648627841,0.0269855035105761,0.0307263683733603,-0.023244638647792
p.Asp24Arg,0.847725463232293,0.136153168693393,0.711572294538899,0.983878631925686
p.Phe34Met,0.922251823021824,0.215668205418754,0.706583617603072,1.13792002844058
p.Leu433Gly,1.22590381019707,0.052141565203025,1.2780453754001,1.17376224499405
p.Asn64His,0.946925336289331,0.06140822586726,1.00833356215659,0.88551711042207
p.Ser73Glu,0.458937240129062,0.215168403575805,0.243768836553257,0.674105643704868
p.Met496Thr,0.909831579736064,0.0944097953048245,0.815421784431241,1.00424137504089
p.Lys288Ser,0.977834550201886,0.0341425753322349,1.01197712553412,0.94369197486965
p.Arg182His,0.96708491572851,0.020928506936221,0.988013422664731,0.946156408792289
p.Asn64Pro,0.796444571065427,0.0335402075705354,0.829984778635962,0.762904363494891
p.Gln261Ter,0.0400874233702613,0.0310501158674024,0.0711375392376637,0.0090373075028588
p.Asn346Met,0.512904589511424,0.0103177793271435,0.50258681018428,0.523222368838567
p.Glu364Thr,1.19527735938699,0.11610139967383,1.31137875906082,1.07917595971316
p.Met267Ile,1.04831749344776,0.0618033749902194,1.11012086843798,0.986514118457541
p.Tyr147Gln,1.2607940416123,0.0164192879065099,1.27721332951881,1.24437475370579
p.Val108=,1.05024348076804,0.108818808720336,1.15906228948838,0.941424672047708
p.Leu268Ter,0.0391511021680347,0.0487822340398661,0.0879333362079008,-0.0096311318718314
p.His129Cys,1.11563933344502,0.092895538759305,1.20853487220433,1.02274379468572
p.Gly247Ter,0.294076920833833,0.300795319066245,0.594872239900078,-0.0067183982324117
p.Gly38Phe,0.355612529189575,0.094573565281137,0.450186094470712,0.261038963908438
p.Ile36Pro,0.0571234102669949,0.073339135924218,-0.016215725657223,0.130462546191213
p.Arg72Lys,0.810122926328843,0.0637433946238904,0.746379531704952,0.873866320952733
p.Trp54Leu,1.04496476917343,0.03299989441518,1.07796466358861,1.01196487475825
p.Asp258Ile,0.829959350184963,0.160987786861934,0.990947137046897,0.668971563323028
p.Asp200Ter,-0.0737561396981439,0.0318513508877699,-0.105607490585914,-0.0419047888103742
p.Asp375Gly,0.826893756225609,0.16603174097408,0.660862015251529,0.992925497199689
p.Thr506Cys,1.08612506519604,0.096744506150853,1.18286957134689,0.989380559045184
p.Val12Cys,0.86799410308253,0.0305883105792149,0.837405792503315,0.898582413661745
p.Glu368Cys,0.830965960816231,0.068200929894153,0.899166890710384,0.762765030922078
p.Met404Ala,0.978815877458968,0.266932301798812,1.24574817925778,0.711883575660156
p.Ala90His,0.899371579509123,0.0414497695140284,0.940821349023151,0.857921809995094
p.Ile154Glu,0.0676289438718681,0.0147874382861896,0.0824163821580577,0.0528415055856785
p.Gly38Ser,0.504701713313597,0.046847221326896,0.551548934640493,0.457854491986701
p.Val391Trp,0.687389892313627,0.032239467417495,0.719629359731122,0.655150424896132
p.Val298Asn,0.604068344232308,0.132059128772701,0.736127473005009,0.472009215459608
p.Ile48Pro,0.0941411276272977,0.0277412691159061,0.121882396743204,0.0663998585113918
p.Ala141Trp,0.0395024521611326,0.0712877281834623,-0.0317852760223296,0.110790180344595
p.Arg330Gly,1.02312822991193,0.01156762654052,1.01156060337141,1.03469585645245
p.Gly310Ile,0.21399744442917,0.151307138349191,0.365304582778361,0.062690306079979
p.Gln266Pro,1.07996432987235,0.021879842086225,1.05808448778612,1.10184417195857
p.Leu235Ter,0.113861344510565,0.108201163415202,0.222062507925767,0.0056601810953632
p.Met450Gly,0.973695625188392,0.0364507401998194,1.01014636538821,0.937244884988571
p.Tyr484=,0.902246202286748,0.0771318073454565,0.979378009632204,0.825114394941291
p.Phe66His,0.960187844600149,0.0602025667186425,0.899985277881505,1.02039041131879
p.Tyr202Leu,1.15088033122354,0.0592177740206,1.21009810524414,1.09166255720294
p.Leu55Ter,-0.0028464525112322,0.0437042175400829,-0.0465506700513153,0.0408577650288507
p.Arg17Ter,-0.004133473122921,0.0616192601866201,-0.0657527333095412,0.0574857870636991
p.Leu7=,0.946388416509688,0.142049948475443,0.804338468034243,1.08843836498513
p.Gly41=,1.11252514444324,0.0856075151886549,1.19813265963189,1.02691762925458
p.Leu235Ala,1.05319866805075,0.0874773616180545,1.14067602966881,0.965721306432701
p.Glu287Ser,1.1239474470926,0.17993231373671,1.30387976082931,0.94401513335589
p.Asp258Ter,0.208928768299218,0.0982310890008199,0.307159857300038,0.110697679298398
p.Gly41Ala,0.987439591491132,0.0314870549521599,1.01892664644329,0.95595253653897
p.Cys269Asn,0.665643166729894,0.0386161403376004,0.704259307067495,0.627027026392294
p.Met404Val,1.07717940490943,0.0391142807222449,1.11629368563167,1.03806512418718
p.Ile15Lys,0.813958184123986,0.03053302689793,0.783425157226056,0.844491211021916
p.Phe21Asp,0.897457878716256,0.0234007471329305,0.920858625849186,0.874057131583325
p.Glu18Asp,1.14007067759963,0.0272115702921349,1.16728224789176,1.11285910730749
p.Thr243Arg,0.944797414049741,0.161988783929421,1.10678619797916,0.782808630120318
p.Cys385Thr,0.830620952010796,0.140320767667201,0.690300184343595,0.970941719677997
p.Leu203Ile,1.19695868028864,0.031442871110375,1.22840155139902,1.16551580917827
p.Gly500Glu,1.17688473242554,0.0858853883702349,1.26277012079578,1.09099934405531
p.Lys97Val,0.721465196716189,0.122558890316617,0.598906306399572,0.844024087032806
p.Met212Thr,0.585985860984078,0.145826513495261,0.731812374479339,0.440159347488817
p.Pro512Ter,1.24046956368487,0.0941361339936349,1.3346056976785,1.14633342969123
p.Pro479Cys,0.824203794237282,0.0911556556679055,0.733048138569377,0.915359449905188
p.Met405Trp,1.03497681494676,0.153540242039738,1.1885170569865,0.881436572907023
p.Pro172Ala,0.972121490275723,0.199202894886478,1.1713243851622,0.772918595389244
p.Pro86Trp,0.735831191351428,0.0025560489008804,0.738387240252308,0.733275142450547
p.Pro353Leu,0.210354915996164,0.0752139168469889,0.285568832843153,0.135140999149175
p.Leu323Val,0.929357877328849,0.0863514929507315,0.843006384378117,1.01570937027958
p.Met405Tyr,1.30277739513045,0.0776914986846949,1.38046889381514,1.22508589644575
p.Thr51Asn,0.802685145903315,0.160150059734496,0.642535086168819,0.962835205637811
p.Leu469Ala,0.874368803545143,0.114444072131517,0.98881287567666,0.759924731413625
p.Lys360Ser,0.763907727452701,0.0334839648874275,0.730423762565274,0.797391692340129
p.Leu468Phe,0.947808273811127,0.0308294479643184,0.978637721775445,0.916978825846808
p.Ile483Phe,1.09290074727565,0.0939459512506905,1.18684669852634,0.998954796024959
p.Leu121Ile,0.7953393730767,0.302642128865791,1.09798150194249,0.492697244210908
p.Leu371Arg,0.295901548275468,0.0920997316063869,0.388001279881855,0.203801816669081
p.Tyr49Met,0.699269759852876,0.076943256154117,0.776213016006993,0.622326503698759
p.Pro415Glu,0.723614547793524,0.076219439962226,0.79983398775575,0.647395107831298
p.Asn302Ser,1.07381111983253,0.108266752632966,1.18207787246549,0.965544367199557
p.Ser455Cys,0.680447707759023,0.0824209066480465,0.598026801110976,0.762868614407069
p.Gln449Thr,0.790091357242234,0.175582721910096,0.614508635332138,0.96567407915233
p.Asp421Trp,0.711704160643593,0.218342439160214,0.493361721483378,0.930046599803807
p.Val391Thr,1.10649681859299,0.08474205563837,1.19123887423136,1.02175476295462
p.Ser40Arg,0.537333528158171,0.039105331599512,0.498228196558659,0.576438859757683
p.Ser278Lys,0.822094832113395,0.0178245915722179,0.804270240541177,0.839919423685613
p.Tyr482Val,0.199381476542798,0.0688988836058979,0.1304825929369,0.268280360148696
p.Ser179Arg,0.814919513995489,0.128454781119956,0.943374295115445,0.686464732875533
p.Val510Ter,1.23190835677006,0.1264506924433,1.35835904921336,1.10545766432676
p.Leu495Asn,0.494816651260137,0.0183817528430349,0.513198404103172,0.476434898417102
p.Ser189Tyr,0.767526032765415,0.157253454032141,0.610272578733274,0.924779486797557
p.Thr490Tyr,0.999156663214592,0.134865200442016,1.13402186365661,0.864291462772578
p.Asp24His,0.963131214588932,0.0433103761995964,0.919820838389337,1.00644159078853
p.Gly378Ile,0.872061368464019,0.086280834800946,0.958342203264965,0.785780533663073
p.Phe501Ter,1.61787835589133,0.18530715640403,1.80318551229536,1.4325711994873
p.Glu85Ser,0.814680376043441,0.0246438279003715,0.839324203943812,0.790036548143069
p.Gln22Thr,0.920872787385904,0.161020792311597,0.759851995074307,1.0818935796975
p.Asn210Ala,0.604113490179726,0.043139790438701,0.647253280618427,0.560973699741025
p.Tyr118Asp,0.0695056693695867,0.0413053756159554,0.0282002937536312,0.110811044985542
p.Gly248Tyr,1.10372448669793,0.121617460919454,1.22534194761738,0.982107025778472
p.Gly351Glu,0.46936272690065,0.183402023164111,0.285960703736539,0.652764750064761
p.Arg74Cys,1.01393122151388,0.0989762642660804,1.11290748577996,0.914954957247799
p.Thr506Ser,1.14604120802724,0.218161380233468,1.36420258826071,0.927879827793774
p.Val150Ile,1.0211711344235,0.0686083159395979,1.0897794503631,0.952562818483904
p.Thr51His,1.18000717063059,0.085398700711945,1.26540587134254,1.09460846991865
p.Pro86Ile,0.981675852232968,0.0989129414451619,1.08058879367813,0.882762910787806
p.Gly23Asp,1.30829807038483,0.10500986485834,1.41330793524317,1.20328820552649
p.Ser278Gln,0.785967519826659,0.018809280474879,0.804776800301538,0.76715823935178
p.Glu287=,0.906521532935005,0.012095478012406,0.918617010947411,0.894426054922599
p.Leu474Trp,0.875574544046317,0.0390681039288199,0.836506440117497,0.914642647975137
p.Ser418Pro,0.801345791329871,0.113161804523012,0.914507595852884,0.688183986806859
p.Tyr249Ala,1.16386766556473,0.013110878463325,1.17697854402806,1.15075678710141
p.Glu364Gly,1.29738096759472,0.0281357874273649,1.32551675502209,1.26924518016736
p.Leu128Tyr,0.915481991978349,0.0260399476608975,0.941521939639246,0.889442044317451
p.Val400Cys,1.25778788782763,0.0693673688353949,1.32715525666303,1.18842051899224
p.His451Lys,0.877450729352975,0.0325832100768654,0.91003393942984,0.844867519276109
p.Ile196Phe,0.143638935009784,0.0663763057060849,0.0772626293036991,0.210015240715869
p.Ile33Asp,0.487074479635254,0.001625962357476,0.48870044199273,0.485448517277778
p.Tyr112Phe,0.687387020737357,0.0098511094140679,0.677535911323289,0.697238130151425
p.Pro353=,1.00317949864128,0.0759388272360385,1.07911832587732,0.927240671405243
p.Ile480Ala,1.20163487226899,0.14854974538148,1.35018461765047,1.05308512688751
p.Tyr424Ser,1.14773290333492,0.0397870085553799,1.1875199118903,1.10794589477954
p.Val304Thr,0.725479480392352,0.100434996979134,0.625044483413218,0.825914477371486
p.Tyr484Ile,0.982837979365569,0.061594147905329,1.0444321272709,0.921243831460242
p.Val400Ser,1.03697359040756,0.140104363474889,1.17707795388245,0.896869226932672
p.Ser448Arg,0.947828004805338,0.0604109231787929,1.00823892798413,0.887417081626544
p.Val77Met,0.826654382976086,0.145381985299469,0.681272397676617,0.972036368275554
p.Ala90Asp,0.311551772227757,0.355815886526355,-0.0442641142985983,0.667367658754112
p.Pro223Ile,0.0453551853081514,0.0708641857751607,-0.0255090004670096,0.116219371083312
p.Gln28Tyr,0.987546177016171,0.0264246488914314,0.961121528124737,1.0139708259076
p.Arg348=,1.04791752745031,0.126381958942028,1.17429948639234,0.921535568508283
p.Thr145Tyr,0.935016319978048,0.0962725611110695,1.03128888108912,0.838743758866981
p.Ala134Val,0.732193104561795,0.325098144618065,0.407094959943731,1.05729124917986
p.Pro240Lys,1.07890529983131,0.132185746052665,1.21109104588398,0.946719553778649
p.Asn185Gly,0.926767456653808,0.180980166614322,1.10774762326813,0.745787290039487
p.Leu292Gly,0.0364586479573528,0.0126114981659317,0.0490701461232845,0.0238471497914211
p.Asp113Val,0.615089687930047,0.0763318476945075,0.53875784023554,0.691421535624555
p.Glu99Gln,1.03117324182165,0.065489038480703,1.09666228030235,0.965684203340944
p.Val146Asp,1.12623110134875,0.0605492928947949,1.18678039424355,1.06568180845396
p.Phe354Ser,0.0240304791742902,0.112919050874624,-0.0888885717003334,0.136949530048914
p.Ile36Ter,-0.0277195800600956,0.0282619641436148,-0.0559815442037105,0.0005423840835193
p.Cys385Leu,1.12320140816668,0.105600964366595,1.22880237253328,1.01760044380009
p.Phe66Ser,0.799269682396293,0.0199155374126195,0.779354144983673,0.819185219808912
p.Glu148Val,1.03561805501047,0.018244747383125,1.05386280239359,1.01737330762734
p.Thr466His,1.09153228989671,0.168409668705526,1.25994195860224,0.923122621191187
p.Met496Leu,1.10346092770851,0.161759230821923,1.26522015853043,0.941701696886584
p.Gly410Cys,1.16615003044937,0.07102906744792,1.23717909789729,1.09512096300145
p.Glu18Phe,0.725102857071651,0.08729259385049,0.812395450922141,0.637810263221161
p.Arg192Gln,0.788551925538682,0.105169537009313,0.683382388529369,0.893721462547995
p.Val453Gly,0.917283846089313,0.124824276233085,1.0421081223224,0.792459569856231
p.Ser8Val,0.836361610702832,0.0445107492887439,0.880872359991576,0.791850861414088
p.Thr51Gln,0.840314530556833,0.0612327548807834,0.779081775676049,0.901547285437616
p.Arg246Leu,1.09252556460776,0.112265189426702,1.20479075403446,0.980260375181056
p.Pro409Ala,1.14194785004379,0.05371972880976,1.19566757885355,1.08822812123403
p.Ile36=,0.946517531321051,0.142378780525507,0.804138750795546,1.08889631184656
p.Asp435Pro,1.1726319386989,0.02245755077693,1.19508948947583,1.15017438792197
p.Asp282Ile,1.01849033863548,0.098103362179391,1.11659370081487,0.920386976456088
p.Arg498Asp,1.00309155656994,0.106347781139629,1.10943933770957,0.896743775430311
p.Gln395Thr,0.75963099583691,0.0965083983432964,0.663122597493613,0.856139394180206
p.Lys514Leu,1.16113525455927,0.075475610632695,1.23661086519196,1.08565964392657
p.Thr151Arg,0.0513870198484353,0.0356964352274934,0.0156905846209418,0.0870834550759287
p.Lys275Arg,0.996120103962435,0.051462735295005,1.04758283925744,0.94465736866743
p.Ile162Gly,0.963372472563515,0.074520570844714,0.888851901718802,1.03789304340823
p.Arg17Asn,0.978176781871813,0.0300818935876669,1.00825867545948,0.948094888284146
p.Leu495Asp,-0.0086470662887429,0.0052810952360365,-0.0033659710527064,-0.0139281615247794
p.Ile154Val,1.121592888813,0.0822350642959199,1.20382795310892,1.03935782451708
p.Ser73Lys,0.803482994349096,0.145417596447546,0.948900590796642,0.658065397901549
p.Arg246His,1.09358080318218,0.0367397832666449,1.13032058644882,1.05684101991553
p.Val5Tyr,0.888059804235887,0.092618220093349,0.795441584142538,0.980678024329236
p.Ser418Ala,0.863184188731102,0.160342862546087,0.702841326185016,1.02352705127719
p.His513Gln,1.13179518937664,0.108721334063545,1.24051652344019,1.0230738553131
p.Glu416Arg,1.12610703313252,0.0256812197649,1.15178825289742,1.10042581336762
p.Lys290Ile,0.673209996694339,0.0490854321568084,0.722295428851147,0.62412456453753
p.Gly331Gln,1.05781041102711,0.003965900096715,1.06177631112382,1.05384451093039
p.Ser455Val,1.05753059277033,0.106391298852643,1.16392189162297,0.951139293917684
p.Glu239Leu,0.960450703827098,0.0534833747285239,1.01393407855562,0.906967329098572
p.Thr243Leu,1.11105013049157,0.103165534367455,1.21421566485903,1.00788459612412
p.Arg74Asp,0.992842784156731,0.0414376826951569,0.951405101461576,1.03428046685189
p.Glu252Trp,0.985778338168165,0.119956269796337,1.1057346079645,0.865822068371825
p.Ala78Glu,1.03581177724674,0.142242546251524,1.17805432349826,0.893569230995212
p.Asn218Ter,-0.0717166796360823,0.0038073087387368,-0.0755239883748192,-0.0679093708973455
p.Ser106Trp,0.727059245664601,0.0249938392793489,0.702065406385252,0.75205308494395
p.Gln449Asn,0.553246112811732,0.363178866426748,0.190067246384984,0.91642497923848
p.Gly331Phe,0.950611108291242,0.087248390317098,1.03785949860834,0.863362717974144
p.Gln384Cys,1.09767190252435,0.05931370065324,1.15698560317759,1.03835820187111
p.Ile483Gly,0.96367826516713,0.0355292442228095,0.92814902094432,0.999207509389939
p.Asp114Cys,1.0114025098839,0.192972913321426,1.20437542320533,0.818429596562477
p.His470Glu,0.953723467748198,0.123331657181912,0.830391810566286,1.07705512493011
p.Glu252Met,0.970636178962471,0.0301613392899175,1.00079751825239,0.940474839672555
p.Ala39His,-0.0071411189619364,0.0081103976560675,-0.015251516618004,0.000969278694131
p.Ala134Asn,1.05117615242505,0.134682090993492,1.18585824341854,0.916494061431555
p.Val394His,1.268810434118,0.10290472516719,1.37171515928519,1.16590570895081
p.Arg330Cys,1.03735501038778,0.0459070952336699,1.08326210562145,0.99144791515411
p.Lys497Gly,0.929289657059826,0.0706946776736119,0.858594979386214,0.999984334733438
p.Asn430Met,1.28157862317067,0.08943246970088,1.37101109287155,1.19214615346979
p.Arg74His,0.811293546731003,0.193223683639897,0.618069863091106,1.0045172303709
p.Glu417His,1.15440570778974,0.09954847312934,1.25395418091908,1.0548572346604
p.Asp181Asn,0.919703476720884,0.018274718111594,0.90142875860929,0.937978194832478
p.Glu417Met,1.15667009156589,0.0831841267047149,1.2398542182706,1.07348596486117
p.Val12Ile,0.968591709500228,0.0186423940239569,0.949949315476271,0.987234103524185
p.Glu317Arg,0.908766300722253,0.0802324334350959,0.828533867287157,0.988998734157349
p.Val499Leu,1.10855593577804,0.154873578182678,1.26342951396072,0.953682357595364
p.Lys97Thr,0.891064405074044,0.0062192454064179,0.884845159667626,0.897283650480462
p.Ala318Tyr,1.01021005921462,0.0251121039272875,1.03532216314191,0.985097955287335
p.His186Asp,0.581296614605107,0.0972524708572605,0.484044143747847,0.678549085462368
p.Val68Ile,1.0574258371671,0.083703289379917,1.14112912654702,0.973722547787186
p.Arg72Phe,0.678580648313709,0.0344604167269549,0.713041065040664,0.644120231586754
p.Thr319Val,0.782586207180012,0.131960348494999,0.650625858685013,0.914546555675012
p.Ala361Ter,-0.0071613376817823,0.0152901047738185,0.0081287670920361,-0.0224514424556009
p.Arg74Ile,1.03471955376459,0.0037891669903449,1.03093038677425,1.03850872075494
p.His129Glu,1.09564114242344,0.246885419316052,1.34252656173949,0.848755723107385
p.Gly488Val,0.0534134708675637,0.0342169358738295,0.0876304067413932,0.0191965349937341
p.Gln372Gly,0.387375830309123,0.0446341433782855,0.432009973687408,0.342741686930837
p.Leu142Gly,1.1046038935558,0.114611472114143,1.21921536566994,0.989992421441655
p.Tyr482Arg,0.422286519871233,0.2439421579245,0.666228677795734,0.178344361946733
p.Leu75Met,0.812385143528603,0.161670424731782,0.650714718796821,0.974055568260384
p.Val340Thr,1.08715610393784,0.068499753408725,1.15565585734656,1.01865635052911
p.Leu137Ile,0.936589467036339,0.0941044558115509,0.842485011224788,1.03069392284789
p.Thr402Met,1.01566552200781,0.111345951981492,0.904319570026315,1.1270114739893
p.Lys514Glu,1.02205755181052,0.0527115160846,1.07476906789512,0.96934603572592
p.Glu419Asp,1.2667443283598,0.0736739632803849,1.34041829164018,1.19307036507941
p.Met496His,0.903121705937219,0.061311047569297,0.964432753506516,0.841810658367922
p.Asp113Glu,0.943736401936664,0.0864861978614155,1.03022259979808,0.857250204075249
p.Phe413Gln,0.709888431106554,0.06108092642265,0.648807504683904,0.770969357529204
p.Phe381Ile,0.407592536776761,0.089344828573707,0.496937365350468,0.318247708203054
p.Val400Arg,0.527854412740819,0.207566549648385,0.735420962389204,0.320287863092433
p.Gln471His,0.907953790508031,0.0475001857943299,0.860453604713701,0.955453976302361
p.Val12Met,0.998245246091257,0.016676443058112,0.981568803033146,1.01492168914937
p.Gln195Leu,0.459321839022716,0.169237201095323,0.628559040118039,0.290084637927392
p.Glu63Leu,0.946380018823386,0.069941854557225,1.01632187338061,0.87643816426616
p.Leu128Asn,0.561399715899828,0.0289849946114655,0.532414721288363,0.590384710511294
p.Gly306Val,0.299513701166449,0.058466500677613,0.241047200488836,0.357980201844062
p.Asp113Asn,0.688149320110313,0.28345776575999,0.404691554350322,0.971607085870303
p.Asp58Ser,0.556496450585993,0.295917620443961,0.260578830142032,0.852414071029955
p.Asp114His,1.09332195795116,0.150791812540313,1.24411377049147,0.942530145410843
p.Trp164Pro,0.61013576461602,0.42777783148843,1.03791359610445,0.182357933127591
p.Ser455Asp,0.936282079046172,0.026512084688018,0.909769994358154,0.96279416373419
p.Tyr112Asp,0.749829568031791,0.117634310036699,0.86746387806849,0.632195257995092
p.Phe413Leu,1.03298715770108,0.0431309909807765,1.07611814868186,0.989856166720307
p.Glu504Asp,0.988478263219593,0.0975692743481875,1.08604753756778,0.890908988871405
p.Glu398Ser,1.14570801693042,0.0054775568959249,1.14023046003449,1.15118557382634
p.Arg219Trp,1.00411713966321,0.114044724668349,1.11816186433156,0.890072414994862
p.Ser123Asp,1.1008796565448,0.041454019463505,1.1423336760083,1.05942563708129
p.Lys429Phe,1.24129019426633,0.0977112660699,1.33900146033623,1.14357892819643
p.Ser84Ile,1.09569632645069,0.21668969098505,1.31238601743574,0.879006635465639
p.Asn105Gln,0.873133735137488,0.060454087931913,0.812679647205575,0.933587823069401
p.Asn280Ala,1.09257714001192,0.140074948370702,1.23265208838262,0.952502191641216
p.Thr145Pro,0.979950069313479,0.126701955079564,1.10665202439304,0.853248114233912
p.Val510Glu,1.16929256334951,0.19833545128688,1.36762801463639,0.97095711206263
p.Ser8Leu,1.00685104562401,0.113383665537573,1.12023471116158,0.893467380086434
p.Lys97Pro,0.718608748656502,0.120698310583855,0.839307059240357,0.597910438072647
p.Asp456Trp,0.127243882001142,0.0880933750537439,0.215337257054886,0.0391505069473981
p.Trp164Ser,0.845165999756011,0.077689733380494,0.767476266375517,0.922855733136505
p.Lys429Gln,1.19212931678634,0.18904955373039,1.38117887051673,1.00307976305595
p.Glu19Gly,0.909769063518641,0.142014388223517,1.05178345174216,0.767754675295125
p.Tyr70Phe,1.14254305529813,0.154226322714257,1.29676937801239,0.988316732583876
p.Gln4Trp,1.00267883296208,0.254257391949409,1.25693622491149,0.748421441012671
p.Glu315Ile,0.787093884364829,0.16847783516866,0.618616049196169,0.955571719533489
p.Asn311Ser,0.991234527166598,0.032260282180014,1.02349480934661,0.958974244986582
p.Gly247Tyr,1.15557665797674,0.212313613626154,1.3678902716029,0.943263044350591
p.Asn414Arg,1.07104903291333,0.00035549573074,1.07069353718259,1.07140452864407
p.Met496Cys,1.11306783967879,0.0539588637815199,1.16702670346031,1.05910897589727
p.His155Val,0.75143997946432,0.0482008227529179,0.799640802217238,0.703239156711402
p.Ser281Ala,0.773869396454434,0.011735689351068,0.762133707103366,0.785605085805502
p.Tyr308Phe,1.06915133710779,0.01342884540625,1.05572249170154,1.08258018251404
p.Val309Met,1.08724558196437,0.0877996356954885,1.17504521765986,0.999445946268883
p.Phe445Thr,0.910680275620955,0.0116024788021295,0.899077796818826,0.922282754423085
p.Met260Leu,0.941399982891421,0.196895584479941,0.744504398411477,1.13829556737136
p.Leu420Pro,0.737054706013167,0.082585793959402,0.654468912053765,0.819640499972569
p.Glu3Ala,0.547085369151128,0.227531994755281,0.319553374395847,0.774617363906409
p.Glu252Gly,1.04098584422755,0.097230353294024,1.13821619752157,0.943755490933522
p.Leu214Phe,0.761938057273661,0.2916417250895,0.470296332184159,1.05357978236316
p.Leu16Pro,0.538444826968187,0.25374959986349,0.284695227104697,0.792194426831677
p.Pro144Ser,1.0903268718283,0.144332630241561,1.23465950206986,0.945994241586738
p.Thr506Ala,1.11160281212868,0.01029912657173,1.10130368555695,1.12190193870041
p.Arg246Thr,1.24686096411352,0.144122904165525,1.39098386827904,1.10273805994799
p.Asp24Tyr,1.214625454605,0.03029318336608,1.24491863797108,1.18433227123892
p.Val5Asp,1.1040984554561,0.111456326089221,1.21555478154532,0.992642129366879
p.Arg365Ile,1.05587161752638,0.15235521173583,1.20822682926221,0.90351640579055
p.His263Pro,1.18221539384475,0.01611531741282,1.19833071125757,1.16610007643193
p.Val271Pro,0.19317003778397,0.0462671225754494,0.146902915208521,0.23943716035942
p.Glu244Phe,0.684162028221128,0.310940313363708,0.37322171485742,0.995102341584837
p.Phe173Cys,0.387605777840665,0.29851399205789,0.0890917857827744,0.686119769898555
p.Gln4Pro,1.03255275374002,0.0435660712483839,1.0761188249884,0.988986682491632
p.Ala109Met,1.07594267302544,0.097001116132957,1.17294378915839,0.978941556892476
p.Ala141Leu,0.697801917406626,0.0600100887894004,0.757812006196027,0.637791828617226
p.Asn301Ile,0.940292181260564,0.105781558167738,1.0460737394283,0.834510623092824
p.Asp456His,0.546931715083087,0.0294496602057385,0.517482054877348,0.576381375288825
p.Ala367Phe,0.810040742267721,0.271440353948937,0.538600388318786,1.08148109621666
p.Pro512Tyr,1.0680152863331,0.0003084976259349,1.06832378395904,1.06770678870717
p.His27Cys,1.07185183644657,0.052616516960515,1.12446835340708,1.01923531948605
p.Thr333Ser,1.0258446120614,0.05812169452657,1.08396630658797,0.96772291753483
p.Glu347Asn,1.0414708942175,0.020812574254605,1.0206583199629,1.06228346847211
p.Val369Glu,0.62924895025667,0.391163266130408,1.02041221638708,0.238085684126263
p.Ala6Lys,0.914462692691507,0.0015599585520454,0.916022651243553,0.912902734139462
p.Glu315Ala,0.95165300176872,0.120959897493202,0.830693104275516,1.07261289926192
p.Gly314Ala,0.913071854985678,0.111409219530162,0.801662635455515,1.02448107451584
p.Asp456Val,0.476998467980664,0.0149000473731764,0.49189851535384,0.462098420607487
p.Met450Phe,0.939135793590779,0.039597637801609,0.89953815578917,0.978733431392388
p.Arg387Lys,1.06381970389196,0.0001600866056,1.06365961728636,1.06397979049756
p.Gly378Arg,1.07490639366387,0.01763555470532,1.09254194836919,1.05727083895855
p.Met411Ala,1.14701813831391,0.047938523330595,1.19495666164451,1.09907961498332
p.Glu193Tyr,0.437262965239031,0.159327258584401,0.596590223823432,0.277935706654629
p.Asn426Trp,0.945713917822519,0.115689261641681,1.0614031794642,0.830024656180838
p.Asp456Phe,0.164299535182249,0.0838542121950905,0.24815374737734,0.0804453229871589
p.His186Thr,0.969524702834627,0.0980501623422434,1.06757486517687,0.871474540492383
p.Val289Leu,1.15927463785891,0.0520765730531049,1.21135121091201,1.1071980648058
p.Phe237Trp,1.09879273050828,0.198246693099739,1.29703942360802,0.900546037408542
p.Glu19Cys,1.09574405936141,0.368203804575235,1.46394786393665,0.72754025478618
p.Thr336Ser,0.874065525923081,0.0923555101419389,0.96642103606502,0.781710015781142
p.Gln111Ala,0.990356456301416,0.0123516178599219,1.00270807416134,0.978004838441496
p.Trp462Gly,1.16680603110215,0.125133894796405,1.29193992589856,1.04167213630575
p.Asn135Thr,0.545743933198597,0.062341715763113,0.483402217435484,0.60808564896171
p.Asn363Gln,0.698003945764698,NA,NA,0.698003945764698
p.Tyr424Gly,0.654067061181688,NA,NA,0.654067061181688
p.Asp456Gly,0.170071840225917,NA,NA,0.170071840225917
p.Asn226Pro,0.0670824357400804,0.0431463353808054,0.0239361003592751,0.110228771120886
p.Ile154Gln,-0.0417975180884075,0.122868997592013,-0.164666515680421,0.081071479503606
p.Ser8Tyr,0.639067249133184,0.0347616509985619,0.604305598134622,0.673828900131746
p.Thr236Leu,0.314394647600128,0.0425265783654864,0.271868069234642,0.356921225965615
p.Ile220Gly,0.396083470242046,0.254921307497311,0.651004777739357,0.141162162744735
p.Thr336His,0.203470789361869,0.088917213303296,0.292388002665165,0.114553576058573
p.Arg285Gly,0.513527730646141,0.367101562598177,0.146426168047963,0.880629293244318
p.Ala361Lys,0.0521778441491852,0.0303173638080328,0.0218604803411523,0.082495207957218
p.Val400Pro,0.886248741962938,0.114934962652364,1.0011837046153,0.771313779310573
p.Gly425Ile,0.847430772271135,0.155551296389384,0.691879475881752,1.00298206866052
p.Ile380Glu,0.6974819916766,0.186101254872594,0.883583246549194,0.511380736804006
p.Leu55Pro,0.157209409247772,0.0335730730530869,0.123636336194685,0.190782482300859
p.Ala399Asp,1.12294705307165,0.058383106388345,1.18133015946,1.06456394668331
p.Gly310Val,0.608709004555917,0.25134717833413,0.860056182890047,0.357361826221786
p.Lys152Phe,0.938559208700773,0.0424666969481404,0.896092511752633,0.981025905648914
p.Val233Pro,0.236608686326532,0.0038454521500209,0.232763234176511,0.240454138476553
p.Gly321Lys,0.648838837469101,0.114469990555002,0.763308828024103,0.534368846914099
p.Thr334Phe,0.0196831259926514,0.0352217675563206,-0.0155386415636692,0.054904893548972
p.Phe56Leu,0.478265682159108,0.0519578783789244,0.426307803780183,0.530223560538032
p.Glu416Gln,1.02916124768277,0.020234842651735,1.0493960903345,1.00892640503103
p.Ser188Asn,0.835825000516759,0.040462567042782,0.795362433473977,0.876287567559541
p.Asn262Phe,1.21371037766593,0.081270951529035,1.29498132919497,1.1324394261369
p.Arg370Ter,0.0424787321386712,0.0499872801026063,0.0924660122412775,-0.0075085479639351
p.Arg17Leu,0.867038683993554,0.040885440844941,0.907924124838495,0.826153243148613
p.Ala399Tyr,1.12772766164192,0.0009412195835749,1.12866888122549,1.12678644205834
p.Arg57Cys,0.484113041806205,0.0105836486847455,0.494696690490951,0.47352939312146
p.Leu362Arg,0.0834634733619761,0.0888205580672847,-0.0053570847053084,0.172284031429261
p.Phe354Ter,0.157331543111326,0.174733408844236,0.332064951955561,-0.0174018657329102
p.Lys514Ile,1.10600836478661,0.14305568355513,1.24906404834174,0.962952681231479
p.Arg487Glu,1.15469320177626,0.121730388884445,1.2764235906607,1.03296281289181
p.Asn363Phe,0.259833501540875,0.0867961371310534,0.346629638671928,0.173037364409821
p.Val77His,0.692428348185443,0.151547492541359,0.540880855644084,0.843975840726802
p.Pro329Arg,0.968953686466203,0.0085059988574485,0.977459685323652,0.960447687608755
p.Phe173Pro,0.625745234106018,0.200476708808019,0.826221942914037,0.425268525297998
p.Ser184Lys,0.607719309473822,0.0159465473546074,0.591772762119215,0.62366585682843
p.Pro489His,0.139589522668658,0.0756880801216162,0.0639014425470415,0.215277602790274
p.Tyr112His,0.681995682860237,0.0041447275050925,0.68614041036533,0.677850955355145
p.Gln111Phe,0.85550666735635,0.0506194796893059,0.804887187667044,0.906126147045656
p.Tyr197His,0.194813286561742,0.0451237855559749,0.239937072117717,0.149689501005767
p.Leu390Ser,-0.0077456343314908,0.108019185056559,-0.115764819388049,0.100273550725068
p.Pro223Met,0.878623445359993,0.0803632357945375,0.95898668115453,0.798260209565455
p.Leu468Arg,0.475773906331245,0.114192906764062,0.589966813095307,0.361580999567183
p.Tyr401Leu,1.12720463203838,0.104044830540445,1.23124946257882,1.02315980149793
p.Pro353Val,0.0279637960424748,0.152284225538416,-0.124320429495941,0.180248021580891
p.Gly110Ile,0.0195582768167422,0.0681973173204657,-0.0486390405037235,0.0877555941372079
p.Leu235Gln,0.0677865917539186,0.0816590522122884,-0.01387246045837,0.149445643966207
p.Thr243His,1.10127783195397,0.084829808675005,1.18610764062898,1.01644802327897
p.Val68Lys,0.0071211589885067,0.0872719568708486,-0.0801507978823419,0.0943931158593554
p.Arg285Leu,0.799284129364317,0.0580045826950489,0.857288712059366,0.741279546669268
p.Ile167Ala,0.379865756323005,0.0951052941066329,0.474971050429638,0.284760462216372
p.Arg136Pro,0.141069503107294,0.0498189119449905,0.190888415052285,0.0912505911623038
p.Arg370His,0.91932828823505,0.0022538581819029,0.921582146416953,0.917074430053147
p.Ile234=,1.00089455845444,0.0082372005349179,0.992657357919524,1.00913175898936
p.Gly174Glu,0.916924215457742,0.059203974266864,0.976128189724606,0.857720241190878
p.Glu239Thr,1.02437024339009,0.023546654081805,1.00082358930828,1.04791689747189
p.Gln133Ala,0.945106637519062,0.0589196588505689,0.886186978668492,1.00402629636963
p.Asn122Gln,0.961539207467312,0.053270541104737,0.908268666362576,1.01480974857205
p.Ile220Gln,0.923640836268786,0.188114042610484,1.11175487887927,0.735526793658302
p.Leu264Cys,0.918170988973531,0.0500853910247209,0.968256379998252,0.86808559794881
p.Ser281Glu,0.767364342960627,0.126891518890665,0.640472824069962,0.894255861851293
p.Asn226=,0.996712896199036,0.0251154800948215,1.02182837629386,0.971597416104217
p.Ala109Pro,0.937611103661217,0.009326829540492,0.928284274120725,0.946937933201709
p.Ile480Ser,1.2168803655586,0.21222780520783,1.42910817076643,1.00465256035077
p.Ile472Leu,0.825742682650652,0.126003527327151,0.951746209977803,0.699739155323501
p.Gln4Ter,0.840508035925302,0.044652174648506,0.885160210573808,0.795855861276796
p.Lys89Arg,1.12785748819259,0.0915997410678599,1.21945722926045,1.03625774712473
p.Leu183Pro,0.602852091679805,0.160149253765033,0.763001345444838,0.442702837914772
p.Arg72Asp,1.04280554529276,0.0160065545787649,1.05881209987153,1.026798990714
p.Leu214Tyr,1.17592871422259,0.110502824359145,1.28643153858174,1.06542588986345
p.Ile35Met,0.642735889368634,0.025788218418438,0.616947670950196,0.668524107787072
p.Thr145Asp,1.08335719630538,0.116964592379018,1.2003217886844,0.966392603926364
p.Thr10Leu,0.889719740617711,0.0499240811443559,0.839795659473355,0.939643821762067
p.Asp286Val,0.997445270156332,0.132180296868705,1.12962556702504,0.865264973287629
p.Cys294Ser,0.998722252533451,0.08308980959899,1.08181206213244,0.91563244293446
p.Lys205Ter,0.151633746539793,0.15716376342375,0.308797509963543,-0.0055300168839569
p.Lys386Cys,1.18192497456295,0.10284269229101,1.28476766685396,1.07908228227194
p.His129Ile,0.999558218160798,0.0169651623007104,1.01652338046151,0.982593055860089
p.Val340Trp,0.608055367384989,0.205498966687067,0.813554334072057,0.402556400697922
p.Val510Asn,0.834898735341719,0.101249937573763,0.733648797767956,0.936148672915482
p.Ala71=,0.849279454406329,0.190477061095831,0.658802393310498,1.03975651550216
p.Leu323Ter,-0.106895643137867,0.062063065245816,-0.168958708383683,-0.0448325778920508
p.Val108Ter,-0.0801933729943189,0.0689188598943851,-0.149112232888704,-0.0112745130999337
p.Pro276Ala,0.665357524733506,0.142401163281057,0.807758688014562,0.522956361452449
p.Ser281Pro,0.985309683228038,0.0586000272288599,1.0439097104569,0.92670965599918
p.Glu475Asn,1.08236663999238,0.102766958242791,1.18513359823517,0.979599681749588
p.His382Phe,1.03225393223259,0.00882402333097,1.02342990890162,1.04107795556356
p.Thr51Met,1.12748006762958,0.0211645948204899,1.14864466245007,1.10631547280909
p.Trp54Gln,1.05953381611353,0.0952186426548884,1.15475245876842,0.964315173458643
p.Ala361Val,0.0143355566084374,0.0002420517560516,0.0140935048523857,0.014577608364489
p.Asn153Ile,0.636383435188389,0.0948713276555284,0.731254762843918,0.541512107532861
p.Arg219Met,1.11206812537735,0.09874427618447,1.21081240156182,1.01332384919288
p.Leu323Asn,0.628595697174067,0.0661108530146104,0.694706550188677,0.562484844159456
p.Arg285Thr,0.921389921186379,0.024833366080503,0.896556555105876,0.946223287266882
p.Tyr308Ile,0.135482343459517,0.0429914849068081,0.0924908585527087,0.178473828366325
p.Arg498His,0.977187955884395,0.0823764159304869,1.05956437181488,0.894811539953906
p.Asp194Met,0.59591434427607,0.0825866647891805,0.67850100906525,0.513327679486889
p.Ser188Val,1.06256423741251,0.05055546439496,1.11311970180747,1.01200877301755
p.Gly41Arg,1.03327794487812,0.099503189487955,1.13278113436607,0.93377475539016
p.Met159Thr,1.06118546233127,0.0442176776871049,1.10540314001838,1.01696778464417
p.Val304Glu,0.723699494925383,0.249844384405325,0.973543879330708,0.473855110520058
p.Ala44Trp,0.688885508559351,0.065462610183391,0.754348118742742,0.62342289837596
p.Glu252Asn,0.962796974885281,0.0205506645278594,0.983347639413141,0.942246310357422
p.Tyr249Met,1.07876575446197,0.0480537138848949,1.12681946834687,1.03071204057708
p.Lys386Pro,1.18876821588918,0.008806096243375,1.19757431213255,1.1799621196458
p.Lys238Met,1.2818561348056,0.00600485485252,1.27585127995308,1.28786098965812
p.Leu362Ile,0.784680126402152,0.0780476176042204,0.862727744006372,0.706632508797931
p.Lys478Arg,1.0591786188282,0.197211453529591,1.25639007235779,0.861967165298608
p.Glu438Ter,-0.056332951015581,0.0685624172096708,-0.124895368225252,0.0122294661940897
p.Pro467Ter,-0.080251520261594,0.0494938059318922,-0.129745326193486,-0.0307577143297015
p.Val328Pro,0.31828910588981,0.111648808196931,0.429937914086741,0.206640297692879
p.Leu177Met,1.08021342029361,0.0798997504067849,1.1601131707004,1.00031366988683
p.Gly254Thr,0.6312258809676,0.001276986753282,0.629948894214318,0.632502867720882
p.Gln307Ter,-0.0022521442065716,0.0245486304248316,-0.0268007746314033,0.02229648621826
p.Val233Ala,0.836462275769429,0.0214219544192919,0.857884230188721,0.815040321350137
p.Glu94Ser,0.687753464883984,0.047707009283739,0.735460474167723,0.640046455600245
p.Thr10Cys,0.91927335569838,0.111980393923572,1.03125374962195,0.807292961774806
p.Lys386Leu,0.918497481608535,0.173752314973964,0.744745166634571,1.0922497965825
p.Val208Gln,1.20466400806782,0.15417372914517,1.35883773721299,1.05049027892265
p.Arg393Ser,1.24737460733983,0.074296456145985,1.32167106348582,1.17307815119385
p.Gln383Glu,1.12390800350175,0.11200734261505,1.2359153461168,1.0119006608867
p.Met260Ser,0.79218499035496,0.0110760338230199,0.80326102417798,0.78110895653194
p.Lys386Trp,1.10615533445655,0.073465687855775,1.17962102231233,1.03268964660078
p.Asp176Cys,0.968641331685719,0.038639133436703,0.930002198249014,1.00728046512242
p.Glu457Val,0.863306636863589,0.0066656642000769,0.869972301063666,0.856640972663512
p.Leu140Thr,0.474168896860646,0.083751816103339,0.557920712963985,0.390417080757307
p.Lys171Thr,1.03115563939906,0.104327018914142,1.1354826583132,0.926828620484917
p.Leu142Lys,0.524702791247445,0.0292294878836834,0.553932279131128,0.495473303363761
p.Ile52Cys,0.848740689396685,0.0244218636407199,0.824318825755965,0.873162553037405
p.Gly316Asn,0.999641050235172,0.0233851796395794,0.976255870595591,1.02302622987475
p.Val340Ter,-0.0462503488689691,0.0158599277690955,-0.0621102766380646,-0.0303904210998736
p.Gly321Ter,-0.0985566665715476,0.0748224467611105,-0.173379113332658,-0.0237342198104369
p.Glu389Phe,0.109133846435689,0.0737988468749538,0.182932693310643,0.0353349995607352
p.Tyr118Ile,1.01126508166398,0.0662261920155104,1.07749127367949,0.945038889648469
p.Asp435Met,0.91642847653587,0.0952698530116704,1.01169832954754,0.821158623524199
p.Asn64Trp,0.61925754295413,0.0598906958616939,0.679148238815824,0.559366847092436
p.Ser184Val,1.13615757241362,0.0333212828675549,1.16947885528117,1.10283628954606
p.Pro481Ile,0.913097684405288,0.102785871993452,1.01588355639874,0.810311812411836
p.Tyr70Thr,0.764416402703871,0.0958216467737555,0.668594755930115,0.860238049477626
p.Phe413Trp,1.02579408184151,0.110418651328221,1.13621273316973,0.915375430513287
p.Gly310Leu,0.695862015039993,0.0257010090092874,0.670161006030705,0.72156302404928
p.Leu43Gly,0.632711649799073,0.027453797093651,0.605257852705422,0.660165446892724
p.Tyr507Ile,1.10557246731736,0.0804004966978549,1.18597296401521,1.0251719706195
p.Phe221Asn,0.895061723447733,0.191700975252496,1.08676269870023,0.703360748195238
p.Pro312Ala,0.995059950396112,0.043953725807517,1.03901367620363,0.951106224588596
p.Leu495Pro,0.0209425372938951,0.021907970836892,-0.0009654335429969,0.0428505081307872
p.Asn280Asp,1.11162795586583,0.017175252046115,1.12880320791195,1.09445270381972
p.His382Gly,1.07260922591116,0.03680472365004,1.1094139495612,1.03580450226112
p.Glu315Tyr,0.932214461037927,0.0406962902944795,0.891518170743447,0.972910751332406
p.Ala71Pro,0.054939379830753,0.069096674683215,-0.014157294852462,0.124036054513968
p.Pro223Val,0.260341532972975,0.0729209820222374,0.187420550950737,0.333262514995212
p.Lys320Glu,1.3082105019603,0.0833950716741099,1.39160557363441,1.22481543028619
p.Arg104Asp,0.136362090252816,0.0203299584412715,0.156692048694087,0.116032131811544
p.Leu440Cys,1.28284343381507,0.0677952021497449,1.35063863596482,1.21504823166533
p.Ser123Tyr,0.973377867094746,0.0815181317641129,1.05489599885886,0.891859735330634
p.Pro477Asp,1.15320962545437,0.12985778769829,1.28306741315266,1.02335183775608
p.Asp79Ter,-0.0824034206278833,0.110993141111196,-0.193396561739079,0.0285897204833121
p.Ala231Met,0.922641904395219,0.0816908724766429,1.00433277687186,0.840951031918574
p.His382Ter,-0.0884037583644153,0.0292260176023528,-0.117629775966768,-0.0591777407620624
p.Gln471Pro,0.686778363893649,0.182945597338852,0.869723961232501,0.503832766554797
p.Gly248Asp,1.15471745335172,0.167902513602828,1.32261996695455,0.986814939748894
p.Ala492Trp,0.796471809760236,0.127549339938477,0.924021149698713,0.668922469821759
p.Phe138Asp,0.165279973112285,0.120743875063996,0.286023848176281,0.0445360980482885
p.Asn511Phe,1.17465763126786,0.0243034942719899,1.19896112553985,1.15035413699587
p.Ala231Ile,0.499367054914911,0.0371804055816105,0.536547460496521,0.4621866493333
p.Gly59Thr,0.287485024180429,0.016360590605203,0.303845614785632,0.271124433575226
p.Gln299Tyr,0.73973474206738,0.064657649536076,0.675077092531304,0.804392391603456
p.Ser157Lys,0.898025291830636,0.0169027350975899,0.881122556733046,0.914928026928226
p.Ala300His,0.977787493631564,0.0386813610540179,0.939106132577544,1.01646885468558
p.Tyr424Ala,1.10163725292269,0.0548752763894549,1.15651252931215,1.04676197653324
p.Ser117Ala,1.03110342359649,0.02083960485404,1.01026381874245,1.05194302845053
p.Ile480Trp,1.05377633241319,0.0122620082077549,1.04151432420544,1.06603834062095
p.Lys97Ser,0.666551306349494,0.130041759224906,0.536509547124588,0.7965930655744
p.Leu458Trp,0.752850624654643,0.263097647572269,1.01594827222691,0.489752977082372
p.Val376Arg,0.397964296129782,0.22794595013483,0.625910246264613,0.170018345994952
p.Lys476Gly,0.807500311616415,0.0542180736399555,0.75328223797646,0.861718385256371
p.Gly314Ter,0.201557066169424,0.150775772317956,0.352332838487379,0.0507812938514678
p.Tyr484Asp,0.0265631010911967,0.001422387247647,0.0279854883388438,0.0251407138435496
p.Asn105Phe,0.951644276833436,0.0752949381663215,0.876349338667117,1.02693921499976
p.Gly222Thr,0.835179965587026,0.138153632676532,0.697026332910494,0.973333598263558
p.Ile256Arg,0.158773679128392,0.0090678626974724,0.167841541825865,0.14970581643092
p.Gln133Arg,1.00330227956862,0.0219041634200015,0.981398116148617,1.02520644298862
p.Val213Leu,0.765284434876326,0.239360414699723,0.525924020176604,1.00464484957605
p.His263Met,1.32584922433632,0.130088142927185,1.45593736726351,1.19576108140914
p.His124Met,0.843483273707908,0.042712849330433,0.800770424377475,0.886196123038341
p.Asp379Val,0.85141675890759,0.0729765555482515,0.778440203359339,0.924393314455842
p.Ser123Gln,1.00830918630998,0.00254621530132,1.00576297100866,1.0108554016113
p.Leu270Trp,1.2823063884714,0.176167265852265,1.45847365432366,1.10613912261913
p.Ile256Tyr,0.13567079351076,0.0654842318574785,0.0701865616532819,0.201155025368239
p.Phe501Cys,1.24675674039993,0.068960574315165,1.3157173147151,1.17779616608477
p.Arg393Phe,0.606945701714679,0.125988132808794,0.732933834523473,0.480957568905886
p.Asn302Trp,0.754806025856398,0.0062652307282999,0.748540795128098,0.761071256584698
p.Val77Trp,0.670287946641937,0.133393429088123,0.536894517553814,0.80368137573006
p.Asn105His,0.905739548930667,0.033606066766082,0.872133482164585,0.939345615696749
p.Ser123Thr,1.11768981520109,0.07628642020344,1.19397623540453,1.04140339499765
p.Val146Trp,1.00487104107718,0.0656772297187714,0.939193811358407,1.07054827079595
p.Val328Thr,0.997240220873136,0.052648083155635,1.04988830402877,0.9445921377175
p.Glu475Arg,1.07449252901204,0.022438017907285,1.09693054691933,1.05205451110476
p.Gly69Trp,0.708048356437201,0.139580058704399,0.8476284151416,0.568468297732802
p.Ser132Gln,1.06167262774273,0.0573111035260299,1.0043615242167,1.11898373126876
p.Lys476Ter,-0.0712285266990906,0.0987707015886123,-0.169999228287703,0.0275421748895217
p.Ile256Met,0.958370041168868,0.0037334653719335,0.962103506540802,0.954636575796935
p.Leu61Trp,0.604697552580993,0.0246568345573555,0.629354387138348,0.580040718023637
p.Glu504Ile,0.909108721102637,0.0119767785567874,0.921085499659424,0.897131942545849
p.Ile255Met,0.86870086829168,0.00294163156926,0.87164249986094,0.86575923672242
p.Asp100Thr,0.916033065124403,0.0261069877998745,0.889926077324529,0.942140052924278
p.Asn210Phe,0.163436445763002,0.131474255396666,0.294910701159668,0.0319621903663354
p.Glu287Trp,0.311352894811109,0.277280776357426,0.588633671168535,0.0340721184536827
p.Arg136Asn,0.716026533155889,0.0756141728987539,0.791640706054643,0.640412360257135
p.Cys13Glu,0.846445932180044,0.0493134030479335,0.797132529132111,0.895759335227978
p.Tyr249Ser,1.12963227487004,0.054984184564685,1.18461645943473,1.07464809030536
p.Gly314Asn,0.980420119955691,0.0251441443730279,0.955275975582664,1.00556426432872
p.Phe191Glu,-0.0379561652220246,0.0933175843893345,-0.131273749611359,0.0553614191673101
p.Gly410Val,0.990208489486819,0.142037057166802,1.13224554665362,0.848171432320016
p.Tyr308Glu,0.133596032571358,0.105091736675781,0.238687769247138,0.0285042958955769
p.Phe250Gln,0.681946042157135,0.0982964767274109,0.780242518884546,0.583649565429724
p.Phe88Gln,0.554431804778111,0.203160518277365,0.757592323055476,0.351271286500745
p.Ser281Ile,0.681651490578453,0.0565535066245659,0.738204997203019,0.625097983953887
p.Phe101Thr,-0.0062533412638222,0.0986769689212076,-0.10493031018503,0.0924236276573853
p.Gln383His,0.868422007247137,0.150862423029534,0.717559584217602,1.01928443027667
p.Glu438Lys,0.633456125169611,0.259650750120389,0.373805375049222,0.89310687529
p.Gly222Ala,1.0547873661863,0.021818820030905,1.0329685461554,1.07660618621721
p.Pro477=,0.95268054605314,0.0400562605971434,0.912624285455997,0.992736806650284
p.Gly485Leu,0.366789452001161,0.140827272964084,0.507616724965245,0.225962179037078
p.Tyr197Lys,0.0189187588005116,0.0636836435605377,-0.0447648847600261,0.0826024023610494
p.Pro353Lys,0.0656402291000751,0.0117779751759314,0.0538622539241436,0.0774182042760065
p.His129Val,1.07641120011384,0.109624818630462,1.1860360187443,0.966786381483375
p.Arg9Gln,1.03360052659569,0.0029794082949899,1.0306211183007,1.03657993489068
p.Leu235Ile,1.05770920503459,0.123782564115911,1.1814917691505,0.933926640918678
p.Val394Thr,1.12990319029615,0.0212321053108599,1.10867108498529,1.15113529560701
p.Gly38Ala,0.455023760600199,0.0245101507311394,0.479533911331338,0.430513609869059
p.Lys360Pro,0.265136283347356,0.070626754269484,0.33576303761684,0.194509529077872
p.Tyr147Ser,1.13143968208194,0.166243555319137,1.29768323740108,0.965196126762806
p.Glu419Ter,-0.079193627714963,0.0749096231050871,-0.15410325082005,-0.0042840046098757
p.Gln178Cys,0.994465515779278,0.0413943101221445,0.953071205657131,1.03585982590142
p.Leu264Tyr,0.436542114053895,0.20032875001,0.636870864063895,0.236213364043895
p.Ile162His,0.998922665202187,0.0554810298353719,0.943441635366816,1.05440369503756
p.Ser132Asp,0.880696528027964,0.011728182792653,0.868968345235311,0.892424710820617
p.Gln307Phe,0.137932801183625,0.0059001068929349,0.13203269429069,0.14383290807656
p.Ser486Ter,-0.106092171067337,0.0849781587839643,-0.191070329851301,-0.0211140122833723
p.Tyr49Asn,0.0036939588804839,0.0522109944550698,-0.0485170355745859,0.0559049533355539
p.Val340His,0.443379055300966,0.042585742450069,0.485964797751035,0.400793312850897
p.Leu55Glu,0.0199625124456939,0.0602239164435808,0.0801864288892748,-0.040261403997887
p.Leu190Cys,0.942813774634731,0.0586126483917984,0.884201126242933,1.00142642302653
p.Gln22Ala,1.11345641575559,0.0695042492626399,1.18296066501823,1.04395216649295
p.Val444Gly,0.65803155775933,0.0172369556639744,0.675268513423305,0.640794602095356
p.Ile168Cys,0.757937576308404,0.012292222478171,0.770229798786575,0.745645353830233
p.Val304Cys,0.951116363163785,0.0298528475655429,0.921263515598242,0.980969210729328
p.Val309Leu,0.93584451105785,0.0332449857738085,0.969089496831658,0.902599525284041
p.Ile441Pro,0.025216057375773,0.031945286628812,0.0571613440045851,-0.0067292292530391
p.Met405Ter,0.0374467993313337,0.0994624575132563,0.13690925684459,-0.0620156581819228
p.Leu390Gly,0.0475940254293458,0.0057805775210906,0.0533746029504365,0.0418134479082551
p.Ser180Ter,-0.0576702314759598,0.0482205833697232,-0.105890814845683,-0.0094496481062365
p.Leu130His,0.887388448833525,0.0702060356760915,0.817182413157433,0.957594484509616
p.Val289Cys,1.07960342903468,0.079169937853645,1.15877336688832,1.00043349118103
p.Leu7Trp,0.667316794684428,0.229843211165859,0.437473583518569,0.897160005850287
p.Lys46His,1.09446931904838,0.0565294282762049,1.15099874732459,1.03793989077218
p.Asn122Pro,-0.0013429255703022,0.152890670899454,-0.154233596469756,0.151547745329152
p.Phe102Ala,0.45027939109397,0.0167224452448984,0.467001836338869,0.433556945849072
p.Ile15Asn,0.759033069597581,0.141600386448675,0.617432683148906,0.900633456046255
p.Arg357Met,1.00604343788836,0.0482289300627099,1.05427236795107,0.95781450782565
p.Glu473Ter,-0.0794784017283411,0.0971879577366807,-0.176666359465022,0.0177095560083396
p.Glu94Trp,0.711309325392757,0.180798402445495,0.892107727838252,0.530510922947261
p.Phe452=,0.975034440456292,0.0559610600704365,1.03099550052673,0.919073380385857
p.Met404Arg,0.572937048454526,0.240551052323718,0.813488100778244,0.332385996130807
p.Lys275Gln,1.13110153659793,0.05920486098295,1.19030639758088,1.07189667561498
p.Tyr507Gln,1.20154997059362,0.107479535359565,1.30902950595319,1.09407043523406
p.Glu347Leu,0.945074361732418,0.0873930454201194,1.03246740715254,0.857681316312301
p.Arg136Thr,0.278623486287699,0.0297870279303659,0.248836458357333,0.308410514218065
p.Lys320Arg,1.02675095539608,0.0841863710065254,1.1109373264026,0.942564584389549
p.Lys432Asn,1.12702144502475,0.0359915771762749,1.16301302220102,1.09102986784847
p.Gly38Asn,1.04619621842708,0.0823087359004245,1.1285049543275,0.963887482526651
p.Val376Ile,1.07571843093844,0.03674327958909,1.11246171052753,1.03897515134935
p.Cys13Gln,0.943871576651146,0.0708745714471335,1.01474614809828,0.872997005204013
p.Val400Ala,1.11837216701756,0.05350288235967,1.17187504937723,1.06486928465789
p.Arg120Glu,0.792819642304418,0.145314591187925,0.647505051116493,0.938134233492343
p.Ile36His,0.0797688702830993,0.178852038825107,-0.0990831685420076,0.258620909108206
p.Pro409Asn,0.788858176968466,0.054614148436459,0.843472325404925,0.734244028532007
p.Phe138Val,0.356616308662182,0.157855708206625,0.514472016868807,0.198760600455557
p.Leu268Asp,0.151816416949654,0.0071905761441354,0.144625840805519,0.15900699309379
p.Leu265Lys,0.250343772903151,0.099501278182352,0.349845051085503,0.150842494720799
p.Glu244Gln,1.07247811737464,0.149338788839565,1.22181690621421,0.92313932853508
p.Phe221Met,1.12988330028379,0.10515463136622,1.23503793165001,1.02472866891757
p.Leu469Glu,0.845155092455171,0.123181803762993,0.968336896218165,0.721973288692178
p.Ile80Tyr,0.696624548319325,0.0324860172434045,0.729110565562729,0.66413853107592
p.Tyr70His,0.65602269935129,0.0207211995428764,0.676743898894166,0.635301499808413
p.Lys293Gly,0.797999437882522,0.243521870768266,0.554477567114258,1.04152130865079
p.Trp53Pro,-0.0192096984001837,0.137443016777017,-0.156652715177201,0.118233318376834
p.Lys89Val,0.89771150405112,0.0275633976153769,0.925274901666497,0.870148106435743
p.Tyr49His,0.151231474819591,0.141957571058236,0.293189045877827,0.0092739037613544
p.Gly222Cys,0.967895221829171,0.0235702222939029,0.944324999535268,0.991465444123074
p.Leu356Thr,0.0955828246658134,0.0796028558879505,0.0159799687778629,0.175185680553764
p.Phe337Leu,0.672901148578374,0.111804969727571,0.784706118305945,0.561096178850803
p.Phe56Asp,0.29916375748922,0.022257203246312,0.276906554242908,0.321420960735532
p.Gly485Glu,0.64497861087728,0.242910672739846,0.887889283617126,0.402067938137433
p.Ile187Pro,0.602296649094551,0.279761853546189,0.88205850264074,0.322534795548362
p.Thr490Ser,1.06475195705796,0.0240899663373649,1.0406619907206,1.08884192339533
p.Ala71Gln,0.317405483079343,0.161226401253575,0.156179081825768,0.478631884332918
p.Ile167Val,0.969476439517782,0.0321397821544774,0.937336657363305,1.00161622167226
p.Ile67Pro,-0.008007217964256,0.125041964661476,-0.133049182625733,0.11703474669722
p.His201Asn,1.17066203361771,0.123424180385335,1.29408621400304,1.04723785323237
p.Asn210Pro,0.30682322971474,0.157003230347715,0.463826460062456,0.149819999367025
p.Val394Gly,1.20362728159417,0.0265167838568149,1.23014406545098,1.17711049773735
p.Ile483Gln,1.04342952656835,0.01008307530587,1.05351260187422,1.03334645126248
p.Pro512Ala,1.07961762766217,0.0056171504290449,1.07400047723312,1.08523477809121
p.Glu85Phe,0.843228654051412,0.0318877382152195,0.875116392266631,0.811340915836192
p.Met267Phe,0.960213747202027,0.000681943001657,0.960895690203684,0.95953180420037
p.Met404Trp,1.18415231584062,0.073612508503905,1.25776482434453,1.11053980733672
p.Ile234Glu,1.25058488294095,0.0710563607712849,1.32164124371224,1.17952852216967
p.Pro62Tyr,0.444630741225545,0.147872718332417,0.296758022893128,0.592503459557962
p.Pro481Ala,0.863741550277268,0.041736961442727,0.822004588834541,0.905478511719995
p.Asn397Ile,0.927052398729639,0.0801217107106209,1.00717410944026,0.846930688019018
p.Asn185Ter,-0.0450423158346535,0.0097502407405129,-0.0547925565751665,-0.0352920750941405
p.Asp113Cys,0.916907141995138,0.120262528440561,1.0371696704357,0.796644613554579
p.Ala461Thr,1.18272575194244,0.0216345068898698,1.20436025883231,1.16109124505257
p.Asp194Lys,0.989365996479781,0.0991109662548395,1.08847696273462,0.890255030224941
p.Asp493Met,1.00120393041461,0.0399939153055725,1.04119784572018,0.961210015109035
p.Asp325Gln,0.872885255353728,0.204401425313662,0.668483830040065,1.07728668066739
p.Cys358Gly,1.03176172535016,0.217575101059599,1.24933682640976,0.814186624290562
p.Glu315Leu,0.987384431869485,0.0942772719224765,1.08166170379196,0.893107159947007
p.Ile441Ala,0.0939549767968785,0.0194767585716693,0.0744782182252094,0.113431735368548
p.Asn218Lys,-0.0863136424942021,0.0113994771639432,-0.0977131196581453,-0.0749141653302589
p.Asn301Glu,1.05010253385521,0.0112135997574699,1.03888893409774,1.06131613361268
p.Phe66Ter,0.271021866897353,0.225247400896566,0.496269267793919,0.0457744660007866
p.Val499Ala,1.01990880746805,0.0503654195020469,1.0702742269701,0.969543387966006
p.Ser455Arg,0.914021197352765,0.0135388577110919,0.900482339641673,0.927560055063857
p.Pro276Gly,0.0650054971250464,0.0489061420073858,0.113911639132432,0.0160993551176604
p.Lys514Arg,0.986266435146034,0.0383049993807644,0.947961435765271,1.0245714345268
p.Tyr139Asp,0.393407198885679,0.0833232428685909,0.47673044175427,0.310083956017088
p.Val146Asn,0.963396178656857,0.0274303504410485,0.990826529097906,0.935965828215809
p.Lys97Glu,0.719866794095452,0.0156924201832795,0.735559214278732,0.704174373912173
p.Gln4Met,0.738449137682118,0.165668206361371,0.572780931320747,0.904117344043489
p.Leu128Trp,0.932369948607212,0.181190161377088,1.1135601099843,0.751179787230124
p.Gln299Gly,0.974393371786969,0.0660050856048289,0.908388286182142,1.0403984573918
p.Ile234Val,0.957256845500121,0.0562195215700365,1.01347636707016,0.901037323930087
p.Leu305Ile,0.973682825849664,0.0531390223185565,1.02682184816822,0.920543803531107
p.Ser132=,0.980161017433784,0.0260570359141039,1.00621805334789,0.954103981519682
p.Ser8Ter,0.591680613964478,0.069012303491754,0.660692917456232,0.522668310472724
p.Leu458Phe,0.477734318061606,0.111925054033607,0.589659372095213,0.365809264027999
p.Met37Pro,0.0844876329273092,0.0313666769520775,0.115854309879387,0.0531209559752318
p.Val341Glu,1.00473925301693,0.0198417461612789,1.02458099917821,0.984897506855652
p.Glu438Asp,0.830004741089525,0.264875996222667,0.565128744866855,1.09488073731219
p.Gln11Thr,0.930849559656733,0.0237575338334495,0.954607093490183,0.907092025823284
p.Pro434Tyr,0.985884722398091,0.0687211535575605,1.05460587595565,0.917163568840529
p.Arg192Ser,0.897018580744475,0.0988889326197235,0.798129648124752,0.995907513364199
p.Asn397Leu,0.909000756675044,0.034544535764982,0.874456220910062,0.943545292440026
p.Ser188Tyr,0.810068363672718,0.104936662537861,0.915005026210579,0.705131701134857
p.Tyr70Asp,0.100724334981909,0.0283573090629082,0.129081644044817,0.0723670259190006
p.Lys89Pro,0.65922358417436,0.0660728677207429,0.725296451895103,0.593150716453617
p.Phe241=,1.02200017304606,0.029867930430498,1.05186810347656,0.992132242615564
p.Leu140His,0.307301532192452,0.162421786958267,0.469723319150719,0.144879745234186
p.Thr319Gln,1.13714770974165,0.089574594958495,1.22672230470014,1.04757311478315
p.Asn301Pro,0.958975079946712,0.106678125426337,1.06565320537305,0.852296954520377
p.Gly14Ser,1.16312478561325,0.0803727257719699,1.24349751138522,1.08275205984128
p.Thr10Arg,1.00999074645952,0.106890436029851,1.11688118248937,0.903100310429668
p.Thr333Ile,0.909795569785689,0.0775563971527464,0.832239172632942,0.987351966938435
p.Tyr147His,1.17900601198752,0.15681181587076,1.33581782785828,1.02219419611676
p.Thr76Pro,0.634809268378669,0.126282827292054,0.761092095670723,0.508526441086615
p.Gln22Cys,0.706663523416903,0.270853348517152,0.435810174899751,0.977516871934055
p.Ser40Met,0.889050365509408,0.115224722496045,1.00427508800545,0.773825643013361
p.Met405Gly,1.03651011286264,0.192293620508918,1.22880373337156,0.844216492353723
p.Val289Ile,0.999202121910373,0.136094267837226,0.863107854073147,1.1352963897476
p.Asn122Met,0.939446840672733,0.034628795577534,0.904818045095199,0.974075636250267
p.Gly41Phe,0.766729654894917,0.0233094542537959,0.790039109148713,0.743420200641121
p.Ser29Met,1.15221266704748,0.108465574866595,1.26067824191408,1.04374709218089
p.Leu75Ser,0.891329998017016,0.231419152275542,1.12274915029256,0.659910845741476
p.Ser106Lys,0.72641950363732,0.0075848997077744,0.734004403345094,0.718834603929545
p.Glu3Ile,0.234517532093343,0.1678068134139,0.0667107186794422,0.402324345507243
p.Ile480Asn,0.987707698333163,0.0126330113030564,0.975074687030107,1.00034070963622
p.Asp228Lys,1.08435814772889,0.0747683746369249,1.00958977309197,1.15912652236582
p.Ala335Gly,0.936795140639364,0.0727897923701975,1.00958493300956,0.864005348269165
p.Leu211Arg,0.0333305867050871,0.076043997562014,-0.0427134108569271,0.109374584267101
p.Ile234Leu,0.996445823240727,0.117510528761875,0.87893529447885,1.1139563520026
p.Val391Gln,0.897146793678894,0.100487777294168,0.997634570973062,0.796659016384725
p.Thr65Ala,0.931797153872759,0.0125127512827215,0.919284402590037,0.94430990515548
p.Ile480=,1.06808702558791,0.117540655704026,1.18562768129194,0.950546369883888
p.Trp462Arg,1.07010235224996,0.095113321963751,1.16521567421371,0.974989030286208
p.Gln28Ala,0.855907136305018,0.0714432261375724,0.784463910167445,0.92735036244259
p.Gln266Leu,0.951998503388877,0.109907476027232,1.06190597941611,0.842091027361647
p.Gly306Pro,0.403933093433156,0.187015271947131,0.590948365380287,0.216917821486025
p.Gln111Thr,0.913571362352838,0.125436837509863,0.788134524842974,1.0390081998627
p.Gln209Ter,0.107120195778382,0.0755048946404295,0.182625090418811,0.031615301137952
p.Gly38Val,0.0396347613548147,0.0436812989097549,-0.0040465375549403,0.0833160602645697
p.Val352Ter,0.269460125527765,0.194654666631568,0.464114792159334,0.0748054588961974
p.Gly174Val,0.933120586798124,0.0468337626843955,0.979954349482519,0.886286824113728
p.Ala231Phe,0.627200007780781,0.0105743004419334,0.637774308222714,0.616625707338847
p.Asp100Arg,0.711470083675531,0.403157021499838,0.308313062175695,1.11462710517537
p.Ala109Gly,1.08150709870942,0.187395079249627,1.26890217795905,0.894112019459795
p.Val233Tyr,0.188915348431289,0.0435429711295709,0.23245831956086,0.145372377301718
p.Ile224Ser,1.06694235334671,0.0871771061174974,1.15411945946421,0.979765247229215
p.Pro396Gln,0.830569358156238,0.124484424306747,0.955053782462985,0.706084933849491
p.Val344Lys,0.258388096350888,0.0866192184590324,0.171768877891856,0.345007314809921
p.Asp58Gln,0.944986582537429,0.06967896083341,1.01466554337084,0.87530762170402
p.Gln195Trp,0.487310147872252,0.087746723373764,0.575056871246016,0.399563424498488
p.Leu442Ser,0.880185722776453,0.0270311136571154,0.907216836433568,0.853154609119337
p.Leu211Ser,0.443084445268409,0.194400657008986,0.637485102277395,0.248683788259423
p.Tyr401Arg,1.00453063058343,0.0111854477573774,0.993345182826055,1.01571607834081
p.Phe501Tyr,1.1039767193925,0.124775126801058,1.22875184619356,0.979201592591444
p.Glu239Arg,0.486542033468694,0.0473385140860325,0.533880547554727,0.439203519382662
p.Glu398Trp,1.09892425273004,0.06698948915029,1.03193476357975,1.16591374188033
p.Val259Leu,1.14941669943388,0.06905760340887,1.21847430284275,1.08035909602501
p.Asp228Met,0.942315378709931,0.0131145803150204,0.955429959024951,0.92920079839491
p.Ile234His,1.17302243441802,0.0802792835821999,1.25330171800022,1.09274315083582
p.Val304His,0.179449132941579,0.138410635535099,0.317859768476678,0.0410384974064804
p.Glu491Phe,0.728774848224863,0.0614928823648325,0.790267730589695,0.66728196586003
p.Glu491Arg,0.857362987251642,0.041386721665367,0.898749708917009,0.815976265586275
p.Phe87Val,0.558330159195766,0.026217551128185,0.532112608067581,0.584547710323951
p.Gly314=,1.02981200999412,0.0052040356934099,1.03501604568753,1.02460797430071
p.Tyr147Arg,1.22166537973125,0.068873430986985,1.29053881071824,1.15279194874427
p.Leu305Gly,0.0841513739028248,0.0791319384115944,0.0050194354912302,0.163283312314419
p.Phe445Tyr,0.956740914462026,0.067537497644495,1.02427841210652,0.88920341681753
p.Lys514Gln,1.12312993971911,0.127834834552409,1.25096477427152,0.995295105166701
p.Pro276Phe,0.256362264843469,0.123067669972488,0.379429934815958,0.133294594870981
p.Glu93Ile,0.819976174779181,0.115987811944888,0.935963986724069,0.703988362834293
p.Pro329Cys,1.05738069679821,0.0311266813058499,1.08850737810406,1.02625401549236
p.Ala115Pro,1.09804788027567,0.0796866741146099,1.17773455439028,1.01836120616106
p.Leu264Phe,0.790931275287669,0.104697657961707,0.895628933249376,0.686233617325961
p.Ala231Leu,0.703262789325274,0.017420505369791,0.685842283955483,0.720683294695065
p.Ala272Asp,0.154371896162561,0.000997500896737,0.155369397059298,0.153374395265824
p.Thr76Cys,0.930641754439841,0.0274743547457664,0.903167399694074,0.958116109185607
p.Asn388Ile,0.467574858245981,0.0976880895327439,0.565262947778725,0.369886768713237
p.Leu420Val,1.25321289274179,0.11233688242172,1.36554977516351,1.14087601032007
p.Trp225Ser,0.176848530644358,0.036730668822251,0.213579199466609,0.140117861822107
p.Ile196Met,0.449590499133297,0.0763752850153939,0.373215214117903,0.525965784148691
p.Pro396=,1.00046577628609,0.044679922091943,1.04514569837803,0.955785854194144
p.Gly505Ile,1.01731223172397,0.00877635771382,1.02608858943779,1.00853587401015
p.Ala377Gln,1.12245348635042,0.0540332544012549,1.17648674075168,1.06842023194917
p.Tyr112Met,0.605855816294413,0.005914490332524,0.599941325961889,0.611770306626937
p.Val431Gly,1.05367869275176,0.102452965854465,1.15613165860622,0.95122572689729
p.Val77Gly,0.560693272473942,0.225592429213416,0.335100843260526,0.786285701687358
p.Lys290Leu,0.734271355122701,0.0112871567158724,0.722984198406828,0.745558511838573
p.His374Ala,0.950732363380534,0.0552230243542154,1.00595538773475,0.895509339026319
p.Val499Ser,0.821443485207594,0.0646138514549399,0.756829633752654,0.886057336662534
p.Asp113Ala,0.977370865591171,0.076023341126727,1.0533942067179,0.901347524464446
p.Gly314Trp,0.969499040107228,0.114377596217892,1.08387663632512,0.855121443889336
p.Arg370Gly,0.773808689372355,0.200953196852203,0.974761886224558,0.572855492520151
p.Glu473Ala,0.956752162064071,0.0187095547572819,0.975461716821353,0.938042607306789
p.Pro312Met,1.0012850433366,0.0891781771565774,1.09046322049318,0.912106866180025
p.Asp443Val,0.268031875516111,0.167784012822766,0.435815888338877,0.100247862693344
p.Leu130Lys,0.792725820450135,0.168616440705083,0.624109379745052,0.961342261155219
p.Phe34Gln,0.261369324483485,0.166533421247735,0.42790274573122,0.0948359032357504
p.Arg387Phe,0.931962792789659,0.0597539128752954,0.991716705664955,0.872208879914364
p.Leu390Arg,0.094205182277768,0.0015389517196165,0.0926662305581514,0.0957441339973846
p.Asn388Cys,0.948872756544499,0.148565972954889,1.09743872949939,0.800306783589612
p.Tyr428Trp,1.17484526229142,0.0764882967549049,1.25133355904633,1.09835696553652
p.Leu468Ser,0.712986511662206,0.0259487499715954,0.738935261633801,0.68703776169061
p.Pro489Glu,0.166291189780146,0.0686527233574515,0.097638466422695,0.234943913137598
p.Pro479Arg,0.131150092838099,0.0809575768949242,0.212107669733023,0.0501925159431745
p.Gly485Arg,0.726281847662871,0.0220155559743094,0.704266291688561,0.74829740363718
p.Glu417Asp,1.19029829241556,0.0683493199374,1.25864761235296,1.12194897247816
p.Ser132Val,1.04069189469598,0.022422354422095,1.06311424911808,1.01826954027389
p.Val369His,-0.0205637793412905,0.0753027813100288,-0.0958665606513193,0.0547390019687383
p.Asn280Phe,1.05188394251841,0.0240158911236899,1.0758998336421,1.02786805139472
p.Glu93Ala,0.949222698924429,0.117642706059459,0.831579992864971,1.06686540498389
p.Pro396Thr,0.688979128092477,0.216389207142613,0.905368335235091,0.472589920949864
p.Leu214Met,1.06776097880918,0.0802224497716629,1.14798342858084,0.987538529037514
p.Gln209Lys,1.03748604691952,0.162936467486461,1.20042251440598,0.874549579433057
p.Tyr249Glu,1.14320778529425,0.008825877779965,1.15203366307422,1.13438190751429
p.Ile472Val,1.13989102841341,0.180379868256746,1.32027089667016,0.959511160156667
p.Leu60Asp,0.394225974299215,0.098867947339781,0.295358026959434,0.493093921638996
p.Glu94Cys,0.822390242481061,0.0390887625735155,0.861479005054576,0.783301479907545
p.Arg136Cys,0.97166694620386,0.098217417043769,1.06988436324763,0.873449529160092
p.Arg136Gly,0.0634988471698581,0.0987600549039338,0.162258902073792,-0.0352612077340757
p.Leu371Trp,0.225318956521114,0.0953092129751215,0.320628169496235,0.130009743545992
p.Ile33Ter,0.359071280301551,0.0097815688276535,0.349289711473897,0.368852849129204
p.Asp375Cys,0.815268924617595,0.00335592157537,0.811913003042225,0.818624846192965
p.Arg9Cys,0.844806072875714,0.0122961168144085,0.832509956061305,0.857102189690122
p.His382Thr,0.953406823301473,0.109055258986888,0.844351564314584,1.06246208228836
p.Met450Tyr,1.10283080686755,0.0074433235940599,1.09538748327349,1.11027413046161
p.Lys238Leu,1.11620704095726,0.06367269880635,1.17987973976361,1.05253434215091
p.Leu458Asn,0.740867217848643,0.179701463482392,0.56116575436625,0.920568681331035
p.Leu422Tyr,0.870175716433567,0.152934966354251,0.717240750079317,1.02311068278782
p.Pro240Met,1.00651635864165,0.0290624797958459,0.977453878845808,1.0355788384375
p.Glu364Val,1.08591611867208,0.108810230715519,1.1947263493876,0.977105887956562
p.Lys152Trp,1.04903203466769,0.0104361310174549,1.05946816568514,1.03859590365023
p.Glu206Val,0.947788041353387,0.157144346708553,1.10493238806194,0.790643694644834
p.Leu55Val,0.280805156055305,0.147294819356496,0.428099975411801,0.13351033669881
p.Tyr202Ala,1.07976601107144,0.0544107240156699,1.02535528705577,1.13417673508711
p.Pro479Trp,0.251413918632327,0.1076318631224,0.359045781754727,0.143782055509926
p.Lys238Gly,1.06432976438939,0.0517383198881849,1.11606808427757,1.0125914445012
p.Lys478Trp,0.989532872650573,0.113860221756748,1.10339309440732,0.875672650893824
p.Lys476Phe,0.983788166542359,0.096466492464169,1.08025465900653,0.887321674078192
p.Ala78Phe,0.919476431970656,0.075682973516036,0.84379345845462,0.995159405486692
p.Phe250His,1.02187784543344,0.1686516268342,1.19052947226764,0.85322621859924
p.Gln111Leu,0.863196845735061,0.060001950609813,0.923198796344874,0.803194895125248
p.Gly254Gln,0.299264787239207,0.0179018014872625,0.281362985751945,0.31716658872647
p.Glu156Gln,0.891518076234766,0.0099129180853489,0.881605158149417,0.901430994320115
p.Ala109Glu,0.871354737534158,0.0339530305005099,0.837401707033648,0.905307768034668
p.Cys294Glu,0.910856920654309,0.0947978708474789,0.816059049806832,1.00565479150179
p.Asn414Lys,1.04421390006981,0.032751715703025,1.01146218436678,1.07696561577283
p.Arg439Lys,0.954762392470141,0.0205678376823704,0.934194554787771,0.975330230152512
p.Tyr249Val,1.28851134292794,0.11273369403476,1.4012450369627,1.17577764889318
p.Tyr197Ter,0.0256351582875307,0.094535463976483,0.120170622264014,-0.0689003056889522
p.Gly245Val,0.958014777338964,0.034009848370805,0.992024625709769,0.924004928968159
p.Ile168Met,0.921449783446744,0.0720819820933655,0.849367801353378,0.993531765540109
p.Glu239Tyr,0.703759945794139,0.0557435813255149,0.648016364468624,0.759503527119654
p.Asp435Gln,1.03892161034678,0.01992634100868,1.05884795135546,1.0189952693381
p.Pro409Ile,1.17715197234518,0.0406607668240849,1.21781273916926,1.13649120552109
p.Ile67Cys,0.751625775741963,0.0218730374910945,0.773498813233058,0.729752738250869
p.Ile392Thr,0.667750070408568,0.04134038390791,0.709090454316478,0.626409686500658
p.Ala90Ile,0.962682999903859,0.0887006815699035,1.05138368147376,0.873982318333953
p.Glu460Met,0.714724229074516,0.148491800898936,0.863216029973452,0.56623242817558
p.Asp313Gly,1.05959613836505,0.0978922052310595,1.15748834359611,0.961703933133991
p.Val12Pro,0.897022372923981,0.18641055123368,0.7106118216903,1.08343292415766
p.Ile230Ala,0.477375567096343,0.0163657470772924,0.461009820019051,0.493741314173636
p.Gly163Ter,0.0922177916676689,0.0737486641609339,0.165966455828603,0.0184691275067352
p.His513Lys,1.02081472908491,0.0507216169269735,1.07153634601188,0.970093112157933
p.Lys171Ile,0.726736236253787,0.112356221071719,0.839092457325506,0.614380015182067
p.Leu61Met,0.640068517425048,0.156843279560941,0.483225237864107,0.796911796985989
p.Gln209Thr,1.08149192844356,0.209889910016807,1.29138183846037,0.871602018426755
p.Asp379Arg,0.973964882444105,0.168243951698744,1.14220883414285,0.805720930745362
p.Asp286Cys,0.980179203806359,0.0763327758415229,1.05651197964788,0.903846427964834
p.Ser296Trp,0.79482885094243,0.127188726246062,0.922017577188492,0.667640124696368
p.Gly254Met,0.0903487669528624,0.0312444655482179,0.12159323250108,0.0591043014046442
p.Ser160Met,0.527893441679204,0.0350875343507934,0.562980976029997,0.49280590732841
p.Leu292Ile,0.901656207486593,0.137381183298296,1.03903739078489,0.764275024188298
p.Glu491Thr,0.908270286436173,0.0115213549108755,0.896748931525298,0.919791641347049
p.Glu93Asn,1.07158641009562,0.06044299288842,1.13202940298404,1.0111434172072
p.Ile392Gln,0.0007815198887706,0.0686948723079932,-0.0679133524192225,0.0694763921967639
p.Phe138Cys,0.0345928715077841,0.048889207594404,-0.01429633608662,0.0834820791021882
p.Lys45Ile,0.983377812666513,0.0224119242271084,0.960965888439403,1.00578973689362
p.Leu121Phe,0.768953086580865,0.0183518699284744,0.78730495650934,0.750601216652391
p.Glu287Met,0.88807212161629,0.0979605686997764,0.790111552916513,0.986032690316066
p.Val298=,1.07994899341677,0.122298693782538,1.20224768719931,0.957650299634233
p.Phe412Gln,1.21528667133753,0.0462929713654099,1.26157964270294,1.16899369997212
p.Ser106Tyr,1.07962412521779,0.119149621730333,1.19877374694812,0.960474503487454
p.Tyr49Thr,0.080188195973432,0.0303512667674612,0.0498369292059705,0.110539462740893
p.Ser160Arg,0.703012191846711,0.207579372191044,0.910591564037755,0.495432819655667
p.Gln471Asn,0.910347758803343,0.158532936963099,0.751814821840242,1.06888069576644
p.Thr31Ser,0.950893992483035,0.052769398099756,0.898124594383278,1.00366339058279
p.Arg166Ser,0.494561197351716,0.197956085318854,0.69251728267057,0.296605112032861
p.Ala277Ter,0.222431959022243,0.186195482555759,0.408627441578002,0.0362364764664833
p.Ser157Tyr,0.936751807870153,0.029106550266572,0.907645257603581,0.965858358136725
p.Leu190Ter,0.0854199414044874,0.0950547849132567,0.180474726317744,-0.0096348435087695
p.Leu458Lys,0.590563035959502,0.323039399809061,0.913602435768564,0.267523636150441
p.Ala134Asp,0.798934354423128,0.0916224542928764,0.707311900130252,0.890556808716005
p.Cys385Gln,1.07126218657505,0.0844837607406714,1.15574594731572,0.986778425834377
p.Thr333Val,1.01150536526318,0.0047839987337199,1.00672136652946,1.0162893639969
p.Gly245=,1.09149278549595,0.09085529948617,1.18234808498212,1.00063748600978
p.Val352Trp,0.130804865582264,0.037560439641101,0.093244425941163,0.168365305223365
p.Lys386Ter,-0.0783199115076929,0.056303943676179,-0.134623855183872,-0.0220159678315138
p.Val298Met,1.02383637387574,0.0662751676496539,1.0901115415254,0.957561206226092
p.Val5Arg,0.715143848813858,0.327920202285353,0.387223646528503,1.04306405109921
p.Gly222Trp,1.0283274316222,0.0671722278605399,1.09549965948274,0.96115520376166
p.Asp421Thr,0.829524544648062,0.06302496062479,0.766499584023272,0.892549505272852
p.Pro92Cys,0.835668481528812,0.0005792351557669,0.836247716684579,0.835089246373045
p.Val77Asn,0.955265625987135,0.127353460367897,1.08261908635503,0.827912165619236
p.Arg357Pro,0.514794060703448,0.242516988970166,0.757311049673614,0.272277071733282
p.Leu137Ter,0.105969057676608,0.0551162349164727,0.161085292593081,0.0508528227601354
p.Lys476Trp,0.91303823416966,0.072388213602378,0.985426447772038,0.840650020567282
p.Asn185Tyr,0.882154336812841,0.0368453708415839,0.845308965971257,0.918999707654425
p.Gly500Leu,1.13894602076796,0.08749627930852,1.22644230007648,1.05144974145944
p.Arg192His,0.988760640387487,0.0792712720633744,0.909489368324111,1.06803191245086
p.Asp181Ter,-0.0758988025383499,0.0214287331082783,-0.0973275356466282,-0.0544700694300716
p.His263Val,1.43403566229562,0.184011227925735,1.61804689022136,1.25002443436989
p.Gly351Ile,0.18105946459578,0.0845899708293823,0.0964694937663974,0.265649435425162
p.His374Lys,1.21957930587917,0.183361291527145,1.40294059740631,1.03621801435202
p.Lys514Phe,1.07865369136864,0.0001271950090649,1.07878088637771,1.07852649635958
p.Gly316Val,1.24370251670772,0.214828533069405,1.45853104977713,1.02887398363832
p.His451Pro,1.09266319862704,0.001168317475235,1.09383151610228,1.09149488115181
p.Thr76Asn,0.92617769840762,0.0829692279761274,1.00914692638375,0.843208470431495
p.Val68Cys,0.825550751925761,0.0373778634184319,0.862928615344193,0.788172888507329
p.Leu469=,1.11321196958199,0.015801726714875,1.12901369629686,1.09741024286711
p.Gly245Cys,0.911635648411888,0.0240595730674199,0.887576075344468,0.935695221479308
p.Lys290Asp,0.927684582505817,0.0957135347711045,1.02339811727692,0.831971047734711
p.Asn363Glu,0.806127168949982,0.226404136054977,0.579723032895006,1.03253130500496
p.Leu96Cys,0.922346081030767,0.102088789670373,0.820257291360394,1.02443487070114
p.Phe87Met,0.93653747882825,0.101685366443502,1.03822284527175,0.834852112384746
p.Phe501Gln,1.25457490455319,0.07164262608245,1.32621753063564,1.18293227847074
p.Cys13Ter,0.340583556169854,0.0071814509781505,0.333402105191704,0.347765007148005
p.Leu495=,1.25837747607749,0.0744820780160699,1.33285955409356,1.18389539806142
p.Lys429His,1.07035730460311,0.0083742702447799,1.06198303435833,1.07873157484789
p.Phe101Val,0.0775156627386579,0.0164182882750663,0.0939339510137243,0.0610973744635916
p.Asp379Phe,0.876534989660184,0.0409109904397685,0.917445980099952,0.835623999220415
p.Asp200Trp,0.481106916678592,0.183333508086688,0.66444042476528,0.297773408591903
p.Tyr202Asn,1.22024817015462,0.043731605953625,1.26397977610825,1.176516564201
p.Ser189Val,0.879239115521224,0.0687469240331969,0.947986039554421,0.810492191488027
p.Gln178Glu,0.7964443526705,0.094904754865219,0.701539597805281,0.891349107535719
p.Lys152Ser,0.933982021652019,0.14770584491897,0.786276176733049,1.08168786657099
p.Gly110Cys,0.423167967949822,0.0391850588839599,0.383982909065862,0.462353026833782
p.Ala71His,0.86267526301465,0.0256040867011594,0.888279349715809,0.83707117631349
p.Gly500Thr,1.17926953488825,0.0030465935907849,1.17622294129747,1.18231612847904
p.Tyr482Cys,0.152232631912379,0.0519773598320244,0.100255272080355,0.204209991744404
p.Lys275Gly,0.876421716357836,0.0275880271096554,0.904009743467492,0.848833689248181
p.Ser117Asn,1.02412831479687,0.071986805758821,1.09611512055569,0.952141509038048
p.Asp24Met,1.0372874665246,0.0985023783245314,0.938785088200067,1.13578984484913
p.Leu474Glu,1.08070302470205,0.042090326536105,1.03861269816595,1.12279335123816
p.Val453Leu,1.19493401178385,0.0615870805594349,1.25652109234329,1.13334693122442
p.Arg387Tyr,0.921061952969939,0.1180195976549,1.03908155062484,0.80304235531504
p.Thr145Gln,1.060727895023,0.0827443172863014,1.1434722123093,0.977983577736697
p.Asn210Lys,1.14129899512868,0.10811169935694,1.03318729577174,1.24941069448562
p.Ala6Cys,0.945291474660928,0.0578485497644029,1.00314002442533,0.887442924896524
p.Phe191Gly,0.0910778856993726,0.0146410026273046,0.105718888326677,0.0764368830720677
p.Arg9Leu,0.788728848606139,0.043761290290474,0.744967558315665,0.832490138896613
p.Phe66Met,0.641619039753849,0.214731763547115,0.426887276206733,0.856350803300964
p.Arg192Asn,1.09375703977677,0.083091396339115,1.17684843611589,1.01066564343766
p.Tyr249Pro,1.11081609035216,0.09931888433321,1.21013497468537,1.01149720601895
p.Ser448Lys,0.936425126158047,0.0376564760270974,0.974081602185144,0.898768650130949
p.Trp53Gln,-0.0168540079853778,0.0691440683818644,-0.0859980763672422,0.0522900603964867
p.Phe354Pro,0.382179870693954,0.101056230901009,0.483236101594963,0.281123639792945
p.Tyr139Phe,0.96052430822677,0.0059257983021409,0.954598509924629,0.966450106528911
p.Phe445Trp,1.05209338452562,0.25689032600224,1.30898371052786,0.79520305852338
p.Arg459Gln,0.974045208968271,0.0052557354190375,0.979300944387309,0.968789473549234
p.Gln384Glu,1.13195887454308,0.0385076418144599,1.17046651635754,1.09345123272862
p.Ala71Arg,-0.0588399453610218,0.145885080387891,-0.204725025748913,0.0870451350268698
p.Pro223=,1.18096960871905,0.12414337882259,1.30511298754164,1.05682622989646
p.Glu239Asn,0.860068694266036,0.0479513445455305,0.908020038811566,0.812117349720505
p.Lys476Ser,1.0368502607956,0.071737975211127,0.965112285584466,1.10858823600672
p.Glu63Asn,0.959580119496685,0.0060176631513679,0.953562456345317,0.965597782648053
p.Gln161Thr,0.961462570992916,0.0679446216510765,0.893517949341837,1.02940719264399
p.Val289Trp,0.867114066093546,0.257533565952722,0.609580500140826,1.12464763204627
p.Arg72Ile,0.997633357673276,0.0129598824499935,1.01059324012327,0.984673475223283
p.Pro396Glu,1.01471220747999,0.175039274793056,1.18975148227305,0.839672932686937
p.Gly306Asp,0.124625553607498,0.064111915095037,0.188737468702535,0.060513638512461
p.Val259Met,1.09338333546467,0.216376444302408,0.877006891162263,1.30975977976708
p.Gly321Tyr,0.0380361852686511,0.0733580483904959,-0.0353218631218448,0.111394233659147
p.Leu469Arg,0.163778502745231,0.0919385032979612,0.255717006043192,0.0718399994472694
p.Val271Glu,0.133182895173895,0.0174661442058645,0.115716750968031,0.15064903937976
p.Pro415His,0.812620386981472,0.275646339562256,0.536974047419218,1.08826672654373
p.Ser455Ile,0.740020016746316,0.120714374144902,0.619305642601413,0.860734390891218
p.Leu140Ter,-0.0002560222987753,0.0904107893033373,-0.0906668116021127,0.0901547670045619
p.Gly174His,0.953056524040245,0.130174531638714,1.08323105567896,0.822881992401531
p.Cys385Ile,1.09215460400329,0.04647335914008,1.13862796314337,1.04568124486321
p.Gln83Trp,0.839453221701415,0.0193370112045809,0.820116210496834,0.858790232905996
p.Thr236=,0.991231944085366,0.169955375574451,0.821276568510917,1.16118731965982
p.Leu75Glu,0.948920794195851,0.21801113714124,1.16693193133709,0.730909657054609
p.Gln471Gly,0.941222961275721,0.266708704599311,1.20793166587503,0.674514256676408
p.Phe354Arg,0.421019441040165,0.176176786223949,0.597196227264114,0.244842654816216
p.Arg192Ile,0.73308701125004,0.0903000543788539,0.642786956871186,0.823387065628894
p.Tyr139Cys,0.939143596060618,0.163692600363943,1.10283619642456,0.775450995696674
p.His27Ser,1.22213283175008,0.190341304667375,1.41247413641746,1.03179152708271
p.Arg198His,0.843133474454777,0.058940981051439,0.902074455506216,0.784192493403338
p.Arg136Leu,0.806095393387474,0.134232291107369,0.940327684494843,0.671863102280105
p.Glu287Cys,1.01392636163151,0.0176180620855629,1.03154442371707,0.996308299545944
p.Tyr70Leu,0.845871129274227,0.0063149543133085,0.839556174960918,0.852186083587535
p.Ala71Ser,1.03421403137424,0.170938390434639,1.20515242180888,0.863275640939602
p.Asn153His,1.0247395420788,0.139820185519944,0.884919356558851,1.16455972759874
p.Val453Cys,1.2466744751908,0.182558725235985,1.42923320042679,1.06411574995482
p.Lys476Glu,1.12488127530557,0.09082591576701,1.21570719107258,1.03405535953856
p.Val376Pro,1.11747173463824,0.0049775623101699,1.12244929694841,1.11249417232807
p.Pro329Glu,0.940717319128927,0.065058847801292,0.875658471327636,1.00577616693022
p.Asn363Val,0.485672094279274,0.0565967389743439,0.542268833253618,0.42907535530493
p.Arg9Gly,1.01119383295866,0.0006666177352749,1.01052721522338,1.01186045069393
p.Tyr202Trp,1.03359516645733,0.0928509496872819,1.12644611614461,0.940744216770046
p.Asp42Tyr,1.16870961599275,0.14275293646773,1.31146255246048,1.02595667952502
p.Ile35=,0.978605724721337,0.118306655118481,0.860299069602858,1.09691237983982
p.Ile355Met,0.867169054469646,0.103881346127242,0.971050400596888,0.763287708342404
p.Asn122Cys,1.12213630442,0.136656525972192,1.25879283039219,0.985479778447806
p.Arg459Lys,1.08871862634752,0.081444400112885,1.1701630264604,1.00727422623463
p.Tyr308Gln,0.142372293843001,0.001531703847165,0.143903997690166,0.140840589995836
p.Lys95Thr,0.829090301195829,0.0514171027426815,0.777673198453148,0.880507403938511
p.Leu16Tyr,0.866456675006402,0.0037376283818125,0.86271904662459,0.870194303388215
p.Arg246Ser,1.12433243604436,0.05712840922824,1.1814608452726,1.06720402681612
p.Arg72Glu,0.931651627060374,0.166540371700987,0.765111255359386,1.09819199876136
p.Ala367Arg,1.02670302503839,0.0449912154766285,0.981711809561763,1.07169424051502
p.Leu422Asn,0.563405718733247,0.0645910599490779,0.627996778682325,0.498814658784169
p.Ala339Ser,1.0641852947711,0.003209658762445,1.06739495353355,1.06097563600866
p.Glu19Ala,1.01403915525843,0.182968923970935,1.19700807922937,0.8310702312875
p.Ala436Phe,0.650223508441674,0.0159653179068364,0.634258190534837,0.66618882634851
p.Ser180Arg,0.78676906077878,0.137012740316518,0.923781801095298,0.649756320462262
p.Ala492Phe,1.08388191217583,0.0467037921693599,1.03717812000647,1.13058570434519
p.Leu20Arg,0.811145308040129,0.042306485427128,0.768838822613001,0.853451793467257
p.Ser73Asn,0.557472930233416,0.205689838265813,0.351783091967603,0.763162768499229
p.Arg427Lys,1.18363287765934,0.0300187729431249,1.21365165060246,1.15361410471621
p.Val510Ala,1.05845799255228,0.106678120202077,1.16513611275436,0.951779872350207
p.Glu85Ile,0.936214171296421,0.036841570539189,0.97305574183561,0.899372600757232
p.Thr506Glu,1.01698331553549,0.115382137087291,0.901601178448199,1.13236545262278
p.Thr333Phe,0.897630587460345,0.0682883851735465,0.829342202286799,0.965918972633892
p.Gln266Gly,1.01082347269658,0.000901213934125,1.0117246866307,1.00992225876245
p.Asp421His,1.08236028918931,0.163329071857306,1.24568936104662,0.919031217332009
p.Leu371Phe,0.936230018398941,0.01743130928468,0.918798709114261,0.953661327683621
p.Leu20Cys,1.23578320818278,0.337056977560995,1.57284018574378,0.898726230621789
p.Lys95His,0.93892352794836,0.113118180426461,1.05204170837482,0.825805347521897
p.Cys358Ser,0.978727655240624,0.081698616743344,1.06042627198397,0.897029038497282
p.Ile392Val,0.941996084171401,0.0406889857470975,0.901307098424303,0.982685069918498
p.Ile355Ter,-0.0446336394498231,0.0530460983588606,-0.0976797378086838,0.0084124589090375
p.Ser281Phe,0.90350504784834,0.0372504466018425,0.940755494450183,0.866254601246498
p.Lys47Ala,0.994076860334769,0.0135781913850334,0.980498668949733,1.0076550517198
p.Phe21Thr,0.932162566858051,0.0199649024313064,0.952127469289358,0.912197664426745
p.Glu473Thr,1.08074378227658,0.124478381226429,1.20522216350301,0.956265401050153
p.Ala272His,0.12520924753413,0.0581607557057378,0.0670484918283923,0.183370003239868
p.Val431Ala,0.994555960880266,0.0825458582703315,1.0771018191506,0.912010102609937
p.Asn414Leu,0.885081965753159,0.0864795990036045,0.798602366749555,0.971561564756764
p.Thr10Gly,1.2780780320707,0.194454519747905,1.47253255181861,1.0836235123228
p.Arg175Asp,0.971975923863368,0.06941639299835,1.04139231686172,0.90255953086502
p.Ser157Ala,1.06948913077934,0.0569348243923849,1.12642395517172,1.01255430638695
p.Arg459Pro,0.859231541503616,0.391647824721832,1.25087936622545,0.467583716781786
p.Gln83Ala,1.08833409772283,NA,NA,1.08833409772283
p.Ile230Glu,0.340136176818118,NA,NA,0.340136176818118
p.Thr327Tyr,1.31901009817114,NA,NA,1.31901009817114
p.Ala25Thr,1.00611745874807,0.0829225522856954,0.923194906462379,1.08904001103377
p.Tyr503Asn,1.18184702614261,0.08184473848755,1.26369176463016,1.10000228765506
p.Gly306Asn,0.286771090216372,0.0209122825375724,0.307683372753945,0.2658588076788
p.Glu398Ter,-0.0959260249861628,0.05373794122901,-0.149663966215173,-0.0421880837571528
p.Ile52Lys,0.0022867544036336,0.112860616458493,-0.11057386205486,0.115147370862127
p.Lys403Phe,1.01155905823363,0.101051873851626,1.11261093208526,0.910507184382007
p.Val444Asp,0.0309440356015198,0.0242840046993764,0.0066600309021434,0.0552280403008962
p.Glu473His,1.00397046392945,0.0189547755745465,1.02292523950399,0.985015688354897
p.Asn165Lys,0.168371579607264,0.0274836837716044,0.195855263378869,0.14088789583566
p.Val341Met,0.904441042888383,0.0828701461497354,0.987311189038118,0.821570896738647
p.Pro144Asn,1.15655644194386,0.0564409525988699,1.21299739454273,1.10011548934499
p.Gly505Lys,1.0596256646148,0.01719759063861,1.07682325525341,1.04242807397619
p.Phe241Ser,1.1389337393101,0.0168903971920599,1.15582413650216,1.12204334211804
p.Pro409Val,1.18345747374006,0.0228079017645099,1.20626537550457,1.16064957197555
p.Tyr49Arg,0.0844248795596552,0.0167872712653519,0.101212150825007,0.0676376082943032
p.Val5Met,0.82354282201482,0.161253260833366,0.662289561181454,0.984796082848186
p.Ser123=,0.499540059180767,0.624628070664924,-0.125088011484158,1.12416812984569
p.Val108Tyr,0.835325519141825,0.0719675286779755,0.9072930478198,0.763357990463849
p.Tyr112=,0.994471491015083,0.0046548667793694,0.999126357794452,0.989816624235713
p.Met212Gly,0.335291673871052,0.249604002664724,0.584895676535776,0.0856876712063283
p.Leu177Pro,1.07230937865921,0.168338585100882,1.24064796376009,0.903970793558327
p.Pro312=,0.980595931846397,0.0501199422923435,0.930475989554053,1.03071587413874
p.Arg175Gln,1.06353976374637,0.02215200226544,1.08569176601181,1.04138776148093
p.Val369Met,1.10676104837416,0.0286802935301249,1.13544134190428,1.07808075484403
p.Asp493=,1.14808116536588,0.124780812230995,1.27286197759688,1.02330035313489
p.Asp313Lys,1.0792596368945,0.017866363249085,1.09712600014359,1.06139327364542
p.Glu416Tyr,1.13497317369694,0.04537144344857,1.18034461714551,1.08960173024837
p.Glu99Phe,0.595034034328089,0.0358515510086874,0.630885585336776,0.559182483319401
p.Val298Ter,-0.0177462371586676,0.045211989163633,-0.0629582263223006,0.0274657520049654
p.Phe501Ala,1.26218609304825,0.18815438153985,1.4503404745881,1.0740317115084
p.Thr336Arg,0.165607522964828,0.037209998474938,0.202817521439766,0.12839752448989
p.Trp462Pro,0.0984171428694666,0.0256435121349672,0.124060655004434,0.0727736307344995
p.Asn346Pro,0.326721967844268,0.0175481937749115,0.34427016161918,0.309173774069357
p.Phe21Pro,0.736887970479806,0.311792401986042,1.04868037246585,0.425095568493766
p.Val391Tyr,1.01995157668958,0.0773081086476555,1.09725968533723,0.942643468041919
p.Pro240Ter,0.0767707107251344,0.017328814122465,0.0940995248475994,0.0594418966026693
p.Ile52Gln,0.0583894448816136,0.0033611083130231,0.0550283365685905,0.0617505531946368
p.Asn280Cys,0.836764458796415,0.026151815591863,0.810612643204552,0.862916274388278
p.Leu214Lys,0.400131887929416,0.201866047226784,0.6019979351562,0.198265840702632
p.Ile255Arg,0.14443502598033,0.115546196829616,0.0288888291507145,0.259981222809946
p.Asp58Asn,0.917891444492212,0.021457672548437,0.896433771943775,0.939349117040649
p.Arg439Ser,1.16728298927056,0.05844525591109,1.10883773335947,1.22572824518165
p.Glu193Ile,0.336516847092736,0.123662885440843,0.460179732533578,0.212853961651893
p.Gln4Asn,0.894489042246759,0.0326757865501474,0.861813255696611,0.927164828796906
p.Gly14Ile,0.491684313097887,0.0092106583186049,0.500894971416492,0.482473654779282
p.Leu305Cys,0.880979303916608,0.046811089635899,0.834168214280709,0.927790393552507
p.Leu292Val,0.677956163475411,0.0620210008095185,0.73997716428493,0.615935162665893
p.Leu43Val,0.618955635886722,0.151319376430431,0.467636259456291,0.770275012317152
p.Ala399Val,1.26007896810398,0.066797304315495,1.32687627241947,1.19328166378848
p.Thr65Arg,0.0065036160076918,0.0613252721042617,-0.0548216560965699,0.0678288881119535
p.Leu468Tyr,1.1730074063359,0.144851496471515,1.31785890280742,1.02815590986439
p.Met404Tyr,1.1854144489117,0.0455337701965748,1.23094821910827,1.13988067871512
p.Gly447Asn,0.941277624050908,0.0649140083288205,1.00619163237973,0.876363615722089
p.Thr466Leu,0.943858277893615,0.128354343530363,1.07221262142398,0.815503934363254
p.Leu323Ile,1.07109227398798,0.01955420707346,1.05153806691452,1.09064648106144
p.Asp421Gln,0.924939767541542,0.0443071592439044,0.969246926785447,0.880632608297638
p.Ile230Gly,0.0969286427679874,0.24353183118048,-0.146603188412493,0.340460473948467
p.Gly500Trp,1.0199534906455,0.126325898445094,1.14627938909059,0.893627592200403
p.Pro467Ser,0.912926485753549,0.0230500360807024,0.935976521834252,0.889876449672847
p.Gly488Lys,0.391003439765147,0.0720068837086285,0.463010323473775,0.318996556056518
p.Pro396Ter,-0.11264480145879,0.0628372365506428,-0.175482038009433,-0.0498075649081473
p.Thr31Cys,1.09410633695618,0.0947021820471829,1.18880851900336,0.999404154908994
p.Val510Arg,1.05531889687152,0.0686950567790289,1.12401395365055,0.986623840092492
p.Thr466Pro,0.109148017612392,0.0538613719857893,0.0552866456266023,0.163009389598181
p.Ser448Trp,1.093786907776,0.02848239048955,1.12226929826555,1.06530451728645
p.Val304Asn,0.276987297965472,0.194205492795532,0.471192790761004,0.0827818051699398
p.Asn229Gly,0.96554111654472,0.0134869475479474,0.979028064092667,0.952054168996772
p.Val344Pro,0.471760044322429,0.120982874600123,0.592742918922552,0.350777169722307
p.Leu270His,1.10083997120962,0.01927556803632,1.12011553924594,1.0815644031733
p.Gln83Leu,0.791234490913102,0.162140312460979,0.629094178452123,0.953374803374081
p.Asn135=,0.962353302565323,0.0549889680710364,1.01734227063636,0.907364334494287
p.Ser448Ala,1.04627865591065,0.0674824204268545,1.11376107633751,0.978796235483801
p.Ala338Trp,0.243851015277818,0.0034790082804665,0.240372006997352,0.247330023558285
p.Lys205His,1.16735621279172,0.1182507908944,1.28560700368612,1.04910542189732
p.Tyr482Gly,0.295506791077588,0.0493898925412769,0.344896683618865,0.246116898536311
p.Asn185Val,0.846511518984644,0.0314572609139085,0.877968779898553,0.815054258070736
p.Ala492Leu,0.804671507737238,0.0010322456607474,0.805703753397985,0.80363926207649
p.Met212Ile,0.765700507929466,0.155723965415583,0.609976542513883,0.921424473345049
p.Gln119Glu,0.978713799741679,0.179911951421409,1.15862575116309,0.798801848320272
p.Val309Trp,0.71875609817899,0.178371862479169,0.540384235699821,0.897127960658159
p.Pro409Thr,1.26860621495995,0.06961949575459,1.33822571071454,1.19898671920536
p.His382Asn,1.08785724271895,0.106243024650652,1.1941002673696,0.981614218068295
p.Ile472Asp,0.894572495557061,0.082820135964428,0.977392631521489,0.811752359592633
p.Asn262Leu,1.18115500642304,0.067750545470315,1.24890555189336,1.11340446095273
p.Ile483Tyr,1.10744238262306,0.108058336356902,1.21550071897996,0.999384046266157
p.Asn363Ser,1.14445906347884,0.121304682242445,1.26576374572128,1.02315438123639
p.Lys89Trp,0.816511786432081,0.025370436686951,0.841882223119032,0.79114134974513
p.Leu20Ser,1.01381764326348,0.148954868673223,1.1627725119367,0.864862774590255
p.Ala116Pro,1.0590246519669,0.127038540665679,1.18606319263258,0.931986111301221
p.Gln161Pro,1.11794702643044,0.031132782437145,1.14907980886758,1.08681424399329
p.Ile35Val,0.934971712841345,0.0201117010969809,0.955083413938326,0.914860011744364
p.Tyr197Val,0.0254733813077813,0.039469906805478,-0.0139965254976968,0.0649432881132594
p.Val304Lys,0.687258105754316,0.123009384164011,0.810267489918327,0.564248721590305
p.Thr334Tyr,0.00781065305175,0.0093800712480269,0.0171907242997771,-0.0015694181962769
p.Tyr424Phe,1.09300820882909,0.03569892518098,1.12870713401007,1.05730928364811
p.Ala39Glu,0.213762470896506,0.0161190651492875,0.229881536045793,0.197643405747218
p.Asp42Thr,1.16154672896941,0.0745343925170549,1.23608112148647,1.08701233645236
p.Leu270Gln,0.961794656588922,0.0071912966839695,0.968985953272891,0.954603359904952
p.Pro62Ter,-0.0111436103082717,0.0203095209279379,-0.0314531312362097,0.0091659106196662
p.Arg454=,0.923863208675777,0.0393328294851605,0.884530379190616,0.963196038160937
p.Ile52Ala,1.05030650224696,0.124229366656625,1.17453586890358,0.92607713559033
p.Gln261Cys,1.20474318568614,0.08000877441483,1.28475196010097,1.12473441127131
p.Ala103Asn,1.04812955185903,0.04385172460104,1.09198127646007,1.00427782725799
p.His374Gln,1.09873149243182,0.042515540137435,1.05621595229438,1.14124703256925
p.Lys407Cys,1.27874845682613,0.06767410922957,1.3464225660557,1.21107434759656
p.Gly245Glu,1.0779144084382,0.053567817407565,1.13148222584576,1.02434659103063
p.Leu142Asp,0.910892786549289,0.0234579215055055,0.887434865043783,0.934350708054794
p.Pro409Tyr,1.23275268056257,0.056096082629665,1.28884876319224,1.17665659793291
p.Gly359Thr,0.194882171374492,0.0418431668180379,0.23672533819253,0.153039004556454
p.Asn229Arg,0.0334881339985,0.0407724379072165,0.0742605719057165,-0.0072843039087165
p.Phe237Lys,0.674754360274922,0.0053208627320719,0.66943349754285,0.680075223006994
p.Cys232Trp,0.268161353471239,0.0336984716810765,0.301859825152315,0.234462881790162
p.Gly505Leu,1.09089740810122,0.0851312006555049,1.17602860875673,1.00576620744572
p.Arg136Ile,0.59516494016442,0.037492532000151,0.632657472164571,0.557672408164269
p.Leu137Tyr,0.575079754025011,0.175481150353967,0.399598603671044,0.750560904378978
p.Gly14Asp,1.01840887983443,0.0832289528677095,0.935179926966721,1.10163783270214
p.Arg227Ser,0.965239073410764,0.052393585438828,0.912845487971934,1.01763265884959
p.Glu491Ile,0.928264428261181,0.12722855797101,0.801035870290169,1.05549298623219
p.Ser157Asp,0.935009770599736,0.0501821064543304,0.884827664145405,0.985191877054066
p.Gly163Trp,0.117607046119711,0.0243956549254744,0.142002701045185,0.0932113911942361
p.Lys47Trp,1.08819487522266,0.0926051725065264,1.18080004772918,0.995589702716127
p.Pro477Tyr,0.957816525212319,0.0910519520895209,0.866764573122798,1.04886847730184
p.Gln395Ter,0.0922524558393831,0.13218001677912,0.224432472618503,-0.0399275609397364
p.Leu214Ter,-0.0338443536248861,0.0431377292905061,-0.0769820829153923,0.0092933756656201
p.Ser418Val,1.17126197866708,0.167816911269115,1.33907888993619,1.00344506739796
p.Pro512Glu,1.24565945719556,0.166142029956065,1.41180148715163,1.0795174272395
p.Pro172Tyr,0.871518106765164,0.03858855962886,0.832929547136304,0.910106666394024
p.Glu417Ser,1.18057358156633,0.141773727229375,1.3223473087957,1.03879985433695
p.Val431His,0.999507206919758,0.0089681939084914,1.00847540082825,0.990539013011267
p.Leu211Gly,0.614697749122459,0.217670185122016,0.832367934244475,0.397027564000443
p.Gln266Arg,1.10271363166767,0.011384748955265,1.11409838062294,1.09132888271241
p.Lys45Trp,1.0459053520008,0.142147099203796,1.1880524512046,0.903758252797008
p.Tyr424=,0.96159616994522,0.0172456667413539,0.944350503203866,0.978841836686574
p.Phe88Glu,0.251272526929898,0.058466017545219,0.309738544475117,0.192806509384679
p.Lys293Cys,0.782767353177587,0.0358692438874924,0.818636597065079,0.746898109290094
p.Tyr401Asp,0.597986543523684,0.165720696412406,0.432265847111278,0.76370723993609
p.Trp349Met,0.199429547643616,0.0269487812090279,0.226378328852644,0.172480766434588
p.Trp164Phe,0.996805258161044,0.0232826825752549,0.97352257558579,1.0200879407363
p.Leu495Arg,0.257534495258942,0.127841836204403,0.385376331463345,0.129692659054539
p.Pro50=,1.07183169183339,0.105271193890307,1.17710288572369,0.966560497943076
p.Ala6Trp,0.936710207937283,0.0357945509043785,0.972504758841662,0.900915657032905
p.Leu128Gly,0.410151731914581,0.0012556864235575,0.411407418338139,0.408896045491024
p.Ile224Ter,-0.0087354792059426,0.0298434763876145,-0.0385789555935573,0.0211079971816719
p.Ser184Glu,0.782413402400545,0.248762558602754,1.0311759610033,0.533650843797791
p.Thr334Ala,1.04389747812256,0.02583740190463,1.06973488002719,1.01806007621793
p.Glu475His,0.961632604689989,0.09939558020207,1.06102818489206,0.86223702448792
p.Leu422Phe,1.16395923517658,0.11122136246415,1.27518059764073,1.05273787271243
p.Leu98Asn,0.0510032312438348,0.0136451018233991,0.0373581294204356,0.0646483330672339
p.Gly500Asp,1.09724842132209,0.0149031169757549,1.11215153829785,1.08234530434634
p.Thr243Glu,0.977512751555671,0.05782519064142,0.91968756091425,1.03533794219709
p.His451Tyr,0.928807759278817,0.150261081649441,1.07906884092826,0.778546677629377
p.Glu239Ser,0.982807376580481,0.0586827514119295,1.04149012799241,0.924124625168551
p.Phe56Glu,0.180307366643861,0.0240118613929409,0.15629550525092,0.204319228036802
p.Glu85Ter,-0.114271731599277,0.0689991580359176,-0.183270889635195,-0.0452725735633597
p.Glu252Ter,0.232336624688506,0.180730932389809,0.413067557078315,0.0516056922986959
p.Leu264Pro,0.691958970684394,0.104981997903621,0.796940968588015,0.586976972780772
p.Arg365Val,1.01755297647981,0.072156010687742,0.945396965792066,1.08970898716755
p.Glu491Val,0.816941334260612,0.0187976922589999,0.798143642001612,0.835739026519612
p.Pro62Phe,0.562675948698701,0.021313902705958,0.541362045992743,0.583989851404659
p.Leu390Asn,0.265945050359464,0.0981702755433864,0.36411532590285,0.167774774816077
p.Glu148Leu,0.990857629522061,0.0470780356973065,1.03793566521937,0.943779593824757
p.Gln209=,1.01419482481405,0.0923378639098135,0.921856960904233,1.10653268872386
p.Glu317Met,1.00428289252118,0.0139060682589384,1.01818896078012,0.990376824262243
p.Asn185Arg,0.88893850480132,0.121032148393372,0.767906356407946,1.00997065319469
p.Arg120Gly,1.00444386375296,0.169803652470208,1.17424751622317,0.834640211282753
p.Asp24Leu,0.991368689941208,0.129854438117401,0.861514251823808,1.12122312805861
p.Glu156Cys,1.04398889472423,0.03320726801161,1.01078162671262,1.07719616273584
p.Asp325Trp,0.762529296625395,0.0437229255914635,0.806252222216858,0.718806371033931
p.Pro353Ser,0.143834457471128,0.0006031891632125,0.14443764663434,0.143231268307915
p.Ala300Arg,1.0659648492965,0.06543503257692,1.13139988187342,1.00052981671958
p.Phe354Leu,0.373873655382906,0.0451038703406705,0.418977525723576,0.328769785042235
p.Asn185Lys,1.02285504361404,0.034382853754022,0.988472189860016,1.05723789736806
p.His186Ter,0.130669401597039,0.0629070794240873,0.0677623221729514,0.193576481021126
p.Arg74Ter,-0.110042000540772,0.0771034676799084,-0.18714546822068,-0.0329385328608631
p.Gly41Lys,0.828160311654432,0.0610444633507029,0.889204775005135,0.767115848303729
p.Met267Trp,1.18562147986656,0.0574971994729699,1.24311867933953,1.12812428039359
p.Asp228Gly,1.08471859920855,0.116337945630138,1.20105654483869,0.968380653578413
p.Phe354His,0.0635645582758697,0.14575235020809,-0.0821877919322209,0.20931690848396
p.Asn229Phe,0.707755228704909,0.21644943622017,0.92420466492508,0.491305792484739
p.Ile33Arg,0.114199766308055,0.0845554448061432,0.0296443215019115,0.198755211114198
p.Phe412=,0.887871662645423,0.067028013735148,0.820843648910275,0.954899676380571
p.Ala103Arg,0.929748733298143,0.0891144689082569,0.840634264389886,1.0188632022064
p.Gly447Trp,0.0288248190880244,0.0008547978830529,0.0296796169710773,0.0279700212049715
p.Ile36Met,0.550237366788467,0.106848916632021,0.657086283420488,0.443388450156446
p.Val12Tyr,0.884030312210762,0.210756822757086,0.673273489453677,1.09478713496785
p.Tyr401Ter,-0.0939576972151272,0.0657502735516827,-0.15970797076681,-0.0282074236634445
p.Glu94Gly,0.225758959214856,0.116213011786543,0.109545947428313,0.3419719710014
p.Leu469Gly,0.564204269138411,0.171006724801567,0.735210993939978,0.393197544336843
p.Ala141Asp,0.935037924723088,0.0662164844763519,1.00125440919944,0.868821440246736
p.Cys294Thr,0.99879124358309,0.0613702456744285,1.06016148925752,0.937420997908663
p.Leu20His,0.511503100245683,0.253916208403577,0.257586891842106,0.76541930864926
p.Lys508Tyr,0.589365069342878,0.257405001579513,0.331960067763364,0.846770070922391
p.Leu128Gln,1.00299997953025,0.168216619243575,1.17121659877383,0.83478336028668
p.Arg81Cys,0.802387489482325,0.0304142932759675,0.832801782758293,0.771973196206358
p.Glu206Gly,0.983476741488609,0.08644588464321,1.06992262613182,0.8970308568454
p.Gln22Asp,0.815878995477004,0.207012209643014,0.608866785833992,1.02289120512002
p.Gln161His,1.03179240854209,0.07819019499335,0.95360221354874,1.10998260353544
p.Ala377Arg,1.04522146137872,0.04086896151508,1.0860904228938,1.00435249986364
p.Arg57Ter,-0.0702872365438513,0.0669858552000096,-0.137273091743861,-0.0033013813438416
p.Ala231Asp,1.12630509161625,0.10678173357873,1.23308682519498,1.01952335803752
p.Leu420Trp,1.17507848673534,0.0019119178650149,1.17699040460036,1.17316656887033
p.Glu494Ala,0.830351909489123,0.119727581277312,0.710624328211811,0.950079490766435
p.Gly488Ser,0.573557569518917,0.154907579939897,0.728465149458814,0.418649989579019
p.Ser278Trp,0.62921200476103,0.138974834877769,0.768186839638799,0.490237169883261
p.Phe138Lys,0.0511795636076568,0.138570944988321,-0.0873913813806649,0.189750508595978
p.Pro512Arg,0.801587281519901,0.225596473862078,0.575990807657824,1.02718375538198
p.Asn218Thr,0.23076310909212,0.136870109152665,0.367633218244785,0.0938929999394554
p.Leu268Gly,0.261347855124665,0.0410254158200024,0.302373270944668,0.220322439304663
p.Val208Trp,1.25267045951706,0.100353553837905,1.35302401335496,1.15231690567915
p.Val169Ter,0.0386236459384792,0.0412373731542272,0.0798610190927064,-0.0026137272157481
p.Ser278Phe,0.936115094133054,0.0763090736382979,1.01242416777135,0.859806020494754
p.Lys275Val,1.06394579418284,0.17907348439093,1.24301927857377,0.884872309791909
p.Gly505Cys,1.11033279227182,0.04548350372552,1.15581629599734,1.0648492885463
p.Thr402Tyr,0.936812279346628,0.055789191296143,0.881023088050485,0.992601470642771
p.Ser278Tyr,0.664459612996625,0.0804624988250274,0.744922111821652,0.583997114171597
p.Phe241Thr,1.14873745552255,0.0022691766029149,1.15100663212547,1.14646827891964
p.Lys97Cys,0.877233008822205,0.0709372875375155,0.806295721284689,0.94817029635972
p.Leu264Thr,0.59005152496561,0.0538246606914895,0.6438761856571,0.536226864274121
p.Ser189Trp,0.455013649627053,0.345493227484129,0.109520422142924,0.800506877111183
p.Ser296Ile,0.502855634430057,0.160488556906167,0.342367077523889,0.663344191336224
p.Phe216Asp,1.2391809934432,0.135129970256955,1.37431096370016,1.10405102318625
p.Leu442Gly,0.917250931037341,0.124992692798561,1.0422436238359,0.792258238238778
p.Leu190Glu,0.845167272084989,0.144193572810581,0.98936084489557,0.700973699274407
p.Glu170Ile,0.546105921073606,0.242970062292903,0.789075983366509,0.303135858780703
p.Phe373Tyr,0.998882077051006,0.060152909856705,0.9387291671943,1.05903498690771
p.Leu469His,1.27945529501698,0.1467590830117,1.42621437802868,1.13269621200528
p.Ala109Val,0.929977646415344,0.003668075366487,0.926309571048857,0.933645721781831
p.Leu356Ala,0.602936596908809,0.0813125746668794,0.521624022241929,0.684249171575688
p.Lys320His,1.03162866422849,0.071266487449672,1.10289515167816,0.960362176778816
p.Met404Ser,0.775994699287281,0.246035401714661,1.02203010100194,0.529959297572617
p.Lys152His,1.01574552820051,0.0141958383669449,1.00154968983356,1.02994136656745
p.Gly359Glu,0.0381259422771511,0.0368125312525269,0.0749384735296781,0.0013134110246242
p.Leu390Ala,0.546419087256019,0.0916454767870759,0.638064564043095,0.454773610468943
p.Lys46Trp,0.943028577038194,0.121036831448735,1.06406540848693,0.821991745589461
p.Trp53Ile,-0.0403812339550787,0.107274621589767,-0.147655855544846,0.0668933876346886
p.Tyr428Gln,1.23130101702167,0.128805569176125,1.3601065861978,1.10249544784555
p.Gln195Gly,0.65459240401114,0.048464986020392,0.703057390031532,0.606127417990748
p.Gln449Ser,0.951239122585482,0.03745366580374,0.913785456781742,0.988692788389222
p.Glu3Tyr,0.759266683022321,0.0040797025591344,0.763346385581456,0.755186980463187
p.Asn218Met,0.0091943685457204,0.0539109297526996,-0.0447165612069792,0.0631052982984201
p.Val284Tyr,1.10284520988082,0.0061413293529,1.10898653923372,1.09670388052792
p.His382Tyr,1.04631671786614,0.0307350843680549,1.0770518022342,1.01558163349809
p.Asp200Cys,1.0723256985994,0.01440956395323,1.08673526255263,1.05791613464617
p.Arg487Ala,1.04954020074206,0.0219866052631149,1.07152680600518,1.02755359547895
p.Ile35Tyr,0.032235801038428,0.10029687772102,-0.0680610766825918,0.132532678759448
p.Lys82His,1.11681051039647,0.0826124363628,1.19942294675927,1.03419807403367
p.Arg348Tyr,0.91646081212954,0.191841787548991,1.10830259967853,0.724619024580549
p.Ser106Cys,0.797029889117265,0.0391273702054539,0.836157259322719,0.757902518911811
p.Gly248Trp,1.07694671801415,0.08295199464916,1.15989871266331,0.99399472336499
p.Pro50Glu,0.0568818172553089,0.0837351095463581,-0.0268532922910493,0.140616926801667
p.Phe88Trp,0.706559736860799,0.0529866225528244,0.759546359413624,0.653573114307975
p.Ile472Phe,0.954230746575316,0.102417392060886,0.851813354514429,1.0566481386362
p.Glu170Leu,0.617969769253709,0.113245569672594,0.731215338926303,0.504724199581114
p.Phe21Ser,0.955192917572838,0.0101958435462389,0.965388761119077,0.944997074026599
p.Lys97Ala,0.805175813403549,0.267000107382001,0.538175706021548,1.07217592078555
p.Ser332Lys,0.385764462053684,0.163240104890172,0.549004566943856,0.222524357163512
p.Asp493Lys,1.12395439889106,0.073256125896485,1.19721052478755,1.05069827299458
p.Thr65Glu,-0.0289869694457235,0.0585070923455014,-0.0874940617912249,0.0295201228997779
p.Ala399His,1.19980429787975,0.0202791653546849,1.17952513252507,1.22008346323444
p.Leu43Phe,1.11717014478716,0.07051528717315,1.18768543196031,1.04665485761401
p.Lys46Leu,0.777396332347264,0.017831199853753,0.759565132493511,0.795227532201017
p.Lys403Thr,1.21256926757108,0.0568060436524849,1.26937531122357,1.1557632239186
p.Phe138Ser,0.176674749263358,0.133495747368494,0.310170496631852,0.043179001894863
p.Gln449Ile,0.881513031975566,0.138845507123504,1.02035853909907,0.742667524852062
p.Ala300Phe,1.09195103453492,0.0103841015346449,1.10233513606957,1.08156693300028
p.Val169Ala,0.907583041965581,0.0202961462275719,0.927879188193153,0.887286895738009
p.Cys294Trp,0.928679077294532,0.0308784598878604,0.959557537182392,0.897800617406671
p.Arg459Glu,1.08527836562294,0.0821393181950649,1.16741768381801,1.00313904742788
p.Ala116Val,0.82860838872871,0.03443148428147,0.79417690444724,0.86303987301018
p.Arg219Pro,0.847140263489189,0.0947761629715445,0.941916426460734,0.752364100517645
p.Arg487Lys,1.10108624895914,0.066184931021635,1.16727117998078,1.03490131793751
p.Leu362Asn,0.44955350938058,0.243955313414179,0.693508822794759,0.205598195966401
p.Lys45His,1.00548609674941,0.0648416718941229,1.07032776864353,0.940644424855284
p.Ile154Asn,-0.0495647029693193,0.0811586741651785,-0.130723377134498,0.0315939711958591
p.His374Asn,1.01713699089031,0.0447345478057389,0.972402443084572,1.06187153869605
p.Met405Gln,1.07064599872943,0.107786199114837,1.17843219784426,0.962859799614586
p.Met405Pro,0.689327207668387,0.164685720705439,0.854012928373826,0.524641486962948
p.Gly321Trp,0.300236256328733,0.148337342030049,0.448573598358782,0.151898914298684
p.His32Glu,0.565215037930112,0.0495880464469344,0.614803084377046,0.515626991483177
p.Phe101Gln,-0.00992415813974,0.110714071637834,-0.120638229777575,0.100789913498094
p.Phe250=,1.25248702765238,0.183163053163025,1.4356500808154,1.06932397448935
p.Glu193Val,0.627732477920312,0.461330575443799,1.08906305336411,0.166401902476511
p.Thr51Cys,0.924804212574802,0.05048246336722,0.874321749207582,0.975286675942022
p.Ser332Gln,0.373442209014798,0.0185107704965515,0.354931438518247,0.39195297951135
p.Leu495Thr,0.582918381517513,0.118188537418414,0.701106918935927,0.464729844099099
p.Pro50Ser,0.663767089910812,0.134553688587796,0.798320778498608,0.529213401323017
p.Gly222Asp,1.12993340301423,0.065463195146725,1.19539659816095,1.0644702078675
p.Gly254Cys,0.87912031185515,0.125101385019422,1.00422169687457,0.754018926835726
p.Ile36Gly,0.105919001248248,0.0479862184921267,0.0579327827561215,0.153905219740375
p.Val391Glu,0.653505261850763,0.117840706508178,0.771345968358941,0.535664555342585
p.Pro415Asp,0.842877928935223,0.208902138243548,1.05178006717877,0.633975790691673
p.Asp325Glu,0.64037381992898,0.330471882075363,0.309901937853616,0.970845702004343
p.Val150His,0.0214940051283253,0.059036885208799,-0.0375428800804738,0.0805308903371244
p.Leu390Ter,0.442744208584814,0.436920896139876,0.87966510472469,0.0058233124449388
p.Tyr49Trp,0.86154137216611,0.021279403907321,0.882820776073431,0.840261968258789
p.Glu457Gln,1.14915888109908,0.12927385217587,1.27843273327495,1.01988502892321
p.Gly163Ser,0.550241426554095,0.0635094261190015,0.613750852673097,0.486732000435094
p.Gly14Trp,0.856053372102672,0.051170473844549,0.907223845947221,0.804882898258123
p.Val271Gly,0.238518028100763,0.0035724027978925,0.242090430898655,0.23494562530287
p.Pro144Val,1.13613070049134,0.0757967712130299,1.21192747170437,1.06033392927831
p.Thr91Cys,0.873915769196437,0.0236555776701465,0.850260191526291,0.897571346866584
p.Lys508Gly,1.02693262660677,0.178872220182067,1.20580484678884,0.848060406424706
p.Gln22Leu,1.19778643705818,0.0914872469063949,1.28927368396457,1.10629919015178
p.Arg357Asn,1.13220720792897,0.12822806635582,1.26043527428479,1.00397914157315
p.Ala338Leu,0.0528516267548274,0.0530228889400542,0.105874515694882,-0.0001712621852266
p.Trp54Lys,0.963021948138709,0.0760334675577804,0.886988480580929,1.03905541569649
p.Met212Asn,0.481821949912426,0.16068379298919,0.642505742901616,0.321138156923235
p.Asn210His,1.17990779790985,0.16338538154416,1.34329317945401,1.01652241636569
p.Met159Val,0.802777242343321,0.149029675604092,0.653747566739229,0.951806917947414
p.Ile80Gln,0.75254602292388,0.0885460577116234,0.841092080635504,0.663999965212257
p.Phe56Trp,0.953425842288399,0.0313508364806194,0.92207500580778,0.984776678769019
p.Ala25Ter,0.280070174480384,0.252854694162712,0.532924868643096,0.0272154803176718
p.Asn165Gln,0.686846232139545,0.066073234826712,0.752919466966257,0.620772997312833
p.Ala361Ser,0.910881527563097,0.031650432973911,0.879231094589186,0.942531960537008
p.Gly505His,1.13610758109121,0.0391886987814,1.17529627987261,1.09691888230981
p.Met496Asn,0.785076041677593,0.0528634484872084,0.837939490164802,0.732212593190385
p.Asp282Ser,0.858177787112446,0.0895841169202389,0.768593670192207,0.947761904032685
p.Ile167Arg,-0.0007227306641742,0.0853564275385298,-0.0860791582027041,0.0846336968743556
p.Lys152Asn,1.12738717065654,0.045748383771655,1.1731355544282,1.08163878688489
p.Lys408Ile,1.2358888577023,0.056307324681735,1.29219618238403,1.17958153302056
p.Arg72Met,1.05172270534234,0.166223996144371,1.21794670148671,0.885498709197969
p.Ala141Pro,0.16787572786011,0.0725846586300845,0.0952910692300258,0.240460386490195
p.Ile480Met,0.940817124210718,0.0088478220036875,0.949664946214405,0.93196930220703
p.Val499His,1.02336069910282,0.067462728959156,1.09082342806197,0.955897970143658
p.Phe102Asn,0.248949832139254,0.0235150329618309,0.225434799177423,0.272464865101085
p.Leu422Ser,0.875880601262812,0.0690943432327275,0.806786258030085,0.94497494449554
p.Met273Trp,0.0823208218975407,0.0174779718796756,0.0997987937772164,0.0648428500178651
p.Arg9Trp,0.747337821048167,0.0082911430229919,0.739046678025175,0.755628964071159
p.Val233Phe,0.414687741903052,0.0860859572146459,0.500773699117698,0.328601784688406
p.Ser448Ile,0.947743290147796,0.0505812840773209,0.897162006070475,0.998324574225117
p.Leu474Cys,0.716148314352066,0.047711779436351,0.763860093788417,0.668436534915715
p.Phe138=,1.10162231492051,0.0923334878214751,1.19395580274198,1.00928882709903
p.Pro481Asp,0.927689341657261,0.0718668276822495,0.855822513975012,0.999556169339511
p.Ser73Gln,0.944473664086795,0.051110383200851,0.995584047287646,0.893363280885944
p.Val303Glu,0.103885400265889,0.0287526682211337,0.0751327320447555,0.132638068487023
p.Cys385His,0.965212909565681,0.0804680688252305,1.04568097839091,0.884744840740449
p.Val68Asp,0.0719767838539067,0.116650386530953,-0.0446736026770465,0.18862717038486
p.Ser8Cys,0.79321821848736,0.105633550775405,0.687584667711955,0.898851769262766
p.Arg487Val,1.00010666670328,0.000243229683602,0.999863437019676,1.00034989638688
p.Ser157Gly,0.875670533603079,0.111956886041134,0.763713647561944,0.987627419644213
p.Glu491Ser,0.750554133916355,0.037576187954395,0.71297794596196,0.78813032187075
p.Leu121Asn,0.0510745757768504,0.119899187334329,-0.0688246115574788,0.17097376311118
p.Asn346Lys,0.549122379646419,0.086447164113639,0.635569543760058,0.46267521553278
p.Asn153Arg,0.914165743713702,0.0264786718245049,0.940644415538207,0.887687071889197
p.Cys446Pro,0.26545384084678,0.173157090209282,0.438610931056062,0.0922967506374977
p.Pro329Ala,0.964635754776351,0.166890589860078,0.797745164916273,1.13152634463643
p.Tyr503Thr,1.18087550214118,0.076633411111975,1.25750891325315,1.1042420910292
p.Pro326Thr,1.0051807919413,0.0634647128868215,1.06864550482812,0.941716079054477
p.Ala367Lys,0.819625929081624,0.0298033692290555,0.789822559852568,0.849429298310679
p.Ile67His,0.308058031626672,0.200443999037875,0.508502030664547,0.107614032588797
p.Glu156Asn,0.906606372141614,0.059894326719652,0.846712045421962,0.966500698861266
p.Pro477Thr,1.04704500041217,0.0084251431690849,1.05547014358126,1.03861985724309
p.Cys358Tyr,0.199498694588919,0.170963301540046,0.370461996128965,0.0285353930488729
p.Lys293Tyr,0.619612919114338,0.0594236661366945,0.679036585251032,0.560189252977643
p.Asn135Met,0.770831781198934,0.0391679524582764,0.809999733657211,0.731663828740658
p.Leu61Tyr,-0.0216885244114113,0.0245517303093612,-0.0462402547207725,0.00286320589795
p.Ala377=,0.956810145931163,0.0036266260649769,0.953183519866186,0.96043677199614
p.Thr333Ala,0.838934618509088,0.0453887064085159,0.793545912100572,0.884323324917604
p.Asp421=,1.11890750932004,0.125009642683717,1.24391715200376,0.993897866636326
p.Tyr197Cys,0.123209409006858,0.0588269355061234,0.0643824735007341,0.182036344512981
p.Ala44Tyr,0.390243383449417,0.0012147306901549,0.391458114139572,0.389028652759262
p.Phe221Cys,1.16627670209744,0.0849484352155549,1.25122513731299,1.08132826688188
p.Leu96Glu,1.05589169402897,0.0262653595717199,1.08215705360069,1.02962633445725
p.Gly500Arg,1.12102685729236,0.0444148195330249,1.16544167682538,1.07661203775933
p.Asp421Gly,0.889746618770629,0.0461962213869979,0.843550397383631,0.935942840157627
p.Arg219His,1.00005387646705,0.0324913894297554,1.03254526589681,0.967562487037299
p.Gly38=,0.96447090636443,0.106544127868892,0.857926778495536,1.07101503423332
p.Gly204Ter,0.105083236346325,0.12416269260047,0.229245928946795,-0.0190794562541445
p.Gly505=,1.00739974755827,0.0164216914464994,0.990978056111771,1.02382143900477
p.Glu475Trp,0.847933180906556,0.0007045602419539,0.84863774114851,0.847228620664602
p.Val400=,1.15424897549227,0.04290681615257,1.19715579164484,1.1113421593397
p.Gln119Tyr,1.09348296632673,0.0828790831320199,1.17636204945875,1.01060388319471
p.Ser117Val,0.67397355696622,0.155238741811669,0.829212298777889,0.518734815154551
p.Ala39Ile,0.51161032322888,0.0269669281035194,0.5385772513324,0.484643395125361
p.Glu347Pro,1.09367455816734,0.0153242765718749,1.10899883473922,1.07835028159547
p.Thr336Glu,0.353067657427374,0.0465265356876485,0.399594193115023,0.306541121739726
p.Tyr107Glu,0.108202746481651,0.0208347759507126,0.0873679705309378,0.129037522432363
p.Ile220Pro,0.355387824334635,0.193202106762652,0.548589931097287,0.162185717571983
p.Ile162Trp,0.977106878183179,0.0562209921320819,0.920885886051096,1.03332787031526
p.Thr279Asn,0.865822976811849,0.0053413539190064,0.860481622892843,0.871164330730856
p.Asn165Gly,0.65580686528949,0.100160678833813,0.555646186455676,0.755967544123303
p.Val233Ter,0.0006706691436818,0.0006706691436818,0,0.0013413382873636
p.Leu468Thr,0.968204626889493,0.094252057637736,1.06245668452723,0.873952569251758
p.Arg463Gly,0.649610306539177,0.193912847957976,0.843523154497153,0.4556974585812
p.Asp176=,1.01991309807169,0.0302361183135324,1.05014921638522,0.989676979758155
p.Gln119Leu,0.830493194214628,0.152269171166191,0.678224023048437,0.982762365380819
p.Pro62Thr,0.687988757564769,0.0067566825493775,0.681232075015392,0.694745440114147
p.Asp200Ser,1.15710692944118,0.116399361628255,1.27350629106943,1.04070756781292
p.Glu18Ile,0.953694666893589,0.327154046586723,1.28084871348031,0.626540620306863
p.Pro409Arg,0.966977156673562,0.026830737552749,0.993807894226311,0.940146419120813
p.Arg459=,1.00634634536612,0.064216164746412,1.07056251011253,0.942130180619706
p.Asp194Gly,0.792944537294748,0.0615833025022055,0.731361234792542,0.854527839796953
p.Val12Lys,1.01524175131884,0.0079692140253249,1.02321096534416,1.00727253729351
p.Asp251Glu,0.942616016571168,0.0602290917555435,1.00284510832671,0.882386924815623
p.Glu85Met,0.948677537206948,0.0519147040400129,1.00059224124696,0.896762833166934
p.Gly14Asn,1.15985375279398,0.0367727663860349,1.19662651918001,1.12308098640794
p.Ala377Ter,-0.0679761500234559,0.0663333813226799,-0.134309531346136,-0.001642768700776
p.Gly359Lys,0.326262682824711,0.193500906205128,0.519763589029839,0.132761776619584
p.Gly163Pro,0.15737421593591,0.0218868923967744,0.179261108332685,0.135487323539136
p.Thr402Val,0.684912869844586,0.356654029514692,0.328258840329896,1.04156689935928
p.Gln471Glu,0.983775340166965,0.0053320666947214,0.989107406861687,0.978443273472244
p.Asp282Leu,0.843624281057096,0.030159031967169,0.813465249089927,0.873783313024265
p.Glu417Cys,1.1490369243933,0.0476472565317549,1.19668418092506,1.10138966786155
p.Phe337Asp,0.577960315595999,0.217963457738752,0.795923773334751,0.359996857857247
p.Val304=,1.07908976306181,0.0756413798354149,1.15473114289723,1.0034483832264
p.Arg459Met,0.827831711838281,0.105787335974875,0.722044375863406,0.933619047813156
p.Gln307Pro,0.192213423183424,0.0032851712843205,0.195498594467744,0.188928251899103
p.Ala367Leu,0.957476255513191,0.0159573149220059,0.973433570435197,0.941518940591185
p.Arg175Val,1.07773507293251,0.0311656262732349,1.10890069920574,1.04656944665927
p.Arg246Ter,0.232173798343698,0.193236661656658,0.425410460000356,0.0389371366870404
p.Ile199Trp,0.352944292652199,0.126967181076368,0.479911473728566,0.225977111575831
p.Leu183Gln,1.03186936824123,0.0643510724329385,1.09622044067417,0.967518295808293
p.Ala231Lys,0.972866400408682,0.127234791509648,0.845631608899033,1.10010119191833
p.Gly306Arg,0.152100928941901,0.0184306417711964,0.133670287170705,0.170531570713098
p.Ala436Met,1.27300250968398,0.0545740895204199,1.3275765992044,1.21842842016356
p.Gly163Thr,0.0710475399689665,0.0372898660722774,0.108337406041244,0.033757673896689
p.Phe373Arg,0.0836084452977419,0.077342895700346,0.0062655495973959,0.160951340998088
p.Leu61Val,0.856821258108643,0.0110424446222494,0.867863702730892,0.845778813486393
p.Val213Lys,0.835438778823739,0.174577057371372,1.01001583619511,0.660861721452365
p.Ser106Val,0.954260444582613,0.126054644097499,1.08031508868011,0.828205800485113
p.Arg227His,0.951110811765727,0.0273346452542045,0.923776166511522,0.978445457019931
p.Asp100Gly,0.820380754600229,0.0589556189712329,0.761425135628996,0.879336373571462
p.Leu235Asn,0.0476998297935547,0.0301049869846643,0.0175948428088903,0.0778048167782191
p.Asp100His,0.853832083420113,0.188562231928085,0.665269851492029,1.0423943153482
p.Gly425Pro,1.19352905826588,0.071869515760755,1.26539857402664,1.12165954250513
p.Asn302Tyr,0.904049976431626,0.152249863732286,0.751800112699338,1.05629984016391
p.Gln111Met,0.747937567187175,0.240438363333567,0.507499203853608,0.988375930520743
p.His263Ser,1.26789051060299,0.04409085836726,1.31198136897025,1.22379965223573
p.Asn185Gln,0.914840934335338,0.110194655493865,0.804646278841471,1.0250355898292
p.Glu297Phe,1.0517900760565,0.306935686533807,1.35872576259031,0.744854389522696
p.Gly14Ter,-0.107572171540373,0.0734396503296385,-0.181011821870011,-0.0341325212107339
p.Thr31Leu,0.886884101315166,0.040524342575652,0.846359758739514,0.927408443890818
p.Cys294Pro,0.261483275497261,0.056696328112119,0.204786947385142,0.31817960360938
p.Asp350Cys,1.08464037968509,0.0801298916204499,1.16477027130554,1.00451048806464
p.Val309Phe,0.949837605074563,0.0101132185056824,0.93972438656888,0.959950823580245
p.Glu93Pro,0.865030152409966,0.0304330517374819,0.895463204147448,0.834597100672484
p.Arg166=,1.0323836098329,0.0913942012861434,0.940989408546753,1.12377781111904
p.Ile220Ala,0.763384205598252,0.161519093155514,0.924903298753766,0.601865112442737
p.Asp375Phe,0.599483011345488,0.020242010231838,0.57924100111365,0.619725021577326
p.Ile380Trp,1.19833747290074,0.0526699762541749,1.25100744915492,1.14566749664657
p.Asn363Ile,0.321470397801442,0.153804021887247,0.475274419688689,0.167666375914195
p.Ile255Leu,0.841598773805447,0.0694522543423065,0.911051028147754,0.772146519463141
p.Gln195Met,0.911791443782958,0.0315943177184445,0.943385761501403,0.880197126064514
p.Arg17Ala,1.04359591512733,0.0676870321441859,1.11128294727151,0.975908882983138
p.Lys293Phe,0.364452551491888,0.073875019714673,0.438327571206561,0.290577531777215
p.Cys13Ile,0.899052005720932,0.0132182911867095,0.912270296907642,0.885833714534223
p.Pro477Val,1.0846967126997,0.035737679329745,1.12043439202944,1.04895903336995
p.Thr236Ter,0.0980420799709047,0.0651395608505925,0.163181640821497,0.0329025191203119
p.Asp282Glu,1.16720901699175,0.069083789796455,1.2362928067882,1.09812522719529
p.Asp58Ala,0.581729585048209,0.390297647600232,0.191431937447976,0.972027232648441
p.Phe26Ter,0.0101927773647975,0.0694502843002498,-0.0592575069354523,0.0796430616650474
p.Arg439Asp,1.23785593423208,0.01346706407967,1.25132299831175,1.22438887015241
p.Leu98Cys,0.688750132062821,0.028259898968051,0.717010031030872,0.66049023309477
p.Leu292Trp,0.119278698005242,0.0561991110971165,0.175477809102358,0.0630795869081249
p.Ser180Phe,0.544178624260876,0.099192215369238,0.444986408891638,0.643370839630114
p.Pro172Met,0.820819911688566,0.060794396323982,0.881614308012548,0.760025515364584
p.Gln383Phe,0.997606971918049,0.0446339851622519,1.0422409570803,0.952972986755796
p.Ile199Ala,1.14525944891604,0.0617277589032849,1.20698720781932,1.08353169001275
p.Arg330Asp,1.07749166520048,0.041599063710885,1.11909072891136,1.03589260148959
p.Asn426Glu,0.983374483056927,0.015792601667088,0.967581881389839,0.999167084724015
p.Lys432Pro,1.28822117609386,0.09854966144343,1.38677083753729,1.18967151465043
p.Leu137Val,1.22137201325617,0.104436782489915,1.32580879574608,1.11693523076625
p.Arg9Glu,0.528714474541096,0.240331968615773,0.288382505925322,0.769046443156869
p.Phe34Ser,0.340169893097033,0.0355844770214869,0.304585416075546,0.37575437011852
p.Asn126Pro,0.126646187775221,0.0161793065087079,0.142825494283929,0.110466881266513
p.Gly248Ile,1.1577773730525,0.0080188013725099,1.16579617442501,1.14975857167999
p.Glu156Thr,0.960583494172138,0.0021115424913649,0.958471951680773,0.962695036663503
p.Leu177Cys,1.04301851992095,0.1886159469141,1.23163446683505,0.854402573006849
p.Arg285Ile,0.718229051558474,0.0025089690747759,0.72073802063325,0.715720082483698
p.Gln502Gly,1.16830962793614,0.14214059889096,1.3104502268271,1.02616902904518
p.Gln161Val,1.11631943339724,0.0496481268905799,1.16596756028782,1.06667130650666
p.Cys232=,1.00332649574932,0.0461190941024705,0.957207401646849,1.04944558985179
p.Phe173Ile,0.788822195900605,0.0205841884913174,0.809406384391923,0.768238007409288
p.Val108Lys,0.340106283747893,0.0562015462111079,0.283904737536785,0.396307829959001
p.Pro481Leu,0.807220063564428,0.0048378274636345,0.812057891028062,0.802382236100793
p.Ala78Ser,1.01761087714865,0.029511379851573,0.988099497297074,1.04712225700022
p.Gly359His,0.133364739982488,0.0240643555364584,0.10930038444603,0.157429095518947
p.Thr51Glu,1.09221853802676,0.11445398080645,1.20667251883321,0.97776455722031
p.Arg348Thr,1.13679758259219,0.0202040448093749,1.11659353778281,1.15700162740156
p.Arg463Met,0.335269781344639,0.0522309906619814,0.283038790682658,0.387500772006621
p.Val233Cys,1.04262336906922,0.155856942820151,1.19848031188937,0.886766426249068
p.Arg348Glu,0.90305181041076,0.0683922080415619,0.971444018452322,0.834659602369198
p.Cys158Asn,0.676054581760348,0.0307660127739794,0.645288568986368,0.706820594534327
p.Ser184Gln,0.859566439081849,0.0555114218942165,0.804055017187632,0.915077860976065
p.His451Ser,1.17930859511566,0.0723183447834999,1.25162693989916,1.10699025033216
p.Trp509Val,1.16047313588288,0.089602668666175,1.25007580454905,1.0708704672167
p.Thr327Trp,1.04968151929996,0.0741758474198729,1.12385736671983,0.975505671880084
p.Lys476=,0.552908476447984,0.283178215177362,0.269730261270622,0.836086691625346
p.Thr423Ser,1.11912726526362,0.075943069300315,1.19507033456394,1.04318419596331
p.Ile483Lys,1.12949136318781,0.136911661319245,1.26640302450705,0.992579701868559
p.Leu292Ala,0.873760171884485,0.0168708429782274,0.856889328906258,0.890631014862713
p.Asn126Ter,-0.0801525408049849,0.0512141620462461,-0.131366702851231,-0.0289383787587387
p.Gly485Ter,0.237125497989742,0.139351117136722,0.376476615126464,0.0977743808530207
p.Asp114Ter,0.145246903222546,0.108125003021449,0.253371906243995,0.0371219002010974
p.Asp176Trp,0.706650995881028,0.202059030470656,0.908710026351684,0.504591965410372
p.Arg81Lys,0.979561474918807,0.092057434671821,1.07161890959063,0.887504040246988
p.Gln266Asn,1.22105938742247,0.10664256869338,1.32770195611585,1.11441681872909
p.Ala127Asn,0.884378502265565,0.067111498356071,0.817267003909494,0.951490000621636
p.Gln4Leu,0.895648771647612,0.0160672066134139,0.911715978261026,0.879581565034198
p.Lys403His,1.33394517090738,0.169599151214455,1.50354432212183,1.16434601969292
p.Glu148Arg,1.13193488050962,0.104051464498115,1.23598634500773,1.0278834160115
p.Tyr401Cys,1.29160742528143,0.2256731593314,1.51728058461283,1.06593426595003
p.Val5Ala,0.987397086089542,0.0029021358399244,0.990299221929467,0.984494950249618
p.Ile392Ter,0.031000389032983,0.0024382919678683,0.0334386810008513,0.0285620970651147
p.Thr319Asn,0.816702132220835,0.215866109341404,0.600836022879431,1.03256824156224
p.Lys320Tyr,0.983278898086278,0.05260468725329,1.03588358533957,0.93067421083299
p.Val213Gly,1.0614700766142,0.136428786220624,1.19789886283482,0.925041290393571
p.Cys385Ala,1.00794702264522,0.119977013952275,1.12792403659749,0.88797000869294
p.Tyr118Phe,1.16598130237178,0.120734528249935,1.28671583062171,1.04524677412184
p.Arg74Pro,0.938953479511506,0.0531740784499785,0.885779401061527,0.992127557961484
p.Tyr428Ile,1.21607360601923,0.12276411619783,1.33883772221706,1.0933094898214
p.Leu342Pro,0.243640689977628,0.329362482343858,-0.0857217923662305,0.573003172321486
p.Gly331Ser,1.05687503228141,0.0002033974887098,1.0566716347927,1.05707842977012
p.Val340Glu,0.124281671423546,0.0878163904400061,0.212098061863552,0.0364652809835398
p.Val352Gly,0.213175418217736,0.123820864143209,0.336996282360945,0.0893545540745274
p.Arg357Leu,1.15899339823997,0.0801167827009899,1.23911018094096,1.07887661553898
p.Asp58Tyr,0.968008698375362,0.107816051360068,1.07582474973543,0.860192647015293
p.Ala109Asp,0.897605644917688,0.0313178932678435,0.928923538185532,0.866287751649845
p.Lys386Ser,1.2000676782288,0.0652366576199049,1.2653043358487,1.13483102060889
p.Leu433Asp,1.02459542227629,0.0281092682653839,0.996486154010902,1.05270469054167
p.Leu214Arg,0.26536569282762,0.212242415671257,0.477608108498877,0.0531232771563625
p.Arg17Phe,0.979602725537082,0.289884189720975,1.26948691525806,0.68971853581611
p.Cys13Lys,0.893155997954516,0.110187602351524,0.782968395602993,1.00334360030604
p.Arg393Thr,1.23192944546306,0.050591928713495,1.28252137417655,1.18133751674956
p.Phe173Val,0.647856816344926,0.043905757523911,0.603951058821015,0.691762573868837
p.Arg357Ter,-0.0896766367231154,0.0658436725743063,-0.155520309297422,-0.0238329641488093
p.Ser160Gln,0.840790135258587,0.118954138004489,0.959744273263076,0.721835997254098
p.Trp164Gln,0.756995039664469,0.207144741831539,0.549850297832929,0.964139781496008
p.Arg498=,0.995333161203673,0.0893388094644539,0.905994351739222,1.08467197066813
p.Pro396Val,0.112818876180829,0.0628711392182684,0.175690015399097,0.0499477369625602
p.Leu183=,1.10347053192193,0.02520263602597,1.07826789589596,1.1286731679479
p.Phe445Gly,0.0548300476511874,0.0271539798960607,0.0819840275472482,0.0276760677551267
p.Glu274Phe,0.0391809255494254,0.0314974340218401,0.0706783595712655,0.0076834915275852
p.Phe87Glu,0.763540506402163,0.0233410268923339,0.740199479509829,0.786881533294497
p.Lys47Tyr,1.14376184935862,0.01968685642055,1.16344870577917,1.12407499293807
p.Ile230His,0.668539064535503,0.477746384482887,1.14628544901839,0.190792680052616
p.Ala134Gln,0.915051611767146,0.103741460360004,0.811310151407143,1.01879307212715
p.Tyr437Arg,1.23868329754898,0.12317828744876,1.36186158499774,1.11550501010022
p.Thr406Ser,1.04251908375316,0.0759459052818345,1.11846498903499,0.966573178471321
p.Lys508Gln,1.03146542249662,0.0262003313861,1.05766575388272,1.00526509111052
p.Tyr112Ter,-0.0296229089796391,0.0333217504375175,-0.0629446594171566,0.0036988414578785
p.Glu491Pro,0.892177732929971,0.038424995212746,0.930602728142717,0.853752737717225
p.Phe253Tyr,0.925770929249351,0.195069482441737,0.730701446807616,1.12084041169109
p.Trp54Ser,0.867146943262828,0.224887945408854,0.642258997853971,1.09203488867168
p.Asp176Arg,0.784314557492759,0.164286096909728,0.948600654402487,0.620028460583031
p.Trp349Ile,0.403474719743964,0.295512527021325,0.698987246765289,0.107962192722639
p.Glu460Gln,0.983230739160424,0.0048210623876909,0.978409676772733,0.988051801548115
p.Ser73Pro,0.924387018765225,0.0068780201338269,0.917508998631398,0.931265038899052
p.Gln384Trp,1.02187991031185,0.201174980006095,1.22305489031795,0.820704930305759
p.Phe87Ile,0.761914990548068,0.149622286131716,0.911537276679784,0.612292704416353
p.Phe253Arg,1.11000240339788,0.0317867648764499,1.14178916827433,1.07821563852143
p.Cys269Pro,1.02151491725155,0.028372410084749,1.0498873273363,0.993142507166802
p.Arg393His,1.17878633650927,0.15599090702496,1.33477724353423,1.02279542948431
p.Leu235Met,0.912907411528383,0.0125704531257865,0.92547786465417,0.900336958402597
p.Ala78His,0.559894668644,0.179344078456253,0.380550590187747,0.739238747100253
p.Arg454Gly,0.993461297706806,0.103535013116546,1.09699631082335,0.889926284590259
p.Tyr118Ser,0.18570684789124,0.0705348176279815,0.256241665519221,0.115172030263258
p.Glu297His,0.764012523304797,0.0363940902098994,0.727618433094898,0.800406613514697
p.Leu96Met,1.1068219954933,0.028342200623895,1.13516419611719,1.0784797948694
p.Pro143Glu,1.06405316221999,0.0129793008160449,1.07703246303603,1.05107386140394
p.Asn64Tyr,0.669739525839241,0.0500952736544384,0.71983479949368,0.619644252184803
p.Tyr107Trp,0.80160899056413,0.0657977062483819,0.735811284315748,0.867406696812512
p.Ile48Phe,0.351498683353231,0.039945084216523,0.391443767569754,0.311553599136708
p.Ser29Leu,1.06881395369385,0.0284934966100749,1.04032045708378,1.09730745030393
p.Val453Trp,1.28727925714869,0.0803370079827049,1.36761626513139,1.20694224916598
p.Ile483Ser,0.983984556085656,0.0800176764327659,0.903966879652888,1.06400223251842
p.Gly59=,0.938552110046576,0.0828261697467565,0.855725940299817,1.02137827979333
p.Val400Gln,0.786954272129248,0.096376199809065,0.883330471938313,0.690578072320183
p.Glu244Asp,1.08741897884854,0.0540626542112049,1.14148163305974,1.03335632463733
p.Arg104Ser,0.497829465797736,0.149989296402866,0.34784016939487,0.647818762200602
p.Phe253Ser,0.955755576326077,0.004536666268649,0.960292242594726,0.951218910057428
p.Thr243=,1.14961909455112,0.085118102382805,1.23473719693393,1.06450099216832
p.Pro467Val,0.825036931443705,0.0642508056817025,0.889287737125408,0.760786125762003
p.Glu274=,1.0420898730475,0.0742075568126375,0.967882316234865,1.11629742986014
p.Ile36Ala,0.323379699749898,0.104628789965842,0.42800848971574,0.218750909784056
p.Arg463Trp,0.104949832945862,0.0667671673989123,0.171717000344775,0.0381826655469503
p.Glu19Lys,0.682300739126166,0.140487221461594,0.541813517664572,0.82278796058776
p.Ala127Glu,0.96331397797159,0.0516789681566119,0.911635009814976,1.0149929461282
p.Ile355Cys,0.521625808752971,0.306913961329213,0.828539770082184,0.214711847423757
p.Ser180Leu,0.786444933749709,0.0075957995460579,0.794040733295767,0.778849134203651
p.Val233=,0.982151534702279,0.0827756683025535,1.06492720300483,0.899375866399723
p.Pro276Lys,-0.0024948896716562,0.0863583013300527,-0.088853191001709,0.0838634116583965
p.Ile472Ala,0.897429121637501,0.0111721803094534,0.908601301946954,0.886256941328047
p.Glu460Lys,-0.0119394155829167,0.0265509625065124,-0.0384903780894291,0.0146115469235958
p.Ile472His,1.02645219940529,0.0955576959712699,1.12200989537656,0.93089450343402
p.Ser157Phe,1.01384930823197,0.020150512720638,0.993698795511334,1.03399982095261
p.Met411Pro,0.690884422164867,0.162758498258123,0.528125923906744,0.85364292042299
p.Glu315Cys,0.954155494799723,0.0322545096372984,0.986410004437022,0.921900985162425
p.Gly316Lys,0.995525072500143,0.0082096779643754,1.00373475046452,0.987315394535769
p.Gly316Phe,1.046016104533,0.0903991730228205,1.13641527755582,0.955616931510179
p.Leu305Asp,0.216970064541698,0.115279584250113,0.101690480291585,0.332249648791812
p.Glu239Ile,0.944589550527445,0.0644595046975345,1.00904905522498,0.880130045829911
p.Glu389Gly,0.807436344341483,0.186259854590604,0.993696198932087,0.62117648975088
p.Arg246=,1.10800110304743,0.033227567222885,1.07477353582454,1.14122867027031
p.Ala217Leu,-0.0024999292564673,0.0200193755333869,-0.0225193047898544,0.0175194462769196
p.Ala399Pro,0.988600135019206,0.259710642989482,1.24831077800869,0.728889492029725
p.Phe237Ser,0.774266979492221,0.0478873650010084,0.726379614491213,0.82215434449323
p.Arg463Lys,0.980608743732616,0.026886099674464,1.00749484340708,0.953722644058152
p.Met37Glu,0.0153073720722975,0.009231744334918,0.0060756277373795,0.0245391164072155
p.Glu148Asp,1.14709470013035,0.167947911964069,1.31504261209442,0.979146788166281
p.Glu244His,1.13259144000808,0.139910861195807,1.27250230120389,0.992680578812275
p.Asp421Arg,0.854289886058413,0.112799625248992,0.741490260809421,0.967089511307405
p.Arg175Thr,0.88671439938687,0.0258253295190125,0.860889069867857,0.912539728905882
p.Trp462Met,1.16644201333279,0.0104072705639449,1.17684928389673,1.15603474276884
p.Pro409Phe,1.18971358258592,0.0157609730341199,1.20547455562004,1.1739526095518
p.Tyr202=,1.07564649549663,0.0138122774583,1.06183421803833,1.08945877295493
p.Ile380Ala,0.331303798329066,0.199909178777489,0.131394619551577,0.531212977106555
p.Phe26Tyr,1.14681179057714,0.159397687735702,1.30620947831284,0.987414102841435
p.Cys294Phe,1.07318888362254,0.047144659879355,1.1203335435019,1.02604422374319
p.Glu475Val,0.981186642600463,0.0320196617547849,1.01320630435525,0.94916698084568
p.Pro326Met,0.969396703369326,0.143714133050625,0.8256825703187,1.11311083641995
p.Asp24Val,1.03042352893991,0.0734866488583305,0.956936880081579,1.10391017779824
p.Ala436Tyr,1.12417985099552,0.189983206497183,1.3141630574927,0.934196644498334
p.Tyr118=,1.07134071522146,0.0483141794166149,1.02302653580485,1.11965489463808
p.Tyr249Asn,1.20830215907061,0.0852719419365649,1.29357410100717,1.12303021713404
p.Leu292Cys,0.888249918452415,0.164421863467754,1.05267178192017,0.723828054984662
p.His129Gln,1.03141243759473,0.0201135525878849,1.05152599018261,1.01129888500684
p.Ala377Trp,1.06722612443198,0.142042791288973,1.20926891572095,0.925183333143004
p.Trp462Ser,1.09622388949561,0.0958302105147249,1.19205410001033,1.00039367898088
p.Gly316Glu,0.743870342578156,0.241484555795944,0.502385786782212,0.985354898374101
p.Glu244Ile,0.996228897985603,0.062709642174348,1.05893854015995,0.933519255811254
p.Gly488Met,0.578895295862991,0.076794071202828,0.655689367065819,0.502101224660163
p.Lys478Ser,0.821226834652528,0.13411878152385,0.687108053128678,0.955345616176377
p.Pro489Ile,1.0557446603205,0.249559245631206,1.30530390595171,0.806185414689297
p.Gln395Lys,1.09356173498581,0.03440380243931,1.12796553742512,1.0591579325465
p.Ile168Pro,0.289721373991126,0.0235766439519539,0.31329801794308,0.266144730039172
p.Asn218Gly,0.0548656535196716,0.0280902930587398,0.0829559465784115,0.0267753604609318
p.Lys46Glu,1.11769210795468,0.133066771252529,1.25075887920721,0.984625336702152
p.Asp421Ser,0.633758936135632,0.184693417479408,0.449065518656224,0.81845235361504
p.Ile472Asn,0.894079469593409,0.0250381832817579,0.869041286311651,0.919117652875167
p.Val341Tyr,0.514358411554417,0.078866065065523,0.435492346488894,0.59322447661994
p.Ile33Asn,0.341766722957116,0.0354821524229095,0.377248875380026,0.306284570534207
p.His201=,1.10000602028011,0.09493419791027,1.19494021819038,1.00507182236984
p.Arg136Val,0.685716998461107,0.015787696069097,0.701504694530204,0.66992930239201
p.Asp176Thr,0.871863661936657,0.0140560848320889,0.857807577104568,0.885919746768746
p.Val400Phe,1.11912029501102,0.0608226366134899,1.17994293162451,1.05829765839753
p.Thr423His,1.00608812828453,0.0925569183606694,0.913531209923861,1.0986450466452
p.Gly378Phe,1.05151312301644,0.103833819063894,1.15534694208033,0.947679303952542
p.Asp181Ile,0.796067741448923,0.0797743238959344,0.716293417552989,0.875842065344858
p.Ile15Phe,1.09532739838119,0.09376117514551,1.1890885735267,1.00156622323568
p.Glu287Ter,0.170582934894643,0.10803614487478,0.278619079769423,0.0625467900198635
p.Ser189Lys,0.871121348922155,0.105696767055823,0.765424581866332,0.976818115977978
p.Ala44Cys,0.528972520381908,0.117053229659459,0.411919290722448,0.646025750041367
p.Cys13Ser,0.866859253413133,0.020311566855003,0.887170820268136,0.84654768655813
p.Pro276Cys,0.371949268762052,0.0833239217468309,0.455273190508883,0.288625347015221
p.Glu297=,0.943166189356201,0.0724469287921079,0.870719260564094,1.01561311814831
p.Val289Asn,0.903384745797649,0.0464220865579109,0.856962659239738,0.94980683235556
p.Asn153Gln,1.06513678846699,0.036127704377265,1.10126449284425,1.02900908408972
p.Ile15Val,0.982291322154901,0.03001295594446,0.95227836621044,1.01230427809936
p.Gly247Leu,0.928945230928408,0.053646179443732,0.98259141037214,0.875299051484676
p.Ser455Phe,0.938896791272279,0.0297976169822675,0.968694408254547,0.909099174290012
p.Gly174Ser,0.865015090030484,0.0870520272921845,0.952067117322668,0.777963062738299
p.Gln299Val,1.0592568481582,0.0554425931174899,1.11469944127569,1.00381425504071
p.Leu211Met,1.15625926414167,0.115032004212305,1.27129126835397,1.04122725992936
p.Val213Thr,1.20123685020832,0.137866433343705,1.33910328355203,1.06337041686462
p.Glu315Thr,0.831606327109131,0.103053200222739,0.728553126886393,0.93465952733187
p.Phe237Gly,0.404004199832917,0.079994249799071,0.324009950033846,0.483998449631988
p.Gly69Tyr,0.038920662623583,0.015431118528905,0.054351781152488,0.0234895440946779
p.Asn262Ala,1.18085577076062,0.11092714079134,1.29178291155196,1.06992862996928
p.Phe452Thr,0.694433627738374,0.189508007595857,0.883941635334231,0.504925620142517
p.Phe452Gln,0.158927157798528,0.0899260160714968,0.248853173870025,0.0690011417270313
p.Leu96Ala,0.884143242070637,0.0934669374196594,0.790676304650977,0.977610179490296
p.Leu433Phe,0.974870581013791,0.0684025726528075,1.0432731536666,0.906468008360985
p.Glu345=,1.25867832726204,0.18570624399996,1.444384571262,1.07297208326208
p.Thr506Asn,1.0916333400364,0.000175051671185,1.09180839170758,1.09145828836521
p.Asp324Glu,0.997516368649561,0.0017879830704164,0.999304351719977,0.995728385579144
p.Leu130Val,1.01783264101357,0.0713265914472624,1.08915923246083,0.946506049566305
p.Phe452Pro,0.0202053662606928,0.0804182606961551,0.100623626956848,-0.0602128944354622
p.Asn397Trp,1.15918843089045,0.14725875338392,1.30644718427437,1.01192967750653
p.Phe87Asn,1.10668567831804,0.2255937726536,1.33227945097164,0.881091905664439
p.Gly245Trp,0.838076469008006,0.0537049794322915,0.784371489575714,0.891781448440297
p.Lys508Asn,1.02625496517958,0.00751020677536,1.01874475840422,1.03376517195494
p.Cys294Met,1.0441121699636,0.11587208228305,0.92824008768055,1.15998425224665
p.Glu438Leu,0.892946101247654,0.0105452164969944,0.903491317744649,0.88240088475066
p.Gly359Pro,0.0582488174139794,0.0891705923768848,-0.0309217749629056,0.147419409790864
p.Glu317Cys,1.01329232687213,0.0811851535700664,1.09447748044219,0.932107173302057
p.Arg439=,1.08659311080007,0.0328921882819249,1.119485299082,1.05370092251815
p.Thr279Leu,0.956522238910645,0.204867081756595,0.75165515715405,1.16138932066724
p.Val289Ser,0.887622738131499,0.0217920727491774,0.865830665382321,0.909414810880676
p.Thr279Cys,0.855839765171629,0.162828616559971,0.693011148611658,1.0186683817316
p.Asp456Thr,0.464853992735557,0.0481748861096085,0.513028878845166,0.416679106625949
p.Asn122Tyr,0.928677176117079,0.213469322372542,1.14214649848962,0.715207853744535
p.Ser418Lys,1.1962603556186,0.119926181027185,1.31618653664579,1.07633417459142
p.Arg427His,1.11298472594581,0.0965890214022199,1.20957374734803,1.01639570454359
p.Thr243Val,1.16337105586485,0.13090687239858,1.29427792826343,1.03246418346627
p.Leu142Met,0.954852902325055,0.064330200391533,0.890522701933524,1.01918310271659
p.His32Tyr,1.23417864637815,0.146067241047175,1.38024588742533,1.08811140533098
p.Lys89Ser,1.03938311969405,0.18189673052207,1.22127985021612,0.857486389171979
p.Ile392Cys,0.903098931025525,0.050067568374803,0.953166499400328,0.853031362650722
p.Gly247Met,1.06787335873477,0.157022171911142,1.22489553064591,0.910851186823626
p.Phe237Val,0.89871021380389,0.0455057081359589,0.853204505667931,0.944215921939849
p.Cys269Thr,1.14423758665912,0.122733618155245,1.26697120481436,1.02150396850387
p.Lys407Glu,1.17260076781131,0.13735540013341,1.30995616794472,1.0352453676779
p.Asp286Tyr,0.744489327085821,0.0067196370090625,0.751208964094883,0.737769690076758
p.Gln161=,1.04749439269564,0.117308969195356,1.164803361891,0.930185423500289
p.Ala90Leu,0.989275531021991,0.179972137769432,1.16924766879142,0.809303393252556
p.Val340Leu,1.00301122735504,0.0659416472152134,1.06895287457026,0.937069580139833
p.Ala217Val,0.0956937715125486,0.0038772075275484,0.099570979040097,0.0918165639850002
p.Met207Asn,1.04283685742724,0.129301098099795,1.17213795552703,0.913535759327439
p.Gly14=,1.17495216829781,0.108619028420765,1.28357119671858,1.06633313987705
p.Glu193Cys,0.517437586791434,0.183728171579924,0.701165758371358,0.33370941521151
p.Ser180Thr,0.98208497192253,0.117646121398541,1.09973109332107,0.864438850523988
p.Gly38Asp,0.928816690571687,0.104841290823612,1.0336579813953,0.823975399748075
p.Leu440Thr,1.11096426461445,0.0370723479733199,1.14803661258777,1.07389191664113
p.Gly321Pro,0.789189083140135,0.321103916347493,1.11029299948763,0.468085166792644
p.Ala44Pro,0.332472794068429,0.0125884470688855,0.345061241137315,0.319884346999544
p.Pro479Ser,0.904071589238526,0.239528957459841,1.14360054669837,0.664542631778687
p.Glu419Gln,1.093729693215,0.216301311702736,1.31003100491773,0.877428381512258
p.Arg175Leu,0.950394077826213,0.0088984866563509,0.959292564482564,0.941495591169862
p.Leu458=,0.974297802469001,0.080727327679799,0.893570474789202,1.0550251301488
p.Val499Lys,1.07308435390788,0.0108945260734449,1.08397887998132,1.06218982783443
p.Pro467Asn,0.950260172462984,0.0329689617259289,0.983229134188913,0.917291210737055
p.Val259Cys,1.01539881494599,0.0601901115286174,0.955208703417375,1.07558892647461
p.Gly359Asp,0.581585800801015,0.510643176827796,1.09222897762881,0.0709426239732172
p.Asp176Ser,0.983449019125328,0.166929116808045,1.15037813593337,0.816519902317281
p.Phe452His,0.751499850107607,0.346513178716251,1.09801302882386,0.404986671391358
p.Phe253Ile,1.07091513943392,0.03453722106624,1.10545236050016,1.03637791836768
p.Gly314Met,0.930973215575583,0.0533779826330915,0.877595232942491,0.984351198208674
p.Glu416=,1.0410899574672,0.0024510524383249,1.04354100990552,1.03863890502887
p.Ala339Leu,0.951808912057043,0.192054740305259,1.1438636523623,0.759754171751782
p.Leu128His,0.85177340277977,0.0070779699430574,0.844695432836713,0.858851372722828
p.Ala318Met,1.24710819545772,0.20971337649023,1.45682157194795,1.03739481896749
p.Asn185Trp,0.917486134499119,0.0190304010135384,0.936516535512658,0.898455733485581
p.Ser180Ala,0.616007546964983,NA,NA,0.616007546964983
p.Asp324Met,0.697789790922695,NA,NA,0.697789790922695
p.Met159Ter,0.048344902300811,0.0246606623412413,0.0730055646420523,0.0236842399595696
p.Leu190Pro,0.391341063259379,0.143178310936496,0.534519374195875,0.248162752322884
p.Thr327Pro,0.904174659858417,0.105286394713405,1.00946105457182,0.79888826514501
p.Cys232His,1.0052326658288,0.070692965819642,1.07592563164844,0.934539700009156
p.Arg357Gly,0.267720510114791,0.0675221061624044,0.335242616277196,0.200198403952387
p.Lys360Arg,1.18696825018526,0.115399394942295,1.30236764512756,1.07156885524297
p.Ala231Asn,0.946047906647191,0.0375570070557275,0.908490899591463,0.983604913702918
p.Trp225Met,0.566163719191435,0.176372128844003,0.742535848035438,0.389791590347432
p.Leu264Lys,0.110121634017672,0.0514471546310162,0.0586744793866556,0.161568788648688
p.Pro489Lys,0.384476586075419,0.075272323963092,0.459748910038511,0.309204262112327
p.Tyr49Phe,0.75137690230272,0.0578832316496604,0.809260133952381,0.69349367065306
p.Asn397Tyr,1.12141976435801,0.0647869823279799,1.18620674668599,1.05663278203003
p.Asp443Thr,0.645274781218029,0.0410189321799454,0.604255849038084,0.686293713397975
p.Tyr428Gly,1.08914139018962,0.120667510616089,1.20980890080571,0.968473879573532
p.Glu347=,0.898173576092728,0.052995382859818,0.84517819323291,0.951168958952546
p.His155Ala,0.997973473108336,0.0309706166239414,0.967002856484397,1.02894408973228
p.Gly245Leu,0.920078817956162,0.0069955460391324,0.927074363995295,0.91308327191703
p.Ile154Arg,0.0067094791598819,0.0348419017107337,-0.0281324225508518,0.0415513808706156
p.Phe101His,0.0232828362435033,0.0356660872301374,-0.0123832509866342,0.0589489234736407
p.Gln209Gly,1.0883102833708,0.0734428159938249,1.16175309936462,1.01486746737697
p.Lys97Asp,0.586441122707131,0.004293470040028,0.582147652667103,0.590734592747159
p.Leu371Glu,0.163982188690707,0.076794764738977,0.0871874239517299,0.240776953429684
p.Ala399Cys,1.17031623081907,0.166862481553505,1.33717871237258,1.00345374926557
p.Arg370Phe,0.749779606913718,0.0701014716604704,0.819881078574189,0.679678135253248
p.Glu416Phe,0.951625150404014,0.0464722494197544,0.905152900984259,0.998097399823768
p.Asn301Thr,1.02106690119277,0.01665805588058,1.00440884531219,1.03772495707335
p.Leu323Arg,0.983920185742557,0.0761637027975705,1.06008388854013,0.907756482944989
p.Asp30Glu,1.0774433263834,0.062488493647455,1.13993182003085,1.01495483273594
p.Leu442Tyr,0.857318540766639,0.0808718836713199,0.776446657095319,0.938190424437959
p.Leu390Phe,0.869263545870993,0.063286333228713,0.80597721264228,0.932549879099706
p.Ile196His,0.0086747360565439,0.003233319816867,0.011908055873411,0.0054414162396769
p.Gly204Cys,1.23547609861413,0.025412170015035,1.26088826862917,1.2100639285991
p.Gln28Ter,-0.0076510763648579,0.072985625653596,-0.080636702018454,0.0653345492887382
p.Val341Arg,0.879121376238294,0.391180708424896,1.27030208466319,0.487940667813397
p.Glu3Lys,1.05320186395235,0.126810051793601,1.18001191574595,0.926391812158748
p.Asn426Arg,0.801734248048545,0.187832515100074,0.613901732948472,0.989566763148619
p.Val499Glu,1.05781732717822,0.0428292400951,1.10064656727332,1.01498808708312
p.Thr236Cys,0.73393552874974,0.008001604976952,0.741937133726692,0.725933923772788
p.Gln119Phe,1.00201462309496,0.0163119833814949,0.98570263971347,1.01832660647646
p.Asp350Leu,0.986686793762659,0.015938828536492,0.970747965226166,1.00262562229915
p.Thr336Leu,0.100973476075347,0.135672459836562,-0.0346989837612155,0.236645935911909
p.Phe237=,0.555618141801464,0.206176661051184,0.34944148075028,0.761794802852648
p.Cys232Gln,1.11000836171497,0.0588323895635749,1.16884075127854,1.05117597215139
p.Asp283Met,1.10029842192855,0.191088584405645,1.2913870063342,0.909209837522909
p.Cys269His,0.0730775646114032,0.0759174425144368,0.14899500712584,-0.0028398779030338
p.Lys497Tyr,1.04499417656562,0.0032127889073699,1.04178138765825,1.04820696547299
p.Gly248Cys,1.03010252013274,0.01172243062567,1.01838008950707,1.04182495075841
p.Ile441Met,1.01448564412381,0.12614655107696,1.14063219520077,0.88833909304685
p.Ser332Arg,0.6536099184749,0.197752411484072,0.851362329958972,0.455857506990827
p.Asp350Lys,1.1055601200813,0.0606569871818799,1.04490313289942,1.16621710726318
p.Ile255=,0.907171251879818,0.0797262132596399,0.827445038620178,0.986897465139458
p.Asn185Ala,0.962754157208944,0.0028270174308064,0.965581174639751,0.959927139778138
p.Met450Glu,1.07743727303864,0.03707401493311,1.11451128797175,1.04036325810553
p.Ile295Ter,0.0371383530412933,0.0463764622384379,0.0835148152797312,-0.0092381091971446
p.Ala39Thr,0.178972940874239,0.0330109867491995,0.14596195412504,0.211983927623439
p.Lys45Ter,-0.11518042306144,0.0515980482743475,-0.166778471335787,-0.0635823747870918
p.Phe102Pro,-0.0685022591827323,0.0989420862589275,-0.16744434544166,0.030439827076195
p.Asp258Leu,0.894099820540196,0.0233844021415475,0.917484222681743,0.870715418398648
p.Thr336Trp,0.144867738068056,0.0471332848661059,0.192001022934162,0.09773445320195
p.Leu20Tyr,0.872775810508188,0.0250326332739105,0.897808443782098,0.847743177234277
p.Leu469Cys,0.923024372601067,0.0329686900420764,0.89005568255899,0.955993062643143
p.Pro481Met,0.970942912094885,0.0590032309662735,1.02994614306116,0.911939681128613
p.Thr406Gly,0.960198682412179,0.149755992552111,1.10995467496429,0.810442689860068
p.Asp443Glu,0.882290504188018,0.0036157129998899,0.885906217187908,0.878674791188128
p.Arg454Thr,0.715847697206806,0.183854212295438,0.899701909502245,0.531993484911368
p.Gln395Val,1.05730316856342,0.0713295440322525,1.12863271259567,0.985973624531165
p.Leu268His,0.0430242476217564,0.0669080767494355,-0.0238838291276791,0.109932324371192
p.Ile33Ala,0.768522845139051,0.010001560697055,0.778524405836106,0.758521284441996
p.Pro86=,1.28067911625945,0.130463788231725,1.41114290449117,1.15021532802772
p.Tyr322Ser,0.0663702937368665,0.0341329905946104,0.100503284331477,0.0322373031422561
p.Gln372Arg,0.966846024213957,0.097491240274633,1.06433726448859,0.869354783939324
p.Met159Gln,0.975623980583198,0.0208798733051169,0.954744107278081,0.996503853888315
p.Trp164Val,0.886100521444784,0.015388073878662,0.870712447566122,0.901488595323446
p.Arg104Cys,0.778180919866958,0.0193367767393214,0.758844143127636,0.797517696606279
p.Ser123Pro,0.0025438272782367,0.103007515157941,-0.100463687879705,0.105551342436178
p.Arg348Ser,0.90628510801949,0.061361879199805,0.844923228819685,0.967646987219295
p.Lys360Asn,1.07300815276485,0.094400228617932,1.16740838138278,0.978607924146916
p.His27=,0.961045528126403,0.036799788462821,0.924245739663582,0.997845316589224
p.Val369Gly,0.196208553137237,0.0390209293169709,0.157187623820266,0.235229482454208
p.Leu264Ser,0.442390027367422,0.0533837949187679,0.389006232448654,0.49577382228619
p.Asn430Asp,1.19368183804229,0.171092086550505,1.3647739245928,1.02258975149179
p.Gly242Asp,0.983432641607192,0.137960503278101,1.12139314488529,0.845472138329088
p.Ser486=,1.01213027146779,0.0053876562974699,1.01751792776526,1.00674261517032
p.Arg285Phe,0.255094670956109,0.252307066384828,0.507401737340938,0.0027876045712812
p.Leu356His,0.105808444697523,0.0248007094343852,0.0810077352631374,0.130609154131908
p.Gln471Thr,1.05383924254955,0.0814780307105524,1.1353172732601,0.972361211838995
p.Glu416Met,1.05239407704767,0.105020734336487,1.15741481138416,0.947373342711185
p.Val341Pro,0.872735113573385,0.0012499570433675,0.871485156530018,0.873985070616753
p.Glu473Gly,0.858451304540649,0.114968595372729,0.74348270916792,0.973419899913379
p.His263Phe,1.2904169502727,0.0928012099795699,1.38321816025227,1.19761574029313
p.Asp325Cys,0.889462092532597,0.0559357890600124,0.833526303472585,0.94539788159261
p.Asn135Cys,1.02375848119315,0.103941417463141,1.12769989865629,0.919817063730008
p.Ala217Ter,-0.0698481684564238,0.0676390049137429,-0.137487173370167,-0.0022091635426811
p.Lys320=,0.816894748142103,0.247988732537288,0.568906015604813,1.06488348067939
p.Asp324Ter,0.122197920768667,0.152846497721907,0.275044418490574,-0.0306485769532394
p.Val344Tyr,0.135289942182602,0.0105420222877325,0.12474791989487,0.145831964470335
p.Val150Pro,0.246554828348395,0.0955528536891204,0.342107682037515,0.151001974659274
p.Asp251Arg,0.658797647574467,0.176648148276273,0.83544579585074,0.482149499298194
p.Ile392Ser,0.66541311749202,0.155373604678634,0.820786722170655,0.510039512813386
p.Arg81Leu,0.821595277392825,0.248223646630314,0.573371630762511,1.06981892402314
p.Ala2Glu,0.926686659704626,0.0678764014250329,0.858810258279593,0.994563061129659
p.Gly378Asp,1.10884202563964,0.0480317411442899,1.15687376678393,1.06081028449535
p.Asn226Arg,0.937374601789485,0.0010573652743844,0.93843196706387,0.936317236515101
p.Glu252Phe,0.498926608429034,0.211128083796454,0.28779852463258,0.710054692225488
p.Gln383Asp,1.16490563642351,0.03424439377174,1.19915003019525,1.13066124265177
p.Arg285Cys,0.777306026609608,0.130823690131971,0.908129716741578,0.646482336477637
p.Gly222Tyr,1.0240183430426,0.01677170221408,1.04079004525668,1.00724664082852
p.Asp181Trp,0.771932822037587,0.110150135567042,0.661782686470545,0.88208295760463
p.Ala277=,1.05477675264259,0.0669359634869819,1.12171271612957,0.987840789155606
p.Arg120Ala,0.911651685818655,0.140302777940155,0.7713489078785,1.05195446375881
p.Val328Asn,0.817174268752247,0.118713298595259,0.935887567347506,0.698460970156987
p.Ala116Ile,0.931427145375149,0.0318977073128555,0.899529438062293,0.963324852688004
p.Pro144Tyr,0.995098450111387,0.001574157677594,0.993524292433793,0.996672607788981
p.Ile441Glu,-0.0052698806834598,0.119311863028181,-0.124581743711641,0.114041982344721
p.Pro223Phe,0.250119307157427,0.0330020521456825,0.217117255011745,0.28312135930311
p.Asn135His,0.90330583207176,0.110721953168271,0.792583878903487,1.01402778524003
p.Asp350Pro,0.213711208480274,0.0041465897496404,0.217857798229914,0.209564618730633
p.Phe501Leu,1.0163737064619,0.0847144963298389,0.931659210132062,1.10108820279174
p.Leu98Trp,0.337180593277791,0.0377347307411315,0.299445862536659,0.374915324018922
p.Asp456Gln,0.605477802353828,0.0307814786526189,0.574696323701209,0.636259281006447
p.Leu183His,0.992917324339668,0.0780198193219725,1.07093714366164,0.914897505017695
p.Ala127Gln,1.09245045082451,0.064063255029825,1.15651370585433,1.02838719579468
p.Asn229Leu,0.313278458934647,0.046117458369476,0.359395917304123,0.267161000565171
p.Ala109Tyr,0.99754267874807,0.0197345040872614,1.01727718283533,0.977808174660807
p.Phe34Val,1.10169626961226,0.0673599709433599,1.16905624055562,1.0343362986689
p.Glu419Ala,1.03821157900762,0.0824236003702824,1.1206351793779,0.955787978637335
p.Tyr437Glu,1.22763557036879,0.10748457230929,1.33512014267808,1.1201509980595
p.Met496Lys,1.09278636753048,0.066581669408585,1.15936803693906,1.02620469812189
p.Arg9Tyr,1.03525057199513,0.068454086396327,1.10370465839146,0.966796485598806
p.Met405Phe,1.21869916324124,0.0841848300172699,1.30288399325851,1.13451433322397
p.Leu495Lys,0.558593213202173,0.0700434116507715,0.628636624852944,0.488549801551401
p.Pro86Lys,0.771778590908418,0.162398476783972,0.609380114124446,0.93417706769239
p.Arg365Ter,-0.0883339727502105,0.0327057672150263,-0.121039739965237,-0.0556282055351843
p.Leu137Arg,-0.007663920603002,0.0600991701808526,-0.0677630907838547,0.0524352495778506
p.Leu292Ser,0.475795432975123,0.020001734148681,0.495797167123804,0.455793698826442
p.Thr236Met,0.510176987020232,0.0420339891296175,0.552210976149849,0.468142997890614
p.Tyr424Glu,1.28332911430255,0.10262455518701,1.38595366948956,1.18070455911554
p.Glu345Pro,0.657957855072824,0.0497836941240994,0.608174160948724,0.707741549196923
p.Gly500Gln,1.23943552298209,0.084656098158815,1.3240916211409,1.15477942482327
p.Thr506Val,1.16758408266158,0.125025816093825,1.29260989875541,1.04255826656776
p.Ile224Thr,1.07829265442026,0.177899406341192,1.25619206076145,0.900393248079067
p.Val284Ter,0.265507462743392,0.175681975072153,0.441189437815545,0.0898254876712383
p.Ser184Tyr,0.939494471819366,0.156628543236765,1.09612301505613,0.782865928582601
p.Arg198Glu,0.268112495613297,0.239211484070665,0.507323979683962,0.0289010115426324
p.Val341Asn,0.899223962712778,0.0159685050509015,0.883255457661877,0.91519246776368
p.Lys290Val,0.59356329924308,0.0383261619487285,0.555237137294352,0.631889461191809
p.Val303Lys,0.769564517114192,0.10172972249454,0.871294239608732,0.667834794619652
p.Glu364Ter,-0.0175260530702291,0.0242978402051558,0.0067717871349267,-0.041823893275385
p.Ala127Ter,-0.0798501605880294,0.0382477759064044,-0.118097936494434,-0.041602384681625
p.Val344Ter,-0.0401355128138269,0.0150402747338565,-0.0551757875476834,-0.0250952380799704
p.Pro477Ter,-0.0497428159936205,0.0526288868282016,-0.102371702821822,0.0028860708345813
p.Phe138Met,0.0989427208662374,0.0338008311425355,0.132743552008773,0.0651418897237019
p.Asn388Val,0.644683958683026,0.0336759104637059,0.678359869146732,0.61100804821932
p.Glu274Trp,0.22957003859167,0.116237550729143,0.345807589320813,0.113332487862527
p.Tyr107Phe,1.03193095643023,0.01767732808562,1.04960828451585,1.01425362834461
p.Val284Asn,0.486510240443289,0.216680562357309,0.703190802800599,0.26982967808598
p.Val213Ter,-0.108002033691003,0.0739958606640288,-0.181997894355032,-0.0340061730269744
p.Ala339Arg,0.321742447144292,0.245234443062598,0.56697689020689,0.076508004081693
p.Arg365Tyr,1.05292213490942,0.0113494615209549,1.04157267338846,1.06427159643037
p.Ile483Cys,1.11567497100741,0.08330222683103,1.19897719783844,1.03237274417638
p.Phe337His,0.655853102087028,0.12258566075194,0.778438762838968,0.533267441335088
p.Phe87Asp,0.593476947274889,0.014063255555097,0.579413691719792,0.607540202829986
p.Arg57Gln,0.400720868972057,0.0167167353981044,0.384004133573952,0.417437604370161
p.Ser332Tyr,0.0276916302112863,0.0114555369613027,0.039147167172589,0.0162360932499836
p.Gly488Pro,0.521256641298662,0.194541881450671,0.715798522749334,0.326714759847991
p.Gln133Leu,0.783722062747242,0.228295636809075,0.555426425938169,1.01201769955632
p.Gly131Leu,0.541170659765882,0.0417854913078545,0.499385168458027,0.582956151073736
p.Gln119Pro,0.707998278566838,0.029675363500469,0.678322915066369,0.737673642067307
p.Glu315Met,0.935105186113449,0.110684925908161,0.824420260205287,1.04579011202161
p.Val169His,1.06085164014624,0.0406085926827149,1.10146023282896,1.02024304746353
p.Glu364Asn,1.19808999478664,0.0524083514340949,1.25049834622074,1.14568164335255
p.Val108Ile,0.973247478406912,0.0008868413306355,0.974134319737548,0.972360637076277
p.Phe452Val,0.925748583346563,0.227286964727889,1.15303554807445,0.698461618618671
p.Leu305Met,1.0379042408911,0.00875451258241,1.04665875347351,1.02914972830869
p.Leu61Glu,0.0254547149241026,0.018585264090623,0.0068694508334795,0.0440399790147256
p.Tyr197Pro,0.209827962180531,0.0889559690804455,0.298783931260977,0.120871993100086
p.Gly163Tyr,0.111170186358016,0.0344911855362534,0.0766790008217621,0.145661371894269
p.Thr51Pro,0.499904290828176,0.0447662825132409,0.455138008314935,0.544670573341417
p.Asp251Gly,0.90494666502594,0.159840980251529,1.06478764527747,0.745105684774412
p.Val309Lys,0.867096199312341,0.0861730005457035,0.780923198766638,0.953269199858045
p.Val340Met,1.05807953508591,0.0115866064426249,1.04649292864329,1.06966614152854
p.Leu211Asn,0.13480937426231,0.111425431727471,0.246234805989781,0.023383942534839
p.Val344Trp,0.0267934297275923,0.129567505354378,-0.102774075626786,0.156360935081971
p.Ile168Lys,0.216156300017142,0.233508183492757,0.449664483509899,-0.0173518834756144
p.Ser281Cys,1.11671632262373,0.005038008084525,1.11167831453921,1.12175433070826
p.Asp100Val,0.794302540107758,0.355416798034011,0.438885742073748,1.14971933814177
p.Leu60Cys,0.667288520667877,0.013031911213539,0.680320431881416,0.654256609454338
p.Thr506His,1.16324523458819,0.138012193026375,1.30125742761457,1.02523304156182
p.Phe413Val,0.89630953130593,0.104537703567991,0.791771827737938,1.00084723487392
p.Asp443Tyr,0.752576927881214,0.165905905141748,0.918482833022962,0.586671022739466
p.Thr236Ser,1.03619754618564,0.0562954853151204,1.09249303150076,0.979902060870519
p.Ser84Lys,0.459765607068283,0.0533176633052294,0.406447943763053,0.513083270373512
p.Ile67Ala,0.258106375741352,0.121539253095353,0.379645628836705,0.136567122645998
p.Ala6Met,1.14918304923112,0.078106233684585,1.2272892829157,1.07107681554653
p.Asp435Val,1.05779266891953,0.217410298652475,1.27520296757201,0.840382370267059
p.Ala25Asn,1.04268720488207,0.091656488436372,1.13434369331844,0.951030716445696
p.Phe191His,0.0353923604480393,0.0299618374555466,0.0653541979035859,0.0054305229924926
p.Tyr424His,1.18329470608007,0.0875666117150849,1.27086131779516,1.09572809436499
p.Asn511Ala,1.02102873550201,0.0421797772832029,1.06320851278521,0.978848958218804
p.Gly310=,0.919384752426674,0.0379025579908819,0.881482194435792,0.957287310417556
p.Pro489Arg,0.159365713686604,0.0470295718470364,0.206395285533641,0.112336141839568
p.Ala103Ter,-0.0769321975540229,0.066301834587567,-0.14323403214159,-0.0106303629664559
p.Gln83Val,0.976237681791964,0.0462272529263975,1.02246493471836,0.930010428865565
p.Cys269Tyr,0.259802483101743,0.163122905206676,0.422925388308419,0.0966795778950671
p.Phe241Leu,1.10035964654304,0.03910478423071,1.13946443077375,1.06125486231233
p.Gly425Trp,1.01684996308604,0.0352347824506285,1.05208474553667,0.981615180635413
p.Asp79Tyr,0.649858874234703,0.037206822795812,0.687065697030515,0.612652051438891
p.Trp54Ala,0.967217272412792,0.053116095382047,0.914101177030746,1.02033336779484
p.Lys432Asp,1.19348889731479,0.125931406555905,1.31942030387069,1.06755749075888
p.Arg72Tyr,0.852072648637892,0.0225284968279984,0.829544151809894,0.874601145465891
p.Gly254Lys,0.277243350232943,0.246270913160567,0.52351426339351,0.0309724370723765
p.Val150Trp,0.0184036185799172,0.035672850422918,-0.0172692318430008,0.0540764690028352
p.His470Asn,1.03658015728493,0.0296738470698599,1.06625400435479,1.00690631021507
p.Leu43Arg,0.985154023281063,0.0203705247119579,1.00552454799302,0.964783498569104
p.Asn64Glu,1.03231659512847,0.0671463574928534,1.09946295262132,0.965170237635613
p.Arg57Met,0.279702247524703,0.0808366821719104,0.198865565352793,0.360538929696614
p.Phe101Asn,0.0324237599136051,0.0605611998891608,-0.0281374399755558,0.0929849598027659
p.His263Leu,1.31368592687237,0.128808561104955,1.44249448797733,1.18487736576742
p.Val169Met,0.950957523841402,0.0926836430064195,0.858273880834981,1.04364116684782
p.Pro92Ile,1.03913824881957,0.105546737949745,1.14468498676932,0.933591510869829
p.Thr236Pro,0.320059783234366,0.0416945424543719,0.361754325688738,0.278365240779994
p.Phe237Gln,0.859532732138313,0.0662891934321164,0.925821925570429,0.793243538706196
p.Phe250Ile,1.00466002931664,0.113098383342586,1.11775841265923,0.891561645974057
p.Ser29Tyr,1.09903103528669,0.0671344767626149,1.16616551204931,1.03189655852408
p.Ala338Asn,0.477789404415994,0.159703480927996,0.637492885343991,0.318085923487998
p.Leu211Tyr,0.676873264101676,0.053691942443694,0.73056520654537,0.623181321657982
p.Asp58Lys,0.832077867851764,0.119977876512667,0.712099991339097,0.952055744364431
p.Val291=,1.04089478550864,0.0264284890673949,1.06732327457603,1.01446629644124
p.Arg198Ile,0.732327003966504,0.0324864627005589,0.764813466667063,0.699840541265945
p.Ala461Met,1.15385289532908,0.055352178283585,1.20920507361267,1.0985007170455
p.Ala134Ile,0.999566870644047,0.0146093244349045,1.01417619507895,0.984957546209141
p.Ile220Asp,0.568007338709508,0.130044869562508,0.698052208272016,0.437962469147
p.Leu433Ter,-0.0868304013582061,0.0687564091436699,-0.155586810501876,-0.0180739922145361
p.His513Tyr,1.02927946535322,0.0966021561162425,0.932677309236975,1.12588162146946
p.Arg74Lys,1.11689999391775,0.0250525499632799,1.14195254388103,1.09184744395447
p.Arg81Ter,-0.0914271477694387,0.0866486748114825,-0.178075822580921,-0.0047784729579559
p.Gly204Val,1.18677975254113,0.081440704568985,1.26822045711012,1.10533904797215
p.Gly69Arg,0.0646030485090558,0.0102129557510776,0.0748160042601335,0.0543900927579782
p.Val309Pro,0.325014094668793,0.0861923428760539,0.411206437544847,0.238821751792739
p.Ser40Pro,0.586242891410246,0.0086548606463894,0.577588030763857,0.594897752056636
p.Phe66Cys,0.895461296526731,0.104398624043904,0.999859920570635,0.791062672482827
p.Val376Ser,1.18880894023565,0.0149551308623699,1.20376407109802,1.17385380937328
p.Gly410Leu,0.970511878232407,0.0888654814036415,1.05937735963605,0.881646396828767
p.Asp251Ile,0.0056417192184546,0.124895284111839,-0.119253564893384,0.130537003330293
p.Arg182Val,0.93380400807356,0.0668332714000425,0.866970736673515,1.0006372794736
p.Glu460Ser,0.730348384803625,0.165552014175546,0.895900398979171,0.564796370628079
p.Gly410Trp,0.861265375282394,0.235226320346224,1.09649169562862,0.626039054936171
p.Lys497Asn,1.15569221654141,0.08460696671706,1.24029918325847,1.07108524982435
p.Glu398Gln,1.2352892036745,0.0742839613407899,1.30957316501529,1.16100524233371
p.Pro276Ser,0.375026313180623,0.016027599301623,0.391053912482246,0.358998713879
p.Lys514Tyr,1.06983015240067,0.117341645607483,1.18717179800815,0.952488506793184
p.Ile187Val,0.576244798078856,0.370185520158265,0.206059277920591,0.946430318237121
p.Asp58Val,0.7836124140537,0.0171734894675489,0.800785903521249,0.766438924586151
p.Gly410Lys,0.603960022846702,0.146125891515806,0.750085914362508,0.457834131330895
p.Leu96Lys,1.11299119304828,0.116112159978161,1.22910335302644,0.996879033070117
p.Tyr482Trp,0.293034147835752,0.0630082457032834,0.356042393539036,0.230025902132469
p.Arg175Met,1.06465919023951,0.038606485540235,1.10326567577975,1.02605270469928
p.Gly316Ter,0.0970811953641671,0.0662706878125469,0.163351883176714,0.0308105075516202
p.Ile15Tyr,0.804533105161075,0.279283959791383,0.525249145369693,1.08381706495246
p.Arg120Met,1.032299882248,0.00119747887803,1.03349736112603,1.03110240336997
p.Ser184Arg,0.73220328668367,0.0172757289566994,0.74947901564037,0.714927557726971
p.Gly41Tyr,0.696440029860445,0.061705497012306,0.758145526872751,0.634734532848139
p.Asp350Val,0.841609479912253,0.0454861077967789,0.887095587709032,0.796123372115474
p.Phe173Arg,0.786450062773576,0.246110031784122,1.0325600945577,0.540340030989456
p.Ala272Trp,0.329713545523071,0.032994434738015,0.362707980261086,0.296719110785056
p.Leu264Ala,0.911155044555866,0.0222169119306044,0.933371956486471,0.888938132625262
p.Leu433Asn,1.2082488445604,0.051189675644265,1.25943852020466,1.15705916891613
p.Phe337Gly,0.312939319011596,0.0126020857660225,0.300337233245573,0.325541404777618
p.Ala361His,0.11518109957683,0.0383577038701341,0.153538803446964,0.0768233957066957
p.Gln372Asp,-0.0078437493542985,0.0023343882426066,-0.0055093611116919,-0.0101781375969051
p.Ile187Ala,1.05363034033859,0.19757033549895,1.25120067583754,0.85606000483964
p.Leu265Pro,0.397334261783918,0.198441386047256,0.595775647831174,0.198892875736662
p.Arg120Phe,0.794961391611829,0.0723062154856289,0.7226551761262,0.867267607097458
p.Glu494Gly,0.915117903976591,0.018043643997899,0.897074259978692,0.93316154797449
p.His201Thr,1.07579636966278,0.102590908936066,1.17838727859885,0.973205460726718
p.Phe101Trp,0.408295517876374,0.133237796299119,0.275057721577255,0.541533314175492
p.Gln119Lys,1.01188217478738,0.00295769468265,1.00892448010473,1.01483986947003
p.Trp462Ter,-0.090079630820075,0.0472885920855051,-0.13736822290558,-0.0427910387345698
p.Ile196Val,1.07394351518166,0.208109878281633,1.28205339346329,0.865833636900024
p.Ile35Arg,0.246398921737907,0.197885287935884,0.0485136338020222,0.444284209673791
p.Val510=,0.796915406286876,0.070351421276223,0.867266827563099,0.726563985010653
p.Asp443Gln,0.843719799634645,0.0643865010870129,0.908106300721658,0.779333298547632
p.Tyr70Gln,0.480285397174544,0.0183614898493589,0.461923907325185,0.498646887023903
p.Tyr482Lys,0.213014436004147,0.0212735168895834,0.191740919114563,0.23428795289373
p.Tyr503Ile,1.14873831206116,0.049244092541725,1.19798240460289,1.09949421951944
p.Thr236Gln,0.581239769869161,0.152160973306573,0.429078796562588,0.733400743175735
p.Asp286Trp,0.839583483736091,0.0064030961389235,0.833180387597167,0.845986579875014
p.Gln83Gly,1.08512720499775,0.0444817496938,1.04064545530395,1.12960895469155
p.Lys171Ala,1.03471486524233,0.0598350032696214,1.09454986851195,0.974879861972707
p.Ile52Asp,0.335325787292795,0.199740300973185,0.535066088265981,0.13558548631961
p.Tyr308Trp,1.0864159505187,0.0230674693312649,1.06334848118743,1.10948341984996
p.Leu142Thr,0.91216596536536,0.0478340007418885,0.864331964623472,0.959999966107249
p.Asn226Val,0.487770034556791,0.104454972897132,0.592225007453923,0.383315061659659
p.Gly204Asp,1.24559315683862,0.028090537621375,1.27368369446,1.21750261921725
p.Ala231Ser,1.09195698768234,0.01695070257385,1.10890769025619,1.07500628510849
p.Phe26Asp,0.760248356579571,0.100538195216612,0.659710161362959,0.860786551796183
p.Gly245Thr,0.907502918800323,0.035869942822152,0.871632975978171,0.943372861622475
p.Lys46Val,0.854118637888574,0.0634369600872219,0.917555597975796,0.790681677801352
p.Gln22Arg,0.918794881359789,0.0875135426016309,0.831281338758158,1.00630842396142
p.Leu422Ter,-0.0759394583402528,0.06670477965385,-0.142644237994103,-0.0092346786864029
p.Glu3Ter,0.660748930845448,0.19909894026256,0.859847871108009,0.461649990582888
p.Leu342His,0.528787039648076,0.273751377193815,0.802538416841891,0.25503566245426
p.Val150Phe,-0.0599294283819819,0.037714614299686,-0.0976440426816679,-0.0222148140822959
p.Val453Phe,1.17454844023986,0.03430089619356,1.20884933643342,1.1402475440463
p.Gly59Asp,0.653895346387057,0.0599117234475574,0.713807069834615,0.5939836229395
p.Glu438Thr,1.00443378682175,0.130344171075935,1.13477795789768,0.874089615745809
p.Glu491Ter,0.135253949619451,0.0993279077718338,0.234581857391285,0.0359260418476174
p.Trp462Lys,1.11175791657126,0.0232558184471849,1.13501373501845,1.08850209812408
p.Lys476Tyr,0.787919138715807,0.0903180548572809,0.697601083858526,0.878237193573088
p.Val369Leu,1.07323535479409,0.05912088353316,1.13235623832725,1.01411447126093
p.Thr334Asn,0.968882425289201,0.0246656733431634,0.993548098632364,0.944216751946037
p.Lys89=,1.17788098439518,0.12994794262291,1.30782892701809,1.04793304177227
p.Glu94Val,0.794657076880663,0.271297414538769,1.06595449141943,0.523359662341892
p.Pro240Ile,1.02205150694907,0.0141645031395349,1.00788700380954,1.03621601008861
p.Asp24Pro,1.10835852732585,0.124861772767564,1.23322030009341,0.983496754558282
p.Gly110Met,0.382159426403435,0.176691215346387,0.558850641749822,0.205468211057048
p.Ile33His,0.811238326547913,0.0393994849182019,0.850637811466115,0.771838841629711
p.Trp53Arg,0.246532194453516,0.106124109574059,0.352656304027576,0.140408084879457
p.Val108Ser,0.477165798945783,0.054601396314382,0.422564402631401,0.531767195260165
p.Lys238Pro,0.0518648290884951,0.0367688149633896,0.0150960141251055,0.0886336440518847
p.Pro172Arg,0.492426040402915,0.113747083007513,0.606173123410428,0.378678957395401
p.Asp113Ter,-0.0879403110192209,0.0400904933212942,-0.128030804340515,-0.0478498176979265
p.Gly378Asn,1.10621263928195,0.21645914581074,1.32267178509269,0.88975349347121
p.Gln161Gly,1.05446083247966,0.05005258063407,1.10451341311373,1.00440825184559
p.Asp42Glu,1.1471277218091,0.0472084666289549,1.19433618843805,1.09991925518014
p.Asp42Met,1.21165304655594,0.1177414142845,1.32939446084044,1.09391163227144
p.Tyr49Val,0.209941092383583,0.105299365539722,0.104641726843861,0.315240457923305
p.Ile33Tyr,0.933026873390264,0.0017034073132115,0.931323466077052,0.934730280703475
p.Gln22=,1.07105337615019,0.0282066442721399,1.04284673187805,1.09926002042233
p.Arg182Leu,1.04204855734293,0.0246519670548001,1.06670052439773,1.01739659028813
p.Thr243Trp,0.99257301749386,0.0669350265400774,1.05950804403394,0.925637990953785
p.Leu342Ile,1.01866245525643,0.0422428436857024,1.06090529894213,0.976419611570725
p.Gly14Val,0.582581353268626,0.019625093675508,0.562956259593118,0.602206446944134
p.Asp325Val,0.939264242730251,0.0068440319846235,0.932420210745628,0.946108274714875
p.Gly447Arg,0.83479862431142,0.0666018327222914,0.901400457033711,0.768196791589128
p.Gln395Arg,1.26523352644475,0.09765870296208,1.36289222940683,1.16757482348267
p.Pro396Gly,1.10243857493398,0.19462303712201,1.29706161205599,0.907815537811969
p.Thr91Glu,0.859260296469037,0.0230524019904824,0.836207894478555,0.88231269845952
p.Phe412Leu,1.18392847314646,0.0519366081709149,1.23586508131737,1.13199186497554
p.Asn105Cys,1.1033244074934,0.05715037270536,1.16047478019876,1.04617403478804
p.Glu274Lys,0.579621966081824,0.049704808089485,0.629326774171309,0.529917157992339
p.Val453Asp,-0.0048159155542272,0.0212320616666366,0.0164161461124094,-0.0260479772208639
p.Ala361Tyr,0.0563423195566349,0.0016604131245665,0.0580027326812015,0.0546819064320684
p.Pro143Ter,-0.0692200771858107,0.0746147936469174,-0.143834870832728,0.0053947164611068
p.Met37Gln,0.0534098080572618,0.0337331255469304,0.0871429336041922,0.0196766825103314
p.Leu142Val,0.939625754645145,0.0408938253448135,0.898731929300331,0.980519579989958
p.Ile168Glu,-0.0234299624731047,0.0681297671056049,-0.0915597295787096,0.0446998046325003
p.Phe412Glu,1.08495348515137,0.023689156594315,1.10864264174569,1.06126432855706
p.Asn229Asp,0.786526311949814,0.0946581459330375,0.691868166016776,0.881184457882851
p.Phe66Leu,0.795333692147748,0.264669331650632,0.530664360497116,1.06000302379838
p.His374Gly,0.965485353638183,0.103084235781025,1.06856958941921,0.86240111785716
p.Gly245Lys,1.01172543644679,0.0632444545360624,1.07496989098285,0.948480981910725
p.Ser179Gly,0.726271683983893,0.0718103608493094,0.654461323134583,0.798082044833202
p.Ser180Ile,0.984569177248704,0.237070864804425,1.22164004205313,0.74749831244428
p.Glu345Thr,0.934076626517328,0.078203458262631,1.01228008477996,0.855873168254698
p.Pro467Leu,0.727977378459677,0.0270891271205574,0.700888251339119,0.755066505580234
p.Phe56Ter,0.0363938827590056,0.0548182479502576,-0.018424365191252,0.0912121307092632
p.His201Pro,1.00394290515301,0.021969232572794,1.0259121377258,0.981973672580212
p.Gly485Asp,0.537748030962549,0.233382753342174,0.771130784304724,0.304365277620375
p.Val499Arg,1.06640598936956,0.0844285514614515,1.15083454083101,0.981977437908107
p.Ser106=,1.11542276284234,0.121774396960633,1.23719715980298,0.993648365881713
p.Glu317Asn,1.02682777503865,0.01408832731122,1.01273944772743,1.04091610234987
p.Pro223Gly,1.24087324454363,0.066190340335475,1.3070635848791,1.17468290420815
p.Pro479Asp,0.366164841189643,0.246228334010796,0.61239317520044,0.119936507178847
p.Asp113Trp,0.92577174024923,0.112833225928042,1.03860496617727,0.812938514321186
p.Pro353Asn,0.0963404635115935,0.0346321614422423,0.130972624953836,0.0617083020693513
p.Glu193Trp,0.407626675778702,0.211162514555747,0.618789190334449,0.196464161222955
p.Gln372Leu,1.26476082796647,0.07087620591688,1.33563703388335,1.19388462204959
p.Pro143Thr,0.904237888929077,0.251772600029634,1.15601048895871,0.652465288899441
p.Gly245Pro,0.983205869735979,0.015843961006585,0.999049830742564,0.967361908729394
p.Thr506Pro,0.92401249475109,0.155427265824941,0.768585228926148,1.07943976057603
p.Lys89His,0.812570538197352,0.157721066018498,0.654849472178854,0.97029160421585
p.Gly378Glu,1.06678353689855,0.024315514103705,1.04246802279485,1.09109905100226
p.Lys514Met,1.21247747160551,0.204927510095785,1.41740498170129,1.00754996150972
p.Gln383Trp,0.912324866302198,0.0357268098102005,0.948051676112398,0.876598056491997
p.Ile220Phe,1.11400716235533,0.0776546933839949,1.19166185573932,1.03635246897133
p.Gly248His,1.06920827386639,0.0741274449653474,1.14333571883174,0.995080828901045
p.Ala25=,0.6237518616277,0.0298710345657059,0.593880827061994,0.653622896193406
p.Asn511Leu,1.04295606951103,0.0141209428161849,1.05707701232722,1.02883512669485
p.Asp282Gly,0.826775796670684,0.035927397882867,0.790848398787817,0.862703194553551
p.His451Asp,1.27932088590186,0.06786394941917,1.34718483532103,1.21145693648269
p.Arg120Ser,0.921704633304471,0.0607836508667165,0.860920982437754,0.982488284171187
p.Thr279Lys,0.97907664024499,0.05674827728288,1.03582491752787,0.92232836296211
p.Cys294Ter,0.148277061756998,0.0881604067591397,0.236437468516138,0.0601166549978585
p.His27Phe,0.877270583142155,0.0672707350737169,0.809999848068438,0.944541318215872
p.Gln502Ala,1.10168001065203,0.049082287701605,1.15076229835363,1.05259772295042
p.Ala39Met,0.264068403220247,0.105536876539066,0.158531526681181,0.369605279759313
p.Glu473Leu,0.825991878638832,0.0315515569451359,0.857543435583968,0.794440321693696
p.Val233Arg,0.258845606618127,0.0735474029654294,0.332393009583557,0.185298203652698
p.Pro434Ala,0.659972407247152,0.267285245315441,0.39268716193171,0.927257652562593
p.Leu390Val,1.14514333564342,0.0925764983366099,1.23771983398003,1.05256683730681
p.Lys497Glu,1.1267723359441,0.02126314592736,1.10550919001674,1.14803548187146
p.Lys408Leu,1.12503832940322,0.0751116527670249,1.20014998217024,1.04992667663619
p.His129Arg,0.992711185136423,0.0182298440910665,1.01094102922749,0.974481341045357
p.Val344Cys,0.871985695518716,0.0665419310347944,0.93852762655351,0.805443764483921
p.Glu63Met,0.896043707337411,0.128908352346291,0.767135354991118,1.0249520596837
p.Ala361Asp,0.033388826069047,0.0280755214678203,0.0053133046012267,0.0614643475368673
p.Glu438=,0.795771894058347,0.150421194589834,0.645350699468513,0.946193088648181
p.Gly410Gln,0.749309956038893,0.129530020715351,0.878839976754244,0.619779935323542
p.Trp462Ile,1.04027523854683,0.059827359576054,1.10010259812288,0.980447878970772
p.Pro467Gly,0.861256289641096,0.071766136037643,0.789490153603453,0.933022425678739
p.Tyr147Leu,1.18634227845028,0.090676190484685,1.27701846893496,1.09566608796559
p.Val291Arg,0.243035218999916,0.0734444129271535,0.169590806072763,0.31647963192707
p.Leu458Ser,0.68431487120987,0.031449508720885,0.652865362488985,0.715764379930755
p.Lys514Asp,0.96391748466814,0.0723176667179975,0.891599817950145,1.03623515138614
p.Asp421Lys,0.877021863418916,0.207167578485872,1.08418944190479,0.669854284933046
p.Arg74Gln,1.02263066876359,0.0263527905985114,0.996277878165077,1.0489834593621
p.Cys294Lys,0.97763337999098,0.079008831707868,0.898624548283114,1.05664221169885
p.Ser84Gln,0.86858641859677,0.0354173922019725,0.904003810798743,0.833169026394798
p.Gly316=,1.18836341022187,0.194583045184794,1.38294645540666,0.993780365037072
p.Val169Glu,0.883500786091742,0.137621699077307,1.02112248516905,0.745879087014436
p.Lys288Asn,0.964181472851095,0.0523680688987645,1.01654954174986,0.911813403952331
p.Glu347Ile,0.793456402444019,0.0033660600163905,0.796822462460409,0.790090342427628
p.Lys152Ile,1.06874977575674,0.0774587329078634,1.1462085086646,0.991291042848873
p.Pro396Cys,0.291056941779622,0.090348145598825,0.381405087378447,0.200708796180797
p.Asn210Gly,1.01062637312138,0.0725211952190049,1.08314756834039,0.93810517790238
p.Ile441Tyr,1.02269761051369,0.294738631449666,1.31743624196336,0.727958979064027
p.Thr243Cys,1.15266282523958,0.053713984358475,1.20637680959805,1.0989488408811
p.Thr279Gly,0.959909541652625,0.0720956638223944,1.03200520547502,0.887813877830231
p.Gly425Thr,1.02259617948812,0.141914848637182,1.1645110281253,0.880681330850936
p.Leu75His,0.858357464796396,0.0662468591973809,0.924604323993777,0.792110605599015
p.Gln449Glu,0.655170960230165,0.165553252170548,0.820724212400713,0.489617708059617
p.Tyr484Ter,-0.0926089834862643,0.0600826512865987,-0.152691634772863,-0.0325263321996654
p.Asn388Met,0.902082234769589,0.105604097947573,1.00768633271716,0.796478136822013
p.Asn414Met,0.774106460714951,0.253432403899519,0.520674056815431,1.02753886461447
p.Asp375Glu,1.07656783087205,0.0536669072424349,1.13023473811448,1.02290092362961
p.Val304Trp,-0.0405956674122467,0.0373986722810701,-0.0779943396933168,-0.0031969951311766
p.Asn397Asp,1.05432746848195,0.0237037285264549,1.07803119700841,1.0306237399555
p.Asp421Asn,0.95625584391138,0.0138058167958344,0.970061660707215,0.942450027115546
p.Lys275Phe,0.821061108156458,0.247271310645311,1.06833241880177,0.573789797511147
p.His186Lys,0.96119763851406,0.0206596171044705,0.94053802140959,0.981857255618531
p.Phe88Arg,0.172791000479418,0.0580994383043345,0.114691562175084,0.230890438783753
p.Asn301Ala,0.954497747871262,0.034178575960803,0.920319171910459,0.988676323832065
p.Arg257Ter,0.281401262362321,0.220215603685344,0.501616866047665,0.061185658676977
p.Gln111Glu,0.920765390846511,0.08864038864456,0.83212500220195,1.00940577949107
p.Phe101Cys,-0.0943742181289255,0.0740648417805374,-0.168439059909463,-0.0203093763483881
p.Leu61Ala,0.234044842702786,0.068348156184558,0.165696686518228,0.302392998887344
p.Lys238Thr,1.18924478749708,0.0624952421406399,1.25174002963772,1.12674954535644
p.Phe26Val,1.08075815507955,0.105547112756423,1.18630526783597,0.975211042323124
p.Lys320Asn,0.81042540421907,0.162585141212056,0.647840263007014,0.973010545431126
p.Ala115Phe,0.889824620570489,0.119361828048402,0.770462792522086,1.00918644861889
p.Trp164Ala,0.865476182258924,0.044221502358733,0.821254679900191,0.909697684617657
p.Asp443Met,0.777649372012443,0.111650918472573,0.889300290485016,0.665998453539871
p.Asp200Ala,1.00504471191285,0.0414712151296349,1.04651592704249,0.96357349678322
p.Val309Ter,-0.101923226907722,0.0694839488456375,-0.17140717575336,-0.0324392780620849
p.Leu442Lys,0.755161771049025,0.0610513867832764,0.694110384265748,0.816213157832301
p.Leu433Val,0.69470554514597,0.182520971251333,0.512184573894637,0.877226516397303
p.Asp325Phe,0.727862963158833,0.113118234374445,0.840981197533277,0.614744728784388
p.Thr336Ile,0.118262906748711,0.0934335932664846,0.0248293134822266,0.211696500015196
p.Arg463Phe,0.038707876156507,0.0270952282961404,0.0658031044526475,0.0116126478603666
p.Lys366Phe,0.97065845167773,0.093100334257382,1.06375878593511,0.877558117420346
p.Val352Ser,0.372050890023317,0.317165219580802,0.689216109604119,0.0548856704425155
p.Cys358Glu,0.13760852733409,0.0597117383738364,0.197320265707927,0.077896788960254
p.His27Thr,1.18396228554005,0.247928783791584,1.43189106933163,0.936033501748462
p.Asp379Trp,1.00809298916655,0.103191119802497,1.11128410896905,0.904901869364055
p.Leu60Gly,0.801096394132714,0.234674989724266,1.03577138385698,0.566421404408447
p.Leu61Gln,0.0326099767769985,0.0744954537917974,-0.0418854770147989,0.107105430568796
p.Asp79Ala,0.853332665130148,0.0312931632203805,0.884625828350528,0.822039501909767
p.Gln502Ser,1.07573976489695,0.0481353136656899,1.12387507856264,1.02760445123126
p.Phe21Ala,1.0081157129345,0.0304241009863649,1.03853981392087,0.97769161194814
p.Ile187Met,0.944545020883088,0.0243967339145594,0.968941754797647,0.920148286968528
p.Thr151Ser,0.918045115750703,0.047347531665058,0.965392647415761,0.870697584085645
p.Ala217Arg,0.583536374007711,0.251805277099614,0.835341651107325,0.331731096908097
p.Glu85Leu,0.972044728547681,0.0057343435071394,0.97777907205482,0.966310385040541
p.Gly59His,0.835523965099594,0.059201197811146,0.89472516291074,0.776322767288448
p.Leu60=,1.01069460912417,0.0424161215467699,1.05311073067094,0.9682784875774
p.Asn135Pro,0.626969603723812,0.0992013594649204,0.726170963188732,0.527768244258891
p.Glu148Gln,0.815483887847369,0.252866123664939,0.562617764182432,1.06835001151231
p.Gln28Asn,0.849936310932253,0.0962981603108359,0.946234471243089,0.753638150621417
p.Gln502Asp,1.27170347528917,0.0188916209908149,1.29059509627998,1.25281185429835
p.Asp42Ile,1.13180772731112,0.095070140488885,1.2268778678,1.03673758682223
p.Met404Lys,0.550049122460512,0.163127474554791,0.713176597015304,0.386921647905721
p.Phe501Gly,1.14568951458299,0.01726431217469,1.1284252024083,1.16295382675768
p.Ala44Ser,0.725607850506449,0.0138238113170159,0.739431661823465,0.711784039189433
p.Trp509Ser,0.775379306979891,0.235186800121717,0.540192506858176,1.01056610710161
p.Ala6Asp,1.0025783376796,0.022270799664514,0.980307538015082,1.02484913734411
p.Asp421Tyr,1.04570485330515,0.0795527299390719,1.12525758324422,0.966152123366076
p.Pro396His,0.777535122505024,0.115186906313935,0.892722028818959,0.662348216191088
p.Leu362Phe,0.0301577459600885,0.0173991086973507,0.0127586372627378,0.0475568546574392
p.Ser188Ile,0.850363977901145,0.239629520285393,0.610734457615754,1.08999349818654
p.Arg459Ser,1.06637828270277,0.0349991594544649,1.10137744215723,1.0313791232483
p.Phe241Trp,1.00110316921302,0.0625716217926925,0.938531547420325,1.06367479100571
p.Glu193Ter,0.0721133907267199,0.108674441160598,0.180787831887318,-0.0365610504338786
p.Arg17Gln,0.940542754737532,0.0633826016352965,1.00392535637283,0.877160153102237
p.Arg357Glu,1.11535795895108,0.0473110279174,1.16266898686848,1.06804693103368
p.Ser179Pro,0.489062188228048,0.0235994272276655,0.512661615455714,0.465462761000383
p.Arg9Asn,1.04989996401827,0.0671929814951575,1.11709294551343,0.982706982523115
p.Asn511Ile,1.21469285226287,0.13537125138549,1.35006410364836,1.07932160087738
p.Thr65Asp,0.202815773326588,0.111619586746607,0.314435360073195,0.0911961865799819
p.Leu371Thr,0.325503716192756,0.0587686241382294,0.266735092054526,0.384272340330985
p.His201Glu,0.620953568963971,0.246127602545546,0.374825966418425,0.867081171509517
p.Arg454Glu,0.083735318239044,0.060368709053713,0.144104027292757,0.023366609185331
p.Gly163Cys,0.676154667662315,0.129836872738118,0.805991540400433,0.546317794924197
p.Gln178Ala,1.22241523297493,0.108609868487525,1.33102510146245,1.1138053644874
p.Glu148Asn,1.04731957348075,0.080579605444052,1.1278991789248,0.966739968036696
p.Pro477Lys,1.04565138502703,0.185902669930212,1.23155405495724,0.859748715096815
p.Gly425Asp,0.91520041376303,0.026596074183214,0.941796487946244,0.888604339579816
p.Tyr139Gln,0.626643880492102,0.239210332873293,0.865854213365395,0.387433547618808
p.Lys290Pro,0.152195420107766,0.0018761859807534,0.150319234127012,0.154071606088519
p.Glu460Gly,0.46046709074076,0.026124403517643,0.434342687223117,0.486591494258403
p.Glu419His,1.01298220759925,0.0059346664627649,1.01891687406201,1.00704754113648
p.Lys508Cys,1.22013288102534,0.05860778605061,1.27874066707595,1.16152509497473
p.Ala492=,0.715721859501074,0.277919373956675,0.437802485544399,0.993641233457749
p.Ile230Val,1.011119328692,0.0381835842005349,0.97293574449146,1.04930291289253
p.Thr65=,0.529147842873894,0.38274983770373,0.146398005170164,0.911897680577625
p.Asp324Gly,0.754819527499689,0.130942618280056,0.623876909219633,0.885762145779745
p.Gly23Val,1.2418028802617,0.0254705823659699,1.26727346262767,1.21633229789573
p.Arg136Asp,0.0448288496950027,0.102300334897267,-0.0574714852022647,0.14712918459227
p.Arg72Val,0.899544471156496,0.0019458908264749,0.901490361982971,0.897598580330021
p.Lys89Asp,1.03025797972258,0.0336665512865064,1.06392453100909,0.996591428436077
p.Asp181Gln,0.824593532226587,0.152937229461317,0.67165630276527,0.977530761687905
p.Asn414Gln,0.978690111007657,0.0005127884371439,0.978177322570513,0.979202899444801
p.Gly359Ala,0.0277020884037934,0.0220822954027331,0.0056197930010602,0.0497843838065265
p.Phe34Tyr,0.917001660125124,0.226110055559085,1.14311171568421,0.69089160456604
p.Ala277Asn,1.08203003762335,0.0695626907658999,1.15159272838925,1.01246734685745
p.Gly69Cys,0.563398519596389,0.0062783101055954,0.569676829701984,0.557120209490793
p.Asn64Leu,0.723143522708137,0.183669427775247,0.906812950483384,0.53947409493289
p.Lys508Pro,1.22384280589915,0.0456817300858599,1.26952453598501,1.17816107581329
p.Cys158Trp,0.0773248792101378,0.027599704919794,0.0497251742903439,0.104924584129932
p.Phe34Ter,0.0847843338461116,0.0061185968185546,0.0909029306646663,0.078665737027557
p.Thr151Ter,0.0912069780344125,0.0688503973611926,0.160057375395605,0.0223565806732198
p.Gln11His,0.903722642010392,0.0549792405133969,0.848743401496995,0.958701882523789
p.Val259Glu,0.842116030237528,0.0485474306643544,0.793568599573174,0.890663460901883
p.Glu491Asp,0.970339179240701,0.0288402387992665,0.999179418039968,0.941498940441435
p.Gln307His,0.647273053152852,0.14384311884713,0.791116171999982,0.503429934305721
p.Arg257Trp,0.49435559195054,0.205402580941158,0.699758172891699,0.288953011009382
p.Leu142Pro,1.11039428660548,0.09644515653663,1.20683944314211,1.01394913006885
p.Thr423Lys,1.10395769387026,0.00063158453802,1.10332610933224,1.10458927840828
p.Phe413Cys,0.842735409651565,0.0599113909233859,0.782824018728179,0.902646800574951
p.Ser184Asn,0.955722699523977,0.0369305478307224,0.918792151693254,0.992653247354699
p.Ile255Asn,0.0654508675515421,0.0926838211132229,0.158134688664765,-0.0272329535616809
p.Leu55Gln,0.952422282392827,0.177213238093041,1.12963552048587,0.775209044299788
p.Lys47Asp,0.841394071064445,0.0715350289623429,0.912929100026788,0.769859042102102
p.Tyr484Leu,0.860891670997387,0.10304534934889,0.963937020346277,0.757846321648497
p.Gln111His,0.959591226868024,0.0094676584751424,0.950123568392881,0.969058885343166
p.Asp493Arg,1.06116036372804,0.0280184717712399,1.08917883549928,1.0331418919568
p.Cys294Ile,0.730731596149697,0.045768549812549,0.684963046337148,0.776500145962246
p.Ile52=,0.9842168022227,0.0804636396476199,1.06468044187032,0.90375316257508
p.Thr91Ser,0.994992979579208,0.0036306611528494,0.991362318426358,0.998623640732057
p.Gln383Lys,1.07432961119221,0.0076893015187899,1.06664030967342,1.082018912711
p.Phe253Asn,1.34428812994194,0.22997086225882,1.57425899220076,1.11431726768312
p.Thr243Asn,1.07911671293653,0.069013640398695,1.14813035333522,1.01010307253783
p.Ser8Phe,0.885172036493058,0.0822429890406964,0.967415025533754,0.802929047452361
p.Phe101Arg,0.0446912768867655,0.130860868232633,-0.0861695913458681,0.175552145119399
p.Met496Phe,0.876409560414231,0.003744169737377,0.872665390676854,0.880153730151608
p.Gln28Phe,1.08963064832092,0.0377635558416949,1.12739420416261,1.05186709247922
p.Thr91Gln,1.03325132830796,0.049322314334583,1.08257364264254,0.983929013973374
p.Tyr202Arg,1.26750252928056,0.11546703466101,1.38296956394157,1.15203549461955
p.Arg365Phe,1.05073881050181,0.070288162980144,1.12102697348196,0.980450647521672
p.Leu433His,1.12792271371743,0.0661807446476849,1.06174196906974,1.19410345836511
p.Ser486Tyr,0.722734466920942,0.100945220924407,0.823679687845349,0.621789245996535
p.Pro512Val,0.917642683439186,0.113208792114763,0.804433891324423,1.03085147555395
p.Lys407Gly,1.28621768891688,0.11799803757339,1.40421572649027,1.16821965134349
p.Ala367Gln,1.08572659768673,0.0564860734442299,1.0292405242425,1.14221267113096
p.Asn210=,0.982793748064354,0.031137135967064,0.951656612097292,1.01393088403142
p.Gly488Tyr,0.0423281765509986,0.0394353986663377,0.0817635752173363,0.0028927778846609
p.Ser189Phe,0.713106116640266,0.129777996127084,0.583328120513182,0.842884112767351
p.Asp421Val,0.817138416635638,0.046240587597341,0.770897829038297,0.863379004232979
p.Lys290Thr,0.860437784632382,0.0392232386323285,0.89966102326471,0.821214546000053
p.Asp379Leu,1.11424677460085,0.067455747111115,1.18170252171196,1.04679102748973
p.Asp113Leu,0.831106121617423,0.117268511629343,0.948374633246766,0.71383760998808
p.Gln471Ile,0.841620194260737,0.0073539795835205,0.848974173844257,0.834266214677216
p.Cys269Asp,0.055228585012388,0.0942724508723589,-0.0390438658599709,0.149501035884747
p.His124Glu,0.960140648431735,0.156986698295567,1.1171273467273,0.803153950136165
p.Thr76Trp,0.433505106260084,0.0784651781899559,0.355039928070128,0.51197028445004
p.Arg498Ile,0.882833125250105,0.120295928476223,1.00312905372633,0.762537196773883
p.Pro326Asn,1.04477676516577,0.162986258367856,1.20776302353362,0.881790506797907
p.Lys403Ter,-0.0264055737554288,0.0192539269420108,-0.0071516468134179,-0.0456595006974396
p.Ile33Ser,0.339663206076704,0.0452529967506674,0.294410209326036,0.384916202827371
p.Tyr343Gly,1.02259971242948,0.126528955756318,1.1491286681858,0.896070756673164
p.Gln178=,0.900133540982146,0.157797460566706,0.742336080415438,1.05793100154885
p.Gln502Cys,1.08486356868576,0.10062575478191,1.18548932346767,0.98423781390385
p.Arg487Trp,1.07421969346421,0.0739777543927649,1.14819744785698,1.00024193907145
p.Asn430Glu,1.11023178199009,0.118942781970957,1.22917456396105,0.991289000019137
p.Glu148Thr,1.17238907069414,0.051825090502935,1.22421416119707,1.1205639801912
p.Trp509Ile,1.13026964186653,0.0301534437514749,1.16042308561801,1.10011619811506
p.Glu206Ile,0.848659353072135,0.202028576666905,1.05068792973904,0.646630776405229
p.Leu420Ala,1.09431925942073,0.0808433033128399,1.01347595610789,1.17516256273357
p.Val352Lys,0.156221073325723,0.020029408739286,0.176250482065009,0.136191664586437
p.Glu460Pro,0.332118204873795,0.0861623038513835,0.418280508725178,0.245955901022411
p.Asn122Gly,0.904836650904047,0.0233657131637214,0.928202364067769,0.881470937740326
p.Arg387Glu,0.396323036676116,0.234569394187175,0.630892430863291,0.161753642488941
p.Gly485Thr,0.649078998871284,0.0514313993542204,0.700510398225504,0.597647599517063
p.Gly131Ter,-0.0462287918539246,0.003474051929025,-0.0497028437829496,-0.0427547399248995
p.Pro86Arg,0.839011177367731,0.158204642812763,0.680806534554969,0.997215820180494
p.Gln111=,1.0510780408227,0.069527345653677,1.12060538647638,0.981550695169026
p.Ala338Gln,0.124572909706725,0.0673462246379569,0.0572266850687681,0.191919134344682
p.Ile187Leu,0.944101073222973,0.113636893430017,1.05773796665299,0.830464179792956
p.Asn153Val,0.428643892017883,0.0378599886176084,0.390783903400274,0.466503880635491
p.Ala149Lys,0.909047755023865,0.117689332542146,0.791358422481717,1.02673708756601
p.Ala217His,0.746814883983691,0.197566111854288,0.944380995837979,0.549248772129402
p.Leu96Val,0.926836175372049,0.101502999330852,0.825333176041196,1.0283391747029
p.Tyr484Ser,0.917801209656728,0.050430238149605,0.867370971507123,0.968231447806333
p.Lys205Glu,1.25037693300002,0.18038625884868,1.4307631918487,1.06999067415134
p.Cys446Ala,0.964747963509763,0.0707188911729054,1.03546685468267,0.894029072336859
p.Val208Ile,0.711114259573565,0.156401283355293,0.554712976218272,0.867515542928859
p.Arg439Gly,1.17432318110126,0.0607716998465799,1.23509488094784,1.11355148125468
p.Ala492Tyr,0.947425029459899,0.000135648968475,0.947289380491424,0.947560678428374
p.Glu18Leu,0.934519158042473,0.0695805064348569,1.00409966447733,0.864938651607616
p.Pro276Ter,0.108618927013897,0.0748056359828865,0.183424562996783,0.0338132910310098
p.Glu193Asn,0.871264854608743,0.0707761485437249,0.800488706065018,0.942041003152468
p.Lys293Asn,0.913226955747528,0.11950091826039,0.793726037487139,1.03272787400792
p.His186Ile,0.909218711607497,0.0767554891516549,0.832463222455842,0.985974200759152
p.Lys95Val,0.718278358593573,0.156202668128489,0.562075690465084,0.874481026722063
p.Val376Met,1.14905278099635,0.052846404766705,1.09620637622965,1.20189918576306
p.Ala103=,1.00682772670213,0.0540104743251174,0.952817252377015,1.06083820102725
p.Pro489Trp,0.253666747047467,0.115414796607618,0.369081543655086,0.138251950439849
p.Ser455Met,0.838099645176849,0.186439125359382,1.02453877053623,0.651660519817466
p.Leu75Pro,0.357304207300095,0.029439478483714,0.386743685783809,0.327864728816381
p.Leu268Tyr,-0.0119651860364959,0.102507023796614,-0.11447220983311,0.0905418377601187
p.Glu252=,0.946167362854403,0.0623801669913989,1.0085475298458,0.883787195863002
p.Lys95Gly,0.934873465353146,0.0210744321817,0.913799033171446,0.955947897534846
p.Arg387Asn,1.11287025446809,0.0767963278702099,1.1896665823383,1.03607392659788
p.Ser180Val,0.827348285556971,0.0278278345822159,0.855176120139187,0.799520450974755
p.Leu323Tyr,1.09012155002473,0.147976329201953,1.23809787922668,0.942145220822773
p.Ile380Pro,0.876789037165313,0.113771256426778,0.990560293592091,0.763017780738535
p.Gly163Asn,0.323608423397131,0.0964543943510414,0.420062817748172,0.227154029046089
p.Lys514His,0.991898008999049,0.0313298073055625,0.960568201693485,1.02322781630461
p.Val284Cys,1.06098506448676,0.0953066944992769,1.15629175898603,0.965678369987476
p.Leu60His,0.855779542354372,0.0540563071411779,0.801723235213194,0.90983584949555
p.Ala127Cys,1.07484268608756,0.178995207950791,1.25383789403835,0.895847478136767
p.Arg104Ter,-0.0184487915436882,0.0273903945052924,-0.0458391860489807,0.0089416029616042
p.Tyr118Ala,0.799817090185312,0.178255059371287,0.978072149556599,0.621562030814025
p.Lys476Leu,0.918844349431835,0.048427546358196,0.967271895790031,0.870416803073639
p.Asn511Pro,1.19616237352915,0.0115428503549749,1.20770522388413,1.18461952317418
p.Ser180Cys,0.157099213090746,0.189090930867369,-0.0319917177766236,0.346190143958115
p.Ser117His,0.78156649210446,0.153759408864586,0.627807083239874,0.935325900969045
p.Pro223Tyr,0.865641584878317,0.0984189893095254,0.964060574187842,0.767222595568791
p.Ser180Gln,0.722385982363081,0.0094854906507735,0.731871473013855,0.712900491712308
p.Pro312Tyr,1.18587062823364,0.236631666750457,1.4225022949841,0.949238961483185
p.Asp30Cys,0.977595494189244,0.207538119605287,0.770057374583955,1.18513361379453
p.Pro143Tyr,0.712789189923022,0.232880756819436,0.945669946742458,0.479908433103586
p.Gln83Arg,1.15999070787849,0.0700477154813,1.23003842335979,1.08994299239719
p.Ala109His,0.735065545291858,0.0684278606613005,0.666637684630557,0.803493405953158
p.Val77Ala,0.949073261238258,0.0307216699165709,0.979794931154829,0.918351591321687
p.Pro92Ser,1.05500884001981,0.093248931330579,1.14825777135039,0.961759908689232
p.Lys320Gly,1.16399546593121,0.10479531627636,1.26879078220757,1.05920014965485
p.Pro326Ala,1.05728251879756,0.03983253899429,1.09711505779185,1.01744997980327
p.Arg175Lys,0.945885929123907,0.0538751075447909,0.999761036668698,0.892010821579116
p.Ser179Met,0.822432448182921,0.0674754003634064,0.754957047819514,0.889907848546327
p.Gly321Glu,0.57785782106324,0.287331904341627,0.865189725404867,0.290525916721613
p.Ile234Met,1.09260793692347,0.0995234340077065,1.19213137093117,0.993084502915757
p.His374=,0.998828104386412,0.0610057274157665,1.05983383180218,0.937822376970647
p.Ser455His,0.655470560431625,0.0860345862768959,0.569435974154729,0.741505146708521
p.Glu206His,0.680036307003711,0.112915159714914,0.567121147288797,0.792951466718624
p.Ser486Thr,1.08788816452157,0.21497960745855,1.30286777198012,0.872908557063019
p.Lys407Ser,1.25989500392949,0.03035605331232,1.29025105724181,1.22953895061717
p.Leu264Gln,0.54930373382427,0.078076222377354,0.471227511446916,0.627379956201624
p.Leu442Gln,0.989137220108791,0.011827962058751,0.977309258050038,1.00096518216754
p.Asn302=,0.81940447979247,0.0035233888974614,0.822927868689932,0.815881090895009
p.Gly131Ser,1.04719687854218,0.120212236315046,1.16740911485722,0.926984642227129
p.Val369Thr,0.382718290593115,0.058985004008902,0.323733286584213,0.441703294602017
p.Ala2Phe,1.06656118582563,0.0856065171032519,1.15216770292888,0.980954668722376
p.Arg175Cys,1.12289624691159,0.272969433829877,1.39586568074146,0.849926813081706
p.His124Trp,0.995156222769737,0.150710517339463,1.1458667401092,0.844445705430274
p.Leu20Pro,1.0296779997221,0.0415604242343084,1.07123842395641,0.988117575487793
p.Arg459Cys,1.00357225028788,0.232267317614377,1.23583956790226,0.771304932673505
p.Gln261Ser,1.16740061418013,0.211582560326734,1.37898317450686,0.955818053853392
p.Phe173Leu,0.723907330859569,NA,NA,0.723907330859569
p.Val303=,0.959398614443149,NA,NA,0.959398614443149
p.Tyr401Val,1.23571282394294,0.073030130007475,1.30874295395041,1.16268269393546
p.Thr76Leu,0.706459627071223,0.0132024520139304,0.719662079085154,0.693257175057293
p.Val328Leu,0.965550641334779,0.06522938438917,1.03078002572395,0.90032125694561
p.Lys288Ala,1.12181764664107,0.10479155670709,1.22660920334816,1.01702608993398
p.Ala338Cys,0.871595256701405,0.10412934421206,0.767465912489344,0.975724600913465
p.Leu356Phe,0.885626095483729,0.0116465889036965,0.897272684387426,0.873979506580033
p.Ile256Thr,0.656653589592938,0.145380020755576,0.802033610348514,0.511273568837362
p.Glu419Pro,1.0560790942606,0.01100047887294,1.04507861538766,1.06707957313354
p.Glu85=,1.08557439474025,0.0362993539977599,1.12187374873801,1.04927504074249
p.Asn302Arg,0.930883944660583,0.023425300212187,0.95430924487277,0.907458644448396
p.Gly425Met,0.82637479043253,0.0382703975759785,0.864645188008509,0.788104392856552
p.Thr423Leu,1.16488070577338,0.0694411832283849,1.23432188900177,1.095439522545
p.Gly247Pro,1.19818156018268,0.153825342503305,1.35200690268599,1.04435621767938
p.Leu468Trp,0.974373335664485,0.0407909876662454,0.933582347998239,1.01516432333073
p.Glu475Lys,0.922210621882784,0.154120417341236,0.768090204541548,1.07633103922402
p.Met212Asp,0.764360327619897,0.214421883237515,0.978782210857412,0.549938444382381
p.Arg487Tyr,1.00639759483821,0.0756640795129779,1.08206167435119,0.930733515325234
p.Leu214Ile,1.08137587519568,0.0160096169262349,1.09738549212191,1.06536625826944
p.Arg120Leu,0.957121467446828,0.0459141765045034,1.00303564395133,0.911207290942323
p.Lys171Asn,0.901009373662544,0.0888557327978775,0.989865106460421,0.812153640864666
p.Ser448Phe,1.14227709299695,0.11670316270849,1.25898025570544,1.02557393028846
p.Pro415Ter,-0.0406849813493372,0.0466876495285539,-0.0873726308778911,0.0060026681792167
p.Val169Arg,-0.025946031583488,0.0260322776963853,-0.0519783092798733,8.6246112897332E-05
p.Leu495His,0.55090108429357,0.0252312026361859,0.576132286929756,0.525669881657384
p.Gln266Met,0.90565113268586,0.0623346681583855,0.967985800844245,0.843316464527474
p.Asp350Trp,1.02704466086736,0.0598468099292229,1.08689147079658,0.967197850938134
p.Ala231His,1.00550366707728,0.033521904314968,1.03902557139225,0.971981762762314
p.Asn311His,0.972707500431829,0.16870234710568,1.14140984753751,0.804005153326149
p.Pro329Gln,1.12870303042307,0.0520412086161949,1.18074423903926,1.07666182180687
p.Ile167Gly,0.460646878642357,0.422699567161233,0.88334644580359,0.0379473114811242
p.Gly321Asp,0.840073591208978,0.119618286036019,0.720455305172959,0.959691877244996
p.Thr151Tyr,0.976771404977406,0.106685284088975,1.08345668906638,0.870086120888429
p.Ile355Ser,0.0409074402562052,0.0155941588945868,0.056501599150792,0.0253132813616183
p.Lys320Ter,-0.0439568155995652,0.082356408385798,-0.126313223985363,0.0383995927862331
p.Glu460Ile,0.446606332431385,0.0161787075179325,0.462785039949317,0.430427624913452
p.Phe354=,0.932201017937715,0.148869848455957,0.783331169481756,1.08107086639367
p.Leu422Trp,0.98221422124508,0.0606513787786609,0.921562842466418,1.04286560002374
p.Pro86Val,0.999473705360544,0.161366884863694,1.16084059022424,0.838106820496852
p.Val453Lys,1.22923054085389,0.111741680737985,1.34097222159188,1.11748886011591
p.Asn388Trp,1.11126813072727,0.122020033732008,1.23328816445928,0.989248096995263
p.Thr10Gln,1.08698479921882,0.0638100856359,1.15079488485472,1.02317471358292
p.Gly505Met,1.04321009520812,0.02573877468994,1.06894886989806,1.01747132051818
p.Ala116Thr,0.8982942811484,0.0667348631722899,0.83155941797611,0.96502914432069
p.Phe221Gly,0.528708192933593,0.06214713339016,0.590855326323753,0.466561059543433
p.Thr406Cys,1.10754184211518,0.104849528177485,1.21239137029266,1.00269231393769
p.Ile15Cys,0.861868124539394,0.0544459752891304,0.916314099828524,0.807422149250263
p.Ile483Ala,1.07974033097723,0.0495571747021999,1.12929750567943,1.03018315627503
p.Asn302His,1.13140314609845,0.181149588842555,1.31255273494101,0.950253557255901
p.Asn64Ile,0.429969886375344,0.0924964666385175,0.337473419736827,0.522466353013862
p.Asp194Arg,0.920088721996542,0.0468358578361229,0.966924579832665,0.873252864160419
p.Pro92Thr,1.00264045894713,0.046792453258562,1.04943291220569,0.955848005688566
p.Tyr507Glu,1.2091033302793,0.0628558446162349,1.27195917489553,1.14624748566306
p.Arg357Thr,1.01819016208102,0.0410143149522005,1.05920447703322,0.977175847128819
p.Lys429Thr,1.14139008651811,0.096174348430255,1.23756443494837,1.04521573808786
p.Leu440Met,1.18295631612446,0.00449092631488,1.18744724243934,1.17846538980958
p.Ser278Leu,0.708328674840004,0.188210971509979,0.896539646349983,0.520117703330025
p.Glu156Ter,-0.0090021760543682,0.0134908110099515,-0.0224929870643199,0.0044886349555833
p.Glu473Ile,0.752066071630432,0.023626874697827,0.775692946328259,0.728439196932605
p.Leu121Ser,0.0341236767614676,0.050488068814746,-0.0163643920532785,0.0846117455762137
p.Val259Tyr,1.18923631468749,0.13767932415446,1.32691563884195,1.05155699053303
p.Val376Leu,1.14709505101033,0.0811552873677849,1.22825033837811,1.06593976364254
p.Pro415Ile,1.05241348466219,0.0743545590649915,0.978058925597197,1.12676804372718
p.Asn311Met,1.02344391100828,0.03299766744839,1.05644157845667,0.99044624355989
p.Ser184Thr,1.12033820926923,0.0220335135304801,1.14237172279971,1.09830469573875
p.Glu193Leu,0.283306904464252,0.143551666011726,0.426858570475978,0.139755238452527
p.Gln266Glu,0.810473288707432,0.0071080778654354,0.817581366572868,0.803365210841997
p.Gly245Ala,1.05444974839122,0.05192773460636,1.10637748299758,1.00252201378486
p.Asn346=,0.942799165737742,0.064219517736027,0.878579648001716,1.00701868347377
p.Phe102Thr,0.36754670980798,0.0825041574973795,0.450050867305359,0.2850425523106
p.Ser29Ala,1.0859730246625,0.143939034566408,1.22991205922891,0.942033990096094
p.Gln22Ter,-0.0242546744223448,0.0223150400166006,-0.0465697144389455,-0.0019396344057442
p.Arg192Val,0.9146556074404,0.0609703917134889,0.975625999153889,0.853685215726911
p.Met212Gln,0.727900138516834,0.191101058628043,0.919001197144877,0.536799079888791
p.Leu60Phe,0.879097105931543,0.0611254675216094,0.817971638409933,0.940222573453152
p.Leu433Glu,1.27299352516002,0.14715508356076,1.42014860872078,1.12583844159926
p.Cys232Ter,0.184122906173458,0.184221730013163,0.368344636186621,-9.88238397049873E-05
p.Ile199Gly,0.603612832777528,0.274364289568336,0.877977122345864,0.329248543209192
p.Leu203Met,1.2121543369419,0.076018202847925,1.28817253978983,1.13613613409398
p.Arg17Pro,0.959605097327625,0.0443708484168164,1.00397594574444,0.915234248910807
p.Glu297Asp,1.04047850982795,0.0954229624721464,1.1359014723001,0.945055547355807
p.Gly222Phe,0.90198233268987,0.0329051589070494,0.869077173782821,0.93488749159692
p.Leu75Tyr,0.999046699020949,0.0790722821854385,0.919974416835513,1.07811898120639
p.Lys320Trp,0.963440249858646,0.115929282861251,1.0793695327199,0.847510966997397
p.Leu43Met,0.977603528673442,0.0136291786908275,0.99123270736427,0.963974349982615
p.Cys294Leu,0.961514965861893,0.0331710934526714,0.994686059314565,0.928343872409222
p.Gly163=,1.08750792660266,0.0891787859946224,1.17668671259728,0.998329140608035
p.Ser281Val,0.823723918565954,0.167222816327001,0.656501102238953,0.990946734892955
p.Met496Val,1.00851019641013,0.0459423995748055,1.05445259598494,0.962567796835329
p.Gln372Ser,0.854284436820771,0.0161996599288249,0.870484096749596,0.838084776891946
p.Glu297Ala,0.953266018877955,0.0254804958362144,0.92778552304174,0.978746514714169
p.Phe66Glu,0.882353732697277,0.0253755765415589,0.856978156155718,0.907729309238836
p.Gly242Ala,0.901402048873956,0.0465675630164324,0.947969611890389,0.854834485857524
p.Gly321Asn,0.90196402816157,0.0536854818048865,0.955649509966456,0.848278546356683
p.Asn430Thr,1.14713826256578,0.105836453902915,1.2529747164687,1.04130180866287
p.Gly23Asn,1.25275032819063,0.068745722539435,1.32149605073006,1.18400460565119
p.His382Asp,1.20713373537401,0.153892654700475,1.36102639007448,1.05324108067353
p.Asp228Glu,1.13427155920097,0.105270155569285,1.23954171477025,1.02900140363168
p.His374Leu,0.876054995099508,0.0012667070456405,0.874788288053867,0.877321702145148
p.Glu297Cys,0.921313785874565,0.015675423363372,0.936989209237937,0.905638362511193
p.Gly505Trp,0.996578861632834,0.0118285636248345,0.984750298008001,1.00840742525767
p.Thr243Ile,1.14892383386683,0.0382024532653899,1.18712628713222,1.11072138060144
p.Val5Leu,1.00544589375106,0.065779827941975,1.07122572169304,0.93966606580909
p.Glu315Gln,0.992809407640576,0.0105370825361764,0.982272325104397,1.00334649017675
p.Arg387Thr,0.960141405607732,0.220502722461936,1.18064412806967,0.739638683145798
p.Val499Ile,1.04348655812329,0.055951209037424,1.09943776716071,0.987535349085862
p.Ala149Phe,0.956701791574891,0.062864022243599,0.893837769331292,1.01956581381849
p.Ala78Tyr,0.931569349533494,0.0769925735584275,1.00856192309192,0.854576775975065
p.Glu244Leu,1.07165641619023,0.054004607994725,1.12566102418495,1.0176518081955
p.Leu458Cys,0.735579829542647,0.176263276213327,0.55931655332932,0.911843105755974
p.Tyr139Trp,0.841480471419565,0.032143247199158,0.873623718618723,0.809337224220407
p.Ala116His,1.08941296406282,0.0126873956572499,1.07672556840557,1.10210035972007
p.Val169Ser,0.842426791916699,0.0769974078252235,0.919424199741922,0.765429384091475
p.Leu214Ala,1.08179137485696,0.0710668813009099,1.15285825615787,1.01072449355605
p.Phe87Trp,1.05096339287275,0.096872244302863,1.14783563717561,0.954091148569884
p.Phe241Ter,0.0324864645968304,0.0196188393331457,0.0521053039299762,0.0128676252636846
p.Leu16Trp,0.890554708753186,0.0989171634511204,0.989471872204306,0.791637545302065
p.Ile196Leu,0.8458910481066,0.0717675429865319,0.774123505120068,0.917658591093132
p.Ala71Ter,-0.0368615606009813,0.0402890948915161,-0.0771506554924975,0.0034275342905348
p.Gly306Ile,0.23420544015642,0.248653229225973,-0.0144477890695525,0.482858669382393
p.Leu190Ser,1.01597236587917,0.0763526048419545,1.09232497072113,0.939619761037221
p.Asn226Trp,0.509170406375074,0.116455015656915,0.625625422031989,0.392715390718159
p.Ala492Thr,1.0938473232599,0.03394450310585,1.12779182636575,1.05990282015405
p.Tyr107His,0.607695638369076,0.109565905038226,0.717261543407302,0.49812973333085
p.Ala127Lys,1.05114665042088,0.0241863015103199,1.0753329519312,1.02696034891056
p.Ile36Glu,0.049076870730335,0.0646816722760801,-0.0156048015457452,0.113758543006415
p.Asn302Lys,0.767353209072294,0.0151394531551594,0.782492662227453,0.752213755917134
p.Glu193Met,0.472121004181327,0.235833537227597,0.707954541408924,0.236287466953729
p.Lys403Ala,1.02237050094426,0.101365346772076,1.12373584771634,0.921005154172188
p.Lys408Glu,1.15360906014665,0.0702190855036349,1.22382814565028,1.08338997464301
p.Lys205Arg,1.30618732944321,0.13153370621329,1.4377210356565,1.17465362322992
p.Glu244Trp,0.941873821393636,0.103364698003516,0.838509123390118,1.04523851939715
p.Asp79Met,0.773102555221408,0.0277270209068979,0.74537553431451,0.800829576128306
p.Lys275Ala,0.983957821128043,0.060835383378656,1.0447932045067,0.923122437749388
p.Gly248Gln,1.11589723111056,0.055344514112145,1.17124174522271,1.06055271699842
p.Pro86Ser,0.818514546402092,0.016704761804587,0.801809784597505,0.835219308206679
p.Pro144Asp,1.14363098861532,0.063812087334525,1.20744307594984,1.07981890128079
p.Asp100Ter,-0.0775883470270478,0.0490400393664422,-0.12662838639349,-0.0285483076606055
p.Pro415Thr,1.12042649402819,0.0307359952731099,1.1511624893013,1.08969049875508
p.Gln11Pro,0.976677984711274,0.033212605346327,0.943465379364946,1.0098905900576
p.Arg393Gly,1.20827323426305,0.0892620019443999,1.29753523620745,1.11901123231865
p.Ser132Phe,1.03782961373133,0.040342573751187,1.07817218748252,0.997487039980146
p.Gly204Trp,1.21553313275567,0.120871640064615,1.33640477282029,1.09466149269106
p.Gln22Glu,1.04687657246781,0.0964358599315999,1.14331243239941,0.95044071253621
p.Ile255Ala,1.14380595973817,0.073249908817475,1.21705586855564,1.07055605092069
p.Val68Ter,0.178225534321777,0.108638008850091,0.286863543171868,0.0695875254716858
p.Trp225Arg,0.436714205147238,0.190796877487113,0.62751108263435,0.245917327660125
p.Leu342Lys,0.39235637903402,0.147999252188816,0.540355631222836,0.244357126845204
p.His129Ter,-0.107117975519664,0.0796453477268331,-0.186763323246497,-0.0274726277928307
p.Tyr107Ter,0.0069727044860377,0.0222877998230634,-0.0153150953370257,0.0292605043091011
p.Phe413Glu,0.678899145885273,0.224749736613896,0.454149409271377,0.903648882499169
p.Asp228Ala,0.995654873236193,0.0117463204976355,1.00740119373383,0.983908552738559
p.Arg182Ile,1.13534544672508,0.0956411515743399,1.23098659829942,1.03970429515074
p.Arg9Met,0.761829224553636,0.210885294648095,0.550943929905541,0.972714519201731
p.Ile36Leu,0.816617306305695,0.0520922673956195,0.868709573701315,0.764525038910076
p.Ala217Phe,0.0351629531745615,0.0445378724611481,0.0797008256357097,-0.0093749192865866
p.Ala361Pro,0.134213553345831,0.180215294385638,-0.046001741039807,0.314428847731469
p.Phe216Arg,0.617688167377285,0.192499622729697,0.810187790106982,0.425188544647588
p.Thr31Pro,1.08014929044894,0.0800271630445299,1.16017645349347,1.00012212740441
p.Tyr70Asn,0.372534748411288,0.196703614990139,0.175831133421149,0.569238363401427
p.Asp443Lys,0.753597501465697,0.278756026713003,1.0323535281787,0.474841474752694
p.Leu440Glu,0.930087401162759,0.0270110413136985,0.90307635984906,0.957098442476457
p.Lys432Phe,1.13663834781721,0.109610606186415,1.24624895400362,1.02702774163079
p.Pro86Thr,0.826231131203033,0.001876439875122,0.828107571078155,0.824354691327911
p.Ile168His,0.073897344086803,0.0259527050335575,0.0479446390532455,0.0998500491203606
p.Phe21Gly,0.871751631771626,0.001101493053591,0.872853124825217,0.870650138718035
p.Arg459Gly,0.970932098645718,0.047696622847012,1.01862872149273,0.923235475798706
p.His129Met,1.13212587440999,0.0693195031779649,1.20144537758795,1.06280637123202
p.Ile199Phe,1.01365669373893,0.0338644046743955,1.04752109841333,0.979792289064539
p.Thr327Ala,1.15210848430233,0.08928605601971,1.24139454032204,1.06282242828262
p.Glu287Phe,0.575323756636585,0.0731211208341089,0.648444877470694,0.502202635802476
p.His201Gly,1.05377642043507,0.022657364489655,1.07643378492473,1.03111905594542
p.Arg182Cys,0.37728510194842,0.599367668923913,-0.222082566975493,0.976652770872334
p.Lys290Cys,0.84910114679521,0.0066276434437834,0.855728790238994,0.842473503351427
p.Gly378Cys,1.04729241821655,0.0322589484942149,1.01503346972234,1.07955136671077
p.Asn301Ser,1.17147788606816,0.178646215712463,1.35012410178062,0.992831670355694
p.Ala109Phe,0.838539401461479,0.0211555947430234,0.817383806718455,0.859694996204502
p.Val499Asn,1.05751266792732,0.0017361242193549,1.05924879214668,1.05577654370797
p.Leu442Phe,0.787342471210182,0.12974277843076,0.657599692779422,0.917085249640942
p.Glu398Met,0.513811639006459,0.231814877848881,0.281996761157578,0.745626516855341
p.Phe26Ile,1.07996771109582,0.102763385914817,1.18273109701064,0.977204325181005
p.Leu7Glu,0.917018933178649,0.0369194595385705,0.95393839271722,0.880099473640079
p.Thr31Ala,1.11570577613554,0.075912878848425,1.19161865498397,1.03979289728712
p.Met207Val,1.13331187877041,0.10365057058884,1.23696244935925,1.02966130818157
p.Leu140Arg,0.0309681258643344,0.116909259234322,-0.0859411333699876,0.147877385098656
p.Leu442Arg,0.843271214379433,0.030583203842286,0.812688010537147,0.873854418221719
p.Met207His,1.16681783124307,0.0357915956136399,1.20260942685671,1.13102623562943
p.Trp225Phe,1.16916178293515,0.172044062977813,1.34120584591296,0.997117719957334
p.Asn153Trp,0.894552983088647,0.082321296805855,0.976874279894502,0.812231686282792
p.Asp456=,1.18771130861815,0.079809619150365,1.26752092776851,1.10790168946778
p.Phe191Tyr,0.969397085687273,0.0578297614924985,0.911567324194773,1.02722684717977
p.Tyr112Lys,0.747240905789073,0.273082124387237,1.02032303017631,0.474158781401836
p.Gly351Met,0.408556356774412,0.107416613941729,0.515972970716141,0.301139742832683
p.Lys288His,1.08589785963644,0.0154996679923149,1.10139752762876,1.07039819164413
p.Gln209His,1.23841922867863,0.0801253019971649,1.3185445306758,1.15829392668147
p.Gln119Trp,0.961562689383243,0.102815096471937,1.06437778585518,0.858747592911305
p.Phe253Gln,1.1607256460941,0.0523079345652649,1.21303358065936,1.10841771152883
p.Leu422Lys,0.612272238826622,0.241710047976522,0.853982286803145,0.3705621908501
p.Cys158Ala,0.802701749476444,0.009492022842433,0.812193772318877,0.793209726634011
p.Arg57Ile,0.351073876165266,0.0701122053358989,0.280961670829367,0.421186081501165
p.His186Arg,0.903354378915139,0.0212157285565899,0.924570107471729,0.882138650358549
p.Arg459Ter,-0.0816266610784546,0.0940682877886253,-0.17569494886708,0.0124416267101706
p.Leu474Gly,0.846704364948194,0.141299205718846,0.705405159229348,0.988003570667041
p.Tyr70Trp,0.550237014499386,0.0193189211350424,0.569555935634429,0.530918093364344
p.Tyr428Lys,1.1383632151773,0.067487679256795,1.2058508944341,1.07087553592051
p.Lys47Arg,0.995524143441932,0.0993369704634154,1.09486111390535,0.896187172978519
p.Glu345Asp,1.12171442271085,0.031435321924535,1.15314974463538,1.09027910078631
p.Lys238Gln,1.23779192241246,0.004996044678785,1.23279587773368,1.24278796709125
p.Lys238Tyr,1.25242013135716,0.0605033936348449,1.31292352499201,1.19191673772232
p.Tyr343Ser,0.830096756869869,0.0338256270179454,0.796271129851924,0.863922383887815
p.Gly500Lys,1.17155603959254,0.11148700711771,1.28304304671025,1.06006903247483
p.Gln384Asn,1.09822173825174,0.01555581834618,1.08266591990556,1.11377755659792
p.Tyr197Met,0.13600620806742,0.081314540206058,0.217320748273478,0.0546916678613619
p.Ala399Met,1.220052178478,0.065012165051175,1.28506434352918,1.15504001342683
p.Asn262Asp,1.14109000903222,0.105969421475755,1.24705943050798,1.03512058755647
p.Val298Ile,0.978971216229807,0.0058325112408695,0.973138704988938,0.984803727470677
p.Phe501Met,1.02846947021646,0.0087852091271849,1.01968426108927,1.03725467934364
p.Arg370Gln,1.09923885810226,0.0954310429501949,1.19466990105245,1.00380781515206
p.Gln11Ala,1.04429649380161,0.0774815371355715,1.12177803093718,0.966814956666037
p.Arg104Gln,0.897118200570359,0.133591749693201,1.03070995026356,0.763526450877158
p.Gly378Tyr,0.986702804700093,0.108655081472767,1.09535788617286,0.878047723227326
p.Met260Ile,1.22288251751938,0.14479650591698,1.36767902343636,1.0780860116024
p.Ala318=,0.990490645748832,0.125771921740518,1.11626256748935,0.864718724008314
p.Val233Ser,0.0501401788554017,0.0173166729541498,0.0674568518095516,0.0328235059012519
p.Ile224Tyr,0.548528860982077,0.0083877677657734,0.556916628747851,0.540141093216304
p.Ser123Trp,1.01781121761591,0.151221028136486,1.1690322457524,0.866590189479428
p.Tyr482Ter,-0.059292166580562,0.0701603110509811,-0.129452477631543,0.0108681444704192
p.Val291Phe,0.769663584488416,0.208543352443295,0.561120232045121,0.978206936931711
p.Tyr139Ala,0.788223071214396,0.0895883120165145,0.87781138323091,0.698634759197881
p.Gly131Tyr,0.75535450465475,0.0260238746717245,0.781378379326474,0.729330629983025
p.Phe102Trp,1.05333252470721,0.037975825020505,1.09130834972771,1.0153566996867
p.Arg487Ser,1.13173918931808,0.09865278109454,1.23039197041262,1.03308640822354
p.Glu252Ile,0.746357022090145,0.0221018809382715,0.768458903028417,0.724255141151874
p.Asp324His,0.815816012349062,0.0135966356260049,0.802219376723057,0.829412647975067
p.Ala300Lys,1.02774382897526,0.0333139546594464,1.06105778363471,0.994429874315817
p.Ile380Arg,0.588457439033345,0.182270101514469,0.770727540547814,0.406187337518876
p.Phe21Asn,0.871636118652689,0.007623405509784,0.864012713142905,0.879259524162473
p.His32Leu,1.09328858928035,0.0896818357518499,1.0036067535285,1.1829704250322
p.Ile220Tyr,1.10435180584158,0.00054496779496,1.10380683804662,1.10489677363654
p.Ala399Ile,1.14292648441977,0.03423707534812,1.10868940907165,1.17716355976789
p.Arg393Asn,1.37322876875305,0.210279450627005,1.58350821938005,1.16294931812604
p.Lys386Thr,1.11289954134001,0.0290687123375699,1.08383082900244,1.14196825367758
p.Asp114Lys,0.994742460551925,0.0138526331285244,1.00859509368045,0.980889827423401
p.Met267Ala,0.99818257085608,0.0958398776838089,1.09402244853989,0.902342693172272
p.Ala78Leu,0.941045418265375,0.100707773842675,0.8403376444227,1.04175319210805
p.Val376Asp,1.24621164028042,0.17116524893752,1.41737688921794,1.0750463913429
p.Leu61Gly,-0.0022244295824389,0.055564647855789,-0.057789077438228,0.05334021827335
p.Pro276Trp,0.0364378980081034,0.0221211541237284,0.0585590521318319,0.0143167438843749
p.Arg219Asp,0.358071770930273,0.193748888523367,0.55182065945364,0.164322882406906
p.Leu128Thr,0.667544098963624,0.0423071460537334,0.62523695290989,0.709851245017357
p.Pro512Trp,0.873503558498924,0.0570372568659299,0.816466301632994,0.930540815364854
p.Glu491Cys,0.967936223425367,0.179233816440573,1.14717003986594,0.788702406984794
p.Val499Asp,0.881083514470161,0.120804395733379,1.00188791020354,0.760279118736782
p.Ile256Glu,0.0448692708397284,0.0691551392211467,-0.0242858683814184,0.114024410060875
p.Val146Ile,0.975844085831125,0.0631883917279429,0.912655694103184,1.03903247755907
p.Lys386Phe,1.20522591780989,0.12929586128451,1.3345217790944,1.07593005652538
p.Lys360Ter,0.0524293418965304,0.0485890850947268,0.101018426991257,0.0038402568018033
p.Phe452Cys,0.906546824049927,0.0173590649783829,0.92390588902831,0.889187759071544
p.Gln471=,0.892173098737018,0.0419477228471759,0.934120821584194,0.850225375889842
p.Phe56Gln,0.292285135101992,0.0084457360138495,0.300730871115842,0.283839399088143
p.Arg427Glu,1.10315341084444,0.068424504716155,1.1715779155606,1.03472890612829
p.Ile196Gln,0.319531728528103,0.205716719026399,0.525248447554503,0.113815009501704
p.Leu469Pro,0.146040771672117,0.0832201914231316,0.229260963095249,0.0628205802489857
p.Pro276Tyr,-0.0165657653911239,0.0074584597700774,-0.0240242251612014,-0.0091073056210464
p.Gly378Thr,1.17542789830148,0.006294645771995,1.18172254407348,1.16913325252949
p.Asp42Ter,-0.0039851102125577,0.0106932743217817,0.006708164109224,-0.0146783845343396
p.Thr76Ter,-0.121185500918766,0.0761279062184436,-0.19731340713721,-0.0450575947003226
p.Ser278His,0.637569421648134,0.127782256442538,0.509787165205596,0.765351678090672
p.Val400Glu,0.769365403313123,0.110357472669773,0.879722875982896,0.65900793064335
p.Lys497Gln,1.11733819254423,0.063691092291235,1.18102928483547,1.053647100253
p.Lys290=,0.975033075576743,0.0085597836641015,0.966473291912641,0.983592859240844
p.Gln502Tyr,1.14937165705326,0.138744615100835,1.28811627215409,1.01062704195242
p.Asp30Met,1.0483320493403,0.0098263657526749,1.05815841509297,1.03850568358762
p.Lys171Glu,0.805387280564234,0.0288300320189645,0.834217312583198,0.776557248545269
p.Pro329Ile,0.866332673138103,0.10929954044545,0.757033132692652,0.975632213583553
p.Phe501Glu,1.19486129698503,0.0695859707149349,1.26444726769996,1.12527532627009
p.Glu156Phe,0.764354307722371,0.0960010412283444,0.668353266494026,0.860355348950715
p.Asp258Gln,1.18131259203214,0.11348322743225,1.29479581946439,1.06782936459989
p.Asn511Val,1.07656725078641,0.175662115175743,1.25222936596216,0.900905135610673
p.Lys366Leu,0.992741764104189,0.0525223846328609,1.04526414873705,0.940219379471328
p.Glu99Ile,0.767974258229507,0.0639777170631579,0.703996541166349,0.831951975292665
p.Gly351=,0.902513523922511,0.133501567802028,0.769011956120484,1.03601509172454
p.Gly38Trp,0.25872173021426,0.026869798961185,0.285591529175445,0.231851931253075
p.Glu93Lys,1.09296450056059,0.10423240918594,1.19719690974653,0.98873209137465
p.Glu345Met,0.808401620604018,0.0567572914579244,0.751644329146093,0.865158912061942
p.Ser132Ter,0.0619855494495387,0.0620187317996943,0.124004281249233,-3.31823501556193E-05
p.Glu297Trp,0.69773998641525,0.0241201677414529,0.673619818673797,0.721860154156703
p.Val233Ile,0.828814922503335,0.0073970514774615,0.836211973980796,0.821417871025873
p.Met411Ter,0.15595356816197,0.122247217340513,0.278200785502483,0.0337063508214564
p.Ser160Phe,0.207148533928155,0.137379605359083,0.344528139287238,0.069768928569072
p.Arg136Tyr,0.987425827550643,0.0369045441293975,1.02433037168004,0.950521283421245
p.Val5=,1.07969125257321,0.100107590087034,1.17979884266024,0.979583662486171
p.Met411Asp,1.21212626512009,0.0481818158672049,1.26030808098729,1.16394444925288
p.Glu457Pro,0.133143898574431,0.0175807778452709,0.11556312072916,0.150724676419702
p.Leu356Ter,0.0501462670246328,0.0385419081201578,0.0886881751447907,0.011604358904475
p.Gly505Ter,1.51752852533928,0.10818874399327,1.62571726933255,1.40933978134601
p.Tyr202Ile,1.15925200706104,0.0442687962708999,1.20352080333194,1.11498321079014
p.Arg219Phe,0.609927776189608,0.165335726179492,0.775263502369101,0.444592050010116
p.Gly310Asn,0.94138297428448,0.0313763591818235,0.972759333466304,0.910006615102657
p.Val341Cys,0.993496277968778,0.014543970356141,0.978952307612638,1.00804024832492
p.Gln261Thr,1.19319692478449,0.0541716364715099,1.247368561256,1.13902528831298
p.Thr243Lys,1.03773274572415,0.149118894071121,1.18685163979527,0.888613851653028
p.Pro240Phe,0.960534166115755,0.0105921199724985,0.949942046143256,0.971126286088253
p.Met37Trp,0.144983716463678,0.073130433053784,0.218114149517462,0.0718532834098939
p.Cys158Ile,0.301397979925673,0.0682095828345115,0.233188397091161,0.369607562760184
p.Asp113Ser,0.933934025889845,0.0135776825506285,0.947511708440474,0.920356343339217
p.Leu121His,0.0272148362116178,0.0602129689523511,-0.0329981327407333,0.0874278051639689
p.Asn105Pro,0.0209451002080625,0.0666591302949925,-0.0457140300869301,0.087604230503055
p.Phe173Gln,0.911766239419378,0.0197848716225255,0.931551111041903,0.891981367796852
p.Glu364Asp,1.06454127258268,0.0080155534922899,1.07255682607497,1.05652571909039
p.Ala338Glu,0.468135633285671,0.154041109292376,0.622176742578047,0.314094523993294
p.Leu265Ter,-0.0783041733127869,0.0798564075684537,-0.158160580881241,0.0015522342556666
p.Glu94Ile,0.264548769545361,0.0323373823550655,0.232211387190296,0.296886151900427
p.Arg365Trp,0.263223062458332,0.103484592318516,0.366707654776848,0.159738470139816
p.Arg219Asn,1.12300999647807,0.110456634638355,1.23346663111643,1.01255336183972
p.Ala134Glu,1.09474646388287,0.047602940826175,1.0471435230567,1.14234940470905
p.Phe138Arg,0.0185748735123284,0.0556600316248733,-0.0370851581125449,0.0742349051372018
p.Arg330Asn,1.08742698430111,0.103568284372137,1.19099526867325,0.983858699928975
p.Cys158Ter,0.316155073574302,0.283963295206081,0.600118368780383,0.0321917783682209
p.Met159Asp,0.652141000011859,0.199054280036386,0.851195280048245,0.453086719975473
p.Asp282Thr,1.01622056910242,0.105551583409622,1.12177215251204,0.910668985692796
p.Ser8Asn,1.09172281210119,0.128159236973649,1.21988204907484,0.963563575127542
p.Leu468Ile,1.12718578644382,0.111870805810765,1.23905659225459,1.01531498063306
p.Ser132Leu,1.03810202574753,0.076280082491851,1.11438210823938,0.961821943255678
p.Ala127His,0.994093756367608,0.021073572462051,0.973020183905558,1.01516732882966
p.Pro240Tyr,0.776422928852012,0.094755221720668,0.681667707131344,0.87117815057268
p.Gly331=,1.08108219475339,0.0177499194463049,1.0988321141997,1.06333227530709
p.Gln178Arg,1.01481767575508,0.0193427404340065,0.995474935321077,1.03416041618909
p.Asn210Trp,0.832631308489257,0.10726336359096,0.939894672080218,0.725367944898297
p.His124Pro,-0.0345341287479339,0.0715951450979662,-0.1061292738459,0.0370610163500325
p.Gly204Met,1.28630528158542,0.0607151567921149,1.34702043837754,1.22559012479331
p.Gln449Ala,1.06341258223124,0.106980476173857,1.1703930584051,0.956432106057386
p.Pro86Ter,-0.0077439634081102,0.0129798413097608,0.0052358779016506,-0.0207238047178712
p.Gly310Pro,0.8967619726414,0.0327402437199549,0.864021728921445,0.929502216361355
p.His470Ile,0.856529040856027,0.0846595075430589,0.941188548399086,0.771869533312968
p.Asp58Leu,0.992437672939893,0.0942439015225845,1.08668157446248,0.898193771417311
p.Ile472Cys,0.873679305874383,0.136604385597267,0.737074920277116,1.01028369147165
p.Gly247Asn,1.04690841995763,0.0178178379209299,1.06472625787856,1.0290905820367
p.Trp462Cys,1.02527203235812,0.152627646907837,1.17789967926596,0.872644385450286
p.Asp421Glu,0.951022021559682,0.019114280800477,0.970136302360159,0.931907740759205
p.Asp228Ser,0.908021619993457,0.0410290521688445,0.949050672162301,0.866992567824612
p.Val213Phe,0.799730431277128,0.118734677132062,0.680995754145067,0.91846510840919
p.Gln502His,0.792608841858126,0.191551132414322,0.601057709443804,0.984159974272448
p.Lys45Met,1.04818028264597,0.035530043269375,1.08371032591534,1.01265023937659
p.Leu342Asp,0.321353846590122,0.074167520596221,0.395521367186343,0.247186325993901
p.Ser132Gly,0.692854460624654,0.0737838320078179,0.619070628616836,0.766638292632472
p.Ala2Ile,1.08664190234483,0.06854045572194,1.15518235806677,1.01810144662289
p.Asn229Ser,1.0498688646413,0.0561050039300979,1.1059738685714,0.993763860711204
p.Met125Asn,0.605841179627799,0.241161389247654,0.847002568875453,0.364679790380144
p.Trp349Tyr,0.244270162608972,0.140375456102429,0.384645618711401,0.103894706506543
p.Ile392Pro,-0.0190865466695978,0.123806197001445,-0.142892743671043,0.104719650331847
p.Gly505Ala,1.19914515561577,0.10645987725971,1.30560503287548,1.09268527835606
p.Arg370Leu,1.10838314478807,0.07330130284376,1.18168444763183,1.03508184194431
p.Phe413Ile,1.05839895410105,0.05090195441559,1.00749699968546,1.10930090851664
p.Asn135Trp,0.0954400295683195,0.0130608271622922,0.108500856730612,0.0823792024060274
p.Asn426Gly,1.02737244278465,0.054275941045471,0.973096501739178,1.08164838383012
p.Phe250Gly,0.725211276896762,0.123668639918802,0.848879916815564,0.60154263697796
p.Lys320Cys,1.00420242894494,0.0309130398509214,1.03511546879586,0.973289389094017
p.Val77Cys,0.977419007029658,0.088181921137833,1.06560092816749,0.889237085891824
p.Thr145Lys,1.06725124673325,0.0270103303201298,1.09426157705338,1.04024091641312
p.Ser160Leu,0.431287043041774,0.178818292810246,0.61010533585202,0.252468750231527
p.Leu61Arg,-0.020986006606266,0.0453470413919241,-0.0663330479981901,0.0243610347856581
p.Ala109Thr,1.10150678708196,0.118927813184112,1.22043460026607,0.982578973897847
p.Thr423Asn,0.697385015165154,0.0101190778644244,0.707504093029579,0.68726593730073
p.Gly500Ile,1.09800706716923,0.0803419628891099,1.17834903005834,1.01766510428012
p.Pro329Phe,0.811199216275595,0.0206051072087065,0.790594109066889,0.831804323484302
p.Leu420His,1.13382102652535,0.044253231612,1.17807425813735,1.08956779491335
p.Ala361Cys,0.915139840154322,0.016735748230641,0.931875588384963,0.898404091923681
p.Ile392Met,0.986937995755362,0.144987042681749,1.13192503843711,0.841950953073613
p.Tyr503=,0.734943070459131,0.311274673639277,0.423668396819855,1.04621774409841
p.Ile187Glu,0.873555413913716,0.129461510612056,1.00301692452577,0.744093903301657
p.Glu156Ala,1.05325648057957,0.014415811168025,1.06767229174759,1.03884066941154
p.Ser29Asp,1.12831966328319,0.0957973783785499,1.22411704166174,1.03252228490464
p.Gln119Asp,1.10050608559343,0.112440770979188,1.21294685657262,0.988065314614244
p.Gln449Tyr,0.84717095083905,0.23589615278717,1.08306710362622,0.61127479805188
p.Ser486Gln,0.733986567936138,0.107841173235669,0.626145394700469,0.841827741171807
p.Met496Tyr,1.13364235409353,0.18379299615714,1.31743535025067,0.94984935793639
p.Gly245Tyr,0.955945603149011,0.05734723593504,1.01329283908405,0.89859836721397
p.Phe66Asp,0.754132347960901,0.201761044728395,0.955893392689296,0.552371303232506
p.Lys89Leu,1.00225354640759,0.0121353635739649,0.99011818283362,1.01438890998155
p.Ile15=,0.782162477233236,0.120464592197936,0.661697885035299,0.902627069431172
p.Val77Ile,1.1130607803265,0.0259492375493199,1.13901001787582,1.08711154277718
p.Tyr197Ser,0.0051690316310245,0.066764813606608,-0.0615957819755835,0.0719338452376326
p.Ser179Asn,0.935682741859287,0.0505050653762569,0.986187807235544,0.88517767648303
p.Cys13Asn,0.782298537604402,0.0419278984558164,0.824226436060218,0.740370639148585
p.Thr490Arg,0.907100969202307,0.0224995909018084,0.929600560104115,0.884601378300498
p.Thr151Asn,1.01886793755656,0.198194504182682,1.21706244173924,0.820673433373876
p.Cys358Gln,0.711929298194147,0.167064999449716,0.878994297643862,0.544864298744431
p.Asn262Tyr,1.0701950122449,0.04057165965146,1.02962335259344,1.11076667189636
p.Pro396Tyr,0.20647873113976,0.082230451455982,0.288709182595742,0.124248279683778
p.Trp509Asp,1.18094345083336,0.06514502839067,1.24608847922403,1.11579842244269
p.Val271Gln,0.0324376886297932,0.0864519513938548,-0.0540142627640618,0.118889640023648
p.Leu75Gln,0.793974262670149,0.022292145504506,0.771682117165643,0.816266408174655
p.Leu55Cys,1.00854078940765,0.0580683994116855,1.06660918881933,0.950472389995959
p.Leu20Val,0.990878109550294,0.141786500071657,1.13266460962195,0.849091609478635
p.Ser179Ala,0.93196352865514,0.0302450671258294,0.96220859578097,0.901718461529311
p.Ala361Met,0.0943564605879751,0.0822580433217217,0.0120984172662534,0.176614503909697
p.Asn229Cys,0.875589786303557,0.0124963386003925,0.888086124903949,0.863093447703164
p.Thr333Leu,0.977897827532676,0.0775948066294435,0.900303020903233,1.05549263416212
p.Asp493Glu,1.1416215692303,0.087067237958465,1.22868880718876,1.05455433127183
p.Met37Phe,1.06084901983965,0.120707730016034,1.18155674985568,0.940141289823612
p.Lys205Asn,1.2087572031033,0.0507174263430649,1.25947462944636,1.15803977676023
p.Val453Ile,1.20282271736079,0.0726049519117849,1.27542766927258,1.13021776544901
p.Ala361Phe,0.0884311337393382,0.0341994921500587,0.122630625889397,0.0542316415892795
p.Gly110Ala,0.589333353283161,0.070466313490193,0.518867039792968,0.659799666773354
p.Phe87=,0.948938384846979,0.0517914647141805,1.00072984956116,0.897146920132799
p.Thr402Gln,0.970865184735958,0.0220289143611759,0.992894099097134,0.948836270374782
p.Lys407Ala,1.23131076908541,0.09644450906668,1.32775527815209,1.13486626001873
p.Val309Asp,0.95613509488654,0.0088885828705014,0.947246512016038,0.965023677757041
p.Ala2Thr,0.991337690399585,0.0766713380922535,1.06800902849184,0.914666352307333
p.Ile196=,1.03109289121265,0.0654043552494975,1.09649724646215,0.965688535963155
p.Ala149Ser,1.09010862656027,0.0539100512482649,1.14401867780853,1.036198575312
p.Asp24Asn,1.04436761263353,0.0237589730473649,1.02060863958616,1.06812658568089
p.Tyr112Cys,0.584701296127818,0.026252666950536,0.610953963078354,0.558448629177282
p.Ser332Asn,0.554372370749015,0.122608894012558,0.676981264761572,0.431763476736457
p.Cys294Asp,1.08218181926264,0.0760161925345749,1.15819801179721,1.00616562672806
p.Ala461Glu,1.17886767691692,0.119079042332195,1.29794671924911,1.05978863458472
p.Ile199Cys,0.760516549894746,0.098240135413649,0.858756685308395,0.662276414481097
p.Glu170Cys,0.929854697346149,0.056553021234088,0.986407718580237,0.873301676112061
p.Asn397His,1.1625275794384,0.169705808121983,1.33223338756038,0.992821771316414
p.Pro481Ser,0.981708472557725,0.0172293851241654,0.96447908743356,0.998937857681891
p.Gln4Cys,0.931228167023036,0.005088403748908,0.926139763274128,0.936316570771944
p.Val271Arg,0.262694438964724,0.0632196363160995,0.325914075280824,0.199474802648625
p.Leu305His,0.524685078481393,0.024855454153052,0.549540532634445,0.499829624328341
p.Val12=,0.933900076021849,0.0375710661936695,0.896329009828179,0.971471142215518
p.Pro276=,1.04299951932586,0.0960963493697395,0.946903169956121,1.1390958686956
p.Leu75Asp,0.771367013845922,0.211399080785002,0.982766094630924,0.55996793306092
p.Met125Gly,0.123315225184497,0.026014730158367,0.149329955342864,0.09730049502613
p.His32Lys,0.66538899063516,0.152579779702273,0.817968770337433,0.512809210932887
p.Glu239Ala,0.750932342990233,0.155914608555753,0.906846951545986,0.59501773443448
p.Thr406=,0.556190388418432,0.319957466374149,0.236232922044283,0.876147854792581
p.Leu190Asn,1.02814550752,0.134480341944154,1.16262584946415,0.893665165575841
p.Ser84Val,0.942590704751373,0.0150295378919694,0.957620242643343,0.927561166859404
p.Asn414Trp,0.995835915106851,0.0477745061249595,1.04361042123181,0.948061408981891
p.Lys293Ile,0.162865573398127,0.0065089104309794,0.169374483829107,0.156356662967148
p.Tyr147Ile,1.1201887031553,0.0100845671807049,1.130273270336,1.11010413597459
p.Glu252Cys,0.922077324349622,0.012009702636167,0.910067621713455,0.934087026985789
p.Leu342Met,1.11310406476854,0.098150682686005,1.21125474745454,1.01495338208253
p.Thr51Phe,0.885799259249106,0.104728219934822,0.990527479183928,0.781071039314283
p.Tyr107Ala,0.984718284821904,0.113547935561605,1.09826622038351,0.871170349260301
p.Gly174Cys,0.918532383412916,0.0089520797527845,0.927484463165701,0.909580303660132
p.Asp375Trp,0.731937558306093,0.0337124383991509,0.765649996705244,0.698225119906942
p.Ser157Glu,0.954795524186334,0.0623737071319645,1.0171692313183,0.892421817054371
p.Val344His,0.110618250471171,0.089615870559409,0.0210023799117618,0.20023412103058
p.Phe354Asp,0.225503327314129,0.094965355554406,0.320468682868535,0.130537971759723
p.Met212Arg,0.133236912408711,0.0762163523675329,0.209453264776244,0.0570205600411782
p.Phe354Trp,0.784522653247891,0.0453635848440359,0.739159068403855,0.829886238091927
p.Pro409Ser,1.03435351478105,0.050417592579422,1.08477110736047,0.983935922201626
p.Leu474Phe,0.989498510697979,0.0086745872663474,0.980823923431632,0.998173097964327
p.Leu98His,0.265744486898037,0.004538691166753,0.27028317806479,0.261205795731284
p.His513Val,1.13234194350396,0.034000408302325,1.09834153520164,1.16634235180629
p.Ile167Trp,-0.0068130894741628,0.0665685896821248,-0.0733816791562877,0.059755500207962
p.Phe501Asn,1.13320767622315,0.0359346449344649,1.16914232115762,1.09727303128869
p.Thr91Met,0.99854680731717,0.0329872048666614,0.965559602450507,1.03153401218383
p.Leu190Asp,0.851195375566807,0.170753709240743,1.02194908480755,0.680441666326065
p.Asn122Trp,0.730107194513392,0.0038157837290365,0.733922978242429,0.726291410784356
p.Leu7Val,0.797492831563853,0.147813675562658,0.649679156001196,0.945306507126511
p.Val150Met,0.925579571071694,0.0420521965473005,0.967631767618995,0.883527374524394
p.Asn64Ter,0.0213191935242121,0.0212860111740566,0.0426052046982687,3.318235015549E-05
p.Lys152Gln,1.05060133564221,0.0684745768817159,0.982126758760498,1.11907591252393
p.Ser84=,1.09204763114701,0.102503049867479,1.19455068101449,0.989544581279532
p.Phe412Ter,-0.0846819933175312,0.0704914793198007,-0.155173472637332,-0.0141905139977304
p.Ser184Cys,0.758758400000481,0.255441370859961,0.503317029140518,1.01419977086044
p.Tyr70Ser,0.741987055723654,0.0035223472948485,0.738464708428805,0.745509403018502
p.Phe373Met,0.853151005627456,0.0520804752705644,0.801070530356892,0.905231480898021
p.Leu61Asp,-0.0064467983430927,0.0462708751606789,-0.0527176735037718,0.0398240768175862
p.Glu494Tyr,0.897509422134888,0.201836475621912,0.695672946512976,1.0993458977568
p.Lys429Leu,1.13194075135199,0.0354663394275699,1.16740709077956,1.09647441192442
p.Arg246Asn,1.12608403162908,0.117533382929905,1.24361741455898,1.00855064869917
p.Gly351Phe,0.170160014970287,0.0770893798428201,0.247249394813107,0.0930706351274668
p.Trp53Asn,0.0365537701872274,0.0751916491154417,-0.0386378789282146,0.111745419302669
p.Ile483Glu,1.05093707409125,0.04376273052178,1.09469980461303,1.00717434356947
p.Ala141Gly,1.12179525954944,0.1118868211516,1.23368208070104,1.00990843839784
p.His513Arg,1.02937050935611,0.0377057083497654,1.06707621770588,0.991664801006349
p.Leu265Met,1.05931012404985,0.0316758148571449,1.0276343091927,1.09098593890699
p.Glu99Val,0.700436063324724,0.11118263912518,0.811618702449904,0.589253424199544
p.Ala115Asp,0.989356816407002,0.0156418542502,0.9737149621568,1.0049986706572
p.Val341Leu,0.885366219877281,0.036623579165503,0.848742640711778,0.921989799042784
p.Tyr139Ile,0.216395618620825,0.139871743879359,0.356267362500184,0.0765238747414661
p.Thr333Arg,0.981028181715804,0.018173029598332,0.962855152117472,0.999201211314136
p.Leu469Ter,-0.0648738537532904,0.0282337229981212,-0.0931075767514117,-0.0366401307551692
p.Glu19Arg,0.824263825883866,0.0931112046393184,0.917375030523185,0.731152621244548
p.Glu364Arg,1.11022183038712,0.0679232096215199,1.17814504000864,1.0422986207656
p.His32Ser,0.776927749378141,0.170361266134675,0.606566483243465,0.947289015512816
p.Leu177Ter,-0.0450627701928399,0.007318741196635,-0.0523815113894749,-0.0377440289962049
p.Glu297Gly,1.16205632171713,0.0351860734119849,1.19724239512912,1.12687024830515
p.Ala25Gly,1.12208013628116,0.10972652064739,1.23180665692855,1.01235361563377
p.Arg198Ala,0.690511619791506,0.376676543805645,1.06718816359715,0.31383507598586
p.Phe191Pro,-0.0464642241557285,0.0782328256867755,-0.124697049842504,0.0317686015310471
p.Gly321Ala,0.833158658970382,0.084589353964382,0.748569305006,0.917748012934764
p.Cys232Tyr,0.751634692004035,0.0498648163253534,0.801499508329389,0.701769875678682
p.Ser73Ala,0.723182085656348,0.114529919511408,0.60865216614494,0.837712005167756
p.Gly425Ser,1.17922405760199,0.17854587505953,1.35776993266152,1.00067818254246
p.Glu274Gln,0.713178245266762,0.0289419482580554,0.684236297008706,0.742120193524817
p.Val291Glu,0.0840887353711908,0.0679931395814252,0.0160955957897656,0.152081874952616
p.Ser455Ala,0.845565015195322,0.0215475069873544,0.867112522182676,0.824017508207967
p.Gly248Lys,1.16163251643711,0.0702484717214299,1.23188098815854,1.09138404471568
p.Tyr197Glu,0.0640535484256081,0.0047129631741824,0.0593405852514256,0.0687665115997905
p.Cys232Asn,1.1785781899468,0.276095047406985,1.45467323735378,0.90248314253981
p.Cys446Gly,0.999046485760192,0.116899252710666,1.11594573847086,0.882147233049528
p.Val303Gln,0.553604264496109,0.0740706898841799,0.479533574611929,0.627674954380289
p.Val341Phe,0.437901168791361,0.0227425081513824,0.415158660639978,0.460643676942743
p.Glu460Thr,0.62985440667424,0.15325618828736,0.7831105949616,0.47659821838688
p.Glu315Phe,1.01537667037373,0.00521322998126,1.01016344039247,1.02058990035499
p.Arg454Gln,0.564678910888934,NA,NA,0.564678910888934
p.Ile256Ser,0.169008527339797,0.029223801151372,0.139784726188425,0.198232328491169
p.Val328Trp,0.52019936798233,0.356299926952373,0.876499294934703,0.163899441029956
p.Ile52Arg,0.0904366502545571,0.0461807736308009,0.0442558766237561,0.136617423885358
p.Leu130Met,1.07824805435863,0.098572226207489,0.979675828151142,1.17682028056612
p.Val340Ser,0.910626392606971,0.178285144370889,0.732341248236082,1.08891153697786
p.Lys429Asp,1.3361523599251,0.092826847510535,1.42897920743563,1.24332551241456
p.Thr76Ser,0.893474669111958,0.0811159374751314,0.812358731636827,0.97459060658709
p.Phe381Arg,0.276513854295161,0.204437714750469,0.480951569045631,0.072076139544692
p.Glu170Tyr,0.0194052377677209,0.0228055251704912,0.0422107629382122,-0.0034002874027703
p.Leu371Gln,0.0381995896543835,0.176962870668095,-0.138763281013711,0.215162460322478
p.Pro144Arg,1.10025930752107,0.0792107060770299,1.1794700135981,1.02104860144404
p.Pro62Asn,0.778710617961119,0.0982939457499989,0.877004563711118,0.68041667221112
p.Ile52Gly,-0.0028609105508432,0.0747743255268036,-0.0776352360776469,0.0719134149759603
p.Trp54Val,0.962225687212563,0.0417060053075665,0.920519681904997,1.00393169252013
p.Thr145Ser,0.909665874749275,0.0541777617358535,0.855488113013421,0.963843636485128
p.Tyr484Arg,1.09010944472437,0.0650734080533799,1.15518285277775,1.02503603667099
p.Met260Ala,1.03143078440803,0.116374089873885,1.14780487428192,0.91505669453415
p.Gly163His,0.345048193964711,0.09023645026202,0.435284644226731,0.254811743702691
p.Thr336Pro,0.0577082816990562,0.113650934101927,-0.0559426524028707,0.171359215800983
p.Glu475Leu,0.973534969348437,0.0915108825496635,1.0650458518981,0.882024086798773
p.Tyr401Met,1.18236724129564,0.1062490067494,1.28861624804504,1.07611823454624
p.Glu491Gly,0.81304634488392,0.0480515584972714,0.764994786386648,0.861097903381191
p.Asp181Cys,0.869894530309603,0.0667333219796825,0.803161208329921,0.936627852289286
p.Pro172Asn,0.856246714871956,0.108004872150981,0.964251587022937,0.748241842720975
p.Met207Arg,0.60195007474841,0.135300257421691,0.737250332170101,0.466649817326719
p.Glu364Cys,1.2552106058911,0.12102414640208,1.37623475229318,1.13418645948902
p.Cys358Thr,0.925340626503923,0.0980091681685064,0.827331458335417,1.02334979467243
p.Ser73His,0.8340060201035,0.0152988923459119,0.849304912449412,0.818707127757588
p.Arg57His,0.468579334029956,0.0459245361717775,0.422654797858178,0.514503870201733
p.Gly254Glu,0.310632418937671,0.0065226564469504,0.317155075384622,0.304109762490721
p.Asn346Ala,0.689454320162968,0.0306629516540565,0.658791368508912,0.720117271817025
p.Leu75Ile,1.13378011579176,0.081539652981225,1.21531976877299,1.05224046281054
p.His513Ter,1.19961368129383,0.14140622478935,1.05820745650448,1.34101990608318
p.Ala90Asn,0.954702524750483,0.181149710213059,1.13585223496354,0.773552814537422
p.Ser448Tyr,1.08500118527324,0.111520165278408,1.19652135055165,0.973481019994835
p.Phe66=,0.933048016191571,0.157250942800361,0.775797073391209,1.09029895899193
p.Ala39Phe,0.106046258742113,0.0057010918710879,0.111747350613201,0.100345166871025
p.His155Cys,0.828958731230816,0.0727870993763685,0.756171631854447,0.901745830607184
p.Glu156Leu,1.00545834250738,0.17011820515268,1.17557654766006,0.835340137354699
p.Gly69Val,0.000986139783702,0.0059820891871669,0.006968228970869,-0.0049959494034649
p.Phe241Ile,1.11084573395806,0.000449951401435,1.11039578255662,1.11129568535949
p.Ala461Trp,1.10390696797826,0.05455993752832,1.15846690550658,1.04934703044994
p.Pro489Tyr,0.210978603972518,0.0825284072176684,0.12845019675485,0.293507011190187
p.Val510Met,1.2018269927398,0.25823988036897,1.46006687310877,0.94358711237083
p.Leu305Pro,0.0890093023158858,0.043184135861402,0.0458251664544838,0.132193438177288
p.Ala116=,0.647264820559329,0.319793591573093,0.327471228986236,0.967058412132423
p.Asn414Phe,0.538916048280535,0.356923157953154,0.18199289032738,0.895839206233689
p.Ser455Glu,0.739860888224564,0.0055726603816805,0.745433548606244,0.734288227842883
p.Ala272=,0.921831123338817,0.067638396862579,0.989469520201396,0.854192726476238
p.Arg175Glu,1.04226782299254,0.13770253123499,1.17997035422753,0.904565291757549
p.Ile48Glu,-0.0385046606816661,0.0942372584550237,-0.13274191913669,0.0557325977733574
p.Arg454Trp,0.462596002533352,0.301049174182088,0.76364517671544,0.161546828351263
p.Asp114=,0.82161723068188,NA,NA,0.82161723068188
p.Arg120Val,1.08862606658135,0.0786383278608799,1.16726439444223,1.00998773872047
p.Ile48Ser,0.028323645894873,0.0565521790891689,-0.0282285331942959,0.0848758249840419
p.Ala71Met,0.382383108925916,0.0754441815247034,0.306938927401212,0.457827290450619
p.Lys288Met,1.13341638896013,0.171332366421179,1.30474875538131,0.962084022538952
p.Glu368Ala,0.666287887477456,0.0998866999966445,0.7661745874741,0.566401187480811
p.Gly222Ile,0.707951111326509,0.0519380121527649,0.759889123479274,0.656013099173744
p.Ile295Val,1.11951062432403,0.077706741358745,1.19721736568278,1.04180388296529
p.Ile355Lys,0.0813688920850324,0.0367152023187496,0.118084094403782,0.0446536897662827
p.Ser281Met,0.917150267615531,0.237989037540527,1.15513930515606,0.679161230075006
p.Asn165Ile,0.611752809674528,0.138638434999264,0.473114374675264,0.750391244673791
p.Asn122=,1.01535000730357,0.129899802706911,0.885450204596658,1.14524981001048
p.Gly485=,0.837582617306276,0.138795825561738,0.698786791744538,0.976378442868015
p.Gly351His,0.926061063676926,0.127549312443713,1.05361037612064,0.798511751233213
p.Ile480Lys,1.06235916651627,0.0622078249480549,1.12456699146433,1.00015134156822
p.Gln195Tyr,0.475034798949474,0.241155308491155,0.71619010744063,0.233879490458319
p.Ser281Trp,0.785893749029988,0.217822579713749,0.568071169316241,1.00371632874374
p.Leu371His,0.397339318148473,0.293463445064665,0.690802763213138,0.103875873083808
p.Gln307=,1.08023252831725,0.14980833205595,1.2300408603732,0.930424196261301
p.Arg285Pro,0.489050121187778,0.387436216608171,0.876486337795949,0.101613904579606
p.Met37Asn,0.0448563435701959,0.0021844632034118,0.042671880366784,0.0470408067736077
p.Gly331Tyr,1.07343631179989,0.156526144862223,1.22996245666211,0.916910166937663
p.Leu442Ter,-0.0057002017719717,0.0529433482849676,0.0472431465129959,-0.0586435500569394
p.Tyr49Ser,-0.0572946319906322,0.0881462363052168,-0.145440868295849,0.0308516043145847
p.Arg17Val,1.05475307419721,0.353585047975073,1.40833812217228,0.701168026222134
p.Thr279Arg,1.02043317671277,0.288187775917003,1.30862095262977,0.732245400795764
p.Pro50Leu,0.0772748090462504,0.0593171375972387,0.136591946643489,0.0179576714490116
p.Leu265Arg,0.127836031634142,0.113047177034506,0.240883208668648,0.0147888545996351
p.Arg166Thr,0.279539652666452,0.111174061922758,0.39071371458921,0.168365590743695
p.Asp379Cys,1.05207096092687,0.0595509193275429,1.11162188025441,0.992520041599324
p.Gln195Cys,0.962180915022354,0.103490537304907,1.06567145232726,0.858690377717445
p.Ile224Asn,1.10782522845298,0.10674916563149,1.21457439408447,1.00107606282149
p.Met37Lys,-0.0051218658332947,0.105485841242227,-0.110607707075522,0.100363975408932
p.Val298Asp,0.117056378862424,0.0964157218631311,0.213472100725555,0.0206406569992927
p.Cys269Gln,0.966801301505332,NA,NA,0.966801301505332
p.Asp283Leu,0.803030254019917,0.042435103797677,0.76059515022224,0.845465357817594
p.Asn165Phe,0.495895979162604,0.210974294529273,0.284921684633331,0.706870273691878
p.Gly425Ter,0.0080802964579311,0.0162147874988141,-0.0081344910408831,0.0242950839567453
p.Arg463His,1.03511278431374,0.433382593628839,1.46849537794258,0.601730190684902
p.Phe34Lys,0.216607099464726,0.208804037807813,0.425411137272539,0.0078030616569131
p.Gln4Ser,0.864303402330208,0.0200612734060124,0.88436467573622,0.844242128924195
p.Asn165Arg,0.57741948439537,0.458965511020121,1.03638499541549,0.118453973375249
p.Gln209Val,0.66997721925293,0.079320395468129,0.590656823784801,0.749297614721059
p.Lys47Phe,1.08049394906485,0.063338562878125,1.14383251194297,1.01715538618672
p.Ser278Asn,0.691323795911838,0.265995673200693,0.425328122711145,0.957319469112531
p.His186Gly,1.0330875735573,0.129080197781297,1.1621677713386,0.904007375776006
p.Leu140Glu,-0.0759364665961007,0.0903627967809814,-0.166299263377082,0.0144263301848808
p.Val340=,1.04933010765288,0.0732561153404935,0.976073992312383,1.12258622299337
p.Ala272Ter,0.186147697747464,0.168719627021994,0.354867324769458,0.0174280707254694
p.His374Ter,-0.102190020420006,0.119892546555487,-0.222082566975493,0.0177025261354804
p.Arg454Ile,0.0774746355562605,0.0516444681736756,0.0258301673825847,0.129119103729936
p.Val233Gly,0.390991131292173,0.074903177163053,0.465894308455226,0.31608795412912
p.Ile162Asn,1.05447481503875,0.00037266839409,1.05410214664466,1.05484748343284
p.Glu317Phe,0.887464398220869,NA,NA,0.887464398220869
p.Ala377Phe,1.06816445803185,0.110403782426312,1.17856824045816,0.957760675605537
p.Tyr70Glu,0.0080054299314751,0.148815390406927,-0.140809960475452,0.156820820338402
p.Cys158Pro,0.045853310871613,0.147438913165692,-0.101585602294079,0.193292224037305
p.Leu440Ter,0.013861098865701,0.0210659964348391,-0.0072048975691381,0.0349270953005402
p.Tyr401Pro,0.656822500931322,0.0964585611284594,0.753281062059781,0.560363939802862
p.Phe221Ter,0.0011855719964453,0.0210131252854055,-0.0198275532889602,0.0221986972818509
p.Tyr322Ala,0.0279885408777235,0.044975816295343,0.0729643571730665,-0.0169872754176196
p.Ala492Lys,0.230360863955694,0.159720482441874,0.390081346397568,0.0706403815138201
p.Arg104Pro,-0.0797710202236747,0.122468536631414,-0.202239556855089,0.0426975164077391
p.Asp79Leu,0.651285935396037,0.0236206100037905,0.674906545399827,0.627665325392246
p.Pro92Gln,0.868978499259772,0.042145368679528,0.9111238679393,0.826833130580244
p.Asn226Ile,0.189342861075441,0.0138005674072324,0.203143428482674,0.175542293668209
p.Lys429Ter,-0.0550394003516433,0.11585992893549,-0.170899329287133,0.0608205285838461
p.Val169Lys,0.386480244856963,0.225949791483063,0.612430036340027,0.1605304533739
p.Val444Gln,0.114494005242666,0.101564443313234,0.2160584485559,0.0129295619294326
p.Asn210Leu,0.322514832740979,0.171801847939126,0.494316680680105,0.150712984801853
p.Glu99Ter,-0.139594086110243,0.0716420964728107,-0.211236182583054,-0.0679519896374325
p.Gly306Thr,0.233628810090835,0.0507825309939679,0.182846279096867,0.284411341084803
p.Asn262Arg,1.08257132992729,0.244374009689439,1.32694533961673,0.838197320237852
p.Leu235His,0.15032092066599,0.137076137953771,0.0132447827122189,0.287397058619761
p.Ser73Met,0.950422859437081,0.246635225127666,1.19705808456475,0.703787634309417
p.Ala272Phe,0.0590014380117147,0.190331290597253,-0.131329852585538,0.249332728608967
p.Lys288Asp,-0.0230878019357424,0.0952962402275974,-0.11838404216334,0.0722084382918548
p.Asn311Cys,0.976015116548946,0.0071789697794499,0.983194086328396,0.968836146769496
p.Ala338Val,0.694946963428834,0.0287096772085255,0.666237286220309,0.72365664063736
p.Tyr482Ile,0.147631213225124,0.138114311342823,0.0095169018823015,0.285745524567947
p.Asp350Phe,0.972934928509024,0.0714946779884275,1.04442960649745,0.901440250520595
p.His513Asn,1.04168042715349,0.0020584815155749,1.03962194563792,1.04373890866907
p.Ala277Asp,0.971208930037331,0.088763668389478,0.882445261647854,1.05997259842681
p.Arg487Gly,1.03097736845333,0.0248600410793449,1.00611732737399,1.05583740953268
p.Ala103Lys,1.09854889438017,0.0133280883233999,1.11187698270357,1.08522080605677
p.Ser117Trp,0.674377782859925,0.117817785534335,0.55655999732559,0.792195568394261
p.Lys47Ile,1.05129208385499,0.00531146662931,1.0566035504843,1.04598061722568
p.Gly247Cys,1.15875080366512,0.155654457149555,1.31440526081468,1.00309634651557
p.Tyr343Ile,0.628381784299144,0.0768206363059599,0.705202420605104,0.551561147993184
p.Val146Thr,0.941894162964959,0.0782852718140735,0.863608891150883,1.02017943477903
p.Met125Arg,0.500945424403959,0.328248088013833,0.829193512417792,0.172697336390125
p.Ile80Val,0.828394707929332,0.0544468850692584,0.88284159299859,0.773947822860073
p.Ala361=,0.619180328626919,0.362756965869911,0.256423362757007,0.98193729449683
p.Leu190=,1.17373532541982,0.159199474844435,1.33293480026425,1.01453585057538
p.Lys288Tyr,1.11566293861198,0.0331112796301199,1.1487742182421,1.08255165898186
p.Lys293=,0.988703479468956,0.0117967184864354,0.976906760982519,1.00050019795539
p.Gln261Phe,1.08621842704043,0.076377907387665,1.16259633442809,1.00984051965276
p.His382Ala,1.04328936723815,0.110222518396809,0.933066848841342,1.15351188563496
p.Leu98Lys,0.578821897938645,0.0278127170298779,0.606634614968523,0.551009180908767
p.Leu140Trp,0.425962064267783,0.154304904297155,0.580266968564939,0.271657159970628
p.Asp200Gly,1.33088463469615,0.0475482857906499,1.3784329204868,1.2833363489055
p.Asp42Cys,1.01436021544846,0.0275909197191655,1.04195113516763,0.986769295729299
p.Thr490Trp,0.929597351874722,0.189281409476378,0.740315942398343,1.1188787613511
p.Glu457Ser,1.06453267037511,0.10730539485507,1.17183806523018,0.957227275520041
p.Ala339=,0.995085860706987,0.146829255545632,1.14191511625262,0.848256605161356
p.Glu438Val,1.00411113862891,0.0614719307435309,1.06558306937244,0.942639207885378
p.Glu417Ter,0.236023801466212,0.248408284044744,0.484432085510956,-0.0123844825785322
p.Asp200Phe,0.87214244249228,0.0133299625732425,0.885472405065523,0.858812479919038
p.Lys432Gly,1.22225995559496,0.0891594586179149,1.31141941421287,1.13310049697704
p.Asp313Arg,1.0401354410554,0.0750929474972034,1.1152283885526,0.965042493558193
p.His470Pro,0.436946709056064,0.127231809256164,0.564178518312228,0.3097148997999
p.Leu270Phe,1.14897993848192,0.02918180128732,1.17816173976924,1.1197981371946
p.Leu60Val,0.751137715868407,0.024071015475225,0.727066700393182,0.775208731343632
p.Asn126Trp,0.635654126099735,0.0272750322540569,0.662929158353792,0.608379093845678
p.Leu420Arg,1.14376473560396,0.167270345464915,1.31103508106887,0.976494390139039
p.Pro409Glu,1.30307557139448,0.11088446445278,1.41396003584726,1.1921911069417
p.Cys158=,0.856873977033431,0.034217451303893,0.822656525729538,0.891091428337324
p.Leu305Glu,0.0855701283142635,0.0106053715388901,0.0749647567753734,0.0961754998531536
p.Gln195Lys,0.540493181809057,0.126073452829528,0.666566634638585,0.414419728979529
p.Lys47Cys,1.0499665128883,0.035416647341565,1.01454986554674,1.08538316022987
p.Pro489Cys,0.815782301422187,0.106002075413719,0.921784376835907,0.709780226008468
p.Ala335Tyr,0.630176098570168,0.0674966257438834,0.697672724314051,0.562679472826284
p.Ala335Pro,0.893932377493866,0.025469037455044,0.868463340038822,0.91940141494891
p.Tyr428Cys,1.07051882351493,0.03973264246108,1.03078618105385,1.11025146597601
p.Val309=,0.991504485255121,0.0642632886848785,1.05576777394,0.927241196570243
p.His155Tyr,0.939649885738928,0.0408433722592195,0.898806513479709,0.980493257998148
p.Cys385Met,1.06761021351239,0.0033212949230549,1.07093150843544,1.06428891858933
p.Glu239Ter,0.0591178695799211,0.0010350627281573,0.0580828068517638,0.0601529323080785
p.Gly204Glu,1.29994631830006,0.0085747351672549,1.30852105346732,1.29137158313281
p.Asn363Gly,1.11238519076975,0.0020440457546949,1.11034114501505,1.11442923652444
p.Asp42Leu,1.15496879245189,0.03329487252647,1.18826366497836,1.12167391992542
p.Phe337=,0.932201223071374,0.00838829300719,0.940589516078564,0.923812930064184
p.Glu274Met,0.519136865479053,0.0507488332740964,0.569885698753149,0.468388032204956
p.Lys152Thr,0.952454738087356,0.0299004708063395,0.922554267281016,0.982355208893695
p.Gln11=,1.15689884293585,0.107953666501915,1.26485250943776,1.04894517643393
p.Leu270Pro,0.939636666303799,0.110924902847119,1.05056156915092,0.828711763456682
p.Met125Phe,0.913090787285382,0.0206736322104634,0.892417155074918,0.933764419495845
p.Asp258Cys,0.874025781635427,0.007547025671985,0.881572807307412,0.866478755963442
p.Gly242=,0.954865740130346,0.0543284912172354,0.900537248913109,1.00919423134758
p.Thr76His,0.921164255245554,0.163855594317268,1.08501984956282,0.757308660928285
p.Ser448Pro,0.762487130741124,0.0525391076857024,0.815026238426826,0.709948023055421
p.Gln502Met,1.10078517933764,0.0542238541276249,1.15500903346527,1.04656132521002
p.Cys13Tyr,1.00918179498818,0.031833127942659,1.04101492293084,0.977348667045522
p.Pro512Asp,1.03865715392474,0.0824691980824765,1.12112635200722,0.956187955842267
p.Asp251Thr,0.806684585690016,0.158200972235522,0.964885557925539,0.648483613454494
p.Phe241His,1.0725808822167,0.0709445185258898,1.14352540074259,1.00163636369081
p.Cys446Arg,0.779034343232251,0.0021950762437185,0.78122941947597,0.776839266988533
p.Asp350Tyr,0.91607457214408,0.0077121846223394,0.90836238752174,0.923786756766419
p.His186Cys,1.04137797298915,0.0734189194151504,1.1147968924043,0.967959053573999
p.Gly69=,0.898987211984311,0.0533589577867459,0.845628254197565,0.952346169771057
p.Gln195Asp,0.712450164042976,0.162216601251172,0.550233562791804,0.874666765294148
p.Glu19His,1.00527803672297,0.0053358321517709,0.999942204571198,1.01061386887474
p.Asp286Met,0.804287396581998,0.0736189868744085,0.730668409707589,0.877906383456406
p.Gly131Arg,0.839368896098837,0.058658377020804,0.780710519078033,0.898027273119641
p.Ala39Arg,0.190885878717478,0.0391753308965815,0.230061209614059,0.151710547820896
p.Leu270Arg,0.584063831815817,0.189579414423705,0.773643246239522,0.394484417392112
p.His155Pro,0.333060619794307,0.162310177713131,0.495370797507438,0.170750442081175
p.Arg81Ile,0.770268446936638,0.109040175512278,0.661228271424361,0.879308622448916
p.Ala116Met,1.03731866984955,0.143004257795031,1.18032292764458,0.894314412054517
p.Tyr484Phe,1.0188607669929,0.0276957346016914,1.04655650159459,0.991165032391207
p.Cys294Gln,0.675540415014626,0.155315890215937,0.520224524798689,0.830856305230563
p.Leu214=,1.02978321811266,0.0740278241583219,1.10381104227098,0.955755393954336
p.Asn301Arg,1.01771813512075,0.0588184310323705,1.07653656615312,0.958899704088379
p.Gln28Pro,1.1506014165314,0.0209823925807999,1.1715838091122,1.1296190239506
p.Ala377Asp,1.05472497627576,0.0211693865492599,1.07589436282502,1.0335555897265
p.Lys478Thr,0.942781826515385,0.0515272411026469,0.891254585412738,0.994309067618032
p.Ser8=,1.13091589613723,0.12299672656004,1.25391262269727,1.00791916957719
p.Thr279Met,0.928729763228037,0.110983907793465,0.817745855434571,1.0397136710215
p.Val341Thr,0.91054301431571,0.0173448596467839,0.893198154668926,0.927887873962494
p.Glu345Ser,1.05893459599918,0.103674255336578,1.16260885133576,0.955260340662604
p.Pro512Leu,1.01329409747946,0.102263374122167,1.11555747160163,0.911030723357296
p.Glu3Ser,0.781154812922368,0.124704746498602,0.656450066423767,0.905859559420971
p.Ala6Tyr,1.01805176389494,0.068153731788867,1.08620549568381,0.949898032106076
p.Ile256Pro,0.0200092430889775,0.12330507618455,-0.103295833095573,0.143314319273528
p.Ala71Thr,0.782680123778232,0.19005822778244,0.972738351560673,0.592621895995792
p.Asn301Met,0.77207442794652,0.178159718110372,0.593914709836148,0.950234146056892
p.Asn302Ile,0.503170800454977,0.168714610325475,0.671885410780452,0.334456190129502
p.Leu61Pro,0.179190170148655,0.0430296542770054,0.13616051587165,0.222219824425661
p.Pro434Ile,1.07945094418049,0.138696537102249,1.21814748128274,0.940754407078242
p.Gln133His,1.13586293041931,0.0460399754567449,1.18190290587605,1.08982295496256
p.Gln372Asn,0.763970854364072,0.0592302063882335,0.823201060752305,0.704740647975838
p.Cys232Val,0.593398941001954,0.160731453316236,0.432667487685718,0.754130394318191
p.Leu270Glu,0.313704408968703,0.150482283695584,0.464186692664287,0.163222125273119
p.Val259Gly,0.995425459726578,0.0169335026383934,1.01235896236497,0.978491957088183
p.Cys158Leu,0.846833121201776,0.075589605251686,0.77124351595009,0.922422726453462
p.Val304Ala,0.932968511373639,0.0710364697508,1.00400498112444,0.86193204162284
p.Val291Gln,0.112793188092146,0.0368002998761773,0.149593487968323,0.0759928882159683
p.Asn426Met,0.850237519227544,0.119094201808003,0.731143317419541,0.969331721035546
p.Ile220=,1.01449060073813,0.012124338757155,1.02661493949529,1.00236626198098
p.Arg74Leu,0.906923391455669,0.0156362739130774,0.891287117542591,0.922559665368746
p.Lys407Gln,1.25713181836386,0.1278914663245,1.38502328468836,1.12924035203936
p.Leu140Phe,0.840535328206968,0.0329036261500694,0.807631702056898,0.873438954357037
p.Ile36Gln,0.0040398331033995,0.0938148325608272,-0.0897749994574277,0.0978546656642268
p.Asp283Asn,0.793399226907347,0.112349306518136,0.681049920389211,0.905748533425483
p.Leu128Ter,-0.10008613984315,0.0811074148751412,-0.181193554718291,-0.0189787249680085
p.Ile256Ter,0.0915113798610193,0.0664677128778234,0.157979092738843,0.0250436669831961
p.Leu390Tyr,0.677935486748958,0.158238191084527,0.836173677833486,0.519697295664431
p.Lys82Thr,0.923373508179098,0.0119018568407884,0.935275365019887,0.91147165133831
p.Glu364Trp,0.489320521957394,0.0440073698632135,0.533327891820607,0.44531315209418
p.Met207Ser,1.03463008447807,0.0336756469536549,1.06830573143173,1.00095443752442
p.Leu43Glu,0.927310460847103,0.030778227223291,0.896532233623812,0.958088688070394
p.Glu315Asp,0.879813940934982,0.1402704123953,0.73954352853968,1.02008435333028
p.Val271Thr,0.928210925778622,0.0118547581909564,0.940065683969578,0.916356167587665
p.Tyr428Phe,1.16225361945066,0.087496560507875,1.24975017995854,1.07475705894279
p.Asn363His,0.90998103176472,0.0409459223635025,0.869035109401217,0.950926954128222
p.Ala339Lys,0.575673068871347,0.216872317371923,0.79254538624327,0.358800751499424
p.Gln372Phe,0.872752414911688,0.0295015372484104,0.843250877663278,0.902253952160099
p.Glu18=,0.880262171992804,0.116976945346571,0.763285226646233,0.997239117339375
p.Val304Gln,0.584093042014566,0.0673696711745729,0.651462713189139,0.516723370839993
p.Leu440Tyr,0.974178454462189,0.105642636820159,1.07982109128235,0.868535817642031
p.Ser448Gly,1.00457525175902,0.0549693796346995,1.05954463139372,0.949605872124321
p.Cys294Tyr,1.09868836268242,0.183681609763087,1.2823699724455,0.915006752919327
p.Ser180Glu,0.772698511128148,0.19089994315771,0.963598454285858,0.581798567970438
p.Ser188Asp,0.727671129899091,0.214123768897854,0.513547361001236,0.941794898796945
p.Leu342Trp,0.19507533070692,0.122843691743475,0.072231638963445,0.317919022450396
p.Glu389Leu,0.337281227564493,0.167589314607095,0.169691912957399,0.504870542171588
p.Phe191Lys,0.0853443016589783,0.0490495901078397,0.134393891766818,0.0362947115511386
p.Asn426Asp,1.03783922727326,0.0073729012236699,1.04521212849693,1.03046632604959
p.Gly163Ala,0.824951236387744,0.0754849297453105,0.900436166133054,0.749466306642433
p.Gly23Ter,-0.0710715130490791,0.0564224926594988,-0.127494005708578,-0.0146490203895802
p.Gln299Asn,0.92520830633693,0.0721690962282934,0.853039210108637,0.997377402565224
p.Gly359Ter,-0.101967605975821,0.0454991326302315,-0.147466738606052,-0.0564684733455889
p.Val391Leu,1.02467774986846,0.0561635618524539,0.968514188016002,1.08084131172091
p.Pro86Met,0.887171587484247,0.115531651507993,1.00270323899224,0.771639935976254
p.Phe88Val,0.649038262834579,0.053241797340549,0.702280060175128,0.59579646549403
p.Gln449Leu,0.913110030388634,0.0469603497934855,0.866149680595149,0.96007038018212
p.Glu206Leu,0.757531022349425,0.05373491965776,0.811265942007185,0.703796102691665
p.Arg81Asp,0.135574752333808,0.024484358623386,0.160059110957194,0.111090393710422
p.Ile33Cys,0.904367191656139,0.013691691395994,0.918058883052133,0.890675500260145
p.Ile472Thr,1.09671660873369,0.079494401608735,1.17621101034243,1.01722220712496
p.Asp100Leu,0.949469689658177,0.0329657004719115,0.916503989186265,0.982435390130088
p.Val341=,0.836377894280997,0.0620487341361339,0.774329160144863,0.898426628417131
p.Leu211Val,1.02657086878115,0.0599399081529994,1.08651077693415,0.966630960628151
p.Gln22Pro,0.637129959442362,0.42495748798693,0.21217247145543,1.06208744742929
p.Glu389Lys,0.508442882460092,0.0704379479097309,0.578880830369823,0.438004934550361
p.Lys403Gln,1.09875497676961,0.080223183838985,1.17897816060859,1.01853179293062
p.Asp200Val,1.09432457800206,0.01014821853432,1.10447279653638,1.08417635946774
p.Lys288Gly,0.9365666920333,0.0971595665321114,1.03372625856541,0.839407125501187
p.Asp194Ala,0.797009080505982,0.0107398667360135,0.786269213769968,0.807748947241995
p.Glu99Leu,0.33917813166346,0.196190365655669,0.142987766007792,0.535368497319129
p.Tyr503Trp,0.845717181198214,0.203032586958288,0.642684594239924,1.0487497681565
p.Phe34Pro,0.117719285798761,0.00943746313207,0.108281822666691,0.127156748930831
p.Gly174Met,0.883888894898435,0.090903104762156,0.974791999660591,0.792985790136279
p.Gln384Lys,1.09478317973198,0.138358506910052,1.23314168664203,0.956424672821926
p.Phe88Cys,0.78044491811595,0.0628630500864374,0.717581868029512,0.843307968202387
p.Gly41Asn,1.06458802347432,0.015739685781295,1.08032770925562,1.04884833769303
p.Ala217Gln,0.904406436816546,0.157270230429823,1.06167666724637,0.747136206386724
p.Asp30=,0.994597382698946,0.0539173044536129,1.04851468715256,0.940680078245334
p.Thr51Asp,0.653800478228505,0.0183309811170725,0.672131459345578,0.635469497111433
p.Arg393Trp,0.705864891696083,0.092681235938658,0.798546127634741,0.613183655757425
p.His374Met,0.956397172817119,0.0036231589308769,0.952774013886242,0.960020331747996
p.Phe381Asn,0.300340304930201,0.0939370618373944,0.394277366767595,0.206403243092806
p.Ala134Phe,0.710561326089015,0.182634034511276,0.893195360600291,0.527927291577739
p.Glu473Met,0.904496642148678,0.0972488976277004,0.807247744520979,1.00174553977638
p.Lys432Tyr,1.03012283473482,0.0488607585397844,1.0789835932746,0.981262076195031
p.Tyr503Pro,1.22451872624706,0.19994680985871,1.42446553610577,1.02457191638835
p.Ala272Thr,0.609202324848995,0.405201115079785,0.204001209769209,1.01440343992878
p.Pro143Lys,0.842927768980063,0.218585950518375,0.62434181846169,1.06151371949844
p.Phe26Asn,0.781248330864244,0.10587164773772,0.675376683126524,0.887119978601965
p.Arg136Gln,0.645772119024956,0.0834864858042874,0.562285633220668,0.729258604829243
p.Phe66Gly,0.324457858752409,0.006387817925456,0.330845676677865,0.318070040826953
p.Ala39Lys,-0.0310980423962383,0.0925485651009095,-0.123646607497148,0.0614505227046711
p.Ser278Ile,0.669840402308539,0.375798779072891,1.04563918138143,0.294041623235648
p.Tyr249Gly,1.18732301957392,0.067439926956515,1.25476294653044,1.11988309261741
p.Ala339Ile,0.512737631264859,0.185484915323759,0.3272527159411,0.698222546588619
p.Pro353Asp,0.202739850605979,0.083606099607855,0.119133750998124,0.286345950213834
p.Ala109Leu,0.804842613575746,0.002104775617523,0.806947389193269,0.802737837958223
p.Leu140Ser,0.65410249778014,0.29542592692387,0.94952842470401,0.35867657085627
p.Ser486Lys,0.812269498669519,0.0433424818593585,0.855611980528877,0.76892701681016
p.Trp53Ala,0.466210120143648,0.378723712161837,0.844933832305485,0.0874864079818108
p.Ala436Asp,1.25175129420221,0.119857612099395,1.37160890630161,1.13189368210282
p.Ala300Tyr,0.858022337471367,0.0779026239369575,0.780119713534409,0.935924961408324
p.Ala103Asp,1.00201049870247,0.094812068914538,1.09682256761701,0.907198429787934
p.Ala149Leu,1.03394332729937,0.093570841723797,1.12751416902317,0.940372485575576
p.Leu420Lys,1.09137677657412,0.03323978176995,1.12461655834407,1.05813699480417
p.Tyr424Trp,1.1784992833044,0.120324117004705,1.29882340030911,1.0581751662997
p.Arg348Gly,0.735061240116145,0.016067087569047,0.751128327685192,0.718994152547098
p.Glu438Cys,1.11265682444801,0.128177555424108,1.24083437987212,0.984479269023904
p.Leu323Trp,1.02567091298403,0.10404232401268,1.12971323699671,0.92162858897135
p.Lys288Trp,0.943878737699299,0.198548241200572,1.14242697889987,0.745330496498726
p.Pro326Leu,1.07578329552408,0.0248540363193899,1.05092925920469,1.10063733184347
p.Asp283Val,0.934794453844178,0.0353487696470785,0.8994456841971,0.970143223491257
p.Phe381Leu,0.952389609051001,0.243511228132269,1.19590083718327,0.708878380918731
p.Leu7Arg,0.884846810566293,0.0073678008069195,0.877479009759374,0.892214611373213
p.Lys478Met,0.980615374504402,0.074325028961458,1.05494040346586,0.906290345542944
p.Leu268Lys,0.185293698635739,0.0111991382912759,0.196492836927015,0.174094560344463
p.Gln119Ala,1.02167085109947,0.081724398480346,1.10339524957981,0.939946452619118
p.Phe250Val,0.787969077306765,0.139020719129252,0.926989796436017,0.648948358177513
p.Leu177Phe,0.890062459494597,0.02144670469586,0.868615754798737,0.911509164190457
p.Ile48Arg,0.0536833299871077,0.0276282499020925,0.0813115798892002,0.0260550800850151
p.Thr51=,0.957738989764859,0.0008548371740019,0.958593826938861,0.956884152590857
p.Gly59Trp,0.209488176286855,0.015355375787481,0.194132800499374,0.224843552074336
p.Val394Gln,1.07926505243063,0.0443226926243149,1.03494235980632,1.12358774505495
p.Arg487Ter,0.377437769998957,0.396891252982794,0.774329022981751,-0.0194534829838368
p.Ala39Asp,0.365451698380922,0.007370920958259,0.372822619339181,0.358080777422663
p.Leu495Phe,0.935180601217157,0.057469250149817,0.992649851366974,0.87771135106734
p.Pro434Ser,0.962439329598709,0.024134810206395,0.938304519392314,0.986574139805104
p.Asn511Arg,1.03506829714622,0.043496121738791,1.07856441888501,0.991572175407428
p.Lys275Asp,0.638217187455292,0.149158348444322,0.787375535899615,0.48905883901097
p.Leu268Cys,0.917555810535271,0.147472537451969,1.06502834798724,0.770083273083302
p.Val271Ter,0.132108889427504,0.157098109118104,0.289206998545608,-0.0249892196905993
p.Ser132Pro,1.08974742820202,0.182011854603107,1.27175928280513,0.907735573598916
p.Asp114Asn,0.94978643600262,0.0457375586379205,0.995523994640541,0.9040488773647
p.Leu371Gly,0.093575205705592,0.080989278451276,0.012585927254316,0.174564484156868
p.Thr31Ile,1.03438110352394,0.107686933239701,1.14206803676364,0.926694170284237
p.Gln4Thr,0.81448649747384,0.15020782367191,0.66427867380193,0.96469432114575
p.Val5Ser,1.06760079628292,0.02083219443434,1.08843299071726,1.04676860184858
p.Asp113Lys,0.824540888528624,0.04292716647064,0.781613722057984,0.867468054999264
p.Met411Val,1.08779226017245,0.048355161758375,1.13614742193083,1.03943709841408
p.Ser29Gly,1.05384105821083,0.085130252686607,1.13897131089744,0.968710805524226
p.Glu287Gln,0.891759647369546,0.0823035788916035,0.809456068477943,0.97406322626115
p.Thr76Gly,0.815477946449201,0.0990231352730259,0.914501081722227,0.716454811176175
p.Tyr343Ter,0.226569310712054,0.21761843006607,0.444187740778124,0.0089508806459835
p.Lys97=,1.06425517312593,0.0217399849636799,1.04251518816225,1.08599515808961
p.Asn262Thr,1.21743299452372,0.12626717013683,1.34370016466055,1.09116582438689
p.Lys407Pro,1.28768127701819,0.10430445176941,1.3919857287876,1.18337682524878
p.Phe66Trp,1.10375757471809,0.0685139008940699,1.17227147561216,1.03524367382402
p.Phe445Ala,0.898438331358732,0.106947317929766,1.0053856492885,0.791491013428968
p.Phe216Tyr,1.09963430415058,0.125056565128703,1.22469086927928,0.974577739021874
p.Ser278Arg,0.576549331211371,0.235328895915491,0.34122043529588,0.811878227126862
p.Leu137His,0.579339433897771,0.181327381719817,0.760666815617588,0.398012052177954
p.Gln372Tyr,0.982088011373242,0.0759543102378494,1.05804232161109,0.906133701135391
p.Ser106Glu,0.694485531882141,0.074654543309526,0.769140075191667,0.619830988572615
p.Val352Cys,0.838217450770104,0.0438205484451364,0.88203799921524,0.794396902324967
p.Arg387Leu,0.603436084945389,0.180173823003471,0.78360990794886,0.423262261941918
p.Thr76Val,0.812950040261977,0.0839598308619105,0.896909871123887,0.728990209400066
p.Met411Tyr,0.799764642348042,0.0539044024077219,0.74586023994032,0.853669044755764
p.Cys358Asn,0.174662882328941,0.0534394956534199,0.228102377982361,0.121223386675521
p.Arg215Val,0.149133085915516,0.0725945118174409,0.221727597732957,0.0765385740980752
p.Arg192Met,1.02064417045008,0.0514497573954129,1.07209392784549,0.969194413054664
p.Glu156=,1.05034332403092,0.147751504190299,1.19809482822122,0.902591819840623
p.Lys408Gln,1.16732194361807,0.0597715109878049,1.22709345460587,1.10755043263026
p.Val291Lys,0.687990583537327,0.311782552332571,0.999773135869898,0.376208031204756
p.Lys320Leu,0.833444336591552,0.110007914797294,0.723436421794258,0.943452251388846
p.Glu368Tyr,0.761866301201196,0.009515097600714,0.752351203600482,0.77138139880191
p.Asp286=,1.07002728316207,0.0884842209801934,1.15851150414226,0.981543062181873
p.Lys408Asn,1.25149526913126,0.0876403299641599,1.33913559909542,1.1638549391671
p.Val309Ile,0.913509103056749,0.0623563492148475,0.851152753841902,0.975865452271597
p.Trp54Pro,0.589798756105057,0.0090248068922544,0.598823562997312,0.580773949212803
p.Ser189Asp,1.05867945791253,0.154738661512116,1.21341811942464,0.903940796400407
p.His201Arg,0.980286909317541,0.0277934858888899,1.00808039520643,0.95249342342865
p.Glu389Asn,0.912815477232066,0.0865260746502349,0.999341551882301,0.826289402581831
p.Lys238His,1.11041281191596,0.030825855994745,1.07958695592122,1.14123866791071
p.His451Leu,1.19301262017303,0.0665611014751599,1.25957372164819,1.12645151869787
p.Gln83Asn,0.465158206500343,0.439534142696901,0.0256240638034412,0.904692349197244
p.Thr423=,1.04645376940254,0.0592601025238284,1.10571387192637,0.987193666878713
p.Thr334Arg,1.00412493234807,0.0349460513153624,1.03907098366343,0.969178881032705
p.Gly245Asn,1.00197504665992,0.0514534441117724,0.950521602548145,1.05342849077169
p.Asn165Leu,0.698026483827366,0.150462176814692,0.547564307012674,0.848488660642059
p.Glu156Tyr,0.905269863690174,0.129759576450796,0.775510287239378,1.03502944014097
p.Pro86Asn,0.690802098290124,0.0555904495918499,0.635211648698274,0.746392547881974
p.Lys386Glu,1.16864665470774,0.0198601183590449,1.18850677306678,1.14878653634869
p.Glu94Thr,0.567631335159051,0.0307204856555094,0.536910849503542,0.598351820814561
p.Met159Lys,1.03561984420307,0.0294944387374299,1.0651142829405,1.00612540546564
p.Pro481Gly,1.056000546301,0.249174322795029,1.30517486909603,0.806826223505972
p.Gly378Trp,0.893770136390077,NA,NA,0.893770136390077
p.Asp286Ter,0.139966369085991,0.0632867490373352,0.203253118123326,0.0766796200486556
p.Tyr503Asp,1.22766237903613,0.09425271495927,1.3219150939954,1.13340966407686
p.Val341Gln,0.989980653934292,0.0676059141018395,1.05758656803613,0.922374739832451
p.Val444Ser,0.580773854338991,0.133280548896282,0.447493305442709,0.714054403235273
p.Leu75Thr,0.908945172205338,0.0238491851987779,0.88509598700656,0.932794357404116
p.Asn346Gln,0.652603421012885,0.0014742141981495,0.651129206814736,0.654077635211035
p.Asp24Phe,1.25216670379196,0.17862535605309,1.43079205984505,1.07354134773887
p.Trp462Val,1.12754472373519,0.0747070503781101,1.2022517741133,1.05283767335708
p.Asn229Ala,0.94108204670492,0.009272059181434,0.950354105886354,0.931809987523486
p.Asp79His,0.878680352070069,0.02814612211957,0.906826474189639,0.850534229950499
p.Val233Asp,0.739733672280373,0.494525463574998,1.23425913585537,0.245208208705373
p.Arg393Ile,0.826991279236329,0.0108265855740805,0.816164693662249,0.83781786481041
p.Ser418Asp,0.37381944278727,0.358077630478746,0.0157418123085243,0.731897073266016
p.Val510Lys,0.959627530254123,0.018845443645958,0.978472973900081,0.940782086608165
p.Arg459Thr,1.03040110073229,0.0733275586434515,1.10372865937574,0.957073542088837
p.Val150Ala,0.822506120231719,0.260345074245192,0.562161045986525,1.08285119447691
p.Trp349Asp,0.0550199023128423,0.138316453967683,-0.0832965516548409,0.193336356280525
p.Ala377Ile,0.962591373357047,0.119374431961033,0.843216941396015,1.08196580531808
p.His186Met,1.00742244869767,0.0512863192465379,1.05870876794421,0.956136129451134
p.Lys476Asn,1.01099440035723,0.0161759546645229,1.02717035502175,0.994818445692704
p.Leu356Gly,0.106987104316318,0.0242296587328932,0.131216763049211,0.0827574455834246
p.Phe173Asn,0.782881111093727,0.105844559392669,0.888725670486396,0.677036551701058
p.Lys514Ser,0.894041065660652,0.11088536351165,0.783155702149,1.0049264291723
p.Asn64Gln,0.931176462119068,0.0393278369530914,0.970504299072159,0.891848625165976
p.Asn135Asp,0.626225502300866,0.0891918191334875,0.537033683167378,0.715417321434353
p.Gly174Asp,0.821159284579165,0.146606045296849,0.967765329876014,0.674553239282316
p.Gly306Ala,0.871822117670348,0.0810928965191049,0.952915014189453,0.790729221151243
p.Met273His,0.614310125838591,0.081549694100385,0.695859819938976,0.532760431738206
p.Ser281Arg,0.658364255652635,0.235917333717617,0.422446921935017,0.894281589370252
p.Gly38Thr,0.0756618558583421,0.0255559335178749,0.0501059223404672,0.101217789376217
p.Phe237Ter,0.149136945959267,0.130351257247139,0.279488203206406,0.0187856887121283
p.Lys293Asp,0.591907407116891,0.0508369994798099,0.642744406596701,0.541070407637081
p.Asn210Asp,1.26656636173969,0.1485930932653,1.41515945500499,1.11797326847439
p.Val291Asp,0.114258058027962,0.0738660091860477,0.0403920488419145,0.18812406721401
p.Thr406Ter,-0.070109308660986,0.100319212063161,-0.170428520724147,0.0302099034021753
p.Lys478Gly,1.01820005095496,0.073448013816281,1.09164806477124,0.944752037138678
p.Ser84Cys,1.16471434263373,0.060766372208465,1.2254807148422,1.10394797042527
p.Gly500Cys,1.20018290838008,0.0612290015848751,1.26141190996496,1.13895390679521
p.Tyr484Pro,0.668603444314851,0.205351189900186,0.873954634215038,0.463252254414665
p.Lys429Ile,1.06176713626936,0.0267551453902949,1.03501199087907,1.08852228165966
p.Gln22Asn,1.0097852368535,0.051082797297181,1.06086803415068,0.958702439556318
p.Arg74Tyr,1.02374420718644,0.116389569145533,1.14013377633197,0.907354638040904
p.Leu356Ser,-0.0099404215317317,0.0993346111330294,-0.109275032664761,0.0893941896012978
p.Tyr118Thr,0.453353582385697,0.0121476341309325,0.441205948254765,0.46550121651663
p.Gln384Val,0.901856143909447,0.107762203059745,0.7940939408497,1.00961834696919
p.Gln195Asn,1.08597397849808,0.323792510686798,1.40976648918488,0.762181467811283
p.Ala149Val,0.88638811141335,0.085413276034833,0.800974835378517,0.971801387448183
p.Gly331Asn,0.149509379281094,0.0279645962446029,0.177473975525697,0.121544783036491
p.Asp493Ter,0.163078366625701,0.161475428527327,0.324553795153028,0.0016029380983731
p.Ala115Cys,1.04625115449384,0.016597705044265,1.0628488595381,1.02965344944957
p.Phe216Ser,0.998707550513587,0.113699727346192,1.11240727785978,0.885007823167396
p.Glu398His,1.03029752629594,0.0900728518958899,0.94022467440005,1.12037037819183
p.Pro144Cys,0.773839016489922,0.139312510907507,0.634526505582414,0.913151527397429
p.Trp225Pro,0.225837755924868,0.106381091162274,0.332218847087142,0.119456664762594
p.Gln266=,0.888344302916685,0.0685328853834404,0.819811417533245,0.956877188300126
p.Ala127Tyr,0.779357229968,0.17806943961162,0.60128779035638,0.957426669579621
p.Ser29His,1.17103285651234,0.01755464397034,1.18858750048268,1.153478212542
p.Gln4=,0.928819401463303,0.020591556689152,0.908227844774151,0.949410958152455
p.Ile480Gly,0.769120538456676,0.0125752305567234,0.756545307899952,0.781695769013399
p.Pro477Leu,1.04269478966439,0.01558465561215,1.02711013405224,1.05827944527654
p.Asp79Val,0.627951223724699,0.101004165374716,0.728955389099415,0.526947058349983
p.Leu323Glu,0.921824855630143,0.053880706819522,0.867944148810621,0.975705562449665
p.Ile168Leu,0.863941062199356,0.051608767532509,0.915549829731865,0.812332294666847
p.Tyr428Pro,1.16036742892463,0.05858452757207,1.2189519564967,1.10178290135256
p.Pro434Asn,1.14235219107138,0.0627139461701249,1.20506613724151,1.07963824490126
p.Lys403Val,1.06186681320673,0.0832076201953639,1.14507443340209,0.978659193011362
p.Asp350=,0.912209921266247,0.0806695183400155,0.831540402926232,0.992879439606263
p.Glu475Phe,0.91456958070522,0.0104664615833874,0.925036042288608,0.904103119121833
p.Ser189Ala,0.862663535795052,0.0901936740289934,0.772469861766059,0.952857209824046
p.Glu99=,1.04454691594927,0.111124362405957,1.15567127835523,0.933422553543315
p.Gln383Cys,0.954135350431056,0.0679475702701059,1.02208292070116,0.886187780160948
p.Asp435Asn,1.09744815516933,0.032926767830305,1.06452138733902,1.13037492299963
p.Gly485Cys,0.698459400201673,0.177127641382515,0.875587041584188,0.521331758819157
p.Val369Ala,0.864346218001208,0.0458810909726339,0.910227308973842,0.818465127028574
p.Thr279Val,1.08034001264859,0.0979836188937744,1.17832363154236,0.982356393754811
p.Thr279Gln,0.970176472707186,0.0060362501736014,0.964140222533584,0.976212722880787
p.Lys407Phe,1.15115612589884,0.0015968675865799,1.14955925831226,1.15275299348542
p.Asn135Ala,0.836379075349376,0.007928720905282,0.844307796254658,0.828450354444094
p.Tyr503Ala,1.16379195291024,0.0623033594331799,1.22609531234342,1.10148859347706
p.Gln119=,1.08905212658807,0.0505924081557599,1.13964453474383,1.03845971843231
p.Arg285Trp,0.537798489860609,0.168095769524575,0.705894259385184,0.369702720336034
p.Asp313Leu,1.00864558090064,0.072696201319828,0.935949379580814,1.08134178222047
p.Glu244Ser,1.0592665622311,0.0959764720588685,1.15524303428997,0.963290090172233
p.Leu422Gln,0.735744230472635,0.066613927425937,0.802358157898572,0.669130303046698
p.Trp53Ter,-0.0067715895174227,0.0153984203856229,-0.0221700099030458,0.0086268308682002
p.Ile255Pro,0.912719752472331,0.0005770055104639,0.912142746961867,0.913296757982795
p.Glu416Lys,0.956071289342683,0.131787057037914,1.0878583463806,0.824284232304771
p.Cys269Lys,0.394399803871182,0.064901941146565,0.329497862724617,0.459301745017747
p.Phe88Lys,0.145944271988916,0.038124230452989,0.184068502441905,0.107820041535927
p.Phe216Cys,0.599593862319082,0.179022884879766,0.778616747198848,0.420570977439316
p.Asp493Ile,1.05579368795581,0.0162562266567699,1.03953746129904,1.07204991461258
p.His129Tyr,0.630619372168082,0.006461539990192,0.637080912158274,0.62415783217789
p.Asp258Tyr,1.06677631764956,0.119426523580619,1.18620284123018,0.947349794068941
p.Ser106Gly,0.526278727924618,0.0328654899559405,0.493413237968678,0.559144217880559
p.Glu417Ala,1.06796612948343,0.108776794308301,1.17674292379173,0.959189335175127
p.Lys432Leu,1.13113475294997,0.0479414978890699,1.17907625083904,1.0831932550609
p.Val208Ser,1.17402245194094,0.091614748600965,1.26563720054191,1.08240770333998
p.Phe501Val,1.27884179443151,0.0551716172484449,1.33401341167996,1.22367017718307
p.Leu20Phe,0.688661844492016,0.143119104647263,0.545542739844753,0.831780949139279
p.Pro240Val,0.991668156756718,0.0009894141247879,0.99067874263193,0.992657570881506
p.Met37Cys,1.21741514916247,0.234882083304903,1.45229723246737,0.982533065857563
p.Arg498Asn,1.04415793208782,0.02982101959879,1.07397895168661,1.01433691248903
p.Ile256Asn,0.174485107948154,0.0122923494052935,0.162192758542861,0.186777457353448
p.Gln372Lys,1.05645634939421,0.167165003416284,1.22362135281049,0.889291345977922
p.Arg348Trp,0.750711247472856,0.0645538340664449,0.815265081539301,0.686157413406411
p.Pro62Met,0.476988459694742,0.0714157602170999,0.405572699477642,0.548404219911842
p.Arg227Cys,1.07271889060491,0.157860728436489,1.2305796190414,0.914858162168422
p.Arg330Met,1.15941750881398,0.0689785922786149,1.2283961010926,1.09043891653537
p.Gln471Cys,0.962346159727292,0.0683836994007995,0.893962460326491,1.03072985912809
p.Arg454Pro,0.284015076814092,0.181082710254785,0.465097787068876,0.102932366559307
p.Val394Ile,0.927010862768306,0.0129329538897585,0.939943816658065,0.914077908878548
p.Glu18Ser,1.01250207934144,0.0621639125250535,1.07466599186649,0.950338166816383
p.Gln266Ser,1.16030082441676,0.0667737446396949,1.22707456905645,1.09352707977706
p.Ile295Asp,0.232157697623807,0.0363262006397629,0.195831496984044,0.26848389826357
p.Glu93Val,0.933409737900436,0.103143502309564,1.03655324021,0.830266235590871
p.Cys358Phe,0.83281419583256,0.175914169939161,1.00872836577172,0.656900025893398
p.Lys95Asp,0.892775082090717,0.0375654866806249,0.855209595410092,0.930340568771342
p.Ser123Lys,1.06060343958766,0.0459073614112849,1.01469607817638,1.10651080099895
p.Val431Glu,1.06480374251717,0.118828928842422,0.945974813674746,1.18363267135959
p.Gly488His,0.153156722637225,0.0807030427628621,0.233859765400087,0.0724536798743626
p.Asn126Gly,0.996275146120908,0.0182425216750534,0.978032624445853,1.01451766779596
p.Val352Ala,0.0957383585232869,0.0112377897034682,0.0845005688198184,0.106976148226755
p.Lys152Arg,1.15144961000894,0.205615635838714,1.35706524584766,0.945833974170232
p.Glu252Leu,1.0659559767954,0.17415790149673,1.24011387829213,0.89179807529867
p.Ser132Arg,1.01091082392302,0.0331501447180769,0.977760679204936,1.04406096864109
p.Met450Ser,0.733028803412233,0.0300526605452625,0.763081463957495,0.70297614286697
p.Ala492Ter,-0.0977171396621182,0.0871136979357469,-0.184830837597865,-0.0106034417263712
p.Leu264Asp,0.189003606910604,0.014459692431975,0.203463299342579,0.174543914478629
p.Lys386His,1.14408568397039,0.09110976193516,1.23519544590555,1.05297592203523
p.His374Tyr,1.011802352734,0.0145273462223289,1.02632969895633,0.997275006511672
p.Arg498Glu,0.942658227663234,0.0109175905080999,0.931740637155134,0.953575818171334
p.Leu468Ala,1.05533168574088,0.133207133952157,1.18853881969304,0.922124551788725
p.Gly314Tyr,0.694941142698765,0.135545542622259,0.559395600076505,0.830486685321024
p.Glu416Thr,1.0510179692683,0.032403570553955,1.08342153982226,1.01861439871435
p.Ile355Ala,0.141626332489351,0.0611470269959618,0.0804793054933893,0.202773359485313
p.Leu137Asn,0.426861447569218,0.0204267821457824,0.447288229715,0.406434665423435
p.Glu345Gly,0.745786067008663,0.141904006714106,0.603882060294556,0.887690073722769
p.Tyr308Pro,0.417907405187572,0.229435645907005,0.647343051094578,0.188471759280567
p.Asp375Ter,-0.112005433963457,0.0722748871228953,-0.184280321086352,-0.0397305468405614
p.Gly110Tyr,0.0942894816169647,0.00694439370596,0.0873450879110049,0.101233875322925
p.Gly425Val,0.925305268041765,0.032360933451027,0.957666201492792,0.892944334590738
p.Arg120=,1.05545259593209,0.044466022147255,1.09991861807934,1.01098657378483
p.Tyr484Lys,1.05082465317995,0.01454747316117,1.06537212634112,1.03627718001878
p.Val444Trp,0.167640080578764,0.123364657079255,0.29100473765802,0.0442754234995089
p.Gln161Ser,0.888099113313342,0.252916720795407,0.635182392517935,1.14101583410875
p.His513Phe,1.0286085691273,0.231765624608059,1.26037419373536,0.796842944519241
p.His32Cys,1.03955808796399,0.030340178671385,1.00921790929261,1.06989826663538
p.Ala115Asn,1.04851797255593,0.073436203641296,1.12195417619722,0.975081768914628
p.Ile355Arg,0.441826510652469,0.266818304491057,0.708644815143526,0.175008206161411
p.Met125Thr,0.95224527751908,0.0764177936291205,1.0286630711482,0.875827483889959
p.Ile67Phe,0.919071088675013,0.107742259213687,0.811328829461327,1.0268133478887
p.Glu345Trp,0.849130399759907,0.109652465402277,0.958782865162184,0.739477934357629
p.Thr51Lys,0.941282270203281,0.146747178793388,1.08802944899667,0.794535091409895
p.Gln383Ter,0.0136902102678208,0.0547568241832749,0.0684470344510958,-0.0410666139154542
p.Leu142Ala,0.885856153125305,0.0806332369799604,0.805222916145345,0.966489390105266
p.Gln384Phe,0.966485483975921,0.0426576293342369,1.00914311331016,0.923827854641686
p.Glu287Thr,0.693668657198612,0.166812202904859,0.526856454293753,0.860480860103471
p.Arg57Asn,0.773141965781828,0.176215829422301,0.949357795204129,0.596926136359527
p.Phe413Thr,0.930520238415639,0.0429070063539144,0.887613232061724,0.973427244769553
p.Ile168=,0.909091816610383,0.0202099639982954,0.929301780608678,0.888881852612087
p.Cys269Met,0.973241873362401,0.245726145955818,1.21896801931822,0.727515727406584
p.Leu420Glu,0.884896939595477,0.15157439987883,1.03647133947431,0.733322539716649
p.Phe337Val,0.420437551653516,0.231638889761097,0.652076441414613,0.188798661892418
p.Met411Thr,1.14854036592569,0.03560409111612,1.18414445704181,1.11293627480957
p.Asn311Leu,0.95675474819356,0.0754215075674404,1.032176255761,0.881333240626119
p.Thr31Ter,0.498987150412683,0.0722645603659045,0.571251710778588,0.426722590046779
p.Val291Gly,0.219637949591149,0.0993078122235254,0.318945761814674,0.120330137367623
p.Leu469Met,1.02739783185749,0.105679184144243,1.13307701600173,0.921718647713243
p.Tyr202His,1.25785945021602,0.0635301840740649,1.32138963429009,1.19432926614196
p.Ser448Gln,1.1330942261836,0.08976318132896,1.22285740751256,1.04333104485464
p.Tyr503Cys,1.16126984357141,0.1001020576234,1.26137190119481,1.06116778594801
p.His124Phe,0.905860061684173,0.0056853636881105,0.900174697996062,0.911545425372283
p.Ile295=,0.834328301889674,0.0678708302049694,0.766457471684705,0.902199132094644
p.Ser189Glu,0.886582259181128,0.0552448491152595,0.941827108296387,0.831337410065868
p.Trp509His,0.734784457318195,0.314381426168152,0.420403031150045,1.04916588348635
p.Met450Leu,1.20600593091086,0.08139535131881,1.28740128222967,1.12461057959205
p.Ala300Glu,0.990895294982807,0.054088306974922,0.936806988007886,1.04498360195773
p.Arg57Ala,0.638565476584794,0.0162953265725795,0.654860803157373,0.622270150012214
p.Tyr322Cys,0.0722102220150804,0.0518921481146194,0.1241023701297,0.020318073900461
p.Pro396Trp,0.111009039192513,0.0784543344297391,0.189463373622252,0.0325547047627737
p.Glu99Asp,1.07215849101518,0.0216244592255699,1.09378295024075,1.05053403178961
p.Gly351Asp,0.637386141367461,0.10010194797886,0.73748808934632,0.537284193388601
p.Asp375Val,0.839788482731735,0.207653621896564,1.0474421046283,0.632134860835172
p.Arg198Asn,0.565223406977956,0.0638194298424264,0.501403977135529,0.629042836820382
p.Cys158Arg,0.175042986662778,0.0026498490284029,0.172393137634375,0.177692835691181
p.Cys232Arg,1.23371876851629,0.05424929547637,1.28796806399266,1.17946947303992
p.Ala272Gly,0.9377803997712,0.037140944906006,0.900639454865194,0.974921344677206
p.Pro50Lys,0.872603293517686,0.069386406060079,0.941989699577765,0.803216887457607
p.Lys205Ser,1.15215089706516,0.105634823491435,1.2577857205566,1.04651607357373
p.His155Phe,0.928809490878031,0.0783181491609169,1.00712764003895,0.850491341717116
p.Asn64Phe,0.754934639763726,0.074082214982093,0.829016854745819,0.680852424781633
p.Ile472Tyr,1.13985226773731,0.059429391161165,1.19928165889847,1.08042287657614
p.Met207Ala,1.18295648578972,0.102855437992495,1.28581192378222,1.08010104779723
p.Gly41Glu,1.11414200450178,0.111895053241375,1.22603705774315,1.0022469512604
p.Val444Ala,0.998588117702814,0.219233071613226,1.21782118931604,0.779355046089587
p.Leu356Ile,0.968392882418862,0.0024330318391035,0.965959850579758,0.970825914257965
p.Val169Pro,-0.0458284524035362,0.0679740808100358,-0.113802533213572,0.0221456284064996
p.Ser281Leu,0.727494859304648,0.0261242594685615,0.701370599836087,0.75361911877321
p.Gly359Val,0.0514958727333796,0.126652391052933,-0.0751565183195536,0.178148263786313
p.Cys269Ter,-0.0326624560740164,0.0442108257230077,-0.0768732817970242,0.0115483696489914
p.Gly488=,0.958281392632345,0.114335191750607,1.07261658438295,0.843946200881737
p.Pro172Glu,0.597004524486218,0.153382028863461,0.750386553349679,0.443622495622756
p.Asp251Phe,0.021894122406461,0.0024281446860869,0.0194659777203741,0.024322267092548
p.Asp375Lys,0.98071549980938,0.097560638345449,1.07827613815483,0.883154861463932
p.Asn105Leu,1.05058035687616,0.108073797458825,1.15865415433498,0.94250655941733
p.Gly248Val,1.07537760365551,0.0120757945216799,1.08745339817719,1.06330180913383
p.Ile35Asp,0.0902952927808159,0.134468882874984,-0.0441735900941685,0.2247641756558
p.Asp100Ala,1.06711531305323,0.0200587848512899,1.08717409790452,1.04705652820194
p.Leu214Asn,0.944909043309779,0.19672374173782,1.1416327850476,0.74818530157196
p.Leu137Thr,0.827416907149896,0.111004929435831,0.716411977714065,0.938421836585727
p.Thr10Lys,1.01067365699502,0.0123294509762165,0.998344206018797,1.02300310797123
p.Pro477Cys,0.983512329514865,0.0359566075878439,0.947555721927022,1.01946893710271
p.Ala141Lys,0.0490955952295989,0.0064814660222206,0.0426141292073782,0.0555770612518195
p.Pro467Phe,0.668285950408228,0.072102467200273,0.740388417608501,0.596183483207955
p.Phe88Ter,0.0084315128404703,0.018627215887879,-0.0101957030474087,0.0270587287283494
p.Glu156Lys,1.04778370614465,0.0935292896379369,1.14131299578259,0.954254416506716
p.Asn426Ile,0.741628773963726,0.0366797457145134,0.704949028249213,0.77830851967824
p.Arg227Tyr,0.687408535337427,0.041950779255761,0.729359314593188,0.645457756081666
p.Gln449Trp,0.227262312675165,0.138228652484405,0.365490965159571,0.0890336601907601
p.Ser332His,0.197854557490394,0.02415531794613,0.222009875436524,0.173699239544264
p.Phe56Lys,0.333257752346424,0.0025061144522855,0.330751637894139,0.33576386679871
p.Ile224Val,1.16626101411793,0.0135870484686499,1.17984806258658,1.15267396564928
p.Arg72=,1.0211493155312,0.0259209355367124,1.04707025106791,0.995228379994485
p.Tyr147Trp,0.844859573024047,0.0039594424882175,0.848819015512265,0.84090013053583
p.His27Tyr,0.963533777479461,0.0561158693487204,0.907417908130739,1.01964964682818
p.Asn430Phe,1.10294784080702,0.019693788038735,1.12264162884575,1.08325405276828
p.Leu268Glu,0.222414548761563,0.0714834986063205,0.293898047367884,0.150931050155243
p.Lys366Val,1.07472439315715,0.162214196040725,1.23693858919787,0.91251019711642
p.Gln111Lys,0.928692926121041,0.0005062859366464,0.929199212057687,0.928186640184394
p.Gln209Trp,1.04852801960562,0.0621544902379589,1.11068250984358,0.986373529367662
p.Asp79=,0.706019827200918,0.102710360300466,0.603309466900452,0.808730187501383
p.Cys385Glu,0.879793783139329,0.0802111976166364,0.960004980755966,0.799582585522693
p.Arg330Glu,0.873693161561111,0.171206744977648,0.702486416583464,1.04489990653876
p.Gly314Thr,1.00139901938177,0.0269138114727164,1.02831283085449,0.974485207909057
p.Ala399Gln,0.997688978377944,0.117741608448185,0.87994736992976,1.11543058682613
p.Thr402=,1.01617021525334,0.0098973548773649,1.02606757013071,1.00627286037598
p.Ala71Ile,0.125078232623059,0.0638783000315546,0.188956532654614,0.0611999325915046
p.Gly310Ter,-0.0368984895563876,0.021296604655917,-0.0581950942123047,-0.0156018849004706
p.Val77Asp,0.680029154317235,0.0722568688635364,0.607772285453699,0.752286023180772
p.Thr336Gln,0.480211914666118,0.275175098262443,0.755387012928561,0.205036816403674
p.Ser455Leu,1.02442004529247,0.109259605866184,1.13367965115865,0.915160439426282
p.Asn397Ser,0.654733203834575,0.309390449656074,0.345342754178501,0.964123653490649
p.Gly174Ala,0.858654755021107,0.0313830181081124,0.890037773129219,0.827271736912994
p.Asn105Gly,0.381395475164739,0.0542481479417825,0.435643623106521,0.327147327222956
p.Thr333Trp,0.8423138157669,0.021275983819636,0.863589799586536,0.821037831947264
p.Glu93Met,0.853979845948237,0.159720240170035,0.6942596057782,1.01370008611827
p.Asn302Pro,0.948628396320998,0.23764697555055,1.18627537187155,0.71098142077045
p.Ile196Asn,-0.0389531257312002,0.0065040182178076,-0.0454571439490078,-0.0324491075133926
p.Gln111Tyr,1.03552704767696,0.079689128833155,1.11521617651012,0.95583791884381
p.Val284Met,1.18033016501878,0.0789443638936649,1.25927452891244,1.10138580112511
p.Glu504Thr,0.811550327510767,0.057970551324399,0.753579776186368,0.869520878835166
p.Glu494=,0.913648581691865,0.037841213167697,0.951489794859562,0.875807368524168
p.Leu362Ter,-0.0556451245432052,0.0950658617962457,-0.150710986339451,0.0394207372530405
p.Asn153Pro,0.0195671242140936,0.0016345946559319,0.0179325295581617,0.0212017188700255
p.Phe88Asp,0.118328597835332,0.0251152943728568,0.0932133034624754,0.143443892208189
p.Thr336Ala,0.20934421719798,0.012220560699585,0.197123656498395,0.221564777897565
p.Leu342Arg,0.0525737624281693,0.0807284067464696,-0.0281546443183003,0.133302169174639
p.Ile295Trp,0.483951224305317,0.265646839873275,0.749598064178592,0.218304384432041
p.Ile162Ala,0.981447583861969,0.10150780899067,1.08295539285264,0.8799397748713
p.Val376Trp,1.21378687912408,0.179472614033695,1.39325949315777,1.03431426509038
p.Val259Trp,1.17390493355638,0.149246451275045,1.32315138483142,1.02465848228133
p.Ile199His,0.948076726851888,0.154247632043034,1.10232435889492,0.793829094808852
p.Pro415Ala,0.983612459830367,0.0498394483527499,0.93377301147762,1.03345190818312
p.Met273Lys,-0.0294939858264165,0.0654431401786916,-0.0949371260051081,0.0359491543522751
p.Glu239=,1.12643544150808,0.216325748713287,1.34276119022137,0.910109692794795
p.Leu440Asp,1.21111444512864,0.148744774912075,1.35985922004071,1.06236967021656
p.Ala149Pro,0.88111806588236,0.127169460589162,0.753948605293197,1.00828752647152
p.Glu287Tyr,0.680418863895407,0.0045753626005015,0.675843501294905,0.684994226495908
p.Phe66Asn,0.729208608320759,0.183213706025346,0.545994902295412,0.912422314346105
p.Thr406Phe,1.13481914657303,0.06201901186808,1.19683815844111,1.07280013470495
p.Glu457His,1.09311033129522,0.173939804410455,1.26705013570567,0.91917052688476
p.Ala44Ile,0.447257429000688,0.19695710514525,0.250300323855437,0.644214534145938
p.Arg136Glu,0.0115584563907503,0.153071855300694,-0.141513398909943,0.164630311691444
p.Ser278Pro,0.0396554037253961,0.091705683889322,-0.0520502801639261,0.131361087614718
p.Gly110Val,0.0641493172468058,0.029747867337156,0.0344014499096498,0.0938971845839618
p.Leu468Asp,0.148599535958495,0.0244399440741425,0.173039480032638,0.124159591884353
p.Arg219Ser,0.952254587296091,0.033022139960651,0.91923244733544,0.985276727256742
p.Met411Lys,1.00118844919351,0.106352177179821,1.10754062637333,0.894836272013688
p.Ala90Glu,0.533333827093232,0.0170609017320214,0.51627292536121,0.550394728825253
p.Lys407His,1.2415173815315,0.0933468975764699,1.33486427910797,1.14817048395503
p.Phe412Gly,1.23187606863479,0.11383645471397,1.34571252334876,1.11803961392082
p.Val431Met,1.10698077460336,0.03706927036245,1.14405004496581,1.06991150424091
p.Glu417Asn,1.20617379348155,0.0019116697965849,1.20808546327814,1.20426212368497
p.Val303Arg,0.611489855013509,0.006901058942196,0.618390913955705,0.604588796071313
p.Lys89Tyr,0.915204287605376,0.000725631173465,0.915929918778841,0.914478656431911
p.Arg459Asp,0.829770377337795,0.0195436242080644,0.810226753129731,0.84931400154586
p.Thr490Ala,1.21241089723244,0.152721953902975,1.36513285113541,1.05968894332946
p.Val68Trp,0.0027510776592032,0.096922075949356,-0.0941709982901529,0.0996731536085593
p.Phe452Trp,1.22940783219471,0.166094262247115,1.39550209444182,1.06331356994759
p.Gln299Thr,0.948293256766258,0.0293866174578334,0.918906639308424,0.977679874224091
p.Ile167Met,1.1101853389244,0.058083268480395,1.1682686074048,1.05210207044401
p.Leu121Tyr,0.0549950207408702,0.171674502706088,-0.116679481965218,0.226669523446959
p.Met404Leu,1.12900747353127,0.017507246116315,1.14651471964758,1.11150022741495
p.Val344Gln,0.0828454202273301,0.12504049047211,0.20788591069944,-0.0421950702447803
p.Gln395Pro,0.755985561823328,0.197419522162161,0.953405083985489,0.558566039661166
p.Glu416Ter,-0.0246717124685942,0.0383749452357728,0.0137032327671786,-0.0630466577043671
p.Gln471Ala,1.16465153223491,0.112825423262785,1.27747695549769,1.05182610897212
p.Gln22Gly,1.0104790073354,0.0548543048629249,0.95562470247248,1.06533331219833
p.Gly321Phe,0.133131295045769,0.0899676530825119,0.223098948128281,0.043163641963257
p.Val352Pro,0.0936691547673511,0.152719508121095,-0.0590503533537441,0.246388662888446
p.Gly242Ter,0.0841242760110663,0.0793435483820365,0.163467824393103,0.00478072762903
p.Ala377Ser,1.15755135835736,0.06366385184979,1.22121521020715,1.09388750650757
p.Arg227Ala,1.0419645983701,0.04131325081272,1.08327784918282,1.00065134755738
p.Lys275Tyr,0.817033190411728,0.258640716796644,1.07567390720837,0.558392473615082
p.Gly110Phe,0.132942138361855,0.006835992098583,0.139778130460438,0.126106146263272
p.Ala399Ter,-0.098467839158231,0.0598972659475188,-0.15836510510575,-0.0385705732107124
p.Gly359Ile,0.250486337608844,0.0504739521429069,0.300960289751751,0.200012385465937
p.Gly331Pro,0.845336618343993,0.0619029985801299,0.907239616924123,0.783433619763863
p.Arg215Pro,0.0370311233033265,0.0032023301506709,0.0402334534539974,0.0338287931526555
p.Thr151Cys,0.836315139903399,0.022502759599159,0.81381238030424,0.858817899502558
p.Asn218Phe,-0.0385745027134932,0.0818489871754925,-0.120423489888986,0.0432744844619991
p.Cys158Lys,0.0524191257396627,0.0064008163468876,0.046018309392775,0.0588199420865504
p.Val304Phe,0.303155513025263,0.207732161401478,0.510887674426741,0.0954233516237845
p.Gly351Asn,0.869956852143351,0.074331714943263,0.944288567086614,0.795625137200088
p.Met450Ala,1.12461272218709,NA,NA,1.12461272218709
p.Ala436Leu,1.20440435669227,0.0234870804208849,1.18091727627139,1.22789143711316
p.Phe88His,0.276489556036097,0.0311218632486589,0.245367692787438,0.307611419284756
p.Phe337Cys,0.874109228732628,0.129375186353312,1.00348441508594,0.744734042379316
p.Met207Ter,0.277186898629348,0.26569354200161,0.542880440630959,0.0114933566277378
p.Ile234Trp,0.932662981269735,0.0906162586616144,1.02327923993135,0.842046722608121
p.Tyr482Ala,-0.0566117051423538,0.100661015856011,-0.157272720998365,0.0440493107136572
p.Gln307Gly,0.112149773402594,0.0643597330795691,0.176509506482163,0.0477900403230248
p.Ala44Met,0.279441033972294,0.016078396990096,0.29551943096239,0.263362636982198
p.Val271Asp,0.436168816306078,0.0542393399244655,0.490408156230544,0.381929476381613
p.Leu495Ile,1.06136202765268,0.093928012878866,1.15529004053154,0.967434014773808
p.Pro415Arg,0.824458980579238,0.141085643597168,0.965544624176406,0.68337333698207
p.Glu19Thr,0.78240406587182,0.0115568699835379,0.770847195888282,0.793960935855358
p.Asn301Cys,0.916010309719091,0.108974426422499,0.807035883296592,1.02498473614159
p.His513Thr,0.986016559328293,0.0105479407809909,0.996564500109284,0.975468618547302
p.Pro172Ter,0.334901605200868,0.253326874657536,0.588228479858404,0.0815747305433315
p.Val289Tyr,1.20690199484282,0.03720223855718,1.2441042334,1.16969975628564
p.Asp324Phe,0.62305078415416,0.004402079670001,0.627452863824161,0.618648704484159
p.Arg454Leu,0.418569741426224,0.296811196777126,0.71538093820335,0.121758544649098
p.Gln449Lys,1.04501745730495,0.493200601131584,1.53821805843653,0.551816856173361
p.Arg463Val,0.0293501234378843,0.0572695808075283,-0.0279194573696441,0.0866197042454126
p.Asn165Cys,1.01290576645325,0.0724259170666115,1.08533168351986,0.940479849386637
p.Val68Ser,0.0937883149634623,0.0368657061414959,0.130654021104958,0.0569226088219661
p.Ile441Lys,-0.0613773537237013,0.0457651210084825,-0.107142474732184,-0.0156122327152189
p.Ala339Thr,1.00227832589991,0.0663305526117835,1.06860887851169,0.935947773288123
p.Pro479Gly,0.27317663672405,0.0090789871078069,0.282255623831857,0.264097649616243
p.Ala492Pro,0.199552911079935,0.100619091344917,0.300172002424852,0.0989338197350187
p.Gly488Ile,0.189088463886798,0.207790510022197,0.396878973908995,-0.0187020461353997
p.Phe250Ser,0.792020539706305,0.245619143150677,1.03763968285698,0.546401396555625
p.Phe373Gly,0.0059840177889261,0.0532297031744438,-0.0472456853855177,0.05921372096337
p.Leu177Ser,0.764232564423892,NA,NA,0.764232564423892
p.Pro329Asn,0.395589475901603,0.512411306082521,-0.116821830180918,0.908000781984124
p.Asp456Ile,0.148026842768349,0.0367541860919145,0.111272656676434,0.184781028860263
p.Ala461Gln,1.45852161023647,NA,NA,1.45852161023647
p.Pro434Thr,0.976049812650885,0.044150161775864,1.02019997442675,0.931899650875022
p.Lys408Trp,0.910532495156179,0.0882378291050615,0.822294666051118,0.998770324261241
p.Gly204Pro,1.11766362274921,0.027247255068475,1.14491087781769,1.09041636768074
p.Gly131Asp,0.921754470074681,0.0815410503390989,1.00329552041378,0.840213419735582
p.Glu364Ala,1.08045829840341,0.03111215510701,1.11157045351042,1.0493461432964
p.Thr76Lys,0.921863485180555,0.035924340623021,0.957787825803576,0.885939144557534
p.Tyr428His,1.16181878184452,0.057782976453525,1.21960175829804,1.10403580539099
p.Ser296Lys,1.00670502039151,0.0960327856397845,1.1027378060313,0.910672234751731
p.Gly23Ala,1.31337458346445,0.07642437536561,1.38979895883006,1.23695020809884
p.Ala367Tyr,1.17222462012079,0.068207197496715,1.24043181761751,1.10401742262408
p.Lys508Ser,1.11095025734057,0.0342555453214049,1.14520580266198,1.07669471201917
p.Leu60Thr,0.487683067043084,0.0574454060412304,0.430237661001853,0.545128473084314
p.Glu85His,0.531999884304948,0.081723918544113,0.450275965760835,0.613723802849061
p.Lys478Cys,1.06756144456875,0.0189497074053649,1.04861173716338,1.08651115197411
p.Asp114Thr,0.946470429564032,0.0550331494324569,1.00150357899649,0.891437280131576
p.Trp164Glu,0.697150369512684,0.112927349813452,0.584223019699232,0.810077719326136
p.Asn210Cys,0.827593565100818,0.0274005277728565,0.854994092873674,0.800193037327961
p.Ala2Lys,1.19002585053986,0.150884219388055,1.34091006992791,1.0391416311518
p.Cys385Pro,0.99354613690506,0.0785889197839275,0.914957217121135,1.07213505668899
p.Gly174Phe,0.924932553646217,0.0803885713204939,1.00532112496671,0.844543982325722
p.Pro409Met,1.24089727672663,0.0244731695770299,1.26537044630366,1.2164241071496
p.His27Asp,0.911861824074199,0.13147183828033,0.780389985793869,1.04333366235453
p.Ser106Met,0.930877017679249,0.064230944535742,0.995107962214991,0.866646073143507
p.Ala338Ile,0.266635857712815,0.17460400214786,0.441239859860675,0.0920318555649558
p.Gly59Lys,0.688312619554891,0.0601078219008405,0.748420441455732,0.628204797654051
p.Thr333Met,0.967466368153789,0.0486090983280084,0.918857269825783,1.0160754664818
p.Lys45Tyr,0.936718004923972,0.002900787283483,0.939618792207455,0.933817217640489
p.Val298Thr,0.787360898158527,0.0666446389952969,0.72071625916323,0.854005537153824
p.Ile36Cys,0.626920382127906,0.0385169314423039,0.66543731357021,0.588403450685602
p.Phe241Asp,1.1649177459995,0.09967299655603,1.26459074255553,1.06524474944347
p.Glu239His,0.848317824095598,0.011905761326717,0.836412062768881,0.860223585422315
p.His374Glu,0.749813849963647,0.069226853312854,0.680586996650793,0.819040703276501
p.Glu63Ile,1.02161791842412,0.003403319275635,1.02502123769975,1.01821459914848
p.Gln307Tyr,0.707059356269521,0.238330585293423,0.945389941562944,0.468728770976098
p.Glu398Leu,0.92635095490932,0.011874742217056,0.914476212692264,0.938225697126376
p.Thr466Ter,-0.0453974213824492,0.0714891582202028,-0.116886579602652,0.0260917368377536
p.Ile162Lys,1.16450104125307,0.041739577981555,1.20624061923462,1.12276146327151
p.Pro434His,0.843018583391394,0.149587059398233,0.69343152399316,0.992605642789627
p.Thr51Tyr,1.05746283551044,0.0316912565224599,1.0891540920329,1.02577157898798
p.Trp462Thr,1.13949038718383,0.0224618025095,1.16195218969333,1.11702858467433
p.Asn210Gln,1.16226807474929,0.089531587716685,1.25179966246598,1.07273648703261
p.Asn311Asp,1.07478059959823,0.0823822703309675,1.1571628699292,0.992398329267265
p.Leu98Glu,0.379274731154079,0.0104002333601189,0.36887449779396,0.389674964514198
p.Asp24=,1.10790842146769,0.08518760171461,1.1930960231823,1.02272081975308
p.Asp181Lys,0.817515278451649,0.002140506737672,0.815374771713977,0.819655785189321
p.Cys446His,0.899480992142691,0.03884067542621,0.938321667568901,0.860640316716481
p.Ala377Cys,0.974755730076736,0.0872879721174444,1.06204370219418,0.887467757959291
p.Lys89Gln,1.07345010460962,0.0463152397503799,1.11976534436,1.02713486485924
p.Asn301Lys,1.06086885950956,0.0009919796121049,1.06186083912167,1.05987687989746
p.Phe21His,1.13062211008497,0.137843960634303,1.26846607071927,0.992778149450663
p.Gly163Leu,0.0343011676155522,0.016175682121699,0.0181254854938532,0.0504768497372512
p.Glu19Ser,1.02088623984597,0.136245007575906,1.15713124742188,0.884641232270067
p.Gly359=,1.03840824242957,0.0384220054669219,1.07683024789649,0.999986236962646
p.Thr319Trp,0.798659555117884,0.106868544289708,0.691791010828176,0.905528099407592
p.Met273Cys,1.00502798087019,0.0279406066924784,0.977087374177713,1.03296858756267
p.Glu63Asp,1.02498651161644,0.00520016981073,1.01978634180571,1.03018668142717
p.Gly59Pro,0.0039538850668389,0.065122609991754,-0.0611687249249151,0.0690764950585929
p.Asp325Lys,0.822883611730422,0.201001710685879,1.0238853224163,0.621881901044541
p.Lys238=,1.01927397066314,0.0995004521855659,1.11877442284871,0.919773518477578
p.Gln161Met,0.889372457989573,0.0882414719233429,0.80113098606623,0.977613929912916
p.Asp313Val,0.820760672541225,0.130629269275177,0.690131403266048,0.951389941816402
p.Leu61Cys,0.653734266754348,0.0142802077901034,0.639454058964244,0.668014474544451
p.Arg81Ser,0.726541952077423,0.104928264429084,0.831470216506508,0.621613687648339
p.Lys95Tyr,1.12582377742303,0.0508942228075399,1.17671800023057,1.07492955461549
p.=,1,0,1,1
p.Ile224Asp,0.674434505371201,0.106653499159067,0.781088004530269,0.567781006212134
p.Lys205Tyr,1.18561650776376,0.0237557249785299,1.20937223274229,1.16186078278523
p.Val344Thr,0.287766061853411,0.0687996806688854,0.218966381184526,0.356565742522297
p.Lys152Val,1.14031523501774,0.109857340870635,1.25017257588837,1.0304578941471
p.Ile199=,0.949321028378646,0.0867278874924624,0.862593140886185,1.03604891587111
p.Ser157=,1.08581042656724,0.102528545601047,1.18833897216829,0.983281880966197
p.Val431Gln,1.02306537238901,0.0504462024453959,1.07351157483441,0.972619169943618
p.Asn64Ala,0.812568834316366,0.0950443027140649,0.717524531602301,0.907613137030431
p.Asn414Thr,0.985246317444606,0.0190225957362155,0.966223721708389,1.00426891318082
p.Gly314Glu,0.992095556182325,0.0339409073116534,0.958154648870673,1.02603646349398
p.Gly359Cys,0.104671881222592,0.0348663583556896,0.139538239578282,0.0698055228669026
p.Arg175Ser,0.969988790304276,0.042133777567153,1.01212256787143,0.927855012737124
p.Asn363Cys,0.947639395808896,0.121881371020214,1.06952076682911,0.825758024788683
p.Pro415Leu,1.14610792465541,0.0678378224809199,1.21394574713633,1.07827010217449
p.Gln261Met,1.22369155533136,0.020578667104095,1.24427022243545,1.20311288822726
p.Val303Ala,0.940222295650741,0.0421775312806199,0.898044764370121,0.982399826931361
p.Glu274Ser,0.922862511337626,0.178065044350681,1.10092755568831,0.744797466986948
p.Gln307Glu,0.116304417537894,0.0785193437403665,0.194823761278261,0.0377850737975279
p.Arg427Cys,0.793160036250147,0.0333071854157485,0.759852850834399,0.826467221665896
p.Asn280=,1.08029960511615,0.0596950990179699,1.13999470413412,1.02060450609818
p.Leu440Ser,1.28327338030937,0.031853573734625,1.31512695404399,1.25141980657474
p.Val12Trp,1.03747124352037,0.011453530250455,1.04892477377082,1.02601771326991
p.Arg257Ser,1.07037744905146,0.03723923345373,1.10761668250519,1.03313821559773
p.Ile67Tyr,0.601698571944759,0.0062784721115555,0.595420099833203,0.607977044056314
p.Tyr482Asp,0.300598235469263,0.0787844822606815,0.379382717729945,0.221813753208582
p.Phe237Asp,0.682084119003615,0.065421511154063,0.616662607849552,0.747505630157678
p.Ser184Ala,0.979794476226849,0.0614509133055385,0.918343562921313,1.04124538953239
p.Arg348Pro,0.196042048593213,0.213856177307324,-0.0178141287141109,0.409898225900538
p.Thr51Val,0.859416455314259,0.015252766082171,0.87466922139643,0.844163689232088
p.Val344Arg,0.169518367784336,0.0238852385668614,0.145633129217475,0.193403606351198
p.Leu264Ile,1.01434591039641,0.076491659218936,1.09083756961534,0.937854251177468
p.Asp493Cys,1.08069522315094,0.112674653752477,1.19336987690342,0.968020569398466
p.Ile220Val,0.96185783948425,0.25868133563143,1.22053917511568,0.70317650385282
p.Phe373Trp,0.976816564178641,0.017116791288623,0.993933355467264,0.959699772890018
p.Ser188Ter,0.15403742932215,0.126109761655023,0.280147190977173,0.0279276676671261
p.Asn165Ter,0.182894634055083,0.228930864321509,0.411825498376593,-0.0460362302664261
p.Arg215Tyr,0.301800254015453,0.180405777053019,0.482206031068472,0.121394476962433
p.Gln133Tyr,1.05862344261963,0.103420084296535,1.16204352691617,0.955203358323099
p.His155Ter,0.311432678229962,0.306373726219517,0.617806404449479,0.0050589520104441
p.Val146Cys,0.89583019216639,0.0197276180181479,0.915557810184538,0.876102574148242
p.Arg175Tyr,1.14640765502045,0.077983693336755,1.2243913483572,1.06842396168369
p.His27Ile,1.03904025793676,0.0597713170236724,1.09881157496043,0.979268940913085
p.Leu264Met,0.89243079846778,0.146562313938949,0.745868484528831,1.03899311240673
p.Gln449Met,0.828814901365303,0.011066270274074,0.817748631091229,0.839881171639377
p.Phe445=,0.953709816870973,0.0179384760386805,0.971648292909654,0.935771340832293
p.Gly425=,1.02048473321237,0.0366871981433479,1.05717193135572,0.983797535069024
p.His124Thr,0.861562186500008,0.0007780149662944,0.860784171533714,0.862340201466303
p.Gly247Asp,1.08871652911649,0.142448627150664,1.23116515626715,0.946267901965822
p.Leu469Asp,0.748805972139688,0.116165176037097,0.864971148176785,0.63264079610259
p.Asp493Asn,1.07561993524624,0.0987507066210354,1.17437064186728,0.976869228625209
p.Glu94Tyr,0.542852865541506,0.0056868703072779,0.537165995234228,0.548539735848784
p.Arg120Tyr,0.998064153997276,0.0158048683890145,0.982259285608261,1.01386902238629
p.Tyr202Thr,1.12205069312723,0.0161732452006599,1.13822393832789,1.10587744792657
p.Pro479Ile,0.832338046521916,0.051951474493607,0.780386572028309,0.884289521015523
p.Leu177Trp,1.02095749440452,0.0334531764694615,1.05441067087398,0.987504317935057
p.Tyr424Arg,1.100920327475,0.0648061414224849,1.16572646889749,1.03611418605252
p.Gly248Met,1.03218006030774,0.0050028457923099,1.02717721451543,1.03718290610005
p.Thr10Ser,1.27678428587572,0.21314510789461,1.48992939377033,1.06363917798111
p.Lys205Met,0.745863769525439,0.301049450653619,0.444814318871821,1.04691322017906
p.Gly14Thr,0.881247259924038,0.030049466724328,0.85119779319971,0.911296726648366
p.Glu244Gly,1.05411408753381,0.065784509169094,1.1198985967029,0.988329578364712
p.Lys429Cys,1.15365297250747,0.171196778624587,1.32484975113206,0.982456193882886
p.Leu183Met,1.05030750584404,0.003295488899085,1.05360299474313,1.04701201694496
p.Glu398Lys,1.22560212981281,0.0991034425042999,1.32470557231711,1.12649868730851
p.Arg246Val,1.02436115670334,0.0169423005521349,1.04130345725547,1.0074188561512
p.Asp200Lys,0.0309413700199796,0.0983894161446245,-0.0674480461246452,0.129330786164604
p.Glu460Cys,0.75039441819939,0.0269008460061219,0.777295264205512,0.723493572193268
p.Ala277Lys,0.911944539604535,0.159370197950633,0.752574341653903,1.07131473755517
p.Glu19=,0.910659240322161,0.0731024942002749,0.837556746121886,0.983761734522436
p.Gly331Met,0.908522319827034,0.007152004574121,0.901370315252913,0.915674324401155
p.Ala25Lys,0.878803569651913,0.164173764587587,0.714629805064326,1.0429773342395
p.Asn302Met,1.10612760192809,0.137325979625798,1.24345358155389,0.968801622302293
p.Ile80Cys,0.62510661786642,0.0016429085533655,0.623463709313054,0.626749526419785
p.Leu305Val,1.04935584793742,0.120778055014807,1.17013390295223,0.928577792922615
p.Gln111Asn,1.03920777949273,0.015034542645305,1.02417323684742,1.05424232213803
p.Arg104=,1.0479718122499,0.077783314237726,1.12575512648763,0.970188498012178
p.Arg498Tyr,0.913255104235074,0.0355182212226764,0.877736883012397,0.94877332545775
p.Ala231Cys,0.940461579960549,0.0698392364585985,1.01030081641915,0.870622343501953
p.Val108Met,0.943470579998268,0.104863250461872,1.04833383046014,0.838607329536395
p.Arg166Ter,0.0863089417211831,0.0816382075278307,0.167947149249014,0.0046707341933525
p.Gly351Thr,0.870042326599099,0.18637957514383,1.05642190174293,0.68366275145527
p.Asp79Pro,0.0739731672795419,0.0263750199588962,0.0475981473206455,0.100348187238438
p.Gly131Phe,0.589948128757085,0.124408976109839,0.465539152647246,0.714357104866923
p.Cys385Ter,-0.0723078401124912,0.0595083949864806,-0.131816235098972,-0.0127994451260108
p.Glu19Ter,-0.0812629143922753,0.0324882581188898,-0.113751172511165,-0.0487746562733852
p.Lys476Val,0.86299607361563,0.0432001122320879,0.906196185847718,0.819795961383542
p.Leu342Gly,0.553421246876711,0.161965671260244,0.715386918136955,0.391455575616467
p.Ala436Ser,1.123193392644,0.10861918677264,1.23181257941664,1.01457420587136
p.Tyr118Arg,-0.0565646267227241,0.0818672514378339,-0.138431878160558,0.0253026247151098
p.Thr10=,0.997672482076954,0.018660768841038,0.979011713235914,1.01633325091799
p.Tyr503Arg,1.17516750697435,0.01865242485493,1.19381993182928,1.15651508211942
p.Asp313Glu,1.06450603407107,0.13001727050401,1.19452330457508,0.93448876356706
p.Leu442Asn,0.715428419930035,0.11097930437225,0.604449115557785,0.826407724302285
p.Asp24Thr,0.881162093978932,0.0996067824044685,0.781555311574463,0.9807688763834
p.Ser418Thr,0.977275018980256,0.0393766871638125,1.01665170614407,0.937898331816445
p.His374Phe,0.827605700551385,0.0219713933392874,0.849577093890673,0.805634307212098
p.Pro409Asp,1.14709989596841,0.14738465426081,1.29448455022922,0.999715241707599
p.Arg439Trp,1.03267341063227,0.016189415206415,1.01648399542586,1.04886282583869
p.Leu98Ile,0.791911884081607,0.049299426923767,0.74261245715784,0.841211311005374
p.Lys386Arg,0.955112554856177,0.0276782775275414,0.982790832383719,0.927434277328636
p.Pro481Cys,0.769691035916369,0.0656664892790319,0.835357525195401,0.704024546637337
p.Ile392Gly,0.292030592694841,0.058947786128416,0.350978378823257,0.233082806566425
p.Ile80Trp,1.03099160348309,0.259347430796196,1.29033903427928,0.771644172686887
p.Glu3Val,0.828533622333916,0.043962925503571,0.872496547837487,0.784570696830345
p.Arg104His,0.885665913191099,0.072917384219613,0.812748528971486,0.958583297410712
p.Ala461His,1.15048641971945,0.00325422315924,1.15374064287869,1.14723219656021
p.Asn301Asp,1.06668908010605,0.0564797302595299,1.12316881036558,1.01020934984652
p.Gly254Pro,0.478567694616102,0.195772323966667,0.674340018582769,0.282795370649434
p.Phe102Asp,0.182926477599902,0.0621428855702404,0.245069363170143,0.120783592029662
p.Lys508Val,1.07266474338413,0.006271875360015,1.07893661874414,1.06639286802411
p.Ser84Glu,0.689577967759747,0.146825241633447,0.5427527261263,0.836403209393193
p.Arg120Thr,0.907665822647186,0.0438872068174314,0.863778615829755,0.951553029464618
p.Ile196Tyr,0.0705053469851935,0.0958432609295896,-0.0253379139443963,0.166348607914783
p.Lys408Val,1.26732946929665,0.0870442043187399,1.35437367361539,1.18028526497791
p.His513Gly,1.08780509620881,0.0102268909096899,1.07757820529912,1.0980319871185
p.Asp258Val,0.690963545970559,0.064407306860739,0.62655623910982,0.755370852831298
p.Thr236His,0.731161536789405,0.0973173886604994,0.828478925449904,0.633844148128905
p.Leu270Ter,0.20492033822991,0.125274759407427,0.330195097637337,0.0796455788224831
p.Tyr147Asp,0.903497827158972,0.0376774947410194,0.941175321899992,0.865820332417953
p.Asp375Thr,0.290340770302115,0.373657247766341,-0.0833164774642262,0.663998018068455
p.Thr466Tyr,1.03964230241095,0.0494807541861724,1.08912305659712,0.990161548224775
p.Leu390Met,0.723677525478207,0.0271900747168984,0.750867600195105,0.696487450761308
p.Phe216Asn,1.06358974497315,0.21410358881958,1.27769333379273,0.849486156153569
p.Ala361Gly,0.863128157988552,0.231493387351615,0.631634770636939,1.09462154534017
p.Ala338Ter,-0.109713050238576,0.0644937613831726,-0.174206811621748,-0.0452192888554028
p.Met496Gly,1.00736094120716,0.0222580787581579,1.02961901996532,0.985102862449004
p.Leu128Ser,0.749406739443417,0.102428810493809,0.851835549937226,0.646977928949608
p.Thr402Ser,0.967505757650752,0.0837215535602395,0.883784204090511,1.05122731121099
p.Arg285Asp,0.604884075372783,0.344347209774694,0.949231285147477,0.260536865598089
p.Thr319Cys,0.945676208363135,0.124761315537454,0.820914892825682,1.07043752390059
p.Cys232Gly,1.02975670669201,0.0552700028151195,0.974486703876891,1.08502670950713
p.Asn126Glu,1.12974331273593,0.0273970668473999,1.15714037958333,1.10234624588853
p.Asn210Glu,1.2977094335141,0.0828892869352649,1.38059872044936,1.21482014657883
p.Lys205Cys,1.20002023800009,0.116476557735395,1.31649679573549,1.0835436802647
p.Asn301His,1.04197940182592,0.065687653431569,1.10766705525749,0.976291748394352
p.Glu94Ala,0.602717121627456,0.0523888548300055,0.655105976457462,0.550328266797451
p.Glu419Asn,1.08728869209958,0.001237337622495,1.08852602972207,1.08605135447708
p.Tyr503Met,1.19540680239338,0.0822473227022,1.27765412509558,1.11315947969118
p.Asn226His,1.04362650763529,0.112777642662528,1.15640415029782,0.930848864972763
p.Ile187Thr,1.19838986702971,0.07782927938181,1.27621914641152,1.1205605876479
p.Glu19Ile,0.974539559216748,0.137908740228491,1.11244829944524,0.836630818988259
p.Phe337Trp,0.706822305635012,0.169950595154185,0.876772900789198,0.536871710480827
p.Gln209Cys,0.94732147402467,0.0810602896045,1.02838176362917,0.86626118442017
p.Ala217Ser,0.957601941934461,0.0281670275243119,0.929434914410149,0.985768969458773
p.Asp194Glu,0.978931261804005,0.041727898670014,1.02065916047402,0.937203363133992
p.Arg357Cys,1.03805088656883,0.049411412602803,1.08746229917163,0.988639473966024
p.Lys290Gln,1.02912208158887,0.0188069788279249,1.01031510276095,1.0479290604168
p.Ala134Thr,1.06782558446342,0.01932859703889,1.08715418150231,1.04849698742453
p.Val108Phe,0.877706187936754,0.0121955743572135,0.889901762293968,0.865510613579541
p.Gln449Cys,0.814088993679422,0.0127120242162139,0.801376969463208,0.826801017895636
p.Tyr428Thr,1.23516418787988,0.16270929119198,1.39787347907186,1.0724548966879
p.Tyr118Cys,0.640876064467411,0.0846615058395545,0.556214558627857,0.725537570306966
p.Thr327Cys,1.12199511790601,0.0453790845062599,1.16737420241227,1.07661603339975
p.Ser157Arg,1.11924884392271,0.090516574261095,1.2097654181838,1.02873226966161
p.Gly245Asp,1.10937209240773,0.056015510778735,1.16538760318647,1.053356581629
p.Ala149=,1.11417556527961,0.0767585550963899,1.190934120376,1.03741701018322
p.Ala300Asp,1.08283111132104,0.181653061478546,1.26448417279959,0.901178049842498
p.Asp493Ala,1.11507722437653,0.0993604361974249,1.21443766057396,1.01571678817911
p.Gly41Ser,1.15981649141015,0.0795728690943049,1.23938936050446,1.08024362231585
p.Tyr107Val,1.08563623752254,0.123302796479944,1.20893903400249,0.962333441042602
p.Glu206Ser,1.17587264422122,0.032515586035955,1.20838823025717,1.14335705818526
p.Glu345Arg,0.840914289329315,0.150568634484491,0.690345654844824,0.991482923813807
p.Lys320Met,0.97409254741218,0.0882993398809694,1.06239188729315,0.885793207531211
p.Phe413Asp,0.72090690819922,0.0611801049406905,0.65972680325853,0.782087013139911
p.Pro479Thr,1.00039132161141,0.164061438352343,1.16445275996375,0.836329883259064
p.Glu297Asn,0.941574315085974,0.0262141980355054,0.915360117050469,0.96778851312148
p.Glu317Lys,0.979646871052536,0.0751896739883034,1.05483654504084,0.904457197064233
p.Pro434Ter,-0.0833960974432263,0.0783246348774196,-0.161720732320646,-0.0050714625658068
p.Trp53Val,0.0336736609913169,0.0266238526711843,0.0070498083201324,0.0602975136625012
p.Ser73Cys,0.967466932105486,0.214318705369786,1.18178563747527,0.753148226735698
p.Thr490Met,0.77252292875491,0.242038674959618,0.530484253795294,1.01456160371453
p.Tyr322Pro,0.0447753308563551,0.0190184311210338,0.0257568997353213,0.063793761977389
p.Tyr482Glu,0.0385454496603602,0.211404145040566,-0.172858695380206,0.249949594700926
p.Gly174Trp,0.971905137990258,0.123136153205323,1.09504129119558,0.848768984784933
p.Asp443=,0.940403474636683,0.0617180466085239,0.878685428028162,1.00212152124521
p.Ile472Glu,0.831613707118079,0.0135948916143834,0.845208598732462,0.818018815503695
p.Met273Arg,0.144341676580126,0.019293537802685,0.125048138777441,0.163635214382811
p.Gly447Asp,0.834382885126308,0.109594118756654,0.943977003882963,0.724788766369654
p.Met260Arg,0.0359108811312515,0.163558744864477,-0.127647863733226,0.199469625995729
p.Ser189Met,0.975403409966639,0.0068246898459949,0.968578720120644,0.982228099812634
p.Tyr424Ile,1.13331697580511,0.0397989182609299,1.09351805754418,1.17311589406604
p.Gly351Ala,0.772959472006942,0.130193876735882,0.903153348742823,0.64276559527106
p.Leu130Phe,1.02355347942797,0.0199412864149499,1.00361219301302,1.04349476584292
p.Thr236Asn,0.928226126595508,0.060991146239902,0.867234980355606,0.98921727283541
p.Lys403Cys,1.23811124315847,0.10366396669298,1.34177520985145,1.13444727646549
p.Lys386Ala,1.14072962188021,0.07377671574805,1.21450633762826,1.06695290613216
p.Thr243Ala,1.06337737795999,0.038631808916225,1.02474556904376,1.10200918687621
p.Leu130Gly,1.10421922580594,0.12265246788381,1.22687169368975,0.98156675792213
p.Glu494Arg,0.940296838254366,0.051766255796473,0.992063094050839,0.888530582457893
p.Glu347Gln,0.903319079042008,0.132050752980863,0.771268326061144,1.03536983202287
p.Asn122Asp,1.08739274709698,0.108507714483689,1.19590046158067,0.978885032613292
p.Trp462His,1.07081403391514,0.027098093254155,1.0979121271693,1.04371594066099
p.Lys514Cys,0.847930063681175,0.147309107105418,0.700620956575757,0.995239170786593
p.Thr466Ile,0.935611472360862,0.0810253036650155,1.01663677602588,0.854586168695849
p.Gln261Ala,1.12614831499009,0.01565768513523,1.14180600012532,1.11049062985486
p.Arg257Asn,1.20092503647704,0.1383779809584,1.33930301743544,1.06254705551864
p.Arg348Lys,1.05860954074869,0.0067548392555349,1.05185470149316,1.06536438000423
p.Pro481Thr,0.967455002432667,0.0535521815414729,1.02100718397414,0.913902820891194
p.Ala103Pro,0.273102651929532,0.183968259622267,0.457070911551799,0.0891343923072648
p.Pro62=,0.861506705329105,0.156443872746514,0.705062832582591,1.01795057807562
p.Asn397Pro,0.866804177470556,0.184582754121835,1.05138693159239,0.68222142334872
p.Val146Leu,1.20380109846739,0.18478671544108,1.38858781390847,1.01901438302631
p.Asp443Ala,0.617115702829732,0.0761189259938265,0.540996776835905,0.693234628823558
p.Thr327Glu,1.10490564825126,0.0530590178676799,1.15796466611894,1.05184663038358
p.Glu85Lys,0.657102498205364,0.0310249231511565,0.688127421356521,0.626077575054208
p.Val400Trp,1.05673553631595,0.150106828382513,1.20684236469846,0.906628707933433
p.Glu368Phe,0.292233187664141,0.0853044757381694,0.377537663402311,0.206928711925972
p.Leu177Arg,1.10002281606387,0.116281399375783,1.21630421543965,0.983741416688083
p.Thr65Tyr,0.859882670770106,0.0092936887711264,0.869176359541233,0.85058898199898
p.Arg136Phe,0.806748060080431,0.0549866277633825,0.751761432317049,0.861734687843814
p.Leu16Lys,0.756281151261666,0.011806110089462,0.744475041172204,0.768087261351128
p.Phe241Gly,1.10429061903956,0.0132420385923649,1.11753265763192,1.09104858044719
p.Ser278Ter,0.341229418985447,0.274579507934463,0.61580892691991,0.0666499110509843
p.Ser117Phe,0.901848837927624,0.0375085747488395,0.939357412676463,0.864340263178784
p.Val444Asn,-0.051523479856416,0.028079441371305,-0.079602921227721,-0.0234440384851109
p.Ile196Ter,-0.0188312916733825,0.0172685248835786,-0.0360998165569611,-0.0015627667898038
p.Ser281Asn,1.13083278627393,0.03493373332179,1.16576651959572,1.09589905295214
p.Thr334Pro,0.088789532451749,0.114684625667196,0.203474158118945,-0.0258950932154472
p.Ile234Cys,1.08347365566742,0.01358247282967,1.09705612849709,1.06989118283775
p.Leu140Gly,-0.054631432065442,0.0634595629066309,-0.118090994972073,0.0088281308411889
p.Val233Lys,0.425308322479624,0.0844997061879665,0.509808028667591,0.340808616291658
p.Ser332Val,0.542057765052509,0.14435636973085,0.686414134783359,0.397701395321659
p.Lys478Val,1.09158720308736,0.0404158126211449,1.1320030157085,1.05117139046621
p.Leu130Tyr,0.983813035770961,0.003247629741634,0.980565406029327,0.987060665512595
p.Tyr147Gly,1.3756057647779,0.297640063383435,1.67324582816133,1.07796570139446
p.Phe373Lys,0.453326933156307,0.374497489452732,0.82782442260904,0.078829443703575
p.Ala141Tyr,0.273077440085344,0.095495461654655,0.368572901739999,0.177581978430689
p.Ala361Trp,-0.0176140160970989,0.109597009236291,-0.12721102533339,0.0919829931391923
p.Thr506Asp,1.16225103703628,0.040114712745345,1.20236574978162,1.12213632429093
p.Lys152Cys,1.07545719363678,0.05124726978917,1.12670446342595,1.02420992384761
p.Gln261Ile,1.26950458137474,0.08975077797258,1.35925535934732,1.17975380340216
p.Phe88Tyr,0.64467361628175,0.042868922751987,0.601804693529763,0.687542539033737
p.Asn126Arg,0.963045631285513,0.172894219725506,1.13593985101102,0.790151411560007
p.Asn397Cys,1.0656773818559,0.05544349110453,1.12112087296043,1.01023389075137
p.Ile154Thr,0.601523958432328,0.0376373167328685,0.639161275165196,0.563886641699459
p.Gly131Glu,0.828793553811993,0.013799344098162,0.814994209713831,0.842592897910155
p.Leu323Gly,1.17676822332252,0.1448562755839,1.32162449890642,1.03191194773862
p.Phe87Leu,0.869826267205783,0.0817528106861859,0.951579077891969,0.788073456519597
p.Asp258Glu,1.18896743821099,0.0151784840057249,1.20414592221672,1.17378895420527
p.Ser296Gln,0.956873406900168,0.0511447754264224,0.905728631473745,1.00801818232659
p.Asn126Val,0.822572296391966,0.0206683246355759,0.80190397175639,0.843240621027542
p.Asp228=,0.95581056598658,0.0139581394729569,0.969768705459537,0.941852426513623
p.Asp251Cys,0.636142745445266,0.0385263237929699,0.674669069238236,0.597616421652296
p.Leu98Thr,0.511206363458299,0.0430084285112974,0.554214791969597,0.468197934947002
p.Ile295Leu,0.93734603451151,0.0587905859459574,0.996136620457468,0.878555448565553
p.Phe102Ser,0.211278729345556,0.0024562174575095,0.213734946803065,0.208822511888046
p.Ile196Arg,-0.0478495062438156,0.0619817919303016,-0.109831298174117,0.0141322856864862
p.Val499Ter,1.35406082671831,0.163111236528725,1.51717206324704,1.19094959018959
p.Tyr424Ter,0.228052711107342,0.238644465493601,0.466697176600943,-0.0105917543862596
p.Gln4Arg,1.13651379648426,0.214232213443838,1.3507460099281,0.922281583040423
p.His27Ter,-0.0393436674304427,0.0364740666198538,-0.0758177340502965,-0.0028696008105888
p.Val146Ter,0.225033377164946,0.224562658218733,0.449596035383679,0.000470718946213
p.Asp350Ter,-0.0790549986127088,0.0525850485841293,-0.131640047196838,-0.0264699500285793
p.Gly505Val,1.15903906580234,0.0652516326301599,1.2242906984325,1.09378743317218
p.Ile67Ter,-0.0648330445896355,0.0809399370140053,-0.145772981603641,0.0161068924243697
p.Ile48Gly,0.112426738704753,0.125659676946567,-0.0132329382418143,0.23808641565132
p.His186Tyr,0.964447318974303,0.0132656201159575,0.951181698858345,0.97771293909026
p.Arg227Val,0.67553813309995,0.025565651591592,0.649972481508358,0.701103784691542
p.Pro326Lys,0.92594477977574,0.102917335798071,0.823027443977667,1.02886211557381
p.Ser8Gly,1.16749682561047,0.139467773561435,1.30696459917191,1.02802905204904
p.Arg81Phe,0.817903419884381,0.156551984013348,0.661351435871033,0.974455403897729
p.Ile230Phe,0.401299609996909,0.0116070339859055,0.412906643982814,0.389692576011003
p.Lys366Cys,1.10437224970172,0.120768914928581,1.2251411646303,0.983603334773138
p.Ile196Cys,0.601796300475656,0.048261528096849,0.650057828572505,0.553534772378807
p.Arg357Ala,0.915934722802067,0.0697534897212029,0.98568821252327,0.846181233080864
p.Gly204Leu,1.11587348823333,0.168491939807114,1.28436542804044,0.947381548426212
p.Ala217Asp,0.785856265582781,0.119328703844807,0.905184969427588,0.666527561737974
p.Arg498Ter,1.04171056766417,0.150720593031197,1.19243116069537,0.890989974632975
p.Gln119Val,0.985567366615395,0.0446414798836154,0.940925886731779,1.03020884649901
p.Lys476Arg,1.01859157479879,0.0189703446983869,0.999621230100406,1.03756191949718
p.Gly204Asn,1.22859570479053,0.0779185297285049,1.30651423451903,1.15067717506202
p.Ala318Leu,1.02770479934161,0.094268496894356,1.12197329623597,0.933436302447258
p.Thr319Glu,0.989122217413344,0.0363875357405484,1.02550975315389,0.952734681672793
p.Val304Ter,-0.0418979601768718,0.065643751133569,-0.107541711310441,0.023745790956697
p.Thr31Tyr,0.879553998659369,0.13735840511177,0.742195593547599,1.01691240377114
p.Phe102=,0.843403698300125,0.157896682978694,0.685507015321431,1.00130038127882
p.Gly14Pro,0.873208356954789,0.0279701145078869,0.845238242446902,0.901178471462676
p.His263Asn,1.26374002801727,0.07865233013865,1.34239235815592,1.18508769787862
p.Leu442Met,0.869231664454759,0.014859890851582,0.854371773603177,0.884091555306341
p.Arg257Gly,1.17855663619766,0.0547151319839399,1.2332717681816,1.12384150421372
p.Arg9Asp,1.13943231504123,0.0911871533586249,1.23061946839985,1.0482451616826
p.Trp164Cys,0.933054682596556,0.092336419243584,1.02539110184014,0.840718263352972
p.Pro326=,1.12034899108445,0.11970741305313,1.24005640413758,1.00064157803132
p.Ile224=,0.955562301685371,0.0119185080234664,0.943643793661905,0.967480809708838
p.Ala377Gly,1.24435322918162,0.02474613396957,1.26909936315119,1.21960709521205
p.Glu156Trp,0.875062701590264,0.0043894411705264,0.870673260419737,0.87945214276079
p.Leu468Pro,0.308933200572962,0.208045265910102,0.516978466483064,0.10088793466286
p.Asn363Pro,0.53945600514367,0.0322966521800349,0.571752657323705,0.507159352963635
p.Glu364Pro,0.0948559738989943,0.0463621347960596,0.141218108695054,0.0484938391029347
p.Asp181Arg,0.740729678604947,0.140927776358862,0.599801902246086,0.881657454963809
p.Val284Ser,0.6432521947249,0.0091881277770339,0.652440322501934,0.634064066947866
p.Met405Cys,0.971565280950649,0.0520791887828995,1.02364446973355,0.919486092167751
p.His451Asn,1.00564907049769,0.0301265392673514,0.975522531230337,1.03577560976504
p.Ala492Ser,1.21210243583148,0.175225665906285,1.38732810173776,1.03687676992519
p.Gly163Glu,0.0181784562574646,0.0688874702831553,-0.0507090140256907,0.0870659265406199
p.Val289Glu,0.940927403085469,0.111957703648859,1.05288510673433,0.828969699436611
p.Tyr202Lys,1.15315167662062,0.01951628815506,1.17266796477568,1.13363538846556
p.His27Glu,0.989929111852954,0.0123901528628169,0.977538958990136,1.00231926471577
p.Pro326Val,1.02420123147122,0.0096312921384249,1.03383252360964,1.01456993933279
p.Ile392Phe,1.13519511445576,0.000231884415385,1.13496323004037,1.13542699887114
p.Met405Val,0.949474824721112,0.0886962133775599,0.86077861134355,1.03817103809867
p.Ser486Met,0.857428153990366,0.0393999758716165,0.896828129861982,0.818028178118749
p.Arg439Phe,1.06850754062519,0.098771058828199,1.16727859945339,0.969736481796992
p.Glu494Pro,0.523633767252175,0.240176528039881,0.763810295292057,0.283457239212294
p.Gly485Met,0.58596645876874,0.0602061884810629,0.646172647249803,0.525760270287677
p.Leu495Cys,0.513248623661278,0.0811549050566694,0.432093718604608,0.594403528717947
p.Ala39Val,0.483691111698098,0.0692166603880414,0.414474451310056,0.552907772086139
p.Tyr49Leu,1.10122145071596,0.123323454461862,1.22454490517782,0.977897996254097
p.Val304Ile,0.962397865667575,0.163688316987676,1.12608618265525,0.798709548679898
p.Phe221Ala,1.05936439452388,0.022085986337675,1.08145038086156,1.03727840818621
p.Trp164His,0.849478582857716,0.0260425905337089,0.875521173391425,0.823435992324007
p.Gly14Leu,0.690899169371146,0.026095745685406,0.716994915056552,0.66480342368574
p.Glu475=,1.18381887760247,0.165279018111425,1.34909789571389,1.01853985949104
p.Thr466Gln,1.1681104796078,0.174429384832116,1.34253986443992,0.993681094775688
p.Lys514Asn,1.07271710045945,0.00741014698645,1.0801272474459,1.065306953473
p.Gln178His,1.0699378933311,0.0176736998957549,1.08761159322685,1.05226419343534
p.Val344Glu,0.113469502451149,0.209203658963226,-0.0957341565120777,0.322673161414375
p.Ser184Leu,0.996699550026926,0.0628402927116955,1.05953984273862,0.933859257315229
p.Leu268Val,0.979494760626251,0.0030903247144699,0.982585085340721,0.976404435911781
p.Val259Lys,0.939660910505661,0.0708054016477475,0.868855508857915,1.01046631215341
p.Asn397Arg,1.10809884622698,0.05221512483415,1.16031397106113,1.05588372139283
p.Pro415Gln,1.27374640640659,0.140172702883905,1.4139191092905,1.13357370352269
p.Phe413Tyr,0.934234681172627,0.0059852625742595,0.928249418598368,0.940219943746887
p.Ile234Pro,0.421444120826688,0.190654995516951,0.612099116343639,0.230789125309737
p.Asp100Asn,1.00250561793579,0.116734228717296,0.885771389218487,1.11923984665308
p.Val352Glu,0.506930112206581,0.341199161505996,0.848129273712577,0.165730950700585
p.Pro467Glu,0.900255283478379,0.105495905955613,1.00575118943399,0.794759377522763
p.Lys407Leu,1.2597170373492,0.097728243043065,1.35744528039227,1.16198879430614
p.His201Gln,0.988592337824796,0.0078756502826754,0.996467988107471,0.98071668754212
p.Glu419Ile,1.19351470425103,0.04219370332117,1.2357084075722,1.15132100092986
p.Ala377Glu,1.09677636012937,0.0090006725710699,1.0877756875583,1.10577703270044
p.Leu183Val,1.01603926661375,0.0857137407489559,1.1017530073627,0.930325525864788
p.Pro481=,1.10998085816541,0.205475133887937,1.31545599205335,0.904505724277475
p.Phe88Ser,0.268624116667375,0.0059944370175525,0.262629679649822,0.274618553684927
p.Glu156Asp,1.05476342537999,0.022000630149085,1.07676405552908,1.03276279523091
p.Glu417Tyr,1.18997141980431,0.0739668571574999,1.26393827696181,1.11600456264681
p.Arg219Tyr,0.622526004042005,0.149678024498387,0.772204028540392,0.472847979543618
p.Leu474Pro,0.69869369327955,0.108432618158721,0.807126311438272,0.590261075120829
p.His186Trp,0.942173188694903,0.0471086515820745,0.895064537112829,0.989281840276978
p.Val369Lys,0.246159630090022,0.109976919695396,0.136182710394626,0.356136549785418
p.Gln28=,1.07475070555033,0.0238708478670849,1.05087985768324,1.09862155341741
p.Ile154Ser,0.190461886600699,0.092055632155116,0.282517518755815,0.098406254445583
p.Ala217Trp,0.47402924950042,0.142352747894998,0.616381997395418,0.331676501605422
p.Met260Val,1.08522562813037,0.137416999018125,1.22264262714849,0.94780862911224
p.Lys508Asp,1.15399697786572,0.0239501345907,1.17794711245642,1.13004684327502
p.His263Asp,1.10870118569688,0.0368527393493399,1.14555392504622,1.07184844634754
p.Gly314Phe,0.68465282145688,0.132563474898281,0.552089346558599,0.817216296355161
p.Ala116Lys,0.838504863096011,0.137306745007746,0.701198118088265,0.975811608103757
p.Gly359Asn,-0.0351087581151881,0.168719579225635,-0.203828337340823,0.133610821110447
p.Trp225Ile,0.783719331097763,0.090217901054783,0.873937232152546,0.69350143004298
p.Thr31Gln,0.719852609032135,0.234631755812246,0.485220853219889,0.954484364844381
p.Leu55Thr,0.803384006178971,0.065523993979694,0.868908000158665,0.737860012199277
p.Val259Arg,1.26956447948728,0.114400773533455,1.38396525302074,1.15516370595383
p.Pro409Leu,1.22001162509513,0.13789521745611,1.35790684255124,1.08211640763902
p.Glu244=,1.08556344250748,0.195560682637489,1.28112412514497,0.890002759869992
p.Asn64Ser,0.908607970453977,0.0343151933228449,0.874292777131132,0.942923163776822
p.Val298Cys,1.0265631942302,0.0291699574589924,1.05573315168919,0.997393236771205
p.Met273Leu,0.917262270309371,0.15663054054886,1.07389281085823,0.760631729760509
p.Arg393Lys,1.20135101780549,0.107831823312405,1.3091828411179,1.09351919449309
p.Ala90Phe,0.739824376396807,0.0268958528856684,0.712928523511138,0.766720229282475
p.Tyr308=,1.05574670181052,0.002454375987925,1.05820107779844,1.05329232582259
p.Asn126Cys,0.943709098860996,0.0041719921311395,0.947881090992136,0.939537106729857
p.Thr327Val,0.907118241161411,0.111308833703607,0.795809407457805,1.01842707486502
p.Glu3=,1.11966561192585,0.122755455022481,1.24242106694833,0.996910156903367
p.Ala141Val,0.727554456926656,0.001999754695551,0.729554211622207,0.725554702231105
p.Leu371Tyr,0.432238258572243,0.178273236198762,0.610511494771005,0.253965022373481
p.Val77Glu,0.885547516442347,0.073789768852825,0.811757747589522,0.959337285295172
p.Phe445Met,1.11948260714167,0.0697869582459549,1.18926956538763,1.04969564889572
p.Asp258His,1.21654655808689,0.147968439042675,1.36451499712957,1.06857811904422
p.Gly321Gln,0.472502417978691,0.22817608788761,0.700678505866302,0.244326330091081
p.Leu61Ser,0.0780892109102341,0.130931698791427,-0.0528424878811926,0.209020909701661
p.Arg246Phe,1.16349238276117,0.11796103099205,1.28145341375322,1.04553135176912
p.Arg57Ser,0.486723929857261,0.0400734551218934,0.446650474735367,0.526797384979154
p.Glu419Gly,1.06482421271832,0.13227919124825,1.19710340396657,0.932545021470071
p.Lys497Ala,1.0860837876046,0.094289436791443,1.18037322439604,0.991794350813154
p.Thr145Ile,1.07938373242176,0.05902296279791,1.13840669521967,1.02036076962385
p.Gln4Ile,0.805501276643035,0.0029533761304054,0.808454652773441,0.80254790051263
p.Glu457Thr,1.03769236030991,0.105280041917936,1.14297240222785,0.932412318391977
p.Gly306His,0.101978550111906,0.0947688115239176,0.0072097385879887,0.196747361635824
p.Lys171=,0.898244128362214,0.020592868280986,0.9188369966432,0.877651260081228
p.Thr490Cys,1.03865698423297,0.02808876647109,1.06674575070406,1.01056821776188
p.Glu18Tyr,0.902513054151715,0.0139639028612325,0.916476957012947,0.888549151290482
p.Lys407Met,1.28992392343373,0.0656925180317949,1.35561644146552,1.22423140540193
p.Glu473Trp,0.754763326146257,0.075713027644638,0.679050298501619,0.830476353790895
p.Thr490Pro,1.0662614429141,0.0137838119411699,1.08004525485527,1.05247763097293
p.Asp493Gln,1.06667628817985,0.051952654478405,1.11862894265825,1.01472363370144
p.Leu142=,1.0288190558921,0.061036879794137,1.08985593568623,0.967782176097956
p.Asp379Ile,0.898125145445088,0.09237217077371,0.990497316218798,0.805752974671378
p.Ile480Val,1.08817052863338,0.251620756122877,1.33979128475626,0.836549772510506
p.Ser8Pro,0.596892868730174,0.228326289470016,0.368566579260158,0.82521915820019
p.Leu474Tyr,0.634404976588094,0.320505017044564,0.31389995954353,0.954909993632658
p.Ala335Cys,1.15986792685688,0.125248889530405,1.28511681638729,1.03461903732648
p.Arg192Cys,0.972186888693432,0.0658071075169194,1.03799399621035,0.906379781176511
p.Asn363Arg,0.831726031570171,0.0935971046916379,0.925323136261809,0.738128926878533
p.Asp313Pro,0.301762263511535,0.0287301285623605,0.330492392073896,0.273032134949175
p.Thr91Leu,1.07414080977896,0.090455059466815,1.16459586924578,0.98368575031215
p.Gln395Gly,1.0530620031976,0.04458823555839,1.09765023875599,1.00847376763921
p.Ser189Thr,0.893589699851628,0.0876909887312759,0.805898711120352,0.981280688582904
p.Ala2Pro,1.068780589889,0.095813246894182,1.16459383678318,0.972967342994816
p.Val431Ser,1.2041718085183,0.1579702400652,1.3621420485835,1.0462015684531
p.Thr466Asp,1.08897024454739,0.0996128600601679,1.18858310460756,0.989357384487224
p.Gln161Leu,1.03194751149155,0.021809713603115,1.05375722509466,1.01013779788843
p.Thr406Gln,1.16634152585767,0.0861749213060399,1.25251644716371,1.08016660455163
p.Asn301Tyr,1.02311109252711,0.139546067631678,1.16265716015879,0.883565024895434
p.Arg348His,1.01278005881102,0.07143202827094,1.08421208708196,0.94134803054008
p.Gln471Asp,1.09862528091111,0.0055000721975601,1.10412535310867,1.09312520871355
p.Leu474Ter,-0.114880924755905,0.0894673501588665,-0.204348274914772,-0.0254135745970388
p.Val400His,0.579156622678066,0.172236398495121,0.751393021173188,0.406920224182945
p.Arg227Phe,0.724809751378805,0.0065919915300579,0.718217759848747,0.731401742908863
p.Leu292Thr,0.283433209839108,0.043319312261004,0.240113897578104,0.326752522100112
p.Thr65Phe,0.990759246875367,0.0021571503869795,0.992916397262346,0.988602096488387
p.Ala115Thr,0.917273507960343,0.0272254626564875,0.890048045303856,0.944498970616831
p.Pro489Gly,0.229601535213381,0.0171275215322445,0.246729056745625,0.212474013681136
p.Asp114Tyr,0.807642510027151,0.0714341664858069,0.879076676512958,0.736208343541344
p.Lys497Ter,0.385849027527618,0.203052933656832,0.58890196118445,0.182796093870785
p.Glu345Ile,0.781888019833868,0.025465517623019,0.807353537456887,0.756422502210849
p.Lys95Arg,0.709388828229508,0.272680277440532,0.436708550788976,0.98206910567004
p.Pro92Tyr,0.93356268698007,0.0823009989384419,0.851261688041626,1.01586368591851
p.Asp282Ala,1.10511999311806,0.130090237114709,1.23521023023277,0.975029756003351
p.Gln384Gly,0.85520808008602,0.205303168025959,0.649904912060061,1.06051124811198
p.Arg136Ser,0.344466324878736,0.241292892852711,0.585759217731448,0.103173432026025
p.Pro434Arg,0.714190722427485,0.098255309089069,0.615935413338416,0.812446031516554
p.Arg215Asp,0.0860453285607994,0.105908399008068,0.191953727568867,-0.0198630704472685
p.Gly247Trp,1.13032079087563,0.0674354435918599,1.19775623446749,1.06288534728377
p.Asn218Ile,-0.0563462056383195,0.0824428333988007,-0.13878903903712,0.0260966277604814
p.Phe253Leu,1.01020277819257,0.047132373489576,0.963070404702998,1.05733515168215
p.Ala399Arg,1.11906766277051,0.08007056013028,1.19913822290079,1.03899710264023
p.Met267Glu,0.740813437916934,0.0133544297220929,0.754167867639027,0.727459008194841
p.Ala335His,0.351690144397481,0.252278034713561,0.0994121096839199,0.603968179111043
p.Arg285Val,0.732902135926401,0.0333084731725444,0.766210609098946,0.699593662753857
p.Asp30Lys,1.10266745714762,0.08130790221544,1.18397535936306,1.02135955493218
p.Gln4Tyr,0.840032461940617,0.02453439739272,0.864566859333337,0.815498064547897
p.Arg330Thr,0.89348251691533,0.142351521466508,0.751130995448824,1.03583403838184
p.Ser160His,0.846606319133497,0.0910485676640669,0.937654886797564,0.75555775146943
p.Leu292Asp,0.0945665546384704,0.19264971102883,-0.0980831563903597,0.2872162656673
p.Asp283Gly,0.668858755394685,0.0831178761316739,0.751976631526359,0.585740879263011
p.His374Ser,1.04180908857493,0.0271784205970949,1.01463066797784,1.06898750917203
p.Pro143Val,0.82592881100045,0.0984781373099705,0.727450673690479,0.92440694831042
p.Ile33Gly,0.364746328757706,0.250062147239293,0.614808475996999,0.114684181518412
p.Asp325Gly,0.755768483721943,0.0358150484997319,0.719953435222211,0.791583532221675
p.Ile256Asp,0.374261746397687,0.129493087637936,0.503754834035623,0.24476865875975
p.Leu390=,0.95186806896828,0.0542476909292515,1.00611575989753,0.897620378039027
p.Thr423Asp,0.975556294964963,0.0150782699882014,0.990634564953165,0.960478024976762
p.Arg192Ala,0.889251129601444,0.127232021178207,0.762019108423235,1.01648315077965
p.His27Gln,1.11158656398618,0.0810784576830649,1.19266502166925,1.03050810630312
p.Leu96Asp,0.961930029075065,0.0338068661248435,0.928123162950222,0.995736895199909
p.Val298Phe,0.703411471053183,0.075030676875714,0.628380794177469,0.778442147928897
p.Phe445Arg,0.0563816920376772,0.0036667457607068,0.060048437798384,0.0527149462769704
p.Arg182Gln,1.0818104774299,0.0823376915209359,1.16414816895084,0.999472785908968
p.Pro479Glu,0.0616953515170945,0.133379615581051,-0.0716842640639561,0.195074967098145
p.Leu442Glu,0.697426524531057,0.292417976188044,0.989844500719102,0.405008548343013
p.Pro62Glu,0.604695088138879,0.197376483288858,0.802071571427737,0.407318604850021
p.Lys432Glu,1.12595115777749,0.06587833177433,1.19182948955182,1.06007282600316
p.Val208Tyr,1.26759523470145,0.01387649689335,1.2814717315948,1.2537187378081
p.Tyr437Phe,1.24123834889359,0.0687714423152,1.31000979120879,1.17246690657839
p.Val213Asn,1.10913841050432,0.185235314817455,1.29437372532178,0.923903095686869
p.Ser73Arg,0.750239502618077,0.186465509920106,0.563773992697971,0.936705012538183
p.Phe337Ter,0.111152682083856,0.0215344029300171,0.132687085013873,0.0896182791538386
p.Phe253His,1.19974009160997,0.0620739345742399,1.26181402618421,1.13766615703573
p.Leu137Glu,0.375872689026985,0.214995509439758,0.590868198466744,0.160877179587227
p.Arg136Lys,1.01190505091393,0.0861656195955505,1.09807067050948,0.925739431318379
p.Leu7Asp,0.952340232785175,0.0507778970255574,1.00311812981073,0.901562335759615
p.Leu495Ala,0.67261113889055,0.0139563947235665,0.686567533614116,0.658654744166983
p.Ile35Phe,0.164371353419352,0.11528291927879,0.279654272698143,0.0490884341405622
p.Thr91Ter,-0.0949859988390436,0.0875917343610376,-0.182577733200081,-0.0073942644780058
p.Val259His,1.27009753613756,0.18012085421274,1.4502183903503,1.08997668192482
p.Val309Cys,1.07492621146445,0.279868516103421,1.35479472756787,0.795057695361028
p.Asp313Trp,1.09212953750133,6.28485892995023E-06,1.09213582236026,1.0921232526424
p.Val259Thr,1.19535530505389,0.07463751362661,1.2699928186805,1.12071779142728
p.Arg227Met,0.714056578503859,0.112080610668757,0.826137189172616,0.601975967835102
p.Pro172Val,0.882405687764169,0.095085765659242,0.977491453423411,0.787319922104927
p.His382Ser,0.986383658521367,0.0441001689114019,0.942283489609966,1.03048382743277
p.Ile168Trp,0.158311813399171,0.159811211454441,0.318123024853612,-0.0014993980552705
p.Ala141Asn,1.06869559523463,0.109067527390896,1.17776312262553,0.959628067843739
p.Leu323Met,1.04122794116997,0.212575329720089,1.25380327089006,0.828652611449882
p.Val259Phe,1.0776325802622,0.178576886125874,1.25620946638808,0.899055694136331
p.Glu504Leu,0.356155068041399,0.418535292088345,-0.0623802240469463,0.774690360129744
p.Arg215Ile,-0.0072123442898592,0.0174844161757023,0.0102720718858431,-0.0246967604655616
p.Leu264Glu,0.130392246713042,0.0881650022410274,0.0422272444720142,0.218557248954069
p.Ile230Ter,0.087992847959101,0.075375662884108,0.163368510843209,0.0126171850749929
p.Lys95Leu,1.07517082587148,0.0312519299236849,1.10642275579517,1.0439188959478
p.Leu422Glu,0.667211676801973,0.165123867195424,0.832335543997397,0.502087809606548
p.Asp350Glu,0.980224417817289,0.064133837927419,0.916090579889872,1.04435825574471
p.Leu211Trp,0.96593010486677,0.108358146592349,1.07428825145912,0.857571958274422
p.Val340Ala,1.08684873338967,0.0381792867980099,1.12502802018768,1.04866944659166
p.Phe250Tyr,1.11157669468928,0.054431079284915,1.16600777397419,1.05714561540436
p.Arg257Asp,0.589706193232191,0.154199900649,0.74390609388119,0.435506292583191
p.Phe354Asn,0.314874758710493,0.0670116493056059,0.381886408016099,0.247863109404887
p.Arg487Asp,1.14927534512063,0.064939435513235,1.0843359096074,1.21421478063387
p.Gly425His,0.994200858580144,0.0973027173602934,1.09150357594044,0.896898141219853
p.His513Met,0.98036074397118,0.0121181039099194,0.968242640061261,0.9924788478811
p.Asp176Leu,0.572572196680476,0.135864019650591,0.708436216331066,0.436708177029885
p.Asn153Phe,0.830732562483297,0.0603457988557194,0.770386763627578,0.891078361339017
p.Gly245His,1.07284417403369,0.0199701219389449,1.09281429597263,1.05287405209474
p.Glu94=,1.05733111606005,0.133412356927685,1.19074347298773,0.923918759132361
p.Pro276Asn,-0.0075675944077232,0.0233158607489507,-0.030883455156674,0.0157482663412276
p.Val233Asn,0.154940664858474,0.0631848509837956,0.21812551584227,0.0917558138746787
p.Arg439Ile,0.793280298801409,0.0234751065757894,0.769805192225619,0.816755405377198
p.Leu264His,0.673396647934895,0.182680895136619,0.856077543071515,0.490715752798276
p.Leu60Ter,0.10646326552818,0.122537327407443,0.229000592935623,-0.0160740618792634
p.Val394Pro,1.10180226027765,0.025422701457665,1.12722496173532,1.07637955881999
p.Arg81=,1.00441336275482,0.0162968255412435,1.02071018829606,0.988116537213573
p.Ser106Ter,-0.0660164538115972,0.0715074806065659,-0.137523934418163,0.0054910267949689
p.Val298Ala,1.13882718582366,0.084759988988065,1.22358717481173,1.0540671968356
p.Thr334Asp,0.60964500662478,0.21675506171906,0.82640006834384,0.392889944905719
p.Trp225Lys,0.230057088897213,0.0318270556591034,0.261884144556317,0.19823003323811
p.Asn388Arg,0.061681134592681,0.04152286700492,0.103204001597601,0.0201582675877609
p.Leu458Val,0.205036695616069,0.334425175644414,-0.129388480028345,0.539461871260483
p.His129Trp,0.88399962956835,0.16995533085899,0.714044298709359,1.05395496042734
p.Val431Pro,1.11223313474392,0.10793428142061,1.22016741616453,1.00429885332331
p.Val328=,1.15368789488543,NA,NA,1.15368789488543
p.Tyr112Pro,0.939130531273129,0.173429333716649,1.11255986498978,0.765701197556482
p.Glu417Leu,0.962982018027928,0.0054594463227174,0.957522571705211,0.968441464350646
p.Glu460Ter,0.0523416639051966,0.0987487971407766,0.151090461045973,-0.0464071332355802
p.Asp375Pro,0.979809653198061,0.0666897732312089,0.913119879966852,1.04649942642927
p.Asn210Ile,0.537860890639763,0.134622015608217,0.672482906247981,0.403238875031546
p.Thr490Leu,1.08809696773701,0.04770277610349,1.1357997438405,1.04039419163352
p.Leu61=,0.986694882256778,0.025606017389043,1.01230089964582,0.961088864867734
p.Glu252Lys,1.12303497657798,0.153348361393936,1.27638333797191,0.969686615184039
p.His382Glu,1.00460713513342,0.0530997075484465,0.951507427584977,1.05770684268187
p.Asn126Met,1.13914351494501,0.0159312894568449,1.15507480440185,1.12321222548816
p.Asn185Pro,0.282731172617789,0.098212053637659,0.380943226255448,0.18451911898013
p.Val431Arg,0.903143334990438,0.0424987630616655,0.860644571928773,0.945642098052104
p.Gly38Ile,-0.024433324102035,0.0415785673432738,-0.0660118914453088,0.0171452432412389
p.Val352Phe,0.104364568126677,0.139307575588733,-0.0349430074620558,0.243672143715411
p.Ile472Met,1.13694371362227,0.0932748403140799,1.23021855393635,1.04366887330819
p.Gly378Gln,1.0464879040679,0.00132961059166,1.04515829347624,1.04781751465956
p.Glu368Ser,1.03440031832521,0.115009923235847,1.14941024156106,0.919390395089366
p.Met212Phe,1.09182580270721,0.0950869410972505,1.18691274380446,0.996738861609959
p.Phe452Met,0.758625398549282,0.0300079961530039,0.788633394702286,0.728617402396278
p.Asp228Asn,0.977701496097539,0.035719191031062,0.941982305066476,1.0134206871286
p.Phe34=,0.950479100987203,0.0400860963606104,0.990565197347813,0.910393004626592
p.Thr319Ala,1.01457074544519,0.0831429378815144,0.931427807563681,1.09771368332671
p.Glu347Gly,1.00516467306191,0.0368918373015395,1.04205651036345,0.968272835760371
p.Ser157Trp,0.962170466571171,0.0472166288166479,0.914953837754524,1.00938709538782
p.Glu364=,0.997285519229972,0.0571030813302084,1.05438860056018,0.940182437899763
p.Met496Gln,1.04521824498315,0.131014436142859,1.17623268112601,0.914203808840291
p.Ile441Thr,0.623957654150732,0.195627844968935,0.819585499119666,0.428329809181797
p.Phe173Gly,0.873101665969157,0.227791707232502,1.10089337320166,0.645309958736655
p.Ala300Ter,-0.0038873711709439,0.0458522221818335,0.0419648510108895,-0.0497395933527775
p.Leu98=,1.05252875908023,0.0060344187864699,1.0585631778667,1.04649434029376
p.Pro62Cys,0.473191576897439,0.209920219025091,0.263271357872348,0.68311179592253
p.Cys446Asp,1.36164811642139,0.025808122980385,1.33583999344101,1.38745623940178
p.Ile80His,0.398310859550219,0.265806727272251,0.132504132277968,0.66411758682247
p.Asp181Phe,0.8467851541694,0.0759679284116749,0.922753082581075,0.770817225757725
p.Cys385Ser,1.12262195166948,0.129586337968914,1.25220828963839,0.993035613700562
p.Asp435His,1.0347581800119,0.02666930690633,1.06142748691823,1.00808887310557
p.Ser29Thr,1.15397710473181,0.1425770222549,1.29655412698671,1.01140008247691
p.Phe452Tyr,0.8081161356262,0.177146385218241,0.630969750407958,0.985262520844441
p.Ser332Ter,0.119039757512113,0.10967504046831,0.228714797980423,0.0093647170438025
p.Met404His,1.02789403020389,0.188458959877195,1.21635299008109,0.839435070326699
p.Ile15Trp,0.758923396962878,0.225877637412459,0.533045759550418,0.984801034375337
p.Arg227Gln,0.890801871051393,0.0077583216215205,0.898560192672914,0.883043549429873
p.Gly254Phe,0.381658553656712,0.0772997600564444,0.458958313713156,0.304358793600267
p.Gln299Ile,0.812635768076236,0.0616444197842949,0.750991348291941,0.874280187860531
p.Ala335Ser,0.928484249404939,0.0028091216793904,0.93129337108433,0.925675127725549
p.Gly316Gln,0.605864433591494,0.32223550785184,0.283628925739654,0.928099941443334
p.Ser179Val,0.839492381935457,0.179716294211533,1.01920867614699,0.659776087723924
p.Arg285Ser,1.11972248684894,0.355248859982853,1.4749713468318,0.764473626866094
p.Ala149Asn,0.927009955869053,0.0471776661970335,0.87983228967202,0.974187622066087
p.Val340Gln,0.81850258894415,0.0559414189625885,0.762561169981562,0.874444007906739
p.Phe501Ile,1.22361570045203,0.08292650579451,1.30654220624654,1.14068919465752
p.Ile15Asp,0.900101857927233,0.008919763523466,0.891182094403767,0.909021621450699
p.Tyr118Glu,-0.0593927643887024,0.135725817822227,-0.195118582210929,0.0763330534335242
p.Met125His,0.0054128633699129,0.156943476337962,-0.151530612968049,0.162356339707875
p.Ile230Arg,0.263549324629384,0.0776890372295125,0.341238361858897,0.185860287399872
p.Arg439Thr,1.18932090785007,0.0919865461057349,1.2813074539558,1.09733436174433
p.Asn311Glu,0.970532097075582,0.0795345594617559,1.05006665653734,0.890997537613828
p.Pro479Leu,0.566875349680515,0.436272378542544,0.130602971137971,1.00314772822306
p.Asp286Pro,0.84780514799315,0.160726376488943,1.00853152448209,0.687078771504205
p.Glu85Tyr,0.861336700149982,0.177256722769747,1.03859342291973,0.684079977380236
p.Phe373Asn,0.288372178494136,0.002396455192948,0.285975723301188,0.290768633687084
p.Asp100=,1.06780114242061,0.052236525226225,1.12003766764684,1.01556461719439
p.Met125Ile,0.868329151346964,0.167381251441646,0.700947899905317,1.03571040278861
p.Leu137Pro,0.0177982879623564,0.127252755395062,-0.109454467432706,0.145051043357418
p.Val400Gly,0.677841572582072,0.235968517141316,0.913810089723389,0.441873055440756
p.Gly410=,1.20753236265835,0.231203284551562,1.43873564720991,0.976329078106785
p.Thr91=,1.14411296287193,0.114953310899625,1.25906627377156,1.02915965197231
p.Tyr107Thr,0.618890635316382,0.195487323606022,0.42340331171036,0.814377958922404
p.Pro276Met,0.454561378992926,0.142445541772263,0.597006920765188,0.312115837220663
p.Pro353Ter,0.29219304890294,0.288688324769998,0.580881373672938,0.0035047241329423
p.Thr236Arg,0.261610258073528,0.026315344123414,0.235294913950114,0.287925602196942
p.Ala103Thr,0.966220836971093,0.0811996950660679,1.04742053203716,0.885021141905024
p.Asn346Asp,0.717644815081852,0.100038108317241,0.617606706764611,0.817682923399093
p.Gly505Asn,1.17836756929121,0.053395639533385,1.2317632088246,1.12497192975783
p.Ser418Leu,1.23376308821144,0.045530487426765,1.27929357563821,1.18823260078468
p.Arg330His,0.999949338689403,0.0658736512846344,0.934075687404771,1.06582298997404
p.Pro92Trp,0.994336652830515,0.170371957310957,0.823964695519557,1.16470861014147
p.Leu323Phe,0.911967601135022,0.0812975989156649,0.993265200050687,0.830670002219357
p.Ala78Arg,0.835372645921766,0.0571064394678785,0.778266206453888,0.892479085389645
p.Tyr322Ter,0.169143139948427,0.174571575751713,0.34371471570014,-0.0054284358032859
p.Phe412His,0.858969019168828,0.046755545346014,0.905724564514842,0.812213473822814
p.Glu457Gly,1.05498019790383,0.103462937290527,1.15844313519435,0.951517260613297
p.Ala318Asn,0.995648134223191,0.0620773072231484,1.05772544144634,0.933570827000043
p.Leu203His,1.1903025847698,0.0223163757576649,1.21261896052747,1.16798620901214
p.Glu491Asn,0.957480483976804,0.0938062552126764,1.05128673918948,0.863674228764127
p.Asp181Glu,0.934420591324582,0.019864376299328,0.95428496762391,0.914556215025254
p.Trp54Tyr,1.09752777100404,0.123259728045812,1.22078749904985,0.974268042958226
p.Glu193Ala,0.578758060329093,0.0858772134503544,0.664635273779447,0.492880846878738
p.Asp100Lys,1.00298897009585,0.107127227908805,0.895861742187039,1.11011619800465
p.Ile480Arg,1.06608768462793,0.130799676920655,1.19688736154858,0.935288007707269
p.Thr423Ala,1.17182827114151,0.02718169058543,1.19900996172694,1.14464658055608
p.Met159Tyr,0.993392717634909,0.153231658767279,1.14662437640219,0.840161058867631
p.Glu438Trp,0.79795316403884,0.136078765541444,0.934031929580284,0.661874398497396
p.Ser29Trp,0.992222842983749,0.022120910377579,0.970101932606172,1.01434375336133
p.Leu458Gly,0.329138263413085,0.0772974393249305,0.406435702738016,0.251840824088155
p.Val289Arg,1.02881410804762,0.152128442662717,1.18094255071034,0.876685665384906
p.His451Trp,1.08881545435886,0.108940145616744,1.19775559997561,0.979875308742121
p.Gly351Val,0.187321276671626,0.0731414433983664,0.260462720069993,0.11417983327326
p.Val291Leu,0.985508485720456,0.018481871219085,1.00399035693954,0.96702661450137
p.Phe88Ile,0.97136860159732,0.137333293743818,1.10870189534114,0.834035307853503
p.Tyr343Leu,0.697597621051501,0.0216006297103755,0.675996991341125,0.719198250761876
p.Tyr322Ile,0.0870860147077859,0.100458173138212,0.187544187845998,-0.0133721584304262
p.Leu371Ile,1.14950516246552,0.151080412395536,1.30058557486106,0.998424750069987
p.Phe373Glu,0.0718313643545953,0.0486824293224026,0.120513793676998,0.0231489350321928
p.Arg9Pro,0.863918253527375,0.184842355179883,0.679075898347494,1.04876060870726
p.Met450Gln,1.07163909018066,0.0005597589324749,1.07219884911314,1.07107933124819
p.Asn511Cys,1.10299121051026,0.187992976260162,1.29098418677042,0.914998234250096
p.Pro312Thr,0.989050920881785,0.0721439070744949,1.06119482795628,0.91690701380729
p.Val309Thr,1.12705585692911,0.109038121277955,1.23609397820706,1.01801773565115
p.Leu137=,1.04573608369254,0.03397766919963,1.07971375289217,1.01175841449291
p.Tyr507Ter,0.610094871129964,0.199244043034057,0.410850828095907,0.809338914164021
p.Leu121Asp,0.0125197094284789,0.0821246744197574,-0.0696049649912785,0.0946443838482364
p.Ile168Ser,0.444078027148091,0.266025075750749,0.71010310289884,0.178052951397342
p.Asn64Lys,0.959992421533352,0.0584011868983774,0.901591234634975,1.01839360843173
p.Leu130Asn,1.12320810804783,0.177124028277691,1.30033213632552,0.946084079770139
p.Arg182Lys,0.91658901943824,0.0920660467462289,0.824522972692012,1.00865506618447
p.Ile33Phe,1.03389104607094,0.0123534600814949,1.04624450615243,1.02153758598944
p.Glu364Gln,1.10047578671312,0.0320943593964049,1.13257014610952,1.06838142731671
p.Phe191Asp,0.337033217765388,0.302219244841264,0.639252462606652,0.0348139729241231
p.Ala141Cys,0.783272455557443,0.253798514757816,0.529473940799627,1.03707097031526
p.Val68Arg,0.0953448368146555,0.0736196833051225,0.168964520119778,0.021725153509533
p.Pro353Trp,0.0040761345293429,0.119843194845963,-0.11576706031662,0.123919329375306
p.Tyr308Asn,0.1497256313345,0.0616731282753015,0.211398759609802,0.0880525030591989
p.Val298Ser,0.753695641835629,0.0684115487191899,0.685284093116439,0.822107190554819
p.His32Arg,0.849363040721714,0.0162767747927324,0.833086265928982,0.865639815514447
p.Lys152Gly,0.863467901382734,0.119031593769656,0.744436307613078,0.98249949515239
p.Tyr139Met,0.759678763161287,0.0244091930645055,0.735269570096781,0.784087956225792
p.Tyr343Arg,0.919136986025719,0.049312178417919,0.8698248076078,0.968449164443638
p.Met125Trp,0.0036334482237771,0.0156916358692135,-0.0120581876454364,0.0193250840929907
p.Asn430Leu,1.02363187308863,0.105406736605979,1.12903860969461,0.918225136482651
p.Leu211Phe,1.14464269524232,0.073493872697405,1.21813656793973,1.07114882254492
p.Ala300=,0.988452329646423,0.0044700303597614,0.992922360006184,0.983982299286661
p.Ala436Cys,1.19350893609025,0.0094124791557799,1.20292141524603,1.18409645693447
p.Arg104Gly,0.133924228428757,0.052872148611521,0.0810520798172358,0.186796377040278
p.Gly254Leu,0.164604556859078,0.051680987599011,0.112923569260067,0.216285544458089
p.Gly485Ile,0.0238129322422642,0.0039533681959255,0.0198595640463386,0.0277663004381897
p.Val341Gly,0.716763361370599,0.0209339993225154,0.695829362048083,0.737697360693114
p.Gly163Val,0.320708593337075,0.226129855014137,0.546838448351212,0.0945787383229384
p.Thr145Ter,0.208893221183351,0.0983016745798595,0.30719489576321,0.110591546603491
p.Phe412Asp,1.08514662180751,0.040650477699315,1.12579709950683,1.0444961441082
p.Asn363Trp,-0.0142924199115007,0.0278521820116031,0.0135597621001025,-0.0421446019231038
p.Gln299Asp,0.986431355318338,0.0302813539424644,0.956150001375871,1.0167127092608
p.Asn218Gln,0.0359992129665202,0.0265981045077737,0.0625973174742939,0.0094011084587465
p.His470Ala,0.961450931708233,0.0944458437797065,0.867005087928527,1.05589677548794
p.Glu93Arg,1.09429012865369,0.152850371936114,1.2471405005898,0.941439756717573
p.Arg81Met,0.800140759904767,0.119021044160894,0.681119715743872,0.919161804065661
p.Arg104Trp,0.403596039207782,0.012020390282613,0.391575648925169,0.415616429490395
p.Ala338Tyr,0.208319198085069,0.059535464200098,0.267854662285167,0.148783733884971
p.Ile256Ala,0.365557067717076,0.15200424021266,0.517561307929737,0.213552827504416
p.Val289Lys,0.897955103010486,0.03003629740897,0.867918805601516,0.927991400419456
p.Ser179Phe,0.861060461193497,0.169567532133842,1.03062799332734,0.691492929059655
p.Leu292Pro,0.147893943570892,0.0457520368334569,0.102141906737435,0.193645980404349
p.Gln83Glu,0.770050396173107,0.0685783531111185,0.701472043061989,0.838628749284226
p.Glu193Asp,0.695887934291123,0.331634437664536,1.02752237195566,0.364253496626588
p.Phe354Glu,0.336968403353899,0.249026493444548,0.585994896798447,0.0879419099093513
p.Val444Cys,0.525571716044411,0.303681055682774,0.221890660361637,0.829252771727186
p.Ala361Thr,0.0597251483159902,0.0594277271417617,0.119152875457752,0.0002974211742285
p.Gly316Leu,1.1551157497286,0.223981249981481,1.37909699971008,0.931134499747117
p.Glu63Ter,-0.0002878382834557,0.021778599191838,0.0214907609083823,-0.0220664374752937
p.Gln372Ter,-0.103267969039913,0.068333002037698,-0.171600971077611,-0.0349349670022148
p.Ser332Cys,0.430714915334101,0.0943446617716324,0.525059577105734,0.336370253562469
p.Tyr322Val,0.177265428020416,0.168063491931452,0.345328919951868,0.0092019360889636
p.Asp113Gly,1.04264854688304,0.312138378102146,1.35478692498519,0.730510168780897
p.His451Ter,0.0572363053253191,0.0129854026724549,0.0702217079977741,0.0442509026528641
p.Phe56Pro,0.0593941024309507,0.0629503941986391,-0.0035562917676883,0.12234449662959
p.Glu239Pro,0.076397715822346,0.0992086391908561,-0.0228109233685103,0.175606355013202
p.Ala277Met,0.524805580426741,0.386992242634524,0.137813337792217,0.911797823061265
p.Ser448Met,1.03750160721229,0.0451008418923549,1.08260244910464,0.99240076531993
p.Asp251Val,0.158909612915706,0.149875773761298,0.308785386677004,0.0090338391544084
p.Tyr428Ter,-0.0832366586813491,0.0689602458103988,-0.152196904491748,-0.0142764128709503
p.Glu170Ter,0.195508354336867,0.184617251419905,0.380125605756772,0.0108911029169614
p.Leu433Lys,1.11283510835384,0.078512177118205,1.19134728547205,1.03432293123564
p.Thr333Ter,0.223934957265201,0.21532532049838,0.439260277763581,0.0086096367668215
p.Arg463Ala,0.479795241808443,NA,NA,0.479795241808443
p.Glu239Lys,0.571801032893965,0.0451909760218469,0.616992008915812,0.526610056872118
p.Glu244Arg,1.30970907298221,0.25050392637989,1.5602129993621,1.05920514660232
p.Asp456Tyr,0.0197874202823682,0.0081954412185608,0.0115919790638073,0.027982861500929
p.Arg487Leu,0.969735753866599,0.0058899864225474,0.963845767444052,0.975625740289147
p.Leu371Ser,0.0461221893040699,0.135460063385335,-0.0893378740812649,0.181582252689405
p.Lys288Arg,1.21780258761875,0.0746033321960549,1.29240591981481,1.1431992554227
p.Lys171His,0.908940501916859,0.0295404362013255,0.938480938118184,0.879400065715533
p.Gln28Cys,1.01511868117594,0.0722653762995999,1.08738405747554,0.94285330487634
p.Lys293Arg,1.06672372793957,0.0730720464511975,1.13979577439077,0.993651681488375
p.Glu416Asp,1.1100201928917,0.08552232216744,1.19554251505914,1.02449787072426
p.Gly69Ter,-0.0391481252982622,0.0474592575255541,-0.0866073828238164,0.0083111322272919
p.Trp54Arg,0.960511318280961,0.0060306835137269,0.966542001794688,0.954480634767234
p.Gly14Gln,1.04258805640681,0.0673504800194405,1.10993853642625,0.975237576387369
p.Val169Gln,1.11881408231629,0.10303014131229,1.22184422362858,1.015783941004
p.Gly316Ile,0.952362120101626,0.017273502614325,0.935088617487301,0.969635622715951
p.Arg257Lys,1.18089467065806,0.065809964502045,1.2467046351601,1.11508470615601
p.Met273Thr,0.727395472297642,0.0386373950427714,0.766032867340413,0.68875807725487
p.Asp375Arg,0.868574513156158,0.0110936298011815,0.879668142957339,0.857480883354976
p.Pro409=,1.06234601444646,0.0282551707109249,1.09060118515738,1.03409084373553
p.Pro240Gly,0.749661081585354,0.192005919545955,0.557655162039399,0.941667001131309
p.Gly378Met,1.20860245581734,0.03022783275475,1.23883028857209,1.17837462306259
p.Val208Leu,1.04322461557,0.01139466888989,1.05461928445989,1.03182994668011
p.Gly321Thr,0.856765957837468,0.400898662218212,1.25766462005568,0.455867295619256
p.Asp286Ile,0.595531164717301,0.146984446423154,0.448546718294146,0.742515611140455
p.Leu422Gly,0.580410516596508,0.0863340653127719,0.66674458190928,0.494076451283736
p.Glu491Leu,0.961389595508308,0.0751313163412129,1.03652091184952,0.886258279167094
p.Trp54Thr,1.10052533674497,0.134838512310135,1.23536384905511,0.965686824434839
p.Pro143Met,0.871129628976019,0.061177509360272,0.809952119615747,0.932307138336291
p.Val431Lys,0.892049697282753,0.0755910646893255,0.816458632593428,0.967640761972079
p.Val499Cys,1.13894266765861,0.076011329028245,1.21495399668686,1.06293133863037
p.Gly331His,1.02228623117483,0.0679190833829925,1.09020531455782,0.954367147791835
p.Asp325Asn,1.07440828614184,0.0664103296590299,1.14081861580087,1.00799795648281
p.Arg454Val,0.135806552976536,0.103371401503465,0.239177954480001,0.0324351514730703
p.Leu75Lys,1.00439954532913,0.137469369562575,1.1418689148917,0.866930175766551
p.Pro62Gln,0.472788273059085,0.211110180639151,0.261678092419934,0.683898453698236
p.Gly500=,1.05723194449054,0.0555503551273199,1.11278229961786,1.00168158936322
p.Val328Gly,0.586663145553405,0.0426393329703579,0.544023812583047,0.629302478523763
p.Phe66Pro,0.486464398536557,0.416466371372562,0.902930769909119,0.0699980271639957
p.Val12Leu,0.967991619711459,0.120801954549932,0.847189665161526,1.08879357426139
p.Met405Thr,1.08192390593284,0.04102835632218,1.12295226225502,1.04089554961066
p.Leu61Lys,-0.0225526194250397,0.04051491716636,-0.0630675365913998,0.0179622977413203
p.Pro434Trp,0.874351961025049,0.114235380456263,0.760116580568787,0.988587341481312
p.Val5Lys,1.14817378377165,0.203402551084273,1.35157633485592,0.944771232687374
p.Leu98Gly,0.005331992287713,0.0538558349266847,-0.0485238426389717,0.0591878272143978
p.Val391Asp,0.0141590027043889,0.0053752381901908,0.008783764514198,0.0195342408945797
p.Gly306Tyr,0.0799624638149551,0.205810580002926,-0.125848116187971,0.285773043817881
p.Asp79Gln,1.04109146143939,0.127336333700525,1.16842779513991,0.913755127738859
p.Cys158Glu,0.0030446703772985,0.124165206513495,-0.121120536136196,0.127209876890794
p.Arg227Trp,0.525728447356435,0.110801762235114,0.63653020959155,0.414926685121321
p.Met404Cys,1.03840001777817,0.0554779673842515,0.982922050393917,1.09387798516242
p.Met404Asn,0.772032457440719,0.312169528151909,1.08420198559263,0.459862929288811
p.Leu121Ter,0.0335366768210651,0.0060432651714027,0.0395799419924679,0.0274934116496624
p.Tyr343=,1.23018075182124,0.218896206250655,1.4490769580719,1.01128454557059
p.Asp325Leu,0.984450273723455,0.0520717801060354,1.03652205382949,0.932378493617419
p.Leu211Ala,0.897603749854371,0.125895502892799,1.02349925274717,0.771708246961572
p.His32Asp,0.594793663932983,0.0077277265768744,0.587065937356108,0.602521390509857
p.Ala338=,0.927261794206433,0.119042363213347,0.808219430993086,1.04630415741978
p.Arg393Val,0.938724298985355,0.0034222070012295,0.942146505986584,0.935302091984125
p.Arg487=,0.978468962327874,0.0495029229106749,0.9289660394172,1.02797188523855
p.Asn280Lys,0.792384311583331,0.23617012697538,0.556214184607949,1.02855443855871
p.Asp421Ile,0.779099814149328,0.119882472149119,0.898982286298446,0.659217342000209
p.Ile199Pro,1.1868062761165,0.08338375514703,1.27019003126353,1.10342252096947
p.Asp176Pro,0.804315878872336,0.134219050545993,0.938534929418329,0.670096828326342
p.Trp54Ile,0.683817295698082,0.038066946442035,0.645750349256047,0.721884242140117
p.Asn302Asp,1.06888326956371,0.0769190782973644,1.14580234786108,0.991964191266351
p.Glu85Val,1.02560058535547,0.0724122295841984,1.09801281493967,0.953188355771273
p.Pro467Asp,0.886598405869713,0.0224410762909579,0.909039482160671,0.864157329578755
p.Gln11Arg,0.829730116830404,0.160625063168543,0.66910505366186,0.990355179998947
p.Ser296Gly,0.876614458111178,0.0556733707400539,0.820941087371124,0.932287828851232
p.Met207Ile,1.17625572887548,0.065630395915695,1.24188612479118,1.11062533295979
p.Arg498Leu,0.849293421083765,0.0035725255675634,0.852865946651328,0.845720895516201
p.Ala127Thr,0.846294928013462,0.103801096223265,0.742493831790197,0.950096024236727
p.Gln209Asn,1.32485831215501,0.17399874270222,1.49885705485723,1.15085956945279
p.Asn165Ala,0.838622014305734,0.024469598516551,0.814152415789183,0.863091612822285
p.Asn105Val,1.06759958418326,0.060610441884335,1.12821002606759,1.00698914229892
p.Asp114Phe,0.625214007747532,0.053837894402735,0.571376113344797,0.679051902150267
p.Pro86Asp,0.925438486475472,0.066275094367635,0.991713580843107,0.859163392107837
p.Arg120His,1.04510223181145,0.0414210795738249,1.08652331138528,1.00368115223763
p.Gly316Pro,0.954185094886958,0.0265295081725194,0.980714603059478,0.927655586714439
p.Val284Gln,0.840027623720448,0.010614925941867,0.829412697778581,0.850642549662315
p.Asp181Leu,1.04701899841264,0.177704778744536,1.22472377715718,0.869314219668108
p.Asp325Ser,0.968806175705739,0.0933037930275835,0.875502382678153,1.06210996873332
p.Leu55Phe,0.686977949539309,0.133983999514833,0.820961949054142,0.552993950024476
p.Glu18His,0.859616609175589,0.0766627826310174,0.782953826544572,0.936279391806607
p.Gly131Asn,0.967302040101537,0.0432006849942204,1.01050272509576,0.924101355107319
p.Arg246Pro,1.05177405760582,0.0389664480408449,1.09074050564666,1.01280760956497
p.Arg72Asn,1.01801202883607,0.0916758588682179,1.10968788770429,0.926336169967854
p.Pro512=,0.979618663370115,0.164572387241134,0.815046276128982,1.14419105061125
p.Arg74=,0.873354035849442,0.27934857507082,0.59400546077862,1.15270261092026
p.Pro240His,0.877339940896485,0.0289395574661159,0.848400383430369,0.906279498362601
p.Ser84Ter,-0.080556251972945,0.0781114437929879,-0.158667695765933,-0.0024448081799571
p.Gly23Pro,1.1059031572884,0.228594993734537,1.33449815102293,0.877308163553856
p.Met207Asp,1.13593371028674,0.10341145684861,1.23934516713535,1.03252225343813
p.Leu433Pro,1.18043548391799,0.13132576557646,1.31176124949445,1.04910971834153
p.Ile15Arg,0.744859709924753,0.142465607733039,0.602394102191714,0.887325317657791
p.Lys45Arg,1.13701723477906,0.092203917294965,1.22922115207402,1.04481331748409
p.Trp509Ala,1.19707881337995,0.0502145136636449,1.2472933270436,1.14686429971631
p.Asp30Gln,0.96317136600129,0.088926723505311,0.874244642495978,1.0520980895066
p.Asn388Phe,0.582781686518393,0.184250713121822,0.767032399640215,0.39853097339657
p.Val284Ala,0.936218670607179,0.08375544062753,1.01997411123471,0.85246322997965
p.Arg219Gly,1.1545986431972,0.08522459013434,1.23982323333154,1.06937405306286
p.Arg215=,0.684059565094283,0.318695202351846,0.365364362742437,1.00275476744613
p.Asp79Ile,0.660706701032295,0.064456787449333,0.725163488481628,0.596249913582962
p.Ser160Asp,0.911987209706235,0.005495461636077,0.917482671342312,0.906491748070158
p.Leu390Trp,0.736338044131277,0.220529152184277,0.956867196315554,0.515808891947
p.Met212Ter,-0.0475545792970972,0.0137064838123519,-0.0338480954847453,-0.0612610631094491
p.Gly505Gln,1.14516861561054,0.07446583263478,1.21963444824532,1.07070278297576
p.Leu214Val,1.23260390694813,0.0513378215711699,1.2839417285193,1.18126608537696
p.Thr423Trp,1.24328102646165,0.08881019103483,1.33209121749648,1.15447083542682
p.Leu371Cys,0.780212537200002,0.0096356813487145,0.770576855851287,0.789848218548716
p.Asn280Leu,1.13720627085861,0.0994185058044849,1.2366247766631,1.03778776505413
p.Val344Leu,0.904975243039051,0.0617071090816624,0.843268133957389,0.966682352120714
p.Val12Glu,1.04851057334033,0.0601258823258795,1.10863645566621,0.988384691014451
p.Lys171Gly,0.939036429142086,0.0375380920235139,0.901498337118572,0.9765745211656
p.Ile480Tyr,0.954539868380708,0.028436721236665,0.982976589617373,0.926103147144043
p.Val394Ser,1.13002013312481,0.044272254368715,1.17429238749353,1.0857478787561
p.Ile52Tyr,0.881004038239825,0.169872597039833,1.05087663527966,0.711131441199993
p.Leu440Arg,1.26307591802664,0.0754836212712749,1.33855953929792,1.18759229675537
p.Phe501Pro,1.18038769503174,0.070065344937975,1.25045303996972,1.11032235009377
p.Val271Met,0.893571083083529,0.086770903058551,0.98034198614208,0.806800180024978
p.Glu364Phe,0.663123492779915,0.0180935309352979,0.681217023715213,0.645029961844617
p.Leu442Trp,0.873245033594347,0.0606033381303515,0.812641695463995,0.933848371724698
p.Gly331Cys,1.06085188724748,0.0709390250763269,1.13179091232381,0.989912862171156
p.Arg182Met,0.901580580665869,0.131987668168182,0.769592912497686,1.03356824883405
p.Tyr507Asp,1.15357416570551,0.0585726484440149,1.21214681414952,1.09500151726149
p.Thr327Phe,1.0853021146131,0.116880469514114,1.20218258412721,0.968421645098983
p.Ile480Thr,0.933974901380579,0.0869036772949995,0.847071224085581,1.02087857867558
p.Ala78Asn,1.05462755433915,0.166243176245628,1.22087073058478,0.888384378093523
p.Ser8Ala,0.749726474805932,0.206056722911759,0.543669751894173,0.955783197717691
p.Thr334Ter,0.189858820892854,0.155156358983124,0.345015179875978,0.0347024619097302
p.Arg104Ile,0.847015847627612,0.0807536253068205,0.766262222320792,0.927769472934433
p.Gln209Met,1.07719616605344,0.0847807005360979,1.16197686658954,0.992415465517344
p.His155Asp,0.826652527307442,0.0448720935990404,0.871524620906483,0.781780433708402
p.Glu347Cys,1.11703511974556,0.216378496966992,1.33341361671255,0.900656622778565
p.Asp324Cys,0.930961149543003,0.0724915252097649,1.00345267475277,0.85846962433324
p.Val5Asn,0.973915641493985,0.0404501340662045,1.01436577556019,0.933465507427781
p.Arg348Ala,1.03846668695731,0.03934826118667,1.07781494814398,0.99911842577064
p.Phe21Gln,0.857294561360745,0.0551955675006764,0.802098993860069,0.912490128861422
p.Lys476Asp,1.10790255325574,0.0150343504497949,1.12293690370554,1.09286820280595
p.Tyr424Pro,1.1510932449175,0.0285343207225049,1.17962756564001,1.122558924195
p.Leu43Thr,0.900003933332042,0.186784495734927,1.08678842906697,0.713219437597116
p.Asp435Trp,0.79192533047622,0.150215760783735,0.641709569692485,0.942141091259955
p.Asn262Cys,1.02442898332955,0.073309421236021,0.951119562093528,1.09773840456557
p.Tyr147Lys,1.10155682321294,0.0655056911356549,1.16706251434859,1.03605113207728
p.Lys205Phe,1.1807372578907,0.09704186729747,1.27777912518817,1.08369539059323
p.Met159Leu,1.03406105464687,0.0132487749284699,1.0208122797184,1.04730982957534
p.Phe26Ser,0.827938784673111,0.136942700422446,0.690996084250665,0.964881485095558
p.Leu55Asn,0.754701823695436,0.0803149952016244,0.835016818897061,0.674386828493812
p.Ser281Gly,1.11845858036058,0.232054590534046,1.35051317089462,0.886403989826528
p.Ser160Asn,1.06889547753379,0.145052201804376,1.21394767933817,0.923843275729417
p.His382Ile,0.963321643006035,0.0196708130193409,0.943650829986694,0.982992456025376
p.Val444Met,0.74487889618957,0.030973210678952,0.775852106868522,0.713905685510618
p.Asn311Ala,1.09837752061972,0.114278728436826,1.21265624905655,0.984098792182898
p.Leu264Trp,0.384413142282309,0.0315799939807455,0.352833148301564,0.415993136263055
p.Phe101Ter,0.132725450917375,0.115546739351733,0.248272190269108,0.0171787115656421
p.Arg81Asn,0.534458721382382,0.0546805287626384,0.58913925014502,0.479778192619743
p.Leu235Cys,1.17818779481658,0.085002521850715,1.26319031666729,1.09318527296586
p.Gln28Arg,0.942506031192331,0.085996056310069,1.0285020875024,0.856509974882262
p.Leu140Ile,0.827093117466854,0.117591571545407,0.709501545921447,0.944684689012262
p.Pro479Ter,-0.0391555291235674,0.0193042809167203,-0.0198512482068471,-0.0584598100402878
p.Asp58Pro,0.256446206845097,0.0748801548936989,0.331326361738796,0.181566051951398
p.Glu170Gly,1.08739966582661,0.0292441640525949,1.1166438298792,1.05815550177401
p.Glu398Ala,0.891170152253178,0.054269011865737,0.836901140387441,0.945439164118915
p.Ala231Arg,1.00312100408514,0.0648579911439875,0.938263012941155,1.06797899522913
p.Asn414Cys,0.974045157154582,0.0144403994672265,0.988485556621808,0.959604757687355
p.Val77Tyr,0.742127109805647,0.0725782778010314,0.814705387606678,0.669548832004615
p.Ser132Glu,1.06128753913082,0.08192689894155,1.14321443807237,0.97936064018927
p.Val400Tyr,0.971143856125115,0.146230383042915,1.11737423916803,0.8249134730822
p.Leu190Phe,1.08012544349133,0.0446558891682449,1.12478133265957,1.03546955432308
p.Asp350Met,0.864135434523377,0.120304295444514,0.743831139078862,0.984439729967891
p.Ala300Trp,1.0506093454171,0.080763598224108,1.13137294364121,0.969845747192994
p.Phe501=,0.9362112696448,0.0845552673086185,0.851656002336183,1.02076653695342
p.Asn397Thr,1.0071978952825,0.004995904848415,1.00220199043408,1.01219380013091
p.Ile234Thr,1.20613462655989,0.052152633055685,1.25828725961557,1.1539819935042
p.Gly500Ser,1.20357846696099,0.133224906514825,1.33680337347582,1.07035356044617
p.Phe34Arg,0.0852631388313606,0.209221287869813,-0.123958149038453,0.294484426701174
p.Arg192Pro,1.03608423280265,0.179205444319167,1.21528967712182,0.856878788483486
p.Arg348Cys,0.936452567630737,0.0638996690565319,1.00035223668727,0.872552898574206
p.Ala116Tyr,0.909032674019111,0.0329614842521094,0.876071189767002,0.941994158271221
p.Lys514Ala,0.87505440924846,0.0875708595401524,0.787483549708308,0.962625268788613
p.Phe452Leu,0.663126840929314,0.149770869349349,0.812897710278663,0.513355971579965
p.Asn153Cys,0.848940209625916,0.0981975706328169,0.750742638993099,0.947137780258733
p.Gly359Ser,-0.0108157887098799,0.0322306663332474,-0.0430464550431273,0.0214148776233675
p.Cys13Trp,0.701203278645482,0.133497779871542,0.56770549877394,0.834701058517024
p.Ala39Asn,0.30726355259971,0.064258924351608,0.243004628248102,0.371522476951318
p.Ile52Phe,1.13022193081234,0.0644568067680599,1.1946787375804,1.06576512404428
p.Arg459Trp,0.691563340623255,0.112794748357437,0.578768592265818,0.804358088980692
p.Thr334Leu,0.359486593268837,0.148554816217816,0.508041409486653,0.210931777051021
p.Asp375Leu,0.583966433737073,0.0102640942589189,0.594230527995992,0.573702339478154
p.Asn414Gly,0.908379228201126,0.0155671676212019,0.892812060579924,0.923946395822328
p.Arg227=,1.15306538352368,0.12587351813799,1.27893890166167,1.02719186538569
p.Ile67Thr,0.429692034117069,0.0425295403924144,0.387162493724655,0.472221574509484
p.Ile472Ter,-0.0818213557359029,0.0789670210714949,-0.160788376807398,-0.0028543346644081
p.Phe191Asn,-0.0356779696738722,0.0211541127775865,-0.0568320824514587,-0.0145238568962857
p.His124Ter,-0.0906572096891881,0.0610960221073786,-0.151753231796567,-0.0295611875818096
p.Leu265Ile,0.459883528578629,0.388517293542588,0.0713662350360414,0.848400822121217
p.Gly248=,1.00188462619223,0.064264039660063,1.06614866585229,0.937620586532164
p.Lys171Gln,1.02550921813643,0.0196766352277949,1.04518585336423,1.00583258290864
p.Glu491His,0.850568678869106,0.095009521604271,0.945578200473377,0.755559157264835
p.Leu16Cys,0.667071184784979,0.106929908914444,0.560141275870535,0.774001093699423
p.Ser8Asp,1.03362618925009,0.028875769737145,1.00475041951295,1.06250195898724
p.Ser29Val,0.903148812148112,0.0903366551778989,0.812812156970213,0.993485467326011
p.Arg357Trp,0.888150710420803,0.039438694110719,0.927589404531522,0.848712016310084
p.Leu474Met,0.597952242760854,0.373288277124326,0.224663965636528,0.971240519885181
p.Phe337Met,0.864677144238263,0.0855525879621424,0.950229732200406,0.779124556276121
p.Gln383=,0.878753808096259,0.118370061871414,0.760383746224844,0.997123869967673
p.Ala318Thr,0.878224440911911,0.00996403926603,0.888188480177941,0.868260401645881
p.Asp79Cys,0.755282768508949,0.0021508101817845,0.753131958327165,0.757433578690734
p.Ile224Cys,1.00551229754787,0.0780035362326979,1.08351583378057,0.927508761315174
p.Ser132Lys,1.22800311990197,0.20975659898771,1.43775971888968,1.01824652091426
p.Lys407Val,1.205898023902,0.011196547693845,1.19470147620816,1.21709457159585
p.Met496Arg,1.06549565205276,0.152798523851413,1.21829417590417,0.912697128201343
p.Ala127Ser,0.78799432100301,0.13813998823776,0.649854332765249,0.92613430924077
p.Val213=,1.05719078370498,0.045423105087375,1.01176767861761,1.10261388879236
p.Phe445Asp,0.0170930387574369,0.0014613458233684,0.0156316929340685,0.0185543845808053
p.Val150Asn,0.334034596506403,0.226270954971285,0.560305551477688,0.107763641535118
p.Pro396Asp,0.97936862220796,0.0089262146201545,0.988294836828115,0.970442407587806
p.Val309Glu,0.839843268913526,0.091947685408417,0.747895583505109,0.931790954321943
p.Ala78Asp,1.02879419269549,0.120207396053469,1.14900158874896,0.908586796642022
p.Lys171Ser,1.02798483424461,0.0186331436793799,1.04661797792399,1.00935169056523
p.Asn210Met,0.329219290866291,0.115626496034116,0.444845786900408,0.213592794832175
p.Gly314Pro,0.917905801009282,0.10514329973322,1.0230491007425,0.81276250127606
p.Ala367Trp,1.01455592089109,0.0154963088111665,1.03005222970226,0.999059612079927
p.His263=,1.06561646117739,0.067734207456516,1.13335066863391,0.997882253720878
p.Lys290Tyr,0.575859148169405,0.0293914337692324,0.546467714400173,0.605250581938638
p.Lys403Met,1.20747265197051,0.08921700734401,1.29668965931452,1.1182556446265
p.Asp313=,1.05394360189482,0.04470659943049,1.09865020132531,1.00923700246433
p.Val391Arg,1.10599402991862,0.0490065129827299,1.15500054290135,1.05698751693589
p.Cys385Phe,0.806714147896749,0.0474784454304909,0.759235702466258,0.85419259332724
p.Ala300Leu,1.32024094108041,0.007428806453545,1.32766974753395,1.31281213462686
p.Asp375Met,0.80069384703432,0.0526821053868485,0.853375952421168,0.748011741647471
p.Val394Met,1.19147415625003,0.0047487978825799,1.18672535836745,1.19622295413261
p.Ser418Met,1.23460721135992,0.10814761622541,1.34275482758533,1.12645959513451
p.Glu148=,1.0209869829935,0.0602833234343954,1.0812703064279,0.960703659559109
p.Ile472=,1.08137855426022,0.047232014125325,1.12861056838554,1.03414654013489
p.Glu345Lys,0.776555757740589,0.130386406766485,0.646169350974104,0.906942164507074
p.Met405Asp,0.859502774457825,0.140828445585076,1.0003312200429,0.718674328872748
p.Tyr249Lys,1.20255854641315,0.0637478395466549,1.2663063859598,1.13881070686649
p.Asp30Phe,0.998064026186096,0.0683828355278859,1.06644686171398,0.929681190658208
p.Leu183Gly,0.881561661295345,0.0001009626156774,0.881662623911023,0.881460698679668
p.Phe412Arg,1.08258291707434,0.02485134042587,1.10743425750021,1.05773157664847
p.Phe191Val,0.324917099028069,0.0422286849257049,0.367145783953774,0.282688414102364
p.Leu268Gln,0.35625929790191,0.0074191911024899,0.34884010679942,0.3636784890044
p.Ala318Trp,0.827928809392358,0.0205699102211014,0.807358899171257,0.84849871961346
p.Phe445His,0.473773857617616,0.166408679016481,0.640182536634097,0.307365178601136
p.Asp313Ter,0.0287213337879089,0.0038858995743404,0.0248354342135685,0.0326072333622494
p.Pro353Cys,0.206460824627325,0.105416515236321,0.311877339863646,0.101044309391005
p.Leu433Trp,1.1183616743144,0.0733041108240799,1.19166578513848,1.04505756349032
p.Gln178Trp,0.992839959907739,0.005069030914119,0.997908990821858,0.98777092899362
p.Lys89Cys,1.04073356978339,0.0909058454070984,1.13163941519049,0.949827724376293
p.His32Thr,1.04582772091657,0.0245437615957599,1.07037148251233,1.02128395932081
p.Lys47Ter,-0.0264389830578451,0.0011234762727414,-0.0275624593305866,-0.0253155067851036
p.Leu130Asp,1.00034487425754,0.0536659134595304,1.05401078771707,0.946678960798009
p.Asp200Ile,1.14841714752358,0.120129672188525,1.26854681971211,1.02828747533506
p.Ala71Cys,0.514734962352202,0.375932332563176,0.138802629789025,0.890667294915378
p.Ser123Val,0.981288693154431,0.061363283369318,1.04265197652375,0.919925409785114
p.Met496Ala,1.04850735741283,0.0108106219664699,1.03769673544636,1.0593179793793
p.Met450Trp,1.08596686867784,0.031028926245145,1.11699579492298,1.05493794243269
p.Cys269Val,0.523293233798302,0.248261910065438,0.275031323732864,0.77155514386374
p.Arg365Ala,0.967475552023793,0.134727729216156,0.832747822807638,1.10220328123995
p.Ala2Gln,0.908093379363663,0.0148685702261759,0.922961949589839,0.893224809137487
p.Glu315Val,0.915146279000003,0.0358688373885509,0.879277441611452,0.951015116388554
p.Pro326Trp,0.908787598554461,0.10111630725383,1.00990390580829,0.80767129130063
p.Cys358Ala,0.944030834019829,0.0451311468594259,0.989161980879255,0.898899687160403
p.Lys360Trp,1.03743770413003,0.111829358736957,1.14926706286699,0.925608345393076
p.Cys294Arg,1.08125808462416,0.07158913181558,1.15284721643974,1.00966895280858
p.Arg219Thr,1.14347200156727,0.0801696128188699,1.0633023887484,1.22364161438614
p.Gln195Thr,1.07989845216598,0.260837755871253,1.34073620803723,0.819060696294724
p.Asp113Arg,0.744742661031809,0.0901367183220009,0.654605942709808,0.83487937935381
p.Lys205Leu,0.672794806402159,0.194086158946618,0.478708647455541,0.866880965348777
p.Val68Met,0.633506446230346,0.081361211741854,0.7148676579722,0.552145234488492
p.Ala109Cys,0.998956883103331,0.199109279335771,0.799847603767558,1.1980661624391
p.Met405Ala,0.813236195657693,0.101058226266309,0.914294421924002,0.712177969391383
p.Lys429Ser,1.19860558362621,0.131220066652465,1.32982565027868,1.06738551697375
p.Ile33Leu,1.04146447204844,0.043474020665443,0.997990451383004,1.08493849271389
p.Ala338Pro,0.14556930911174,0.005304966019266,0.140264343092474,0.150874275131006
p.Lys432Arg,0.820393232236935,0.159394721088937,0.660998511147998,0.979787953325872
p.Glu274Val,0.282390885121296,0.155158289615705,0.437549174737001,0.127232595505591
p.Leu362Pro,0.128305232607395,0.0110262942108754,0.11727893839652,0.139331526818271
p.Gln111Val,0.996088921257992,0.0068086348850605,1.00289755614305,0.989280286372929
p.Met411His,0.959826538781876,0.0008325708332704,0.960659109615147,0.958993967948606
p.Ala71Asn,0.675163199647298,0.0158001407860635,0.659363058861235,0.690963340433362
p.Thr334Trp,0.0231094761002441,0.0600764816596517,-0.0369670055594077,0.0831859577598958
p.Leu20Glu,0.812599334940595,0.0051275330120765,0.817726867952672,0.807471801928519
p.Gln299=,1.06257612795291,0.127097699284261,1.18967382723717,0.935478428668648
p.Glu19Asp,0.667949177238962,0.298134622788263,0.369814554450698,0.966083800027225
p.Leu140Asp,-0.0128146202410046,0.15241024468836,-0.165224864929364,0.139595624447355
p.Arg9=,1.06946339006158,0.04606515438323,1.11552854444481,1.02339823567835
p.Phe21Met,0.993944105694865,0.0372117475289054,1.03115585322377,0.956732358165959
p.Trp509Lys,1.1895574941659,0.114461019825455,1.30401851399135,1.07509647434044
p.Glu18Trp,0.922004052735534,0.102234859077456,1.02423891181299,0.819769193658077
p.Arg487Met,1.01308874085237,0.007869236708005,1.00521950414436,1.02095797756037
p.Asn430Ter,-0.0514218403335726,0.0633970148724645,-0.114818855206037,0.0119751745388921
p.Leu323His,1.09409812951267,0.10180218745988,1.19590031697255,0.99229594205279
p.Lys432=,0.916783768731167,0.026954490895487,0.88982927783568,0.943738259626654
p.Phe101Met,0.108261988197892,0.0562986721823331,0.0519633160155587,0.164560660380225
p.Leu61Thr,0.639703812231063,0.0209120556679049,0.660615867898968,0.618791756563158
p.Ser106Asn,0.658437933715575,0.20583290380084,0.864270837516415,0.452605029914735
p.Ile52Ser,0.38380806840755,0.026985048026947,0.410793116434497,0.356823020380603
p.Asp258Gly,1.02657270532246,0.0632791641517725,1.08985186947423,0.963293541170685
p.Gln178Leu,0.977307284135532,0.120769009631086,0.856538274504448,1.09807629376662
p.Trp349Gly,0.230036477519386,0.0222105084554625,0.207825969063924,0.252246985974849
p.Ile295Gly,0.0944607626104262,0.102837400278078,0.197298162888504,-0.0083766376676514
p.Ile441His,-0.0099845832786546,0.0112411534813437,-0.0212257367599984,0.0012565702026891
p.Ala115Glu,0.930262544084638,0.0530758398909099,0.877186704193728,0.983338383975548
p.Pro223Asp,1.13806377695306,0.049579194862115,1.18764297181518,1.08848458209095
p.Asp325=,0.917944149121696,0.001488692878844,0.91943284200054,0.916455456242852
p.Leu270Ala,1.15475392053421,0.051619098316505,1.20637301885072,1.10313482221771
p.Gln383Ala,0.941770250673238,0.0096721961211985,0.951442446794437,0.93209805455204
p.Ser29Ter,0.0848232773972345,0.0280695580937825,0.0567537193034519,0.112892835491017
p.Glu94Pro,0.0021506228658073,0.0329508305127317,-0.0308002076469244,0.0351014533785391
p.Pro86Glu,0.996319832585097,0.0341847993972039,1.0305046319823,0.962135033187892
p.Trp54His,0.927565455673978,0.10907509545208,0.818490360221899,1.03664055112606
p.Leu458Arg,0.479741367932428,0.213349710166531,0.693091078098959,0.266391657765896
p.Cys232Phe,0.457053920128311,0.027742227875756,0.484796148004067,0.429311692252555
p.Leu305Ter,-0.0718926600244613,0.0544675333728176,-0.126360193397279,-0.0174251266516437
p.Tyr322Lys,0.0429047375422345,0.0169720743266613,0.0598768118688959,0.0259326632155732
p.Asp200Thr,1.08622559422261,0.01928307061499,1.1055086648376,1.06694252360762
p.Val213Tyr,0.679988499212837,0.223254983394931,0.456733515817906,0.903243482607768
p.Asn210Val,0.702610770751307,0.0766870294843594,0.779297800235666,0.625923741266947
p.Gly310Thr,0.775354799958209,0.0014268797065229,0.776781679664732,0.773927920251686
p.Val391Cys,1.08626005391008,0.04271663685765,1.12897669076773,1.04354341705243
p.Leu98Gln,0.437815660754089,0.0448495506488835,0.392966110105205,0.482665211402972
p.Thr279Ile,0.769174018482214,0.194189263163772,0.574984755318442,0.963363281645985
p.Ile15Leu,1.04830247654269,0.0916380537497454,1.13994053029244,0.956664422792949
p.Thr402Asp,0.770600388063794,0.213224038058446,0.98382442612224,0.557376350005348
p.Pro92=,1.12181824484889,0.179404474585583,1.30122271943447,0.942413770263305
p.Tyr401Asn,1.00887725377318,0.145359992461239,1.15423724623442,0.863517261311942
p.His263Thr,1.02844684267899,0.127403522249378,0.901043320429614,1.15585036492837
p.Pro477Phe,1.09407930459359,0.0997676619737855,1.19384696656738,0.994311642619809
p.Ser117Thr,0.780889316679218,0.0567634634523534,0.724125853226864,0.837652780131571
p.Ile52Val,0.793693830015609,0.177390312864468,0.616303517151141,0.971084142880076
p.Glu244Ter,0.198799605340971,0.132671819448352,0.331471424789323,0.0661277858926194
p.Arg104Val,0.724121673610966,0.0112687195834995,0.712852954027467,0.735390393194466
p.Tyr507Leu,1.20219463466633,0.0066194089538649,1.20881404362019,1.19557522571246
p.Gly488Gln,0.801556472096231,0.082383451349508,0.719173020746723,0.883939923445739
p.Gly447Ala,1.08275441118312,0.183945215364505,1.26669962654763,0.89880919581862
p.Pro62His,1.04532575044383,0.379685096557843,1.42501084700167,0.665640653885983
p.Asn280Gln,0.965307794796237,0.022243533715321,0.987551328511558,0.943064261080916
p.Asp79Lys,0.617536273196623,0.230126408590928,0.387409864605695,0.847662681787552
p.Leu130Ser,1.0257003898142,0.0510650426273815,0.974635347186817,1.07676543244158
p.Leu128Glu,0.550468381343529,0.104806987505767,0.655275368849296,0.445661393837762
p.Ile48Ter,-0.0980202149169329,0.0697201697908039,-0.167740384707737,-0.0283000451261291
p.Ile154Trp,0.0024808033725172,0.147423148491487,-0.14494234511897,0.149903951864005
p.Asp200Arg,0.0367773942745164,0.062937343985089,0.0997147382596054,-0.0261599497105727
p.Phe452Glu,-0.0047348162374897,0.0067449505149952,-0.011479766752485,0.0020101342775055
p.Ala367His,1.04346588711776,0.0319260727516249,1.01153981436614,1.07539195986939
p.Glu475Tyr,0.995091685285249,0.074420123466532,1.06951180875178,0.920671561818716
p.Thr279Ala,1.01930859126453,0.132586721592943,1.15189531285747,0.886721869671584
p.Arg357Phe,0.887200334172976,0.0655534049187315,0.952753739091707,0.821646929254244
p.Thr333Gln,0.993797141463586,0.046319835052964,0.947477306410622,1.04011697651655
p.Phe237Glu,0.907966370573374,0.0664209792135044,0.974387349786879,0.84154539135987
p.Asn388His,1.10225069006613,0.0767312991383699,1.1789819892045,1.02551939092776
p.Arg246Asp,1.10075133108741,0.05715872228644,1.15791005337385,1.04359260880097
p.Val150Gly,0.743329008851066,0.0538617049214625,0.797190713772529,0.689467303929604
p.Phe412Val,1.14780582435914,0.109869459828515,1.25767528418766,1.03793636453063
p.Gly321Arg,0.599664814813744,0.0277704513491694,0.627435266162913,0.571894363464574
p.Leu292Tyr,0.719251973646784,0.157685606473411,0.876937580120195,0.561566367173373
p.Thr65Pro,0.685572764294187,0.183428565857843,0.86900133015203,0.502144198436344
p.Glu206=,1.12563539322084,0.037248016955815,1.16288341017665,1.08838737626502
p.Val340Asn,0.779860087407966,0.216395989416646,0.996256076824612,0.56346409799132
p.Lys95Pro,0.351950901076998,0.095977814537599,0.447928715614597,0.255973086539399
p.Asn153=,0.915238882513551,0.151374722338996,0.763864160174557,1.06661360485255
p.Gly59Phe,0.377905992064926,0.103618653961722,0.274287338103205,0.481524646026648
p.Phe381Asp,0.416516678786503,0.183663674059127,0.60018035284563,0.232853004727376
p.Leu265Tyr,0.0033561113419988,0.0725180599378304,-0.0691619485958317,0.0758741712798293
p.Arg387Asp,0.287344782304487,0.148091715215177,0.435436497519664,0.13925306708931
p.Asp194His,0.687476591998283,0.233851536315627,0.453625055682656,0.921328128313911
p.Gly69Pro,0.168955947120206,0.016754167040571,0.185710114160777,0.152201780079635
p.Trp164Lys,0.84385755828736,0.0364255038855599,0.88028306217292,0.8074320544018
p.His201Cys,0.844707492397773,0.104008816521603,0.948716308919376,0.74069867587617
p.Trp54Gly,1.09591119153442,0.181867492907142,1.27777868444156,0.914043698627275
p.Ala103Trp,0.869862723292796,0.0061742871175319,0.876037010410328,0.863688436175264
p.Phe66Gln,1.00257258230599,0.114317655308652,1.11689023761464,0.888254926997336
p.Leu60Asn,0.685923933965514,0.097787606957224,0.783711540922738,0.58813632700829
p.Arg459Ile,0.875643491354438,0.0127766706242234,0.862866820730215,0.888420161978662
p.Ser106Phe,1.06856865461487,0.09536987329235,1.16393852790722,0.97319878132252
p.Leu268Ile,0.916755698344539,0.163299171222152,1.08005486956669,0.753456527122386
p.Pro326Glu,1.03539058718045,0.0626489404488375,1.09803952762929,0.972741646731615
p.Gln395Glu,1.12219093006292,0.0470716351486,1.16926256521152,1.07511929491432
p.Arg192Ter,-0.0256481390462023,0.0302930195825716,-0.055941158628774,0.0046448805363693
p.Thr402Leu,1.13846167847316,0.032998575088205,1.10546310338495,1.17146025356136
p.Phe501Arg,1.26359766090091,0.0446924696814849,1.30829013058239,1.21890519121942
p.Gln178Tyr,1.10678303153031,0.083250751992535,1.19003378352284,1.02353227953777
p.Trp225Ter,0.200090909499575,0.149370173713594,0.349461083213169,0.0507207357859806
p.Leu61Ter,-0.108670765954518,0.0917622170751718,-0.20043298302969,-0.0169085488793463
p.Leu356Lys,0.183846719901579,0.0717764097957795,0.1120703101058,0.255623129697359
p.Asn105Asp,-0.0127378446013504,0.077371417527286,-0.0901092621286364,0.0646335729259357
p.Leu235Glu,0.175609688012949,0.0346199024269154,0.140989785586033,0.210229590439864
p.Glu368=,0.983191648558282,0.0284771763450995,0.954714472213181,1.01166882490338
p.Arg439Val,0.949240259436,0.0486322783576514,0.997872537793652,0.900607981078349
p.Ile162=,1.06291940791036,0.006242071152595,1.06916147906295,1.05667733675776
p.Lys293Ter,0.0128745529016253,0.0444970964609406,0.0573716493625659,-0.0316225435593153
p.Asn262Ile,1.15936027619872,0.0265080999499199,1.18586837614864,1.1328521762488
p.Lys386Gln,1.14904586177634,0.107647379016615,1.25669324079295,1.04139848275972
p.Leu55Ala,1.121768715862,0.0007758139912099,1.12099290187079,1.12254452985321
p.Ile36Val,0.865196442158032,0.110016248693636,0.755180193464396,0.975212690851668
p.Gln471Val,0.947246568411313,0.0004616221326725,0.946784946278641,0.947708190543986
p.Asn280Ter,0.535409165221844,0.389735995798364,0.925145161020208,0.145673169423479
p.Thr51Ter,0.0287094499957395,0.0208481770905538,0.0495576270862933,0.0078612729051856
p.Met260Ter,0.219167260606358,0.206546564788661,0.425713825395019,0.0126206958176968
p.Ala436Ter,-0.100400524859347,0.0462289779135021,-0.146629502772849,-0.0541715469458446
p.Gly500Phe,1.15226783953955,0.132711779381935,1.28497961892149,1.01955606015762
p.Asn64Met,0.923454349281871,0.0606497273205034,0.984104076602375,0.862804621961368
p.Ser188Gln,1.13609565569357,0.013771308297405,1.12232434739616,1.14986696399097
p.Lys82Ile,1.00400843750932,0.092132000282759,1.09614043779208,0.911876437226562
p.Ala103Glu,0.999059812739353,0.0731020805113854,1.07216189325074,0.925957732227969
p.Gln471Lys,0.828148253309504,0.126390131242381,0.701758122067122,0.954538384551885
p.Val146Pro,1.01738742373803,0.119987715597044,1.13737513933507,0.897399708140981
p.Arg104Ala,0.696904889354699,0.003544374530965,0.700449263885664,0.693360514823734
p.Asn388Thr,1.12050626031669,0.0625257228794899,1.18303198319618,1.0579805374372
p.Asn430Pro,1.17334560320734,0.10292154317121,1.27626714637855,1.07042406003613
p.Gly425Gln,0.819738526849631,0.124587380187649,0.695151146661982,0.94432590703728
p.Leu442Asp,0.222305173952409,0.108641936998475,0.330947110950884,0.113663236953934
p.Gly359Met,0.0769808888754405,0.0592492871073323,0.0177316017681083,0.136230175982773
p.Val499Met,1.07349809108928,0.0032153446912799,1.070282746398,1.07671343578056
p.Cys358Arg,0.687256393730148,0.0339698923342159,0.721226286064364,0.653286501395932
p.Arg427Met,0.857024213660778,0.0725719689405199,0.784452244720258,0.929596182601298
p.Arg215Leu,0.215771732726404,0.120741471274993,0.336513204001397,0.0950302614514113
p.Glu287Asn,0.575868072695574,0.283914095375468,0.291953977320105,0.859782168071042
p.Leu362Gln,0.812146962000543,0.0078740058327674,0.82002096783331,0.804272956167775
p.Ala361Glu,0.200711028622637,0.0147830216450395,0.185928006977597,0.215494050267676
p.Val453Pro,1.02522945231806,0.0517883079263195,0.973441144391741,1.07701776024438
p.Leu177Asn,0.974660191397709,0.0675757783427404,0.907084413054969,1.04223596974045
p.Pro467=,1.01272283328985,0.022785332296994,0.989937500992862,1.03550816558685
p.Lys497Thr,1.16903557393619,0.05271950484678,1.22175507878297,1.11631606908941
p.Lys45Glu,0.672659050591431,0.0098823295144855,0.682541380105917,0.662776721076946
p.Gly321Ser,0.832525859155039,0.165477764507865,0.667048094647174,0.998003623662904
p.Leu130Ter,-0.0111791953942719,0.0564374364067533,-0.0676166318010253,0.0452582410124814
p.Ala116Trp,0.82455806187162,0.0704050625069564,0.754152999364664,0.894963124378577
p.Thr319Ser,1.0890812361274,0.01428138267831,1.10336261880571,1.07479985344909
p.Gly306Met,0.247648374607639,0.0044108386688535,0.243237535938785,0.252059213276492
p.Met37Ser,-0.0172762979681335,0.141547966124578,-0.158824264092712,0.124271668156445
p.Gln111Ile,0.88546835628063,0.0291967047103445,0.856271651570285,0.914665060990974
p.Phe337Ser,1.02430687862391,0.0691316090077014,1.09343848763161,0.955175269616207
p.Ser160Tyr,0.383000899040961,0.188247945647193,0.571248844688154,0.194752953393767
p.Thr145Cys,1.14283757358011,0.062191262191435,1.20502883577155,1.08064631138868
p.Leu75Trp,1.08783261043366,0.136411683793405,1.22424429422706,0.951420926640249
p.Asp42Pro,1.16240860255062,0.143065693641885,1.3054742961925,1.01934290890873
p.Val304Gly,0.120684729450813,0.006995542444368,0.127680271895181,0.113689187006445
p.Ala436Gly,1.24531914013967,0.020695312518675,1.26601445265835,1.224623827621
p.Arg348Phe,0.89272644517045,0.046480228736668,0.846246216433782,0.939206673907118
p.Pro172Asp,0.758894131413237,0.0942493315009419,0.853143462914179,0.664644799912295
p.Arg192Trp,0.799931392351345,0.0633411173997094,0.736590274951635,0.863272509751054
p.Gly447Val,-0.0052811999754967,0.0571976519880506,-0.0624788519635474,0.051916452012554
p.Lys171Ter,0.398628826713805,0.40156027234071,0.800189099054515,-0.0029314456269051
p.Lys360Thr,1.01295720200896,0.114360827431895,1.12731802944086,0.89859637457707
p.Glu416Asn,0.960188921020216,0.085750166116152,1.04593908713637,0.874438754904066
p.Asn262Val,1.06782560971793,0.0753244998849809,1.14315010960291,0.992501109832948
p.His513Ile,1.03492189086279,0.0389024363442544,0.996019454518541,1.07382432720705
p.Glu389Ser,1.02978320999269,0.0670261516855909,1.09680936167828,0.962757058307098
p.Val309Arg,0.958527230631604,0.0016366925317454,0.96016392316335,0.956890538099859
p.His382Leu,0.984711404322091,0.0079129723848559,0.992624376706947,0.976798431937235
p.Pro467His,0.897674213861347,0.0455347143241154,0.943208928185462,0.852139499537231
p.Tyr202Asp,1.2620134144413,0.113337413939385,1.37535082838068,1.14867600050191
p.Asn105=,1.11781182207863,0.0554149486027449,1.17322677068137,1.06239687347588
p.Leu390Gln,0.0496555665176759,0.0155538287840143,0.0652093953016903,0.0341017377336615
p.Gln502Trp,1.17438486808994,0.0674826899815349,1.24186755807148,1.10690217810841
p.Asp113His,1.0111591806616,0.0324033573407029,1.0435625380023,0.978755823320894
p.Tyr139Ter,-0.057782608496366,0.0456507954439647,-0.103433403940331,-0.0121318130524014
p.Glu368Trp,0.0198073826867533,0.0296414458916981,0.0494488285784515,-0.0098340632049448
p.Ile48His,-0.0189686159803491,0.116616806726668,-0.135585422707017,0.097648190746319
p.His451Thr,1.21799438332314,0.0887044515237949,1.30669883484694,1.12928993179935
p.Glu317Pro,1.12439932441052,0.10947158190229,1.23387090631281,1.01492774250823
p.Gln383Arg,1.02680190592975,0.0946948335151899,1.12149673944494,0.93210707241456
p.Gly378Lys,1.16974956884683,0.0135916772703449,1.18334124611718,1.15615789157649
p.Asn262Glu,1.04121644318206,0.162185044048078,1.20340148723014,0.879031399133984
p.Tyr147Ala,1.09373466757481,0.0182391457544299,1.07549552182038,1.11197381332924
p.Gly410His,0.744509430455402,0.122316282213271,0.866825712668673,0.62219314824213
p.Leu98Ala,0.48208510071477,0.0016532253374685,0.480431875377302,0.483738326052239
p.Glu398Phe,1.09606252710997,0.0393070412337449,1.05675548587623,1.13536956834372
p.Arg136Ala,0.575041058525145,0.0156311098611144,0.59067216838626,0.559409948664031
p.Pro92Met,0.943514381092047,0.023960988561985,0.967475369654032,0.919553392530062
p.Ala272Met,0.165084142190323,0.111993292196512,0.0530908499938112,0.277077434386835
p.His374Thr,0.889380020894992,0.0984530870676564,0.790926933827335,0.987833107962648
p.Met450Ter,0.0196058242094473,0.139311197157415,-0.119705372947967,0.158917021366862
p.Gly204Thr,1.30847117535764,0.11178480854996,1.4202559839076,1.19668636680768
p.Asp350Gln,1.27270963503638,0.124391459445425,1.39710109448181,1.14831817559096
p.His27Gly,1.03156958961099,0.120268873222012,1.151838462833,0.911300716388977
p.Leu495Met,1.01931974891517,0.0613692968445969,1.08068904575977,0.957950452070576
p.Val259Ile,1.19505373491457,0.0183014846875,1.17675225022707,1.21335521960207
p.Met37Thr,0.468032840712279,0.0072409739396404,0.475273814651919,0.460791866772638
p.Val208Arg,-0.0653048775574089,0.0060357867549699,-0.0713406643123788,-0.059269090802439
p.Arg330Pro,1.28866743287466,0.327838415275415,1.61650584815008,0.96082901759925
p.Ala335Met,0.492218819051966,0.101770487817813,0.390448331234153,0.593989306869779
p.Ile187Gln,0.644864983959037,0.062200264414679,0.582664719544358,0.707065248373716
p.Glu274Ter,0.296427233609197,0.155788884323843,0.45221611793304,0.140638349285354
p.Glu63=,1.02144005455533,0.02133927525791,1.04277932981324,1.00010077929742
p.Ile480Ter,0.0267446073071066,0.0249060260231902,0.0516506333302968,0.0018385812839164
p.Arg182Tyr,1.152033629358,0.154470614114848,1.30650424347285,0.997563015243154
p.Asn105Ser,0.914922245247842,0.0895149898378785,1.00443723508572,0.825407255409963
p.Lys429=,1.03291570022871,0.0350784174039744,1.06799411763269,0.997837282824741
p.Leu422His,1.0410650761261,0.0244554525228799,1.06552052864898,1.01660962360322
p.Val400Asn,0.674578316953505,0.231678641966449,0.906256958919955,0.442899674987056
p.Asn397Phe,1.12842506938856,0.0909665459336899,1.21939161532225,1.03745852345487
p.Glu99Pro,0.325233245857877,0.0049461985166585,0.320287047341219,0.330179444374536
p.Arg357Gln,1.10755823291593,0.061898068453595,1.16945630136952,1.04566016446233
p.Asn426Leu,0.727009984191144,0.344389925937644,0.382620058253502,1.07139991012879
p.Ser281His,1.15746447693925,0.196371606249916,1.35383608318917,0.961092870689338
p.Lys408Ala,1.20537904363245,0.01191174280074,1.19346730083171,1.21729078643319
p.Lys293Thr,1.11473033203014,0.258960129961754,1.3736904619919,0.855770202068392
p.Glu494Ser,0.942697296319297,0.0181414747489055,0.960838771068203,0.924555821570392
p.Ile80Ala,0.548674252469921,0.102915350973799,0.445758901496122,0.651589603443721
p.Asp42Ser,1.04728485665323,0.0568543963468035,1.10413925300003,0.990430460306423
p.Ser455Thr,1.05920630720645,0.167632128155104,1.22683843536155,0.891574179051342
p.Ala78Trp,0.99218573112667,0.0337220200684499,1.02590775119512,0.95846371105822
p.Gly69Ala,0.871708281069589,0.0459965178111649,0.917704798880754,0.825711763258424
p.Gln384Leu,0.967341733501911,0.0797250140547075,0.887616719447205,1.04706674755662
p.Arg454His,1.10478173666016,0.384587519337944,1.48936925599811,0.720194217322221
p.Gly488Leu,0.107939354090545,0.082652180953842,0.0252871731367029,0.190591535044387
p.Lys408Ser,1.09405069844031,0.02048362935954,1.07356706908077,1.11453432779985
p.Glu419Cys,1.08980252670244,0.08465958870955,1.17446211541199,1.00514293799289
p.Gly310Gln,0.883113724306191,0.100451262651553,0.782662461654638,0.983564986957745
p.Val298Gln,0.604877669905243,0.0719426063506114,0.676820276255854,0.532935063554631
p.Ser157Ter,0.105398573925351,0.115891993320452,0.221290567245803,-0.0104934193951016
p.Glu148Ala,1.04533116460738,0.0151174153466899,1.06044857995407,1.03021374926069
p.Lys429Gly,1.13406516360591,0.032910377945065,1.16697554155098,1.10115478566085
p.Tyr70Pro,-0.0009257378113673,0.119906485321291,-0.120832223132658,0.118980747509924
p.Phe221Asp,0.161821115492691,0.114675023862082,0.276496139354773,0.0471460916306086
p.Lys429Glu,0.964160214963196,NA,NA,0.964160214963196
p.Glu244Tyr,1.06210785437116,0.0487867288683849,1.11089458323955,1.01332112550278
p.Trp509Cys,0.997836920439526,0.013542886668913,0.984294033770614,1.01137980710844
p.Thr145Phe,1.08632994831252,0.06290109640038,1.1492310447129,1.02342885191214
p.Leu7Cys,0.851194107912327,0.142588323073104,0.708605784839223,0.993782430985431
p.Lys45Pro,0.444155690728491,0.0458475590493095,0.4900032497778,0.398308131679181
p.Gln372Ala,1.03138916588815,0.0337701825053034,1.06515934839346,0.997618983382853
p.Glu494Val,1.05707877383469,0.05232715151039,1.10940592534508,1.0047516223243
p.Gly110Asn,0.544221367131153,0.20102265759222,0.745244024723373,0.343198709538933
p.Lys290Trp,0.567545753058787,0.0342569418978614,0.601802694956649,0.533288811160926
p.Leu60Tyr,0.95151311741075,0.0338100643973805,0.98532318180813,0.917703053013369
p.Val68=,1.00565046714979,0.115600676630066,0.890049790519728,1.12125114377986
p.Asp228Ile,0.953969817773372,0.0403447695605175,0.994314587333889,0.913625048212854
p.Gly488Cys,0.776704537195107,0.0679313679903489,0.844635905185456,0.708773169204758
p.Ala44Gly,0.588465805171496,0.178374621524856,0.766840426696352,0.41009118364664
p.Gln11Ter,0.270419608972404,0.11179730670007,0.158622302272334,0.382216915672475
p.Met411Ile,1.06180567391676,0.0005974219901899,1.06240309590695,1.06120825192657
p.Lys82Arg,1.02494401996774,0.051240443562712,1.07618446353045,0.973703576405026
p.Leu422Val,1.22748268976287,0.17731429877326,1.40479698853613,1.05016839098961
p.Arg120Asp,1.057288509728,0.141550059283842,1.19883856901184,0.915738450444155
p.Arg246Lys,1.19700763158085,0.0807220552599149,1.27772968684076,1.11628557632093
p.Gly378Pro,1.21094981626109,0.08412595783116,1.29507577409225,1.12682385842993
p.Val291His,0.330445837148473,0.055130813332781,0.385576650481254,0.275315023815692
p.Lys386Val,1.02575186381277,0.0526080864430715,0.973143777369697,1.07835995025584
p.Tyr507Met,1.09491475967992,0.075408988691335,1.17032374837126,1.01950577098859
p.Lys171Met,0.838225301462802,0.0075660577754175,0.845791359238219,0.830659243687384
p.Asp181Val,1.17638347103313,0.343150785975977,1.5195342570091,0.833232685057146
p.Leu214His,1.08889138203052,0.034797958021745,1.12368934005226,1.05409342400877
p.Trp225Gln,0.0831586871177984,0.0204178120226037,0.0627408750951944,0.103576499140402
p.Ala6Ser,1.06297113000583,0.0536340574244,1.00933707258143,1.11660518743023
p.His470Thr,1.04000516250918,0.055998469656363,1.09600363216554,0.984006692852814
p.Ala127=,0.685749039607407,0.260948656736429,0.424800382870978,0.946697696343837
p.Lys152Asp,1.07567265250133,0.06269273479072,1.13836538729205,1.01297991771061
p.Glu93Ser,0.926359738156487,0.0542214289829814,0.872138309173506,0.980581167139469
p.Tyr507Cys,1.07367426739282,0.06020738681838,1.1338816542112,1.01346688057444
p.Ala461Gly,1.13881116720331,0.0670866353712449,1.20589780257455,1.07172453183206
p.Trp53Tyr,0.844158855043947,0.020928527932831,0.823230327111116,0.865087382976778
p.Cys446Thr,0.796745441214786,0.018933481279831,0.777811959934955,0.815678922494617
p.Ile199Asp,-0.0055819209891691,0.0146491139327862,0.0090671929436171,-0.0202310349219554
p.Pro50Val,0.123847171485998,0.0430678194687044,0.0807793520172932,0.166914990954702
p.Phe56Ala,0.295136671362365,0.092434148847207,0.202702522515158,0.387570820209572
p.Pro50Gln,0.631572998671304,0.146225181269309,0.777798179940613,0.485347817401995
p.Leu137Trp,0.120010736841729,0.0303126786025154,0.0896980582392141,0.150323415444245
p.Lys407Ter,-0.015999076230235,0.0099683247127649,-0.00603075151747,-0.0259674009429999
p.Ala367Ter,-0.0194743101338726,0.020402549991203,0.0009282398573304,-0.0398768601250757
p.Met212Cys,1.04473711623898,0.123408787373518,1.1681459036125,0.921328328865464
p.Ser106His,1.00574898646478,0.280822075446587,1.28657106191137,0.724926911018196
p.Val453Ser,1.22343817897096,0.14023426635853,1.36367244532949,1.08320391261243
p.Val150Asp,0.094876130007842,0.0700698689549752,0.0248062610528666,0.164945998962817
p.Arg192Lys,0.966811152996517,0.032023627734823,0.99883478073134,0.934787525261694
p.Phe452Arg,0.0875615232384815,0.0680892889078956,0.155650812146377,0.0194722343305856
p.Cys446Lys,0.448141005463826,0.154640464579828,0.602781470043654,0.293500540883998
p.Ile162Gln,0.669455240325952,0.335662502791238,0.333792737534714,1.00511774311719
p.Asn165Trp,-0.0174328723262597,0.101309002519148,-0.118741874845407,0.0838761301928881
p.Cys158Thr,1.04772832508151,0.151330795524437,1.19905912060595,0.896397529557076
p.Ile355Asn,0.106638502136182,0.0294737409510685,0.13611224308725,0.077164761185113
p.Pro353Thr,0.0120635210527862,0.0652549666308056,-0.0531914455780194,0.0773184876835919
p.Asp286Leu,0.839438948179992,0.002481904046772,0.83695704413322,0.841920852226764
p.Asp493Ser,1.09243040148321,0.108376850787765,1.20080725227098,0.984053550695451
p.Val340Gly,1.18201942094425,0.191481282189415,1.37350070313367,0.99053813875484
p.Glu457Arg,0.930624036031224,0.608556386418883,1.53918042245011,0.322067649612343
p.Leu190His,0.983616105992739,0.0326653558789125,1.01628146187165,0.950950750113825
p.Asp443Phe,0.372910424421176,0.000388775117358,0.372521649303818,0.373299199538534
p.Tyr343Phe,0.940767791514175,0.0560367506023745,0.996804542116549,0.8847310409118
p.Arg463Ile,0.0124213935154593,0.0290583056214967,-0.0166369121060374,0.041479699136956
p.Arg330Phe,1.09349636064351,0.061977309967515,1.15547367061103,1.031519050676
p.Leu433=,1.09119839740277,0.081154426214865,1.17235282361763,1.0100439711879
p.Pro312His,0.703274376059485,0.18923462139192,0.514039754667564,0.892508997451405
p.Asp324Pro,0.131051148843791,0.0959453224280306,0.226996471271821,0.0351058264157596
p.Gly204Ser,1.1947654874425,0.0542979769778999,1.2490634644204,1.1404675104646
p.Val431Thr,1.05551875553779,0.01500704948286,1.07052580502065,1.04051170605493
p.Ala103Phe,0.787671022824639,0.145557150711497,0.642113872113141,0.933228173536136
p.Asn346Ter,-0.111515327260955,0.089773245371378,-0.201288572632333,-0.021742081889577
p.Asp58Trp,0.893986379579492,0.0498351997028345,0.844151179876658,0.943821579282327
p.Gly359Arg,0.0797547165351365,0.0160410741462419,0.0637136423888945,0.0957957906813785
p.Glu417Trp,1.19404648826826,0.169503646108,1.36355013437626,1.02454284216026
p.Asp100Ser,1.10185202566376,0.141172673755235,1.243024699419,0.960679351908529
p.Gly222Ter,-0.0542945605341697,0.0395112853840676,-0.0938058459182374,-0.014783275150102
p.Ser117=,1.07499423818211,0.157709662292057,0.917284575890055,1.23270390047417
p.Ala339Asn,0.890158875067174,0.0572857313339815,0.832873143733193,0.947444606401156
p.Met212Ala,0.596138209606804,0.0637855999318884,0.659923809538693,0.532352609674916
p.Phe337Ala,0.914877558921906,0.147331155430932,1.06220871435284,0.767546403490976
p.His382Gln,0.895310581199069,0.004649426884339,0.89066115431473,0.899960008083408
p.Asn311Trp,0.953560682578867,0.0744770449110709,1.02803772748994,0.879083637667798
p.Ser332Pro,0.114171604425717,0.0177572658809534,0.13192887030667,0.0964143385447631
p.Cys13Gly,0.673232099402318,0.122157162533716,0.551074936868602,0.795389261936034
p.Arg439Ala,1.25589594682735,0.09774749570641,1.35364344253376,1.15814845112094
p.Thr402Ter,-0.092647750812388,0.049290195371162,-0.14193794618355,-0.0433575554412259
p.Phe381Ter,-0.0670481477266941,0.0553073977594269,-0.122355545486121,-0.011740749967267
p.Leu495Ser,0.243844555570548,0.15769135049776,0.401535906068308,0.0861532050727879
p.Phe138Gln,-0.0059373317265644,0.117056325393637,-0.122993657120202,0.111118993667073
p.Lys97Gln,1.3434294400945,0.29936793013989,1.64279737023439,1.04406150995461
p.Asp379Met,1.0051335475019,0.063631488685912,0.941502058815986,1.06876503618781
p.Val340Asp,0.695698080978701,0.29962156353317,0.995319644511871,0.396076517445531
p.Thr336Cys,0.318487501207099,0.2503133813282,0.568800882535299,0.0681741198788993
p.Arg463Pro,-0.0966892431609841,0.125393323814509,-0.222082566975493,0.0287040806535251
p.Glu475Pro,0.652534418318491,0.01078586283228,0.663320281150771,0.641748555486211
p.Phe373Val,0.299573081793639,0.0702073275838024,0.369780409377442,0.229365754209837
p.Leu177=,0.860461835348601,NA,NA,0.860461835348601
p.Phe216His,0.426779112403784,0.368561323309963,0.0582177890938213,0.795340435713747
p.Gln395=,1.09463179011978,0.0439755639169949,1.13860735403678,1.05065622620279
p.Ala127Phe,0.955454554639233,0.07511905355355,1.03057360819278,0.88033550108568
p.Arg487His,1.19016152585043,0.07564165691035,1.26580318276078,1.11451986894008
p.Arg192Tyr,0.940258993830091,0.022344404201441,0.962603398031532,0.91791458962865
p.Ala2Asn,1.12054801271008,0.0847264908126099,1.20527450352269,1.03582152189747
p.Arg192Glu,0.882562830348779,0.104613237146378,0.777949593202401,0.987176067495157
p.Gln209Arg,0.991262510986906,0.0350591410156854,1.02632165200259,0.956203369971219
p.Glu347Ter,-0.0941382850321849,0.0433652970104911,-0.137503582042676,-0.0507729880216937
p.Gln111Gly,0.760915759425898,0.148960642348205,0.611955117077693,0.909876401774103
p.Asp194Trp,0.731371135523055,0.063538295714317,0.794909431237372,0.667832839808738
p.Trp349Glu,0.364252115316893,0.0997693654203464,0.464021480737239,0.264482749896546
p.Phe381Ala,0.394622990270487,0.202996822760481,0.597619813030968,0.191626167510006
p.Asp283=,0.626184900431276,0.313906191913806,0.312278708517469,0.940091092345082
p.Val352Met,0.509424956797463,0.0030348335209114,0.512459790318374,0.506390123276551
p.Gly23Met,1.22655609913601,0.0671579371933099,1.29371403632932,1.1593981619427
p.Leu440Val,1.18876435101454,0.03620980269713,1.22497415371167,1.15255454831741
p.Arg463Asp,0.237241999209021,0.129155022074729,0.36639702128375,0.108086977134293
p.Leu16Ter,0.0430921509623119,0.0632905935721921,0.106382744534504,-0.0201984426098804
p.Val340Ile,0.978135762180658,0.0560734967100209,1.03420925889068,0.922062265470638
p.Leu442His,0.871472154865765,0.0068897872368975,0.878361942102662,0.864582367628867
p.Pro467Ile,0.571064528495974,0.0315503220991789,0.602614850595153,0.539514206396795
p.Asp324Val,0.991718154361145,0.324024653290153,1.3157428076513,0.667693501070993
p.Leu214Pro,1.05909539889265,0.0735447858544034,1.13264018474706,0.985550613038253
p.Gln111Pro,0.777801431657585,0.133189600348364,0.644611831309221,0.910991032005949
p.Asn218Ser,0.629317647242751,0.242149671250467,0.871467318493219,0.387167975992284
p.Asp435=,0.957577422835895,0.0140821856463054,0.94349523718959,0.971659608482201
p.Glu347Met,0.924094537800493,0.0880850824359759,1.01217962023647,0.836009455364518
p.Glu419Tyr,1.0698820699783,0.0618205580462599,1.13170262802456,1.00806151193204
p.Glu63Thr,1.08609511280614,0.0020000632235549,1.0880951760297,1.08409504958259
p.Gln119Ser,1.04863749772822,0.0871902962483655,1.13582779397659,0.961447201479859
p.Lys508Arg,0.785299751993971,0.0777337409710409,0.70756601102293,0.863033492965012
p.Glu99Tyr,0.59937687184695,0.0251068562981964,0.574270015548753,0.624483728145146
p.Lys366Ala,1.03025441782547,0.0954027798299864,0.934851637995487,1.12565719765546
p.Gly447Ter,-0.0708033843006437,0.109581635272444,-0.180385019573088,0.0387782509718011
p.Ser8His,0.901624928686719,0.0789991739062364,0.822625754780482,0.980624102592955
p.Tyr139Pro,0.176904140301037,0.108701410173394,0.285605550474432,0.068202730127643
p.Ala39Pro,0.0661614952129552,0.101384667023546,-0.0352231718105907,0.167546162236501
p.Phe191Leu,0.761835857813568,0.088784036569678,0.850619894383246,0.67305182124389
p.Leu142Ser,1.04664382813396,0.0524685299668669,1.09911235810083,0.994175298167096
p.Gln195Pro,0.0205807971998204,0.0050452983704174,0.015535498829403,0.0256260955702379
p.Leu121Cys,0.32188194930924,0.209186423649391,0.531068372958631,0.112695525659849
p.Gln83Thr,1.00577067527159,0.081383959006153,1.08715463427774,0.924386716265434
p.Trp349Asn,0.326433950934663,0.0503531146865104,0.276080836248153,0.376787065621174
p.Asp200Gln,1.16700446940257,0.135497318844125,1.30250178824669,1.03150715055844
p.Pro92Arg,0.847159911665506,0.143062529444804,0.704097382220703,0.99022244111031
p.Ile67Arg,-0.028847686371906,0.119492544217658,-0.148340230589564,0.090644857845752
p.Tyr49Pro,-0.0234719004522679,0.121840396679148,-0.145312297131416,0.0983684962268806
p.Ser296Ala,0.845865005867718,0.169783031314311,0.676081974553408,1.01564803718203
p.Glu193Lys,0.702589129883307,0.108093665836159,0.810682795719467,0.594495464047148
p.Glu494Gln,0.883520937249058,0.085162659972259,0.798358277276799,0.968683597221317
p.Pro223His,1.12553434181459,0.0197124996592449,1.14524684147384,1.10582184215535
p.Lys360Glu,0.818738360898356,0.1097788079252,0.928517168823556,0.708959552973155
p.Gln307Val,0.666685209632492,0.0120368212121764,0.678722030844669,0.654648388420316
p.Pro477Gly,1.05618806195871,0.107603805864723,1.16379186782343,0.948584256093985
p.Val146Glu,0.988544808324698,0.0350136523621245,0.953531155962571,1.02355846068682
p.Ile224Phe,0.855158152477801,0.0972414597984529,0.952399612276254,0.757916692679348
p.Phe381Val,0.469214433837549,0.146110644933981,0.615325078771531,0.323103788903568
p.Arg17=,1.0280600331497,0.0443222456954135,0.983737787454283,1.07238227884511
p.Gly242Thr,0.983181888109931,0.10547371582269,1.08865560393262,0.87770817228724
p.Ile52Trp,0.319429333157894,0.116144304536443,0.435573637694337,0.203285028621451
p.Val499=,0.873122934758446,0.163441637559105,0.709681297199339,1.03656457231755
p.Cys269Ala,1.21779788125777,0.037260737366795,1.25505861862457,1.18053714389098
p.Glu3Asn,0.910573655721247,0.0290261746492984,0.881547481071949,0.939599830370546
p.Val291Ile,1.05978450935737,0.159986101382662,1.21977061074003,0.899798407974706
p.Gln384Met,1.10633312234369,0.129073767104619,1.23540688944831,0.977259355239072
p.Cys385Asp,0.74809328208741,0.074502563524393,0.822595845611803,0.673590718563017
p.Gly174=,1.0740460579798,0.010513163938405,1.06353289404139,1.0845592219182
p.Leu96Arg,1.00354546458456,0.03917019552574,0.96437526905882,1.0427156601103
p.Ser123Leu,1.0333978261475,0.0726969293011289,1.10609475544863,0.960700896846372
p.Phe102Arg,0.526092750686211,0.0765114458719524,0.449581304814258,0.602604196558163
p.Met207Phe,1.13466642244379,0.054284490622825,1.18895091306662,1.08038193182097
p.Gly247Lys,1.11555024955062,0.100470472707915,1.21602072225853,1.0150797768427
p.Pro240Asn,1.03362107668843,0.0772657973712045,1.11088687405963,0.956355279317221
p.Tyr70Ile,0.679908314141174,0.052626524345582,0.732534838486756,0.627281789795592
p.Gln178Thr,1.01490084768577,0.0071744596412149,1.00772638804455,1.02207530732698
p.Glu368Val,0.673281000659251,0.0771014339844135,0.750382434643664,0.596179566674837
p.Gly174Ile,0.948269306565873,0.108771508645679,1.05704081521155,0.839497797920192
p.Asn64Thr,0.972421416979608,0.0537679276775114,1.02618934465712,0.918653489302097
p.Pro481His,1.03616458958344,0.062855775660874,1.09902036524431,0.973308813922562
p.Val298Lys,0.442002029312522,0.0376566265353599,0.404345402777162,0.479658655847882
p.Tyr308Thr,0.0053735377947662,0.0007623406389645,0.0046111971558016,0.0061358784337307
p.Gly69Lys,-0.058963044449996,0.0487975106980957,-0.107760555148092,-0.0101655337519004
p.Pro479Tyr,0.266108608993248,0.0784806350309195,0.344589244024167,0.187627973962328
p.Glu504Met,0.83708263522292,0.002302830652105,0.834779804570815,0.839385465875025
p.Lys408Phe,1.00280284440925,0.028639932337086,0.974162912072168,1.03144277674634
p.Asn430Ala,1.06942248444137,0.065667146426645,1.13508963086801,1.00375533801472
p.Lys89Gly,0.914119712373047,0.0357383128712214,0.949858025244268,0.878381399501825
p.Cys13Met,0.750482809705596,0.276258145167455,0.47422466453814,1.02674095487305
p.His129Ser,0.784199142104923,0.174777372847993,0.60942176925693,0.958976514952917
p.Pro50Tyr,-0.0597712026678573,0.124558961971773,-0.18433016463963,0.0647877593039154
p.Ile15Ter,-0.0434911243930591,0.11851033997985,-0.162001464372909,0.0750192155867909
p.Arg104Glu,0.0931873006029016,0.0193376453991853,0.112524946002087,0.0738496552037163
p.Arg393Ter,-0.0557249074146227,0.0385583601473545,-0.0942832675619773,-0.0171665472672681
p.Gly314Leu,1.03640360037806,0.121747604631297,1.15815120500936,0.914655995746766
p.Asp228Thr,1.05124666997319,0.0690836886519715,1.12033035862516,0.982162981321217
p.Leu265Trp,0.68561160186333,0.144828108924798,0.830439710788128,0.540783492938532
p.Arg387Ser,1.14171784712396,0.191163400409509,1.33288124753347,0.950554446714452
p.Tyr428Val,1.10881394547271,0.0419161077237449,1.15073005319646,1.06689783774897
p.His27Asn,0.995840735951243,0.017908117108498,0.977932618842744,1.01374885305974
p.Pro86Leu,0.813069362260386,0.101624785055281,0.914694147315668,0.711444577205105
p.Phe445Gln,0.680616595656066,0.212467758427025,0.893084354083091,0.46814883722904
p.Asp493Leu,1.01888695158662,0.0546788946145264,0.964208056972097,1.07356584620115
p.Trp509Met,1.15190205457587,0.032202116273405,1.18410417084928,1.11969993830247
p.Asp435Glu,1.06628831427037,0.0182547307923349,1.04803358347804,1.08454304506271
p.Glu416Ile,0.823230264214963,0.169278226998922,0.992508491213885,0.653952037216041
p.Leu420Asp,0.766126613400207,0.195220273682742,0.961346887082948,0.570906339717465
p.Leu440His,1.13050436018682,0.04717476246068,1.1776791226475,1.08332959772614
p.Ser106Thr,0.991831461474704,0.0690668945329479,1.06089835600765,0.922764566941754
p.Glu297Met,1.09421244758072,0.17503767684027,1.26925012442099,0.919174770740451
p.Ala25Phe,1.03825249268216,0.0078251307800299,1.04607762346219,1.03042736190213
p.Tyr343Pro,0.189955760540792,0.0614992176766654,0.128456542864127,0.251454978217458
p.Asn122Lys,0.896733639855606,0.047643174279431,0.849090465576175,0.944376814135037
p.Pro434Asp,1.08938055203686,0.12487719140304,1.2142577434399,0.964503360633819
p.Met404Glu,0.786656902251849,0.21689467179359,1.00355157404544,0.569762230458259
p.Pro143=,0.945288394553355,0.0093728170967444,0.9546612116501,0.935915577456611
p.Met125Cys,1.0403350522187,0.0226314625849899,1.01770358963371,1.06296651480369
p.Pro223Ser,1.19619697053626,0.007253608890735,1.203450579427,1.18894336164553
p.Gln383Ile,0.837890475834593,0.0036929147420109,0.834197561092582,0.841583390576604
p.Ser448Thr,1.20535590512374,0.10746728978666,1.3128231949104,1.09788861533708
p.Asn210Arg,1.07835300869221,0.0213602493972899,1.0997132580895,1.05699275929492
p.Ala231Glu,1.01631220969739,0.0808709166424664,1.09718312633985,0.935441293054917
p.Glu170Gln,1.11490401044776,0.002794329547735,1.11210968090003,1.1176983399955
p.Arg182Ter,-0.0829321613942047,0.0445451028170724,-0.127477264211277,-0.038387058577132
p.Ser40Glu,0.842234740828811,0.0188803434099244,0.823354397418887,0.861115084238736
p.Val169=,0.929246826751906,0.142824918238505,0.7864219085134,1.07207174499041
p.Met125Ser,0.545862534641595,0.0255408022149399,0.520321732426655,0.571403336856535
p.Ser84Asp,0.433457959129573,0.033650970641314,0.467108929770887,0.399806988488259
p.Ile255Gln,1.00441216671533,0.063239598220871,1.0676517649362,0.941172568494458
p.Ser40Phe,0.78183100325649,0.0051668869575615,0.776664116298929,0.786997890214052
p.Thr51Ile,0.897743309401408,0.0283410399575914,0.869402269443816,0.926084349358999
p.Ile234Gln,1.20715902343913,0.10034167489807,1.3075006983372,1.10681734854106
p.Leu468Ter,0.0339681937592714,0.0285614524038193,0.0625296461630907,0.005406741355452
p.Leu235=,1.09435362694989,0.040772911145155,1.13512653809504,1.05358071580473
p.Tyr482Leu,0.115415867927932,0.014295602186167,0.129711470114099,0.101120265741765
p.Asp258Ser,1.09993132339933,0.0756665226805899,1.17559784607992,1.02426480071874
p.Asp100Gln,1.24127987023789,0.0666714975998249,1.30795136783771,1.17460837263806
p.Thr279Asp,0.993810075334139,0.0971128371379115,1.09092291247205,0.896697238196227
p.Leu305Trp,0.820042690404347,0.107606474054745,0.927649164459092,0.712436216349601
p.Ser418Trp,0.931632097019961,0.064775920302634,0.866856176717327,0.996408017322595
p.Met450Arg,0.80508247309907,0.201174364974809,1.00625683807388,0.603908108124262
p.Gln502Thr,1.04936329169947,0.0793467303677429,1.12871002206721,0.970016561331724
p.Ala25Tyr,1.184971653638,0.15883188707862,1.34380354071662,1.02613976655938
p.Ala399Glu,1.28636974129672,0.0606573238109449,1.34702706510766,1.22571241748577
p.Arg330Ile,1.01580910281584,0.0200323026971805,1.03584140551302,0.995776800118659
p.Ile230Lys,0.462406787724508,0.251041730914978,0.713448518639486,0.211365056809529
p.Pro353Arg,0.0640139623992617,0.0469175147030654,0.110931477102327,0.0170964476961961
p.Asn229Ter,0.103550276614699,0.0799657975053461,0.183516074120045,0.0235844791093527
p.Pro481Gln,0.990362839456833,0.0700669202811864,1.06042975973802,0.920295919175647
p.Asn226Lys,0.926271695286649,0.032174447282407,0.958446142569056,0.894097248004242
p.Leu270Asn,1.12332197535491,0.0806392780966149,1.20396125345152,1.04268269725829
p.Met405Asn,1.26580352580548,0.254234157627365,1.52003768343285,1.01156936817812
p.Asn262Gln,1.16958515461969,0.032919517176025,1.20250467179571,1.13666563744366
p.Ser296Phe,0.683356195337505,0.0374765126251689,0.720832707962674,0.645879682712336
p.Cys13Asp,0.659758442484738,0.159071281813438,0.500687160671299,0.818829724298176
p.Thr319Tyr,1.08913479566053,0.191390063810002,1.28052485947053,0.897744731850526
p.His513Asp,1.06730232977734,0.06215360425223,1.12945593402957,1.00514872552511
p.Glu317Ala,1.07072947137556,0.169337473803344,1.2400669451789,0.901391997572212
p.Tyr507Lys,1.12566451230326,0.10694033730808,1.23260484961134,1.01872417499518
p.Phe241Cys,1.2416014422223,0.11911629262286,1.36071773484516,1.12248514959944
p.Asp113Met,0.846295914247453,0.103063542828244,0.949359457075697,0.743232371419208
p.Arg104Leu,0.823465549289141,0.0291547851670095,0.852620334456151,0.794310764122132
p.Tyr424Cys,1.19841319020944,0.079800773816275,1.27821396402571,1.11861241639316
p.Trp509Gly,1.10437099937503,0.0550184856889349,1.15938948506396,1.04935251368609
p.Phe138Tyr,0.979920113994437,0.0943033579849529,1.07422347197939,0.885616756009484
p.Asp379Glu,0.867880692655975,0.296096635760955,0.571784056895019,1.16397732841693
p.Leu270Ser,1.14431249447435,0.05680237695138,1.20111487142573,1.08751011752297
p.Met411Glu,1.19291540949402,0.0682746217595949,1.26119003125361,1.12464078773442
p.Ser188Met,1.04257457681828,0.0593130561214614,1.10188763293974,0.983261520696817
p.Ile230Met,0.655821840665069,0.0376683141751414,0.69349015484021,0.618153526489927
p.Ala141Ter,-0.0613646838861273,0.0737989741020816,-0.135163657988209,0.0124342902159542
p.Arg365Gly,1.0274257194099,0.144547199647864,1.17197291905776,0.882878519762031
p.Asn218Leu,-0.050230499413894,0.0529246159582872,-0.103155115372181,0.0026941165443934
p.Ala217Lys,0.574401789764475,0.244206987482993,0.818608777247468,0.330194802281482
p.Ser332Leu,0.131460686970592,0.118769236378279,0.250229923348871,0.0126914505923135
p.Asp194Gln,0.801851428795836,0.0644091371912385,0.737442291604597,0.866260565987074
p.Pro172=,0.909967046457094,0.0543852959507559,0.855581750506338,0.96435234240785
p.Phe34Gly,0.109818530069605,0.0249790442303195,0.0848394858392849,0.134797574299924
p.Glu297Ter,-0.0013536770726415,0.0196906987780077,0.0183370217053661,-0.0210443758506493
p.Pro353Phe,0.105045290415467,0.0087102971998785,0.0963349932155889,0.113755587615346
p.Thr402Lys,0.609780549524772,0.276890055590286,0.886670605115058,0.332890493934485
p.Glu494Leu,0.927243368529228,0.015131544821137,0.912111823708091,0.942374913350365
p.Pro477Ala,0.827498447920086,0.165247139151307,0.662251308768778,0.992745587071393
p.Asp42His,1.14566401358062,0.0981269095061649,1.24379092308678,1.04753710407445
p.Leu43His,1.0925617069666,0.0803366284918499,1.17289833545845,1.01222507847475
p.Val376Thr,1.18022967536286,0.10095121512314,1.281180890486,1.07927846023972
p.Lys238Ter,-0.0300540555266591,0.0724963099928807,-0.10255036551954,0.0424422544662215
p.Ala44Asn,0.0524600482385141,0.0609632605658848,-0.0085032123273708,0.113423308804399
p.Ser40=,1.05870276425506,0.032753826975465,1.09145659123053,1.0259489372796
p.Phe221Gln,0.397864038820141,0.231480826705291,0.629344865525432,0.16638321211485
p.Asn311Ter,-0.0364061239438667,0.0303186246194078,-0.0667247485632745,-0.0060874993244588
p.Ile52Thr,0.766648523929813,0.16957421142003,0.936222735349843,0.597074312509783
p.Leu96Asn,0.975047327640782,0.0239931940496649,0.951054133591117,0.999040521690447
p.Gly23Leu,1.30590320906806,0.0910621883514599,1.39696539741952,1.2148410207166
p.Asn511Tyr,1.11173068628669,0.01989081415255,1.13162150043924,1.09183987213414
p.Ala461Val,1.08027870371026,0.146914694422965,1.22719339813322,0.933364009287289
p.Gln307Ser,0.574500141707665,0.0126391123548589,0.561861029352806,0.587139254062524
p.Pro223Thr,1.17652297056633,0.01853885048649,1.19506182105282,1.15798412007984
p.Phe216Ala,0.84534709405028,0.11459237983432,0.9599394738846,0.73075471421596
p.Val213Trp,0.825714001277948,0.0757350473065595,0.749978953971389,0.901449048584508
p.Gln161Ala,1.07428954148775,0.0030755254638999,1.07121401602385,1.07736506695165
p.Met267Gln,0.882850845328806,0.166922334958146,0.715928510370659,1.04977318028695
p.Gly247=,1.02073900313452,0.007790936495905,1.01294806663861,1.02852993963042
p.Asn511Asp,1.02030482520481,0.009322218922265,1.02962704412707,1.01098260628254
p.Gly23His,1.24354021985425,0.0732582615707899,1.31679848142504,1.17028195828346
p.Thr333Cys,0.810979636451115,0.224423261764287,0.586556374686826,1.0354028982154
p.Glu287Pro,0.122671358370574,0.0088553813799364,0.113815976990638,0.131526739750511
p.Asn185Thr,0.977419063694569,0.0530102845991705,0.924408779095399,1.03042934829374
p.Leu61Phe,0.881320779361414,0.056528173319103,0.937848952680517,0.824792606042311
p.Gln28Ile,1.06250625381416,0.181486416371431,1.24399267018559,0.881019837442727
p.Ala492Glu,0.998839295054171,0.0921622934238184,1.09100158847799,0.906677001630353
p.Glu417Thr,1.17278139465184,0.09498161081459,1.26776300546643,1.07779978383725
p.Thr406Lys,1.05656238885462,0.13077679626878,1.1873391851234,0.92578559258584
p.Ala377Met,1.14418947209886,0.11152500475342,1.25571447685228,1.03266446734544
p.Glu473Pro,0.661996519873804,0.0457677345470149,0.616228785326789,0.707764254420819
p.Leu128=,0.930730122516201,0.111086961904907,0.819643160611296,1.04181708442111
p.Asp181His,0.841971177503176,0.0984601738776729,0.743511003625503,0.940431351380849
p.Met207Glu,1.06073560522997,0.06485521932859,1.12559082455856,0.99588038590138
p.Ser84Arg,0.27858171635515,0.024936286560161,0.253645429794989,0.303518002915311
p.Leu137Phe,0.979291838972255,0.284733964620866,1.26402580359312,0.694557874351387
p.His263Trp,1.21749741173244,0.01042693524123,1.20707047649121,1.22792434697367
p.Val400Met,1.22467489763008,0.168949060497305,1.39362395812738,1.05572583713277
p.Arg136=,0.728809326304069,0.224906449836403,0.503902876467666,0.953715776140472
p.Tyr401Trp,0.946928546061591,0.13712342054396,0.80980512551763,1.08405196660555
p.His186Val,1.01999775729214,0.0622114284756785,1.08220918576782,0.957786328816463
p.Lys152Glu,0.949976262877682,0.0924887390042559,0.857487523873428,1.04246500188194
p.Lys366Trp,0.809169117788054,0.129803534277079,0.938972652065132,0.679365583510975
p.Gln133Asn,0.744573112391232,0.16283483388978,0.581738278501452,0.907407946281012
p.Phe373=,1.22425641561149,0.188339697943295,1.41259611355479,1.0359167176682
p.Glu99Ser,1.04065052136508,0.119946894009492,1.16059741537457,0.920703627355585
p.Ala134Cys,1.12137635300343,0.0224745783329249,1.14385093133636,1.09890177467051
p.Leu235Val,0.906905776018277,0.0369039490538015,0.870001826964475,0.943809725072078
p.Ser106Ile,0.95997985457543,0.0251487844550464,0.934831070120383,0.985128639030476
p.Leu60Ala,0.935620942221688,0.0366097823299009,0.899011159891787,0.972230724551589
p.Ile380=,0.993966575714312,0.148486972202888,1.1424535479172,0.845479603511424
p.Leu390Lys,0.131250725365242,0.0386765454872442,0.169927270852486,0.0925741798779974
p.Phe381Trp,0.974848700821592,0.0601477576918284,1.03499645851342,0.914700943129763
p.Ser189His,1.1492836259101,0.0916541520417599,1.24093777795186,1.05762947386834
p.Arg182Asp,1.03532562435624,0.0128678792252999,1.04819350358154,1.02245774513094
p.Gly110=,0.981607542156055,0.014215671634963,0.995823213791018,0.967391870521092
p.Ile380Tyr,1.18561976537004,0.0571954593400149,1.24281522471005,1.12842430603002
p.Leu60Glu,0.695736244289153,0.0996986723127475,0.7954349166019,0.596037571976405
p.Gly248Arg,1.20820502803174,0.120111590419075,1.32831661845082,1.08809343761267
p.Ile154Ala,0.469822711909161,0.164488844597044,0.634311556506205,0.305333867312117
p.Ser189=,1.06551500897342,0.129984958391329,1.19549996736475,0.935530050582091
p.Asp194Cys,0.773771362177374,0.0258411457511235,0.747930216426251,0.799612507928498
p.Met405Lys,0.814944810603302,0.133260249913418,0.94820506051672,0.681684560689884
p.Lys95=,0.901682298662826,0.125065945666036,0.776616352996788,1.02674824432886
p.Gln299His,1.08718978158057,0.138406014775986,1.22559579635656,0.948783766804587
p.Phe413Lys,0.83805094230048,0.0537752576945549,0.891826199995035,0.784275684605925
p.Lys478Glu,0.952953240794168,0.0091101213218885,0.94384311947228,0.962063362116057
p.Leu128Asp,0.121231944590547,0.0386440462062232,0.0825878983843235,0.15987599079677
p.Val12Thr,1.17360276793115,0.15573608596795,1.3293388538991,1.0178666819632
p.Phe241Asn,1.06934922658008,0.01800543263572,1.0873546592158,1.05134379394436
p.Gln83Asp,1.01864372437616,0.0578026338029834,1.07644635817914,0.960841090573173
p.Glu345Cys,0.914785281352757,0.0280941171899584,0.886691164162799,0.942879398542716
p.Glu170Ser,0.966518748602448,0.0050797763545875,0.96143897224786,0.971598524957035
p.Glu389Val,0.60209209779799,0.0056511292028625,0.607743227000853,0.596440968595128
p.Val259Pro,0.951542450392416,0.0240044533211225,0.975546903713539,0.927537997071294
p.Val233Glu,0.117520723680922,0.107514634054964,0.0100060896259581,0.225035357735887
p.Ile199Met,0.876002308116732,0.161152165739849,0.714850142376883,1.03715447385658
p.Ser29Gln,1.14139097233738,0.11383678569089,1.25522775802827,1.02755418664649
p.Ala2Met,1.08824078375737,0.144670599144639,1.23291138290201,0.943570184612732
p.Pro353Ile,0.356934970909006,0.0490270696089389,0.405962040517945,0.307907901300067
p.Asn126Phe,0.626342215455804,0.0898654333714209,0.536476782084383,0.716207648827225
p.Val284Phe,1.26640893535953,0.10826602668032,1.37467496203985,1.15814290867921
p.Thr319=,1.17233837193586,0.154205743404555,1.32654411534041,1.0181326285313
p.Gly131Trp,0.794845111180183,0.125801186396052,0.920646297576235,0.66904392478413
p.Glu398Gly,1.14968875890859,0.0686637878939849,1.21835254680258,1.08102497101461
p.Ser418Gly,1.11259651167195,0.10018442036805,1.0124120913039,1.21278093204
p.Asn430His,1.0534228877425,0.0534338536397309,0.999989034102768,1.10685674138223
p.Thr506=,1.0503101613742,0.0878768205034229,1.13818698187762,0.962433340870774
p.Glu398Tyr,1.1523122791713,0.0844710365230899,1.23678331569439,1.06784124264821
p.Asp282Tyr,0.917275754454659,0.101486768536679,1.01876252299134,0.815788985917982
p.Leu270Tyr,1.16853461893642,0.0523083309655699,1.11622628797085,1.22084294990199
p.Pro240Thr,1.1912730512828,0.211619757665992,1.40289280894879,0.979653293616805
p.Phe381Gln,0.352778329286204,0.154949004385185,0.507727333671389,0.197829324901019
p.Asp194Tyr,0.670541653663183,0.0446412507959604,0.625900402867223,0.715182904459144
p.Phe173Glu,0.628330530347785,0.284851356080646,0.913181886428431,0.343479174267139
p.Lys46Asp,0.451737155355444,0.007416413287013,0.444320742068431,0.459153568642457
p.Val341Ile,0.97509511997883,0.0339469561622199,0.94114816381661,1.00904207614105
p.Met37Val,1.05750747942901,0.0134091639906449,1.04409831543836,1.07091664341965
p.Val376Tyr,1.21454697217673,0.144795347626065,1.35934231980279,1.06975162455066
p.Asp100Glu,0.256683244530347,0.353549555734436,-0.0968663112040891,0.610232800264783
p.Arg498Phe,0.884617313442603,0.0078579608054075,0.89247527424801,0.876759352637195
p.Ala39Gln,0.0685360228866951,0.066254648124981,0.0022813747617139,0.134790671011676
p.Asp228His,1.22011102644299,0.150296310803245,1.37040733724624,1.06981471563975
p.Ala492Arg,0.13256645304058,0.0793316962975981,0.0532347567429816,0.211898149338178
p.Asn311Gly,0.895721565178336,0.038601929909702,0.934323495088038,0.857119635268634
p.Arg439His,1.12965263182041,0.0492330211889049,1.17888565300931,1.0804196106315
p.Val376Gln,1.14144619958015,0.0053345214907949,1.13611167808936,1.14678072107095
p.Asp258Pro,0.0505213107190779,0.0712302417031589,0.121751552422237,-0.0207089309840809
p.Gln502Asn,1.02654610206908,0.0861770700008445,1.11272317206993,0.940369032068241
p.Lys275Leu,1.01296022224161,0.0799672225021025,1.09292744474371,0.932992999739505
p.Leu474Thr,1.10862676240374,0.002243237487885,1.11086999989162,1.10638352491585
p.Ala300Cys,0.987478503314533,0.142967897419839,0.844510605894692,1.13044640073437
p.Gly351Tyr,0.0870915754040372,0.0260392112512959,0.0610523641527411,0.113130786655333
p.Gln161Trp,0.960134367844324,0.084933541014927,1.04506790885925,0.875200826829396
p.Phe21Ter,-0.114910849795418,0.0743817129162892,-0.189292562711707,-0.0405291368791284
p.Ala116Asn,0.99181998920079,0.044548588830358,0.947271400370434,1.03636857803115
p.Cys232Met,0.840291773323136,0.292400638290206,1.13269241161334,0.547891135032928
p.Phe216Val,0.464694161288088,0.0910689916680619,0.55576315295615,0.373625169620026
p.Leu440Phe,0.992451027499861,0.0828111970405189,1.07526222454038,0.909639830459342
p.Lys97His,0.769993030387732,0.0318424305968785,0.801835460984611,0.738150599790854
p.Gln111Arg,0.923227508051353,0.0651907143946214,0.858036793656732,0.988418222445975
p.Tyr202Met,1.20519251101404,0.092625961738045,1.29781847275209,1.112566549276
p.Gln384Ile,1.03610704503657,0.0426298398297825,1.07873688486635,0.993477205206785
p.His451Gln,1.03265387077102,0.006347288344835,1.02630658242619,1.03900115911586
p.Lys171Pro,1.15775006114211,0.07552784708573,1.23327790822784,1.08222221405638
p.Asn185Leu,0.922631937160521,0.122753365214679,0.799878571945842,1.0453853023752
p.Arg9His,0.980194641774097,0.0183100194744619,0.961884622299635,0.998504661248559
p.Lys288=,1.0463388903418,0.025043186256355,1.07138207659815,1.02129570408544
p.Thr402Gly,1.10547039756776,0.0600530404366399,1.1655234380044,1.04541735713112
p.Glu206Phe,0.886480182829863,0.012230560676043,0.898710743505906,0.87424962215382
p.Tyr139Ser,0.402454940926254,0.210697742418111,0.613152683344365,0.191757198508143
p.Thr327Gly,1.1489298361518,0.034296455838185,1.18322629198999,1.11463338031362
p.His201Trp,1.08895554399187,0.0700143148186599,1.15896985881053,1.01894122917321
p.Tyr112Thr,0.728327126480969,0.204119966775425,0.524207159705544,0.932447093256394
p.Met125Leu,1.21713349214567,0.137074673803575,1.35420816594924,1.08005881834209
p.His451=,1.10719550253547,0.0163085640886699,1.12350406662414,1.0908869384468
p.Cys269Glu,0.993059932769944,0.043531272531365,0.94952866023858,1.03659120530131
p.Ala338Gly,0.982329647607616,0.102089047610623,0.880240599996993,1.08441869521824
p.His201Met,0.898041271279307,0.069143086078019,0.967184357357326,0.828898185201288
p.Ala141Met,0.449001946280199,0.106943832509838,0.342058113770361,0.555945778790037
p.Ile295Thr,1.07824315184546,0.00267882394228,1.08092197578774,1.07556432790318
p.Leu265Phe,0.760129953584229,0.138272184447111,0.621857769137118,0.898402138031341
p.Thr402Ile,1.03037768599339,0.0558663583841635,1.08624404437755,0.974511327609223
p.Met450Ile,0.953333064461335,0.030439449652271,0.922893614809064,0.983772514113606
p.Ala25Trp,1.00418825939913,0.0347996633474369,0.969388596051696,1.03898792274657
p.Gln384Asp,1.00259392990643,0.0485524837411645,1.05114641364759,0.954041446165261
p.Ala338Arg,0.175534786129403,0.100268238846191,0.275803024975594,0.0752665472832117
p.Lys82Ter,0.0454503774920531,0.0116059253767252,0.0570563028687783,0.0338444521153279
p.Val68Tyr,0.413259675976615,0.131268617792725,0.54452829376934,0.28199105818389
p.Ser189Ter,0.0172175697805905,0.0413769096545923,-0.0241593398740019,0.0585944794351828
p.Asp58Ter,-0.0018405239370881,0.004471387990316,-0.0063119119274042,0.002630864053228
p.Phe21Cys,1.01157093258943,0.155601876360036,1.16717280894947,0.855969056229397
p.Leu61Ile,0.884022498827068,0.0483249380890224,0.835697560738045,0.93234743691609
p.Lys403Asp,0.796724881285863,0.159940683478522,0.956665564764385,0.636784197807341
p.Asp258Asn,0.874790251825364,0.148305301159046,0.726484950666317,1.02309555298441
p.Ser486Ala,1.01863958101602,0.170222829546721,1.18886241056274,0.848416751469297
p.Ala78Lys,1.00808985127472,0.0347246756175764,1.0428145268923,0.973365175657147
p.Asn165Val,0.799777202913004,0.0013704913461289,0.798406711566875,0.801147694259133
p.Leu183Asn,0.986306266128027,0.104247916438355,1.09055418256638,0.882058349689671
p.Glu398Asp,1.20618445892588,0.022508561972665,1.22869302089855,1.18367589695322
p.Lys82Trp,0.828401675881059,0.078379633233044,0.906781309114103,0.750022042648015
p.His263Glu,1.30584614140079,0.0157652806641749,1.32161142206497,1.29008086073662
p.Pro62Gly,0.804262614231899,0.0022294721724175,0.802033142059482,0.806492086404317
p.Leu20Ala,1.12949519148136,0.152243363120564,1.28173855460192,0.977251828360792
p.Glu63Gln,0.878624894645146,0.0756886748100559,0.954313569455202,0.80293621983509
p.His451Glu,1.07889073120374,0.07383332315776,1.1527240543615,1.00505740804598
p.Pro92Asp,1.04885861654665,0.0236921114652899,1.07255072801194,1.02516650508136
p.Ser179Tyr,0.656378074727381,0.0496400271686209,0.60673804755876,0.706018101896002
p.Pro415Lys,0.766015192183525,0.0077293025580325,0.758285889625492,0.773744494741557
p.Ile199Val,0.95707339237362,0.0160839146125779,0.940989477761042,0.973157306986198
p.Gly248Ter,0.163488736759724,0.0663423803384146,0.229831117098139,0.0971463564213096
p.Pro86Phe,0.904115688767628,0.116835417357904,1.02095110612553,0.787280271409721
p.Asp435Lys,1.05735953261444,0.168561164197587,1.22592069681203,0.888798368416856
p.Lys45Ala,1.08640632802915,0.0320813332923449,1.11848766132149,1.0543249947368
p.Asn153Asp,0.641516752466772,0.13620158863105,0.777718341097822,0.505315163835722
p.Ser180Met,0.481314229928772,0.123610834760971,0.357703395167801,0.604925064689743
p.Thr91Trp,0.686819713203845,0.057587899978136,0.629231813225709,0.744407613181981
p.Arg17Lys,0.94302509596604,0.005514092524005,0.948539188490045,0.937511003442035
p.His129Gly,0.825289535065738,0.237271951879553,0.588017583186183,1.06256148694529
p.Arg182Glu,1.1411025196347,0.02702128310447,1.16812380273917,1.11408123653023
p.Asn388Pro,0.968510997389811,0.0354099419582184,1.00392093934803,0.933101055431593
p.Lys89Glu,1.10513767572072,0.023262681619135,1.12840035733985,1.08187499410158
p.Arg136Ter,-0.106467958767619,0.0682781885956005,-0.17474614736322,-0.038189770172019
p.Asn280Glu,1.02369167534021,0.063151909979487,1.0868435853197,0.960539765360726
p.Val146Met,0.855317859834345,0.185626174266425,0.669691685567919,1.04094403410077
p.Leu422Ala,0.90926682565599,0.145653344144091,1.05492016980008,0.763613481511898
p.Asn226Gly,1.09268400758311,0.111569022224909,1.20425302980802,0.981114985358203
p.Gly245Arg,0.986376067721124,0.146610698622815,1.13298676634394,0.83976536909831
p.Asn262Gly,1.22815799229299,0.12277710287268,1.35093509516567,1.10538088942031
p.Leu235Gly,0.717240416618014,0.02624833960874,0.690992077009274,0.743488756226754
p.Thr65Asn,0.263659670215477,0.0864648632345519,0.177194806980925,0.350124533450029
p.Ile355Thr,0.0938876717096118,0.028757082788502,0.06513058892111,0.122644754498114
p.Tyr343Asp,0.419173841331092,0.0200979667937104,0.399075874537381,0.439271808124802
p.Val391Met,1.14996258890362,0.05385776473557,1.20382035363919,1.09610482416805
p.Asn165Glu,0.240153435001378,0.038599163218984,0.278752598220362,0.201554271782394
p.Ser179Cys,0.741520157492734,0.0815700105024759,0.659950146990258,0.82309016799521
p.Phe87Pro,0.237720764403228,0.168924434421076,0.406645198824304,0.068796329982152
p.Tyr308Ala,0.416259330797627,0.22169128130236,0.637950612099988,0.194568049495267
p.Gln4Gly,1.03422392683123,0.033328748964265,1.06755267579549,1.00089517786696
p.Tyr507=,0.920121744264362,0.0123697769152609,0.907751967349101,0.932491521179623
p.Asp324Lys,0.846084227734373,0.0820837751601989,0.928168002894572,0.764000452574174
p.Asp324Trp,0.756851733614225,0.0842238557974899,0.841075589411715,0.672627877816735
p.Met212Pro,0.4358773133355,0.123194260818411,0.312683052517089,0.559071574153912
p.Asp375Tyr,0.574547150604906,0.0428393316712444,0.617386482276151,0.531707818933662
p.Pro144Phe,1.12023123025773,0.099345024433335,1.21957625469106,1.02088620582439
p.Gly41His,1.20287364428678,0.241645684932971,1.44451932921975,0.961227959353807
p.Phe102Cys,0.393743274114857,0.0172202737255015,0.376523000389355,0.410963547840358
p.Val340Cys,1.03857620787294,0.0461442802186224,1.08472048809156,0.992431927654315
p.Asn229Tyr,0.690460266945328,0.174490919087225,0.864951186032553,0.515969347858104
p.Asp493Thr,1.10697259038729,0.0716770159441949,1.17864960633148,1.03529557444309
p.Leu440Ile,1.03276857942435,0.189529823835763,1.22229840326011,0.843238755588583
p.Thr406Tyr,1.2482679732663,0.05245460802375,1.30072258129005,1.19581336524255
p.Thr334Val,1.00358334118791,0.018878596378375,0.98470474480954,1.02246193756629
p.Leu362Cys,1.17326358978568,0.09055415054223,1.26381774032791,1.08270943924345
p.Ile230Thr,0.602420151943922,0.0450279390637055,0.557392212880216,0.647448091007627
p.Asn430Val,1.07665768784851,0.0015826788068249,1.07507500904168,1.07824036665533
p.Leu16Asp,0.9822410474147,0.0088865452304959,0.991127592645196,0.973354502184204
p.Pro240=,1.08702866331655,0.0754420968545199,1.16247076017107,1.01158656646203
p.Gly163Ile,0.100622772494177,0.203290762835225,-0.102667990341048,0.303913535329403
p.Arg285Glu,0.177976988670513,0.113810264299068,0.291787252969581,0.0641667243714448
p.Leu468Asn,0.0378713212913577,0.0262882606127617,0.0641595819041194,0.0115830606785959
p.Pro396Lys,0.825419820306857,0.10390326079249,0.929323081099347,0.721516559514367
p.Gly500Val,1.16824273865,0.0958441215586499,1.26408686020865,1.07239861709135
p.Lys238Asn,1.21787408604144,0.0856974351665798,1.30357152120802,1.13217665087486
p.Lys408Cys,1.18077309347021,0.0084185780758849,1.18919167154609,1.17235451539432
p.Asn388Gln,0.999915596211277,0.072169295670212,1.07208489188149,0.927746300541066
p.Arg175Trp,0.959577615096531,0.0123354601807469,0.971913075277278,0.947242154915784
p.Ile48Tyr,0.149493388746699,0.0607771063960398,0.210270495142739,0.0887162823506592
p.Trp164Ter,0.141507355822373,0.134254901733383,0.275762257555756,0.0072524540889896
p.Val352Ile,0.939399820678938,0.0246955340424399,0.964095354721378,0.914704286636498
p.Glu389Met,0.652293365139275,0.0710029896297769,0.581290375509498,0.723296354769052
p.Asp258Lys,0.868976404799085,0.139738360461104,1.00871476526019,0.729238044337981
p.Gly500Ter,1.4729294052387,0.150833688495745,1.62376309373444,1.32209571674295
p.Arg365Cys,0.876059686364014,0.136673744979567,0.739385941384445,1.01273343134358
p.Gly110Lys,0.0564360335425791,0.008374177948598,0.0480618555939811,0.0648102114911771
p.Pro481Lys,0.962853710375619,0.0702591942713805,1.033112904647,0.892594516104239
p.Asn301Trp,0.982803532950991,0.041952818399548,1.02475635135054,0.940850714551444
p.Asn122Thr,1.04613972843525,0.0560925731280205,1.10223230156327,0.990047155307229
p.Met37His,0.455624055389725,0.229547964647857,0.685172020037582,0.226076090741868
p.Ile220Arg,0.618013838146546,0.19317832381898,0.811192161965526,0.424835514327567
p.Arg459His,1.12546741807251,0.09836230960694,1.22382972767945,1.02710510846557
p.Val271Ser,0.575219151323486,0.0894465482867494,0.485772603036737,0.664665699610236
p.Val303Thr,1.04812202733754,0.107505824381166,1.15562785171871,0.940616202956377
p.Gly14Ala,1.11141291491262,0.10674261304921,1.21815552796183,1.00467030186341
p.Gly321His,0.762885476673797,0.0392855682229785,0.723599908450818,0.802171044896775
p.Ile162Asp,1.01308924626415,0.0324091269909205,0.980680119273229,1.04549837325507
p.Lys47Gly,0.841139741827719,0.0730835525617999,0.914223294389519,0.768056189265919
p.Pro223Trp,0.625906502534071,0.0494966466687559,0.576409855865315,0.675403149202827
p.Val298Leu,0.922399686284167,0.0477529637991219,0.874646722485045,0.970152650083289
p.Asn426Ala,1.24528484216197,0.0777941241289848,1.32307896629096,1.16749071803299
p.Tyr139Thr,0.599615535310467,0.074714134011489,0.674329669321956,0.524901401298978
p.Arg175Ile,0.993086212849636,0.0148887050725919,1.00797491792223,0.978197507777046
p.Leu128Cys,0.591731623376341,0.41290265571783,0.178828967658511,1.00463427909417
p.Phe412Lys,1.13225337602913,0.01257548158008,1.14482885760921,1.11967789444905
p.Ser189Arg,1.00321700051248,0.013079880098094,0.990137120414392,1.01629688061058
p.Pro62Ser,0.751791259585225,0.171170173810062,0.580621085775164,0.922961433395287
p.Pro489Thr,0.490137645188759,0.375107741653026,0.865245386841785,0.115029903535733
p.Asn301=,1.09281692067341,0.0192582393462299,1.11207516001964,1.07355868132718
p.Glu473Lys,0.384094381166742,0.371606850607338,0.0124875305594044,0.75570123177408
p.Leu265Ala,0.959100064312909,0.109526814380653,1.06862687869356,0.849573249932253
p.Lys408Arg,1.08948617318352,0.01966589813309,1.06982027505043,1.10915207131661
p.Leu43Ter,0.0208201430515961,0.0149321824837328,0.035752325535329,0.0058879605678632
p.Val5Ter,1.07019272491406,0.0744834541165975,1.14467617903066,0.995709270797465
p.Arg215Ser,0.254099970168009,0.159361205307133,0.413461175475142,0.0947387648608759
p.Asp30Ser,0.938661233542342,0.0389564707006465,0.977617704242988,0.899704762841695
p.Glu193=,1.06368084596796,0.0022943923855849,1.06597523835355,1.06138645358238
p.Lys478Asn,1.01228381675598,0.0767773188206065,0.935506497935377,1.08906113557659
p.Leu190Thr,0.969414057274741,0.12821562302554,1.09762968030028,0.841198434249199
p.Ile52Glu,0.0424070267444672,0.102663291786576,-0.0602562650421082,0.145070318531043
p.Lys47=,0.974795234833759,0.0515695044289594,0.923225730404801,1.02636473926272
p.Met159Ile,1.04330379449654,0.121027028314633,1.16433082281117,0.922276766181903
p.Asp325Arg,0.808110593695482,0.0318189841779475,0.839929577873429,0.776291609517534
p.Glu491Met,0.947269609971716,0.067503270601863,1.01477288057358,0.879766339369854
p.Val291Cys,1.11758523572512,0.023551771310895,1.09403346441422,1.14113700703601
p.Gln299Ser,0.675131986394716,0.343002797820404,0.332129188574312,1.01813478421512
p.Lys205=,0.989531792484908,0.0249502772449745,0.964581515239931,1.01448206972988
p.Gly254Ter,0.125047585018955,0.0388533780070846,0.16390096302604,0.0861942070118706
p.Gly248Thr,1.07984335286922,0.048611958671655,1.12845531154088,1.03123139419757
p.Cys446Trp,0.979612537175121,0.0394409107790295,1.01905344795415,0.940171626396091
p.Arg182Phe,0.949279936347635,0.015785143628673,0.965065079976308,0.933494792718962
p.Lys238Phe,1.26821815511277,0.0699456821429049,1.33816383725567,1.19827247296986
p.Val369Trp,0.5272333366631,0.0204690893951949,0.547702426058295,0.506764247267905
p.Asp79Trp,0.726487456721311,0.111610561340113,0.838098018061424,0.614876895381198
p.Ser29Glu,1.14477392161732,0.0461713177581699,1.19094523937549,1.09860260385915
p.Pro144=,0.991687654668253,0.064878406218058,1.05656606088631,0.926809248450194
p.Asn64Gly,0.88852933158282,0.11020628209929,0.998735613682111,0.77832304948353
p.Ala115Ter,0.082230507924073,0.109175402401236,0.191405910325309,-0.0269448944771633
p.Pro415=,0.936171592404435,0.103535494119216,0.832636098285218,1.03970708652365
p.Asp24Cys,0.93306577366624,0.0595692413511219,0.873496532315118,0.992635015017362
p.Met405Arg,0.85210107444076,0.187090440111822,1.03919151455258,0.665010634328936
p.Pro353Glu,0.199183789795527,0.087377844313167,0.11180594548236,0.286561634108694
p.Phe102Ter,-0.0453838028123466,0.0279951773220127,-0.0173886254903338,-0.0733789801343594
p.Thr334=,1.02784890227642,0.0278235922519199,1.05567249452834,1.0000253100245
p.Tyr437Asn,1.10138955159067,0.156853836730086,1.25824338832076,0.944535714860587
p.Asn226Glu,0.748924989685311,0.0909172872138824,0.839842276899193,0.658007702471428
p.Gly254Asn,0.87775374637367,0.057376871695717,0.935130618069387,0.820376874677953
p.Cys13Pro,0.824085344528227,0.147219602438205,0.676865742090022,0.971304946966432
p.Ile167Asp,-0.0516473863108418,0.115816403439113,-0.167463789749955,0.064169017128271
p.Leu235Asp,0.343739880898773,0.108131928501269,0.451871809400042,0.235607952397503
p.Ser132Cys,1.0379289337584,0.0404431838875719,1.07837211764597,0.997485749870826
p.Ala335Asp,0.833232420561244,0.0428473919471344,0.790385028614109,0.876079812508378
p.Pro143Phe,0.78164623836122,0.017397942855525,0.764248295505695,0.799044181216745
p.Ala272Val,0.749055809617679,0.167784854775026,0.916840664392705,0.581270954842653
p.Gly500Pro,1.00681344455491,0.02520529113993,1.03201873569484,0.98160815341498
p.Thr334Gln,0.903782639175726,0.087943182547207,0.815839456628519,0.991725821722933
p.Ile162Ter,0.0675236536411404,0.0423802827225967,0.109903936363737,0.0251433709185435
p.Phe221Ile,1.12986807947025,0.05688107929826,1.18674915876851,1.07298700017199
p.Asp443Asn,0.803107181176972,0.0397245808283419,0.76338260034863,0.842831762005314
p.Lys46Ala,0.998670817650455,0.0740931701736164,1.07276398782407,0.924577647476837
p.Pro396Ala,0.859764644486987,0.144768540016364,1.00453318450335,0.714996104470622
p.Ala436Glu,1.21711676761992,0.15212943567829,1.36924620329821,1.06498733194163
p.Lys293Met,0.833272971544306,0.0274236912857774,0.860696662830083,0.805849280258528
p.His201Tyr,0.997440808508029,0.082004101978959,1.07944491048699,0.915436706529072
p.Tyr503Ser,1.04603352398799,0.0915712914406929,0.954462232547304,1.13760481542869
p.His263Ile,1.19616373810339,0.0376871803323399,1.23385091843573,1.15847655777105
p.Glu347Ser,0.864111475351429,0.168345144755893,0.695766330595534,1.03245662010732
p.Phe373Cys,0.526850325365126,0.133709019721981,0.393141305643145,0.660559345087108
p.Asp194Phe,0.822187670128849,0.21549417177781,1.03768184190666,0.60669349835104
p.Thr243Phe,1.06689678670754,0.111303839530075,1.17820062623762,0.955592947177469
p.Phe173Thr,0.748131028789147,0.0099716400858899,0.758102668875037,0.738159388703257
p.Trp349Thr,0.277646628506851,0.0194698369049234,0.297116465411775,0.258176791601928
p.Ser84Leu,0.950963197867783,0.0073520357337114,0.943611162134072,0.958315233601495
p.Gly59Val,0.185633013254238,0.0894598363525366,0.275092849606775,0.0961731769017018
p.Glu18Ter,0.0586337257559922,0.0730547040034109,0.131688429759403,-0.0144209782474188
p.Val271Phe,1.0575548046571,0.094255285859404,1.15181009051651,0.963299518797702
p.Asn165His,0.897494473660265,0.176190725996963,1.07368519965723,0.721303747663304
p.Glu364Tyr,0.835401411118769,0.037235767083992,0.872637178202761,0.798165644034777
p.Ile36Phe,0.4368918788102,0.29303628175317,0.729928160563371,0.14385559705703
p.Arg198Thr,0.534291861114425,0.129719485950116,0.664011347064541,0.404572375164309
p.Gly69Ile,0.258247245767672,0.0148410254295084,0.243406220338164,0.273088271197181
p.Tyr507Thr,1.12723811226319,0.10253480567786,1.22977291794105,1.02470330658533
p.Glu504Ser,1.03852943320898,0.132971575519232,1.17150100872821,0.905557857689745
p.Val298Tyr,0.672595617483122,0.004154369822977,0.668441247660145,0.676749987306099
p.Thr91Pro,0.80142785128539,0.0859197850836824,0.887347636369073,0.715508066201708
p.Tyr437Ser,1.16194467294003,0.0825169128106,1.24446158575063,1.07942776012943
p.Leu140Met,1.04403973995325,0.114947441746748,1.1589871817,0.929092298206504
p.Thr10His,0.914368104671328,0.11472630272559,0.79964180194574,1.02909440739692
p.Glu252Tyr,0.821304226667402,0.0373063782654069,0.783997848401995,0.858610604932809
p.Glu345Leu,0.91506296810145,0.0220075013178009,0.937070469419251,0.893055466783649
p.Val271Lys,0.416350243246821,0.24849758450311,0.664847827749932,0.167852658743711
p.Leu268Arg,0.159912929577637,0.107592185690362,0.0523207438872743,0.267505115267999
p.Lys89Ile,0.879805489854321,0.0338356977732065,0.845969792081114,0.913641187627527
p.Lys45Asp,0.128792588553493,0.0979186659711243,0.0308739225823682,0.226711254524617
p.Asp176Tyr,0.762690011406967,0.269174450233932,1.0318644616409,0.493515561173036
p.Asn210Ter,-0.0583905704142997,0.0568109254815882,-0.115201495895888,-0.0015796449327115
p.Ser278Glu,0.558871912680435,0.0176563542287599,0.576528266909195,0.541215558451675
p.Val303Cys,1.05056510488376,0.063233036589182,1.11379814147294,0.987332068294576
p.Pro434Met,1.13864602789099,0.169621716956959,1.30826774484795,0.969024310934033
p.Val340Pro,0.122616652651893,0.145075010987738,-0.0224583583358447,0.267691663639631
p.Thr279Tyr,0.800275766892705,0.0374253694865979,0.762850397406107,0.837701136379303
p.Leu137Met,1.15454450573431,0.09311002292405,1.24765452865836,1.06143448281026
p.Arg17Asp,0.813845510223713,0.0292209822338539,0.784624527989859,0.843066492457567
p.Glu18Val,0.605163623242346,0.018456869969559,0.586706753272787,0.623620493211905
p.Lys293Pro,0.0166609309159898,0.010238301968365,0.0268992328843547,0.0064226289476247
p.His124Val,0.711955152198677,0.121029211500097,0.59092594069858,0.832984363698774
p.Thr91Phe,0.741469598365281,0.0911746601125464,0.650294938252734,0.832644258477827
p.Leu305Thr,0.760194157856725,0.0691033008450695,0.691090857011655,0.829297458701794
p.Tyr401Glu,1.12454408471546,0.0990685760033049,1.22361266071876,1.02547550871215
p.Gln471Met,0.754199944524883,0.149433873063723,0.60476607146116,0.903633817588607
p.Arg257Tyr,0.527477173248036,0.151980788957442,0.679457962205478,0.375496384290595
p.Arg370Thr,0.602386286443351,0.439018357290491,0.163367929152858,1.04140464373384
p.Leu7Ala,0.943788902524727,0.046062955555458,0.989851858080185,0.897725946969269
p.Tyr484Ala,1.17359502531638,0.16710783791378,1.34070286323016,1.0064871874026
p.Cys158Met,0.773816729198076,0.032760993342887,0.806577722540963,0.741055735855189
p.Arg463Tyr,0.217092048489012,0.156265120665801,0.373357169154813,0.0608269278232118
p.Ser418Cys,0.768791795247822,0.230612213770193,0.538179581477629,0.999404009018015
p.Lys408Tyr,1.01548770842681,0.06396143380855,1.07944914223536,0.95152627461826
p.Gly331Thr,0.889921683886118,0.0179997652888034,0.871921918597315,0.907921449174922
p.Tyr503Glu,0.996836954294427,0.0196097899617819,1.01644674425621,0.977227164332646
p.Pro50Met,0.158549513384162,0.0803874917817464,0.238937005165908,0.078162021602415
p.Gly485Gln,0.777164494470421,0.0241316041135934,0.753032890356828,0.801296098584015
p.Leu140Ala,0.61059762230789,0.0193145776200679,0.629912199927958,0.591283044687822
p.Lys514Val,1.11416139319574,0.062730389348405,1.17689178254414,1.05143100384733
p.Gln133Trp,0.734104438604641,0.126150572450949,0.607953866153691,0.86025501105559
p.Cys358Pro,0.268600089570666,0.0555310918455734,0.324131181416239,0.213068997725092
p.Leu323Lys,0.981775687436099,0.0198480047503685,0.961927682685733,1.00162369218647
p.Tyr112Gln,0.479045935451713,0.0426380094169005,0.436407926034813,0.521683944868614
p.Gly314Val,1.13405182040178,0.205985506509271,1.34003732691105,0.928066313892507
p.Met207Trp,1.23361037601098,0.0761397332461999,1.30975010925718,1.15747064276478
p.Lys238Asp,1.33098460547683,0.0612714896675899,1.39225609514442,1.26971311580924
p.Asp435Phe,1.09025342884314,0.140505597519975,1.23075902636311,0.949747831323161
p.Met411Leu,0.8384822667232,0.115272834697954,0.723209432025246,0.953755101421154
p.Val271Cys,0.966941114472769,0.0383176519000415,1.00525876637281,0.928623462572727
p.Val328Ter,0.351508742545642,0.198087895095653,0.549596637641295,0.153420847449988
p.Ser84His,0.850536704143926,0.143457160437771,0.993993864581697,0.707079543706155
p.Leu342Ala,0.90809343206072,0.13889659308223,0.76919683897849,1.04699002514295
p.Thr76Ile,0.718180859947675,0.0868897628541164,0.805070622801792,0.631291097093559
p.Ala272Gln,0.299677078418417,0.223419019753639,0.523096098172056,0.0762580586647787
p.Val289Phe,1.23312748909282,0.095966153012215,1.32909364210504,1.13716133608061
p.Pro329Thr,1.12362626604703,0.178555709911892,0.945070556135135,1.30218197595892
p.Glu93Gly,0.828676814619951,0.177547183470127,0.651129631149826,1.00622399809008
p.Asp325Ala,0.942449850969603,0.0825349885539479,1.02498483952355,0.859914862415654
p.Ile162Cys,0.970956391702007,0.0171596238324199,0.953796767869587,0.988116015534427
p.His129Thr,1.00079371900791,0.065600453893685,0.93519326511423,1.0663941729016
p.Asn280Tyr,0.914180736657245,0.0127636092593034,0.901417127397942,0.926944345916549
p.Val289=,1.03106172126347,0.096210671265716,0.934851049997758,1.12727239252919
p.Ala78Val,0.746323017072765,0.0720155894663039,0.674307427606461,0.818338606539069
p.Arg215Ala,0.17707221405119,0.131762313653232,0.308834527704422,0.045309900397958
p.Lys497His,1.00009372369606,0.0037633542521555,0.996330369443909,1.00385707794822
p.Arg246Gly,0.707903275965022,0.102002409668242,0.809905685633264,0.60590086629678
p.Glu99Ala,0.802482995899209,0.0142411043825215,0.788241891516687,0.81672410028173
p.Phe191Gln,0.0108950351497668,0.0279500955987283,-0.0170550604489616,0.0388451307484952
p.Lys408Asp,1.30547133220523,0.100833482816135,1.40630481502137,1.2046378493891
p.His451Gly,1.24339332478767,0.111290734911705,1.35468405969938,1.13210258987597
p.His470Met,1.06227226011581,0.02726715374344,1.03500510637237,1.08953941385925
p.Glu438Gly,1.05791369011083,0.0459941094030449,1.01191958070778,1.10390779951387
p.Pro50Trp,-0.01863037414795,0.0320837131297561,-0.0507140872777061,0.0134533389818061
p.Pro489Leu,0.946578149413706,0.159470752976825,1.10604890239053,0.78710739643688
p.Trp54Asn,1.20917716433524,0.045479017289535,1.25465618162478,1.16369814704571
p.Gln471Trp,1.00942533182793,0.052372839015898,1.06179817084383,0.957052492812034
p.Ser180Lys,0.696937036905187,0.118206753364118,0.815143790269306,0.578730283541069
p.Phe102Lys,0.168750183471539,0.0356713119588845,0.133078871512655,0.204421495430424
p.Gly23Tyr,1.16820267714366,0.061179075054195,1.22938175219786,1.10702360208947
p.Glu93Trp,0.881696975132475,0.065091705068309,0.946788680200784,0.816605270064166
p.Ala277Pro,0.898084323416505,0.017019617147342,0.915103940563847,0.881064706269163
p.Arg387His,1.3073226826723,0.11570401623348,1.42302669890578,1.19161866643882
p.His124Ser,0.677072539940964,0.124771676989142,0.552300862951822,0.801844216930106
p.Arg166His,0.947244032932396,0.230821267773325,1.17806530070572,0.716422765159069
p.Val208Gly,1.20601036107673,0.086538255861855,1.29254861693858,1.11947210521487
p.Glu491Gln,0.760550894471258,0.205145665160439,0.555405229310819,0.965696559631698
p.Ile380Met,1.1319698862766,0.00499510525995,1.13696499153655,1.12697478101665
p.Leu43Lys,1.11118783981861,0.111762439688135,1.22295027950674,0.999425400130469
p.Glu460Asp,0.836218107232897,0.0775987580928215,0.913816865325718,0.758619349140075
p.Tyr428=,0.858661584375305,0.0387041818208689,0.819957402554436,0.897365766196174
p.Pro479Lys,0.101613698790933,0.0906745153301782,0.192288214121111,0.0109391834607544
p.Glu170Arg,0.99689059900982,0.16418401801405,1.16107461702387,0.832706580995769
p.Arg120Lys,1.05457533178047,0.186680167888016,1.24125549966849,0.867895163892457
p.Ala115Ser,1.15441446714589,0.073478812552875,1.22789327969876,1.08093565459301
p.Met450Asp,0.819214990940444,0.249476052954876,1.06869104389532,0.569738937985567
p.Arg72Gly,1.06215812770016,0.197991144847466,1.26014927254763,0.864166982852698
p.Val444Phe,0.702544268324226,0.163360659144554,0.865904927468781,0.539183609179672
p.Arg439Ter,-0.098806860178456,0.066171352326487,-0.164978212504943,-0.0326355078519689
p.Val208Ala,1.16402701559853,0.0140941611933199,1.17812117679185,1.14993285440521
p.Lys366His,1.14116642729363,0.14046632954547,1.2816327568391,1.00070009774816
p.Ile441Ser,-0.0093970447475861,0.0519818958028872,-0.0613789405504734,0.0425848510553011
p.Val394Lys,1.12758764967476,0.015190496700735,1.11239715297402,1.14277814637549
p.Tyr437Leu,0.719111355961937,0.345282273899053,0.373829082062884,1.06439362986099
p.Lys95Ter,0.0697639787949369,0.0724577165493481,0.142221695344285,-0.0026937377544112
p.Phe253Ter,0.232241722823104,0.205368237496198,0.437609960319302,0.0268734853269064
p.Ser486Asn,0.67297613150632,0.123694396796458,0.549281734709861,0.796670528302778
p.Arg74Asn,0.936620128258284,0.0177941828965489,0.954414311154833,0.918825945361735
p.Lys152Ala,1.11605554006117,0.04736699992281,1.16342253998398,1.06868854013836
p.Leu211Gln,0.421030965173471,0.0757117213211719,0.496742686494643,0.345319243852299
p.Asn430Cys,1.2144045917378,0.104280456204425,1.31868504794222,1.11012413553337
p.Ala103Met,1.12657816937422,0.0853461953895849,1.21192436476381,1.04123197398464
p.Gly505Thr,1.08104465225413,0.0365240932149549,1.11756874546909,1.04452055903918
p.Ile35Ser,0.834371846048074,0.156980035432343,0.991351881480417,0.677391810615731
p.Phe373Thr,0.666262291573272,0.114519008266369,0.780781299839642,0.551743283306903
p.Gln4Asp,1.19474416318785,0.130763752150555,1.3255079153384,1.06398041103729
p.Asp251Tyr,0.280996854797199,0.087543885183987,0.368540739981186,0.193452969613212
p.Glu206Pro,0.780430433650173,0.0077320649895005,0.772698368660672,0.788162498639673
p.Ser157Val,1.01810611439927,0.0642346892692295,1.0823408036685,0.953871425130041
p.Lys82Tyr,0.895592470433504,0.037684884221508,0.857907586211996,0.933277354655012
p.Asn280His,1.0333867259648,0.079966332477623,1.11335305844242,0.953420393487174
p.Leu433Met,1.0719218692926,0.06975974633626,1.14168161562886,1.00216212295634
p.Asn185Asp,0.859791850890013,0.0337052759933905,0.893497126883404,0.826086574896623
p.Leu420Phe,1.234236064179,0.161731564824185,1.39596762900318,1.07250449935481
p.Glu419Ser,0.92447457510884,0.0617235234072359,0.862751051701604,0.986198098516076
p.Ala78Thr,0.590623023492872,0.390449883430037,0.200173140062834,0.981072906922909
p.Lys238Ile,1.18942682596789,0.110529803138985,1.29995662910688,1.07889702282891
p.Tyr308Lys,0.319875547374584,0.109035503084697,0.210840044289887,0.428911050459281
p.Tyr428Met,1.12445111675642,0.0445521725422,1.07989894421422,1.16900328929862
p.Asp24Gln,1.09620552364069,0.0409956778592449,1.05520984578144,1.13720120149993
p.Gly306Gln,0.219388684447953,0.11778482709999,0.101603857347963,0.337173511547943
p.Gly204Phe,1.18979075422696,0.0663190264207849,1.25610978064775,1.12347172780618
p.Ser188Pro,0.342008797177451,0.186821415166076,0.528830212343527,0.155187382011376
p.Ile154Gly,-0.0332285737067665,0.0982100953287922,-0.131438669035559,0.0649815216220256
p.Lys407Asn,1.23346313099034,0.1069956851908,1.34045881618114,1.12646744579954
p.Met159Asn,0.803775841859846,0.001520929593662,0.802254912266184,0.805296771453508
p.Lys82Ala,1.01761425460311,0.0612853118083065,1.07889956641142,0.956328942794807
p.Asn210Ser,0.943372976398016,0.019328925049752,0.924044051348264,0.962701901447768
p.Gly485Val,0.0959009219159956,0.0565788112082446,0.0393221107077507,0.15247973312424
p.Leu20Asn,0.899999301777228,0.049249314267893,0.850749987509335,0.949248616045121
p.Glu491Tyr,0.856472621716288,0.188643535659575,1.04511615737586,0.667829086056711
p.Glu457Tyr,1.02107536427316,0.045607764602742,0.975467599670416,1.0666831288759
p.Leu142His,1.04268457139621,0.0903328665129879,1.1330174379092,0.952351704883224
p.Gln111Cys,0.635739528531391,0.258691605337706,0.377047923193684,0.894431133869097
p.Val208Thr,1.22414747292023,0.1133305606891,1.33747803360933,1.11081691223113
p.Gln28Thr,0.601071240493707,0.388646818283738,0.212424422209969,0.989718058777445
p.Asp456Arg,0.931038286324267,0.465748982167952,1.39678726849222,0.465289304156316
p.Ile355Gly,0.457448103920493,0.242677138730676,0.700125242651169,0.214770965189817
p.Ile220Thr,0.85622982129482,0.090580089584065,0.765649731710755,0.946809910878885
p.Leu128Lys,0.974267373480526,0.0833558025352455,1.05762317601577,0.890911570945279
p.Ala377Tyr,0.989581334937979,0.0004466218188359,0.989134713119143,0.990027956756815
p.Thr490His,1.06598312995201,0.0028836231049249,1.06309950684709,1.06886675305694
p.Gln161Arg,0.447481499370884,0.508227888499317,-0.0607463891284331,0.955709387870201
p.Gly38Arg,0.08329182577377,0.0067864342390903,0.0900782600128603,0.0765053915346796
p.Cys232Ser,1.04546822801145,0.028376437925245,1.01709179008621,1.0738446659367
p.Arg370Trp,0.73753670481113,0.0847113402111909,0.822248045022321,0.652825364599939
p.Val213Ile,0.791954476858453,0.0238189136779374,0.81577339053639,0.768135563180515
p.Phe237Ile,1.02526706969975,0.0166456862053,1.04191275590505,1.00862138349445
p.Phe56His,0.532001011806834,0.045297405279936,0.486703606526898,0.57729841708677
p.Pro489=,1.12308650366751,0.065284477221895,1.18837098088941,1.05780202644562
p.Pro276Ile,-0.0732581325068372,0.0891213740514606,-0.162379506558298,0.0158632415446233
p.Leu55Asp,0.158919306083837,0.0283705201645949,0.130548785919242,0.187289826248432
p.Arg370=,0.979280206585738,0.0450275375614909,0.934252669024248,1.02430774414723
p.Val289Ala,1.15484470022293,0.0104854582400299,1.16533015846296,1.1443592419829
p.Val328His,0.875984454895809,0.0421014678596705,0.918085922755479,0.833882987036138
p.Asp313His,0.941212894167381,0.142219523483658,0.798993370683724,1.08343241765104
p.Trp509Glu,1.17394641061389,0.141841810831365,1.31578822144525,1.03210459978252
p.Glu491Trp,0.490010329028118,0.001000796919257,0.489009532108861,0.491011125947375
p.Phe87His,0.953275071797766,0.0766688691251615,1.02994394092293,0.876606202672607
p.Val303Ile,0.899694476935604,0.104966875012446,0.794727601923158,1.00466135194805
p.Leu203Ala,1.19907313126444,0.018377486686985,1.21745061795142,1.18069564457745
p.Pro481Glu,0.897791432524964,0.0780229495319785,0.819768482992985,0.975814382056942
p.Ala90Met,0.794930144104019,0.0479156428780245,0.842845786982043,0.747014501225994
p.Val304Leu,0.97465752068272,0.0518806437466675,1.02653816442939,0.922776876936055
p.Phe101Ile,0.0745286126458201,0.135835837153751,-0.0613072245079305,0.210364449799571
p.Asp375Ala,0.615403410907729,0.302000673400304,0.313402737507425,0.917404084308034
p.Lys275=,0.940901999846563,0.0149526474200364,0.925949352426526,0.955854647266599
p.Glu93Gln,1.06538650574761,0.153942397684316,1.21932890343193,0.911444108063298
p.Asn301Gln,0.891123226852527,NA,NA,0.891123226852527
p.Ile36Thr,0.312857074140971,0.283885545830022,0.596742619970993,0.0289715283109493
p.Ser189Pro,1.01110398293962,0.0754177417831149,1.08652172472273,0.9356862411565
p.Val303Asp,0.109929904864166,0.108492080591599,0.218421985455766,0.0014378242725671
p.Gly425Tyr,0.927828620269556,0.173666158604576,0.754162461664978,1.10149477887413
p.Arg463Leu,0.15411376285284,0.0507704006924805,0.20488416354532,0.103343362160359
p.Arg285Tyr,0.158086862736584,0.0687593360051162,0.0893275267314676,0.2268461987417
p.Trp53Asp,0.0738744279336333,0.0784421818678258,0.152316609801459,-0.0045677539341926
p.Val12Gly,1.13498386990707,0.347406430079197,1.48239029998627,0.787577439827876
p.Val68His,-0.0831100291176297,0.0463740317190231,-0.129484060836653,-0.0367359973986067
p.Ile80Arg,0.338412600302094,0.0580991596787875,0.396511759980882,0.280313440623307
p.Thr65Ter,-0.0202773412828746,0.0134337223375282,-0.0337110636204029,-0.0068436189453463
p.Ile168Thr,0.418114813300236,0.158937836733589,0.259176976566647,0.577052650033825
p.Ala39Leu,0.2226172345077,0.009054129636808,0.213563104870892,0.231671364144508
p.Tyr49Gln,0.0280957854310978,0.0357846771057469,-0.007688891674649,0.0638804625368448
p.Ile230Asp,0.449683821799291,0.232073348843462,0.681757170642753,0.217610472955829
p.Cys446Ter,-0.0532724984887546,0.0263702072597675,-0.0269022912289871,-0.0796427057485221
p.Leu356Asn,0.200755004363343,0.033485650278693,0.234240654642036,0.16726935408465
p.Leu356Trp,0.210252117033764,0.0837105074524304,0.293962624486195,0.126541609581334
p.Ala149Glu,0.95016179878433,0.0124154692744769,0.937746329509853,0.962577268058807
p.Glu457Met,0.993724416931893,0.033695796248768,0.960028620683124,1.02742021318066
p.Gly447Phe,0.0912743094757379,0.056190260259918,0.147464569735656,0.0350840492158199
p.Ala461Pro,0.383349610882089,0.142909528926516,0.526259139808606,0.240440081955573
p.Asp493Val,1.04025666838923,0.044906679151588,1.08516334754082,0.995349989237644
p.Pro353Ala,0.0978752672693626,0.0085196462204473,0.0893556210489153,0.10639491348981
p.Arg198Ter,-0.0134209940934571,0.0062994478794409,-0.019720441972898,-0.0071215462140161
p.Ala134Tyr,0.583337868445489,0.002280766033554,0.581057102411935,0.585618634479043
p.Asn153Tyr,0.826634081803477,0.0981485021293024,0.728485579674174,0.924782583932779
p.Pro409Trp,1.12660498716356,0.035529467081125,1.09107552008243,1.16213445424468
p.Met404Gln,0.855386081096585,0.196591809992986,1.05197789108957,0.658794271103598
p.Ile392Asp,-0.0297484243006021,0.0521674260358235,-0.0819158503364257,0.0224190017352214
p.Phe250Trp,1.04930180273978,0.146530939703286,1.19583274244306,0.902770863036488
p.Tyr322Phe,0.986433316955841,0.0352395781145804,0.951193738841259,1.02167289507042
p.Glu18Cys,1.02067462060703,0.0711190064580044,1.09179362706504,0.949555614149031
p.Glu274Cys,0.773199285597076,0.0906019060782344,0.86380119167531,0.682597379518841
p.Asn414Ala,0.914720367249283,0.0133680203492169,0.9280883875985,0.901352346900066
p.Val352Asn,0.116089845481412,0.0309852173692239,0.0851046281121881,0.147075062850636
p.Tyr424Asp,1.24214370547395,0.076408852333645,1.31855255780759,1.1657348531403
p.Cys269Ser,1.28708751361006,0.17400089700006,1.46108841061012,1.11308661661
p.Glu252Pro,0.582005488483617,0.297644299178538,0.284361189305079,0.879649787662156
p.Lys89Phe,0.966534339253415,0.00382024900297,0.970354588256385,0.962714090250445
p.Cys13Thr,1.03880220914108,0.128314188002332,1.16711639714341,0.910488021138746
p.Leu270Lys,0.667098894553351,0.105595405441885,0.772694299995236,0.561503489111466
p.Trp53Phe,0.677386493301606,0.016042492311096,0.693428985612702,0.66134400099051
p.Gly69Asp,0.400309038121442,0.317055539945043,0.717364578066485,0.0832534981763994
p.Thr279Glu,0.699758233472247,0.0208320313755495,0.678926202096697,0.720590264847796
p.Asn414Ser,0.899378273164698,0.0554817084451569,0.843896564719541,0.954859981609855
p.Leu137Gly,0.654459784990682,0.057844759045286,0.712304544035968,0.596615025945396
p.Met411Gly,1.02118040426027,0.021923909321872,0.999256494938396,1.04310431358214
p.Val510Asp,1.05600828194769,0.012641558775735,1.06864984072342,1.04336672317195
p.Thr151Ile,0.93849293473628,0.0316368949003514,0.970129829636632,0.906856039835929
p.Phe337Lys,0.293225337879199,0.0747295185166755,0.218495819362524,0.367954856395875
p.Met212Tyr,0.972086937975077,0.107176782510352,1.07926372048543,0.864910155464727
p.Thr243Gln,1.0124174922375,0.0307655128311289,1.04318300506863,0.981651979406372
p.Trp225Asn,-0.07591052541647,0.103705851528562,-0.179616376945032,0.0277953261120915
p.Thr319Lys,1.00552637002641,0.0462509472324369,1.05177731725885,0.959275422793976
p.Glu287Ala,1.06554313070237,0.0517725908617,1.01377053984067,1.11731572156407
p.Arg72Ser,0.990012880698046,0.0236477873566655,1.01366066805471,0.966365093341379
p.Gln161Phe,0.940105101261701,0.0532138850561499,0.886891216205551,0.993318986317851
p.Gly38Ter,-0.0023106934769447,0.0239722589586331,0.0216615654816885,-0.0262829524355779
p.Tyr70Lys,0.014248845171905,0.0034834990228052,0.0107653461490998,0.0177323441947103
p.Ile52Pro,0.0813472778122591,0.017554133317927,0.0989014111301861,0.0637931444943321
p.Lys497Phe,1.07599980678609,0.0742674133133049,1.1502672200994,1.00173239347279
p.Phe445Ter,0.0249427812544445,0.0245039290036121,0.0494467102580567,0.0004388522508323
p.Phe88Pro,0.0007461540867367,0.0392400006167811,-0.0384938465300444,0.0399861547035179
p.Glu239Gly,0.339805781063497,0.070694367451961,0.410500148515458,0.269111413611536
p.Ala39Tyr,0.0106323604188636,0.0321861574918377,-0.0215537970729742,0.0428185179107013
p.Leu7Pro,0.786488695771228,0.174312656675814,0.612176039095414,0.960801352447042
p.Ser486Val,0.649343812031904,0.164589644548047,0.813933456579951,0.484754167483856
p.Asp113Gln,0.84016526474233,0.0351950720286075,0.804970192713723,0.875360336770938
p.Val369Gln,0.321537229437555,0.243790806140943,0.565328035578498,0.077746423296611
p.His32Val,1.1250304126376,0.131097057560915,1.25612747019852,0.99393335507669
p.Ser123Ile,0.912383590470059,0.002619440767127,0.909764149702932,0.915003031237186
p.Leu75Phe,0.893738281764151,0.0444065912103999,0.849331690553751,0.938144872974551
p.Asn135Gln,0.596120954925809,0.0532755857305655,0.542845369195244,0.649396540656375
p.Gly410Glu,0.82438828156349,0.141900459661557,0.966288741225047,0.682487821901933
p.Val213Cys,0.840843024787873,0.228552339003756,0.612290685784118,1.06939536379163
p.Ile35His,0.24661791517741,0.0187273833676565,0.265345298545067,0.227890531809754
p.Tyr197Ala,-0.0188433872217346,0.0721000322989877,-0.0909434195207224,0.0532566450772531
p.Leu130Ala,0.971364817658039,0.041730284130021,0.929634533528018,1.01309510178806
p.Glu274Leu,0.175478788522962,0.101112637492315,0.276591426015277,0.0743661510306473
p.Ser73Thr,0.847570840777558,0.109144128413344,0.738426712364213,0.956714969190902
p.Ala277Ile,0.721868548415615,0.0539153985059475,0.667953149909667,0.775783946921562
p.Asn280Gly,1.14122170297829,0.04864611488336,1.18986781786165,1.09257558809493
p.Pro92Phe,1.03253399289275,0.0513511441827755,1.08388513707552,0.981182848709969
p.Gln28Val,1.128805170081,0.054242117416695,1.18304728749769,1.0745630526643
p.Gly204Ala,1.16195658125674,0.0328154142867099,1.19477199554345,1.12914116697003
p.Leu43Ile,0.97189297076607,0.0168638427775255,0.988756813543596,0.955029127988545
p.Leu203Arg,1.09342923217349,0.156552753118064,1.24998198529155,0.936876479055421
p.Ile220Glu,0.610484434264633,0.226700831981739,0.837185266246372,0.383783602282894
p.Ile256Leu,1.13588135963579,0.0798684151314299,1.21574977476722,1.05601294450436
p.Lys47Met,1.12784734981227,0.0237794382177749,1.15162678803005,1.1040679115945
p.Ala461Ile,1.08503599717795,0.02383997402712,1.10887597120507,1.06119602315083
p.Leu420Ser,1.10357652140846,0.0041310391147449,1.09944548229372,1.10770756052321
p.Pro326Tyr,0.894381890587242,0.0342335539563165,0.860148336630925,0.928615444543558
p.Tyr49Glu,0.0192761338944103,0.0294563875258291,-0.0101802536314188,0.0487325214202395
p.Leu183Ile,0.980094308323195,0.120273043499004,1.1003673518222,0.859821264824191
p.Ser132Trp,1.04043865616035,0.01738703669461,1.05782569285496,1.02305161946574
p.Arg498Ser,1.01168368893354,0.047020133035024,1.05870382196856,0.964663555898512
p.Ile36Asn,0.199587662463469,0.102098676372912,0.0974889860905561,0.301686338836381
p.Gly38Glu,0.734452117436653,0.0905639494866594,0.825016066923313,0.643888167949994
p.Asp379Ala,1.05188779944473,0.105726973213642,1.15761477265837,0.946160826231085
p.Pro415Cys,1.22696305150238,0.026803812173375,1.25376686367575,1.200159239329
p.Thr51Leu,0.553450841766677,0.356139388020157,0.19731145374652,0.909590229786835
p.His513Glu,1.29548372301953,0.1238653524398,1.41934907545933,1.17161837057973
p.Asn414Asp,0.970216905436242,0.0269945651164704,0.997211470552713,0.943222340319772
p.Met411Cys,1.18505729053081,0.094254166177615,1.27931145670843,1.0908031243532
p.Pro512Gln,1.09195784436709,0.0933787687577629,1.18533661312485,0.998579075609324
p.Asn280Val,0.935268750831591,0.0467355672623374,0.982004318093928,0.888533183569253
p.Gly321Cys,1.00845257521051,0.035310253944468,1.04376282915498,0.973142321266044
p.Lys403Leu,1.16035699318684,0.12644516123444,1.28680215442128,1.0339118319524
p.Glu63Pro,0.950020130240289,0.148862767111639,0.801157363128652,1.09888289735193
p.Glu347Arg,1.04247109221132,0.031175135887305,1.01129595632401,1.07364622809862
p.Asn165Ser,0.800668025854993,0.0689460760482594,0.731721949806734,0.869614101903253
p.Arg439Glu,1.20593762577317,0.00877513655739,1.21471276233056,1.19716248921578
p.Ser332Met,0.156151834584945,0.117955920289197,0.274107754874141,0.038195914295748
p.Gln111Trp,1.1178406492894,0.204661980690751,1.32250262998015,0.913178668598647
p.Val68Gly,0.307982076233333,0.222252887018689,0.530234963252022,0.0857291892146445
p.Ile441Ter,-0.0560569518318906,0.0207896457860426,-0.0768465976179332,-0.0352673060458479
p.Asp251Ser,0.901405797088167,0.0253069024069235,0.876098894681244,0.926712699495091
p.Ala25Gln,0.794863656489042,0.217750560715135,0.577113095773909,1.01261421720418
p.Ser188Lys,1.02431581414762,0.042306637668171,1.06662245181579,0.982009176479448
p.Lys82Glu,1.07820179113264,0.0467662662967049,1.12496805742935,1.03143552483594
p.Ala338Lys,0.116525051528485,0.0574324887301766,0.0590925627983086,0.173957540258662
p.Val344Asp,0.203209431659878,0.139256544488348,0.342465976148226,0.0639528871715292
p.Asp42Gly,1.06765609853541,0.096737556129467,1.16439365466488,0.970918542405946
p.Phe66Val,0.86726222741783,0.0402009333329425,0.907463160750773,0.827061294084888
p.Asn153Gly,1.10396539805536,0.0049766577993149,1.10894205585467,1.09898874025604
p.Thr243Gly,0.972230309057036,0.107674772513176,1.07990508157021,0.864555536543858
p.Phe101Lys,-0.0753217680859991,0.0916201460240248,-0.166941914110024,0.0162983779380257
p.Gly378His,0.968137410968471,0.11745303183182,0.850684379136651,1.08559044280029
p.Phe221Pro,0.483024873687755,0.0598075103436115,0.542832384031367,0.423217363344144
p.Glu457Ter,-0.102731427992296,0.0377511288159489,-0.140482556808245,-0.0649802991763472
p.Ala318Ile,0.837858883106495,0.0777915391758055,0.760067343930689,0.9156504222823
p.His32Asn,0.81529902008544,0.116684791479274,0.698614228606166,0.931983811564714
p.Gln11Met,0.907581171671148,0.061607416156117,0.845973755515031,0.969188587827265
p.Gly69Gln,0.35519011162553,0.0003280408656524,0.355518152491183,0.354862070759878
p.Thr65Leu,0.796991121757096,0.102275069302451,0.694716052454644,0.899266191059547
p.Pro415Phe,1.00699685821455,0.056868503016477,0.950128355198076,1.06386536123103
p.Met159Phe,1.02289202208539,0.126413173161643,1.14930519524704,0.896478848923753
p.Ser40Asp,0.876851331505346,0.08451644795801,0.792334883547336,0.961367779463356
p.Val77Lys,0.820109035535246,0.0497505022846464,0.770358533250599,0.869859537819892
p.Arg463=,0.999230805527247,0.017356182438363,1.01658698796561,0.981874623088884
p.Asn430Tyr,1.16704178123935,0.08140601346181,1.24844779470116,1.08563576777754
p.Glu317Leu,1.06690953459668,0.0779809022663224,1.144890436863,0.988928632330355
p.Val510Thr,1.03008566021727,0.0322531834805855,1.06233884369785,0.997832476736679
p.Cys446=,0.938215326621984,0.120540605775088,0.817674720846895,1.05875593239707
p.Tyr70Met,0.976218200013269,0.046265240051762,1.02248344006503,0.929952959961506
p.Gln261Lys,1.05432522666006,0.0548017555987169,0.999523471061346,1.10912698225878
p.Lys432Cys,1.19698244001299,0.0433233498330249,1.24030578984602,1.15365909017997
p.Asn311Lys,1.02269467518237,0.102785425218628,1.125480100401,0.919909249963743
p.Leu20=,0.733405961852121,0.267642119570779,0.465763842281341,1.0010480814229
p.Gln307Met,0.560317230924818,0.149555670155508,0.41076156076931,0.709872901080326
p.Pro434=,1.10732224904369,0.07574547525147,1.18306772429516,1.03157677379222
p.Asn280Pro,0.628275300490418,0.561904799169532,1.19018009965995,0.0663705013208866
p.Gly69His,0.878930578015023,0.0945231466695849,0.973453724684608,0.784407431345438
p.His124Asp,0.655702668302039,0.125827100709904,0.781529769011943,0.529875567592134
p.Ile67Lys,0.076113893123541,0.0638005677147779,0.0123133254087631,0.139914460838319
p.Ile80Pro,0.0394073791838021,0.0074220987107304,0.0319852804730717,0.0468294778945326
p.Val309Asn,0.959772157427706,0.0932565846266735,1.05302874205438,0.866515572801033
p.Gln261Glu,0.865274122460177,0.0068993261151484,0.872173448575325,0.858374796345028
p.Val352Arg,0.0767915781126968,0.0455235161470653,0.122315094259762,0.0312680619656313
p.Phe34His,0.250925548711627,0.084207516506787,0.335133065218414,0.16671803220484
p.Ser184Gly,0.902901924639161,0.111990328657278,1.01489225329644,0.790911595981883
p.Val369=,1.02297407878051,0.0987217696333644,1.12169584841387,0.924252309147141
p.Pro92Leu,0.894282744767625,0.0006443267908969,0.894927071558522,0.893638417976728
p.Ala461Asp,0.917529585713282,0.107430646523467,1.02496023223675,0.810098939189815
p.Glu416Ser,1.03853763710116,0.092471952201678,1.13100958930284,0.946065684899484
p.Ile162Leu,1.01116235038222,0.103644588899313,0.907517761482905,1.11480693928153
p.Phe337Tyr,1.11409081958747,0.0899874543672799,1.20407827395475,1.02410336522019
p.Ile256Cys,0.923471462867517,0.0706994715850735,0.994170934452591,0.852771991282444
p.Arg215Gln,0.465508575610847,0.177115903165774,0.642624478776621,0.288392672445073
p.Asn105Tyr,0.842082126471412,0.087584788516331,0.929666914987743,0.754497337955081
p.Val291Ser,0.547832389534004,0.030195131167896,0.5780275207019,0.517637258366108
p.Gly59Cys,0.687416598548774,0.030214502128305,0.717631100677079,0.657202096420469
p.Phe66Arg,0.942322557194098,0.025215007928919,0.967537565123017,0.917107549265179
p.Leu442=,1.01607012223067,0.0456627452632739,1.06173286749394,0.970407376967392
p.Glu94Asp,1.05598121133204,0.0078105983224849,1.06379180965453,1.04817061300956
p.Asp114Leu,0.779703512100967,0.033576824015199,0.746126688085768,0.813280336116166
p.Ala71Trp,0.188504129785216,0.0742165292757805,0.262720659060996,0.114287600509435
p.Gly254Asp,1.02699841329614,0.0872065030289774,1.11420491632512,0.939791910267165
p.Lys366=,0.930789090465027,0.0654691982692105,0.865319892195816,0.996258288734237
p.Asp181Gly,1.00262979456594,0.138358462999397,1.14098825756534,0.864271331566546
p.Asn426Tyr,0.929629912009491,0.141724455763927,0.787905456245566,1.07135436777342
p.Arg459Val,0.945428235804934,0.072092011319977,0.873336224484956,1.01752024712491
p.Arg182Gly,1.04114750922041,0.0922336624085164,1.13338117162893,0.948913846811897
p.Ser157Met,1.03414774659663,0.059348112472023,1.09349585906865,0.974799634124604
p.Glu287Asp,0.670628535517224,0.0470184139095499,0.623610121607674,0.717646949426774
p.Leu98Ter,-0.078655153174519,0.0801296307695978,-0.158784783944117,0.0014744775950788
p.Leu203Ter,-0.0604646818209828,0.0135404433461723,-0.0740051251671552,-0.0469242384748105
p.Met260Glu,-0.0216634015837296,0.0227303571399805,-0.0443937587237101,0.0010669555562509
p.Ile256Gly,0.0067267474363577,0.10380242468687,-0.0970756772505124,0.110529172123228
p.Asn218Asp,0.87319568223728,0.0979326455898804,0.971128327827161,0.7752630366474
p.Pro50Phe,0.0442120346247995,0.042588735686186,0.0868007703109855,0.0016232989386135
p.Asn185Glu,1.02213013517319,0.126701888844383,1.14883202401757,0.895428246328804
p.Tyr343Thr,0.933485398561918,0.0072456650978675,0.940731063659786,0.926239733464051
p.Ala44His,0.0182256767034902,0.0037863953981828,0.0144392813053074,0.022012072101673
p.Phe173Asp,0.331371156235847,0.152226138930328,0.483597295166175,0.179145017305518
p.Phe21Glu,0.777986108643959,0.084410151568665,0.693575957075294,0.862396260212624
p.Thr334Lys,1.00628702932323,0.179852459760941,1.18613948908417,0.826434569562288
p.Val169Thr,1.08100226850155,0.129525280016922,1.21052754851847,0.951476988484627
p.Asp24Glu,1.08515420312921,0.0121773744994949,1.0973315776287,1.07297682862971
p.Ile167His,0.0456729706289383,0.0005853772457837,0.0450875933831546,0.046258347874722
p.Thr423Cys,1.15395064267373,0.110495799950755,1.26444644262449,1.04345484272298
p.Lys45Gln,0.989823933189211,0.0003774899654719,0.989446443223739,0.990201423154683
p.Val213Ala,0.995162043573441,0.107828286457769,1.10299033003121,0.887333757115673
p.Leu235Lys,0.164784367267585,0.0272958369958599,0.137488530271725,0.192080204263445
p.Lys432Thr,1.15113653372281,0.11136282166574,1.26249935538855,1.03977371205707
p.Leu203Gly,1.29937285414998,0.105485072187605,1.40485792633759,1.19388778196238
p.Glu94Met,0.618011060397409,0.0486621341885959,0.569348926208813,0.666673194586005
p.Pro409Gly,1.04244012411725,0.0995373032216785,1.14197742733893,0.942902820895573
p.Trp164Tyr,0.724512613613713,0.278653330369185,0.44585928324453,1.0031659439829
p.Thr506Ter,1.5034808697312,0.12278255910271,1.62626342883391,1.38069831062849
p.Ile472Lys,0.888701423260112,0.164637486875409,1.05333891013552,0.724063936384702
p.Leu16Ser,0.756403521648268,0.145112045263445,0.611291476384823,0.901515566911713
p.Leu16Gly,0.625117905071155,0.349848740898862,0.275269164172293,0.974966645970018
p.Asp282Pro,1.07923050892773,0.104751330201949,1.18398183912968,0.974479178725782
p.Met405Ile,1.00117025720911,0.0191133617018545,0.982056895507261,1.02028361891097
p.Leu468Lys,0.313743340766617,0.161392452309489,0.475135793076106,0.152350888457128
p.Ser188Trp,0.864911408020161,0.101503623602659,0.96641503162282,0.763407784417502
p.Gly306Leu,0.0531065059435243,0.201006134800615,-0.147899628857091,0.254112640744139
p.Leu390Pro,0.126011207254929,NA,NA,0.126011207254929
p.Thr10Ala,1.18103044492027,0.109685959673405,1.29071640459367,1.07134448524686
p.Gly131Thr,1.07523756739142,0.143994590910114,1.21923215830153,0.931242976481302
p.Ile167Lys,0.0002183891431976,0.0881902497334567,-0.0879718605902591,0.0884086388766543
p.Asp30Ter,0.341228632037711,0.0874158296018365,0.428644461639548,0.253812802435875
p.Gly174Tyr,0.880100286040001,0.0498534450912435,0.929953731131244,0.830246840948757
p.Leu203Phe,1.2257992222602,0.0335385933583149,1.25933781561852,1.19226062890189
p.Gly351Arg,0.981531122682116,0.0677838013700929,1.04931492405221,0.913747321312024
p.Asn226Ter,-0.0207612340876244,0.0098739501130265,-0.0108872839745978,-0.030635184200651
p.Asp283Thr,0.857763834704292,0.086745400172806,0.771018434531486,0.944509234877098
p.Val284His,0.762450178298368,0.103027553858792,0.86547773215716,0.659422624439576
p.Phe412Thr,1.22400450388911,0.10296428048031,1.32696878436942,1.1210402234088
p.Asn126Asp,1.00391582349532,0.147123673018121,0.856792150477198,1.15103949651344
p.Gly378Leu,1.10347627265869,0.0364908737126399,1.13996714637133,1.06698539894605
p.Asp421Leu,0.911627058746749,0.0142982643639255,0.925925323110674,0.897328794382823
p.Gly254Val,0.0347997001337109,0.0325022095831091,0.06730190971682,0.0022974905506017
p.Gln261His,1.03383431312711,0.0137161549058899,1.02011815822122,1.047550468033
p.Glu244Pro,0.91188409605866,0.037307810366789,0.874576285691871,0.949191906425449
p.Asp194Thr,0.883075863737778,0.027967371611178,0.911043235348956,0.8551084921266
p.Gly310Arg,0.710112583704024,0.241995621655257,0.468116962048767,0.952108205359282
p.Asp286Gly,0.913716411904039,0.12348313728587,1.03719954918991,0.79023327461817
p.Glu475Ala,0.951487319312807,0.006679029493607,0.9448082898192,0.958166348806414
p.Glu389Ala,0.889919806902092,0.0420112711587194,0.931931078060811,0.847908535743372
p.Glu19Leu,0.781801014363292,0.01128579177103,0.770515222592262,0.793086806134322
p.Gly245Phe,0.882346792824823,0.0297220788911474,0.852624713933675,0.91206887171597
p.Met273Asp,0.492467391299914,0.160439581148862,0.652906972448776,0.332027810151052
p.Ser157His,1.07894163321337,0.0325304497594999,1.11147208297287,1.04641118345387
p.Tyr437Thr,1.24383055057144,0.169557624513285,1.41338817508473,1.07427292605816
p.Lys293Ser,1.05476370686778,0.04714493172041,1.10190863858819,1.00761877514737
p.Gly222Leu,0.951191752723369,0.002466808980212,0.953658561703581,0.948724943743157
p.Thr336Asp,0.11154872688727,0.0090434460148095,0.12059217290208,0.102505280872461
p.Trp53Leu,-0.0272668525560002,0.0599109030607011,-0.0871777556167014,0.032644050504701
p.Phe173Ter,0.257262306927187,0.277468791158382,0.534731098085569,-0.0202064842311955
p.Ile52Asn,0.0201725289721794,0.015873571297907,0.0042989576742723,0.0360461002700865
p.Val341Asp,0.422112950060374,0.0162595396781519,0.405853410382222,0.438372489738526
p.Val391Asn,0.854166195523311,0.0734705093973224,0.927636704920633,0.780695686125988
p.Lys514Trp,1.05340129299011,0.0447726187325049,1.09817391172261,1.0086286742576
p.Gly485Ala,0.865136814873166,0.0490717297116209,0.816065085161545,0.914208544584787
p.Ser160Ile,0.43446454230878,0.124576974259667,0.559041516568447,0.309887568049114
p.Gly204His,1.16990944794999,0.0421077759603699,1.21201722391036,1.12780167198962
p.Leu43=,0.984138015825222,0.033321880586269,0.950816135238952,1.01745989641149
p.Asn122Arg,0.906098923760278,0.0336618159364065,0.872437107823872,0.939760739696685
p.Ser160Pro,0.458961588711113,0.246881838476938,0.212079750234175,0.705843427188052
p.Thr151Pro,0.938158439913748,0.192569301444615,1.13072774135836,0.745589138469131
p.Asn388Tyr,0.353822008122214,0.1604373371933,0.514259345315514,0.193384670928914
p.Glu94His,0.962957748632824,0.0409642758574539,1.00392202449028,0.921993472775372
p.Pro477Ile,1.14163058409389,0.184680157009377,1.32631074110327,0.956950427084516
p.Asn311Tyr,1.06217174759024,0.119233247106972,1.18140499469721,0.942938500483266
p.Lys46Cys,0.979034528011453,0.0386787158675274,1.01771324387898,0.940355812143925
p.Tyr437=,0.983218740137154,0.019105707417474,1.00232444755463,0.964113032719682
p.Ala318Cys,1.05819776804065,0.014600041290015,1.04359772675064,1.07279780933067
p.Ile234Ser,1.22377910414315,0.11485515126514,1.33863425540829,1.10892395287801
p.Glu364Met,1.0398872087501,0.135696471444699,1.1755836801948,0.904190737305403
p.Val391Gly,0.809047608764738,0.036113474876297,0.845161083641035,0.772934133888441
p.Phe66Ile,0.802229008287456,0.0666477662928455,0.868876774580301,0.73558124199461
p.Ser296Ter,0.141758723791133,0.126017203596311,0.267775927387443,0.0157415201948217
p.Arg370Asp,0.42891158557149,0.032995295023444,0.461906880594934,0.395916290548046
p.Ile199Ser,0.82441192340324,0.333533449456211,1.15794537285945,0.490878473947028
p.Val108Asp,0.141272451466388,0.077427838508395,0.218700289974783,0.0638446129579929
p.Gly131Ile,0.42344938711736,0.0992386776288644,0.324210709488495,0.522688064746224
p.Leu214Trp,0.933348012328181,0.0428349017481665,0.976182914076348,0.890513110580015
p.Leu356=,1.04738707966286,0.065478671498997,1.11286575116185,0.981908408163856
p.Asp79Ser,0.906417168025002,0.105287096833256,1.01170426485826,0.801130071191747
p.Ile168Asn,0.0649843093908069,0.0047950428959005,0.0601892664949063,0.0697793522867075
p.Leu235Ser,0.399767208388534,0.0393461244075955,0.439113332796129,0.360421083980938
p.Gly38Pro,0.539616979659886,0.0231217448326059,0.562738724492492,0.51649523482728
p.Ala2Ter,0.457192444238702,0.157804472615323,0.614996916854024,0.299387971623379
p.Pro415Asn,0.869389618768474,0.099141325427536,0.770248293340938,0.96853094419601
p.Ser117Cys,1.10662318243007,0.117331309459411,1.22395449188948,0.989291872970659
p.Glu460Ala,0.732614850807294,0.0325759963995314,0.765190847206825,0.700038854407762
p.Ala231Pro,-0.0173821921903491,0.0815964713084334,-0.0989786634987825,0.0642142791180843
p.Gly222Ser,1.06817581394233,0.0587038736284249,1.12687968757075,1.0094719403139
p.Pro329Trp,0.983216223698593,0.0363481731450355,1.01956439684363,0.946868050553559
p.Val108Ala,0.390454473912008,0.0957678678422739,0.294686606069734,0.486222341754282
p.Ala134His,0.810105155438337,0.0310856627290274,0.779019492709309,0.841190818167364
p.Thr145Glu,0.90174479415019,0.0964742845724024,0.805270509577788,0.998219078722593
p.Asp282=,1.16583672543054,0.177617652913919,1.34345437834446,0.988219072516622
p.Val169Leu,1.03471015802754,0.043200940180791,1.07791109820833,0.991509217846748
p.Leu323Ala,1.00676859726147,0.0523515493343185,1.05912014659579,0.954417047927153
p.Val510Cys,0.973371062314361,0.0802295626466584,0.893141499667703,1.05360062496102
p.Thr406Ile,1.03335128434332,0.037825516014295,0.99552576832903,1.07117680035762
p.Gly69Ser,0.648088502001375,0.112769843201947,0.535318658799428,0.760858345203322
p.Ala115Trp,0.838213582440134,0.131673345697976,0.706540236742158,0.96988692813811
p.Glu504Lys,0.935474324458052,0.0335952012951994,0.901879123162852,0.969069525753251
p.Glu239Cys,0.998802158857352,0.0897805632519505,1.0885827221093,0.909021595605399
p.Met37Ile,1.05587932000726,0.11957096726764,1.1754502872749,0.936308352739621
p.Phe87Ter,-0.0195147820131795,0.0152686923193178,-0.0347834743324973,-0.0042460896938617
p.Pro396Phe,0.125219759353314,0.149843489085871,0.275063248439185,-0.0246237297325578
p.Val150Gln,-0.0034893966301303,0.137266054345492,-0.140755450975623,0.133776657715362
p.Val208=,0.784996034821202,0.163758529819413,0.621237505001789,0.948754564640616
p.Gln449Pro,0.814332168115472,0.0027778304498959,0.811554337665576,0.817109998565368
p.Asn302Phe,0.82233369090358,0.0177057627662595,0.804627928137321,0.84003945366984
p.Thr402Glu,0.868123526952026,0.135413532686676,1.0035370596387,0.732709994265348
p.His124Leu,0.956939377890446,6.26924027379849E-05,0.957002070293184,0.956876685487708
p.Ser296Asn,0.985318752552907,0.0690315260293055,1.05435027858221,0.916287226523599
p.Leu43Pro,0.526091423091554,0.075158332835305,0.450933090256249,0.601249755926859
p.Arg57Val,0.581283281362006,0.0558472867982904,0.637130568160296,0.525435994563715
p.Glu347Trp,0.8252232149762,0.0610670545619605,0.88629026953816,0.764156160414239
p.Pro477Glu,1.05265450540765,0.111309525891603,1.16396403129925,0.941344979516045
p.Ala109Ser,1.007554514631,0.0193720032749209,0.988182511356078,1.02692651790592
p.Ile392Ala,0.930034761692919,0.10655067220562,1.03658543389854,0.823484089487299
p.Asn301Gly,1.12160233808601,0.0397268049468499,1.16132914303286,1.08187553313916
p.Ser179Trp,0.545856949983732,0.144015608561446,0.401841341422286,0.689872558545178
p.Arg17Ser,0.931096598172942,0.0322857186675084,0.963382316840451,0.898810879505434
p.Leu458Ala,0.674959398640121,0.1506840937367,0.825643492376821,0.524275304903421
p.His470=,0.9635167918768,0.0854181155970089,0.878098676279792,1.04893490747381
p.Cys269Arg,0.0563132504473079,0.0088205667361518,0.047492683711156,0.0651338171834597
p.Leu16Asn,0.882990393076392,0.01026894121376,0.893259334290152,0.872721451862632
p.Asp30Gly,1.00494868912704,0.0546456687154894,1.05959435784253,0.950303020411551
p.Ser278Gly,0.896465523066024,0.0711091265625914,0.825356396503432,0.967574649628615
p.Gly110Gln,0.16849027237119,0.106347705156366,0.274837977527556,0.0621425672148243
p.Ala71Phe,0.267307023192251,0.051028838253881,0.21627818493837,0.318335861446132
p.Ile35Gln,0.0650454515538303,0.0025649679718581,0.0624804835819722,0.0676104195256885
p.Val510Gly,1.0532079053317,0.0613844331288445,1.11459233846054,0.991823472202851
p.Glu85Pro,0.0755309775143444,0.0800809128447565,-0.0045499353304121,0.155611890359101
p.Ala338Thr,0.788838163080082,0.109590488872486,0.898428651952568,0.679247674207597
p.Ala78Ter,-0.086160947050385,0.0366805295370879,-0.122841476587473,-0.0494804175132971
p.Leu214Gln,1.10815788464736,0.113882401703322,1.22204028635068,0.994275482944036
p.Leu356Asp,0.109291971007508,0.110399193116208,-0.0011072221087005,0.219691164123716
p.Asn302Gln,0.986072717902563,0.0277048724266154,1.01377759032918,0.958367845475949
p.His32Pro,0.394998760175714,0.240795127208679,0.635793887384394,0.154203632967035
p.Tyr139Lys,-0.0723479171835301,0.135475262827311,-0.207823180010841,0.0631273456437807
p.Ser40Gln,0.866771106391848,0.075402050582882,0.791369055808966,0.94217315697473
p.Ser179Ile,0.732798081078685,0.190136364981198,0.922934446059884,0.542661716097487
p.Phe253Cys,1.05363138827608,0.141498511805676,1.19512990008176,0.912132876470407
p.Gln133Asp,1.04641953176905,0.0684199231660679,1.11483945493512,0.977999608602984
p.Ala2Tyr,1.05155630468348,0.116564278284323,1.16812058296781,0.934992026399164
p.Arg182Thr,0.974292520231245,0.0018340213003655,0.972458498930879,0.97612654153161
p.Lys293Leu,0.503447650709597,0.0299287433941059,0.533376394103703,0.473518907315491
p.Val259Asn,0.946818838570323,0.0338003505592535,0.980619189129576,0.913018488011069
p.Phe237His,0.928176141116421,0.0540345051731575,0.982210646289579,0.874141635943264
p.Thr65Ser,1.03641253418332,0.0806599101813955,0.955752624001929,1.11707244436472
p.Ser296Thr,1.01969260496043,0.0711117593964299,1.09080436435686,0.948580845564
p.Asn135Arg,0.491743709655181,0.156418854408566,0.335324855246615,0.648162564063747
p.Arg370Ala,0.992931909160352,0.0421898594985175,1.03512176865887,0.950742049661835
p.Leu142Arg,0.162561288823601,0.0744266156307896,0.0881346731928117,0.236987904454391
p.Leu75=,0.945766783522675,0.016735022241695,0.92903176128098,0.96250180576437
p.Cys158Val,0.927279920065544,0.051632902545689,0.978912822611233,0.875647017519855
p.Asn397Val,1.01906286526447,0.0183394417961799,1.03740230706065,1.00072342346829
p.Tyr503Leu,1.20437501115844,0.0903889565143499,1.29476396767279,1.11398605464409
p.Asp181Ala,0.891178800422923,0.0110822202243485,0.902261020647271,0.880096580198574
p.Ile355Glu,0.0485478279474343,0.0007936600853893,0.0477541678620449,0.0493414880328237
p.Cys158Phe,0.511740688642422,0.0613514503174,0.573092138959822,0.450389238325022
p.Ala149Thr,0.784399015745996,0.293680657743982,0.490718358002015,1.07807967348998
p.Ser281Gln,0.987794808578408,0.0402863150257715,1.02808112360418,0.947508493552637
p.Cys385Tyr,0.935729357038452,0.0928401987025279,1.02856955574098,0.842889158335924
p.Asp379=,0.867879431179587,0.147893952028975,0.71998547915061,1.01577338320856
p.Asp350Asn,1.13898817542523,0.024338735881565,1.11464943954367,1.1633269113068
p.Leu55=,1.12331607313614,0.11821980346519,1.24153587660133,1.00509626967095
p.Lys205Trp,1.22797988515444,0.10490418926966,1.3328840744241,1.12307569588478
p.Gly247Val,0.964191547080632,0.0146528376859779,0.97884438476661,0.949538709394654
p.Ala318Ter,0.0430381360802129,0.0612142392322249,0.104252375312438,-0.018176103152012
p.Glu416Pro,0.711443603580545,0.182534523709912,0.893978127290457,0.528909079870632
p.Tyr343Asn,1.08552600601853,0.0989023103258095,1.18442831634434,0.986623695692721
p.Phe452Ter,0.112449299573699,0.0072480988526094,0.105201200721089,0.119697398426308
p.Asn511Trp,0.610535716593729,0.29389423231279,0.316641484280939,0.904429948906519
p.Ala461Arg,1.22262996920352,0.065608697522155,1.28823866672567,1.15702127168136
p.Glu494Trp,0.876422511938695,0.0031887430896535,0.879611255028349,0.873233768849042
p.Leu469Trp,0.805344733714966,0.283893151644245,1.08923788535921,0.52145158207072
p.Ile196Glu,0.0230481876458872,0.005880343188493,0.0171678444573941,0.0289285308343802
p.Leu183Glu,1.06787050889401,0.145746568477284,1.2136170773713,0.922123940416733
p.Asp181Pro,0.690075724942163,0.101016439254855,0.791092164197019,0.589059285687308
p.Gln195His,0.82747477773552,0.064565116939427,0.892039894674947,0.762909660796093
p.Glu504Phe,0.754675436811968,0.110907009685497,0.64376842712647,0.865582446497465
p.Phe221Val,1.18942856276178,0.106194922596195,1.29562348535797,1.08323364016558
p.Leu420Tyr,1.14224013363934,0.11118297992724,1.25342311356658,1.0310571537121
p.Val271Asn,0.170497944629837,0.0086367090938274,0.16186123553601,0.179134653723665
p.Leu458Thr,0.650897939895357,0.0763222151824115,0.574575724712946,0.727220155077769
p.Lys403Pro,0.759756707988109,0.142154541300314,0.901911249288424,0.617602166687795
p.Asn218Trp,-0.0396400134740658,0.0278689431988828,-0.0675089566729486,-0.0117710702751829
p.Leu98Phe,0.66494784248883,0.0598519289404355,0.605095913548394,0.724799771429265
p.Trp164Gly,0.614378288419282,0.0556404515223845,0.558737836896898,0.670018739941667
p.Leu265Glu,0.0797229460751352,0.0495943608496328,0.0301285852255024,0.129317306924768
p.Asn397Gly,1.01030713662398,0.002737271933925,1.00756986469005,1.0130444085579
p.Val499Tyr,1.01326248234337,0.0838902463227529,1.09715272866612,0.929372236020614
p.Val431Tyr,1.05514563203173,0.01850658909335,1.07365222112508,1.03663904293838
p.Lys89Asn,1.03351881242989,0.0129721962856299,1.04649100871552,1.02054661614426
p.Cys385=,0.788004188032957,0.190145121877385,0.597859066155571,0.978149309910342
p.Cys232Lys,1.10447783681689,0.0302235043142899,1.13470134113118,1.0742543325026
p.Glu417Val,0.916608034809055,0.010993645553292,0.905614389255763,0.927601680362347
p.Pro86Tyr,0.771240860491401,0.014715678689471,0.75652518180193,0.785956539180872
p.Ala6Ile,0.893251752402262,0.100528040177247,0.792723712225015,0.993779792579509
p.Gly351Pro,-0.0474206338368003,0.0925020697238705,-0.139922703560671,0.0450814358870702
p.Leu60Pro,0.0615013320247665,0.0245755843124862,0.0369257477122803,0.0860769163372528
p.Leu371Lys,0.316365610133993,0.143885240212679,0.460250850346672,0.172480369921314
p.Ser180Pro,0.897691897110658,0.095810779076365,0.993502676187023,0.801881118034293
p.Val369Asn,0.0611626088552016,0.0138082633944251,0.0749708722496268,0.0473543454607765
p.Val352His,0.0916293698312021,0.22435743624057,-0.132728066409368,0.315986806071772
p.Phe501Asp,1.21139049843273,0.09438077861312,1.30577127704585,1.11700971981961
p.Glu504Asn,1.04965576945775,0.166031003580646,1.2156867730384,0.883624765877108
p.Gly69Leu,0.85880314018261,0.172912480716707,1.03171562089932,0.685890659465905
p.Ala277Val,0.874277008105118,NA,NA,0.874277008105118
p.Leu75Val,0.830680342956063,0.119520541576361,0.711159801379702,0.950200884532424
p.Leu203Glu,1.1623357390889,0.0307169747293299,1.19305271381823,1.13161876435957
p.Phe412Ser,1.06867604484225,0.0476100327738399,1.02106601206841,1.11628607761609
p.Lys476His,0.973861492754626,0.0342024411259024,0.939659051628725,1.00806393388053
p.Glu244Asn,1.0842558097167,0.130626843658597,0.953628966058106,1.2148826533753
p.Asp100Cys,1.11824823441234,0.153104833434718,0.965143400977624,1.27135306784706
p.His382Trp,0.796069181027474,0.127079517195157,0.668989663832317,0.923148698222631
p.Gly163Asp,-0.0290685938548793,0.0658899281213838,-0.0949585219762632,0.0368213342665045
p.Lys290Ter,0.100737170585563,0.0368460588417357,0.137583229427299,0.0638911117438275
p.Val391Ter,0.0880350785547091,0.103023748168854,0.191058826723563,-0.014988669614145
p.Ala367Pro,0.14695851102999,0.0422759709628725,0.104682540067117,0.189234481992862
p.Leu265=,0.865801035952116,0.006107518571641,0.871908554523757,0.859693517380475
p.Leu371Met,1.04206047901615,0.043299853844218,1.08536033286037,0.998760625171934
p.Val208Glu,0.965237517975409,0.0256657186544694,0.990903236629879,0.93957179932094
p.Ile483Trp,0.993779492050063,0.0481634201027865,1.04194291215285,0.945616071947277
p.Asp313Tyr,1.09762588262785,0.00228526625822,1.09534061636963,1.09991114888607
p.Val369Cys,0.967926760684795,0.00737969294506,0.975306453629855,0.960547067739735
p.Lys360Met,1.06715922331969,0.123735282894628,1.19089450621432,0.943423940425064
p.Cys385Asn,1.04541522013328,0.0856285333351509,1.13104375346843,0.959786686798128
p.Asp79Asn,0.879608249982347,0.001389535652001,0.878218714330346,0.880997785634348
p.Thr145His,1.13951280881998,0.14100891496266,1.28052172378264,0.998503893857319
p.Ile154Ter,0.0759803635944945,0.0698615057293834,0.145841869323878,0.0061188578651111
p.Ala44Asp,-0.0441692358553366,0.114476122324115,-0.158645358179452,0.0703068864687788
p.Arg357Asp,0.550105637178558,0.00303639706086,0.547069240117698,0.553142034239418
p.Glu417Phe,1.09565038950495,0.009032295863155,1.10468268536811,1.0866180936418
p.Met496Ser,1.04009536863116,0.01871720491227,1.02137816371889,1.05881257354343
p.Pro481Asn,0.861339381584494,0.0191049302726245,0.84223445131187,0.880444311857119
p.Gln372Pro,-0.0549959344975169,0.07035869181468,-0.125354626312197,0.0153627573171631
p.Glu206Arg,0.728456172740569,0.127030481474736,0.855486654215304,0.601425691265833
p.Gln22Tyr,0.950503871880774,0.073662600926624,0.876841270954152,1.0241664728074
p.Thr319Leu,0.790253886613137,0.0201519390603029,0.770101947552834,0.81040582567344
p.Ile380His,0.74477226424072,0.202629014673555,0.947401278914276,0.542143249567165
p.Asn262Ser,1.00539431739093,0.008526890435037,1.01392120782597,0.996867426955896
p.Ser8Glu,0.690578934719013,0.251449439582885,0.439129495136128,0.942028374301898
p.Glu244Lys,0.978632207797476,0.0113953422400289,0.990027550037505,0.967236865557447
p.Glu252Ala,0.96055703053524,0.115701546960761,1.076258577496,0.844855483574478
p.Tyr322His,0.648291144626337,0.403824605778731,1.05211575040507,0.244466538847607
p.Cys294Gly,1.00331818131062,0.125251879864669,1.12857006117529,0.878066301445952
p.Glu156Pro,0.527538577926355,0.007729316895482,0.535267894821837,0.519809261030873
p.Asp114Arg,0.979527865334977,0.0081281870785154,0.987656052413492,0.971399678256461
p.His155Leu,0.603654658898164,0.14650557541562,0.750160234313785,0.457149083482544
p.Gly306Phe,0.185106718374341,0.149344645611375,0.0357620727629656,0.334451363985716
p.Leu433Gln,1.17806848662249,0.0540934471237949,1.23216193374628,1.12397503949869
p.Arg257Ile,1.00433083533479,0.095828549134744,1.10015938446953,0.908502286200042
p.Ser189Cys,0.74648656149311,0.168856938378351,0.57762962311476,0.915343499871461
p.Pro86Ala,0.928853113656107,0.040755993517476,0.969609107173583,0.888097120138631
p.Leu474His,1.00225434938461,0.078735362087528,1.08098971147214,0.923518987297084
p.Phe445Val,1.30834803788167,0.172169384179305,1.48051742206098,1.13617865370237
p.Cys294=,1.08511326786032,0.0905254051520735,1.17563867301239,0.994587862708243
p.Ser123Ter,-0.0816207476600061,0.106836587621095,-0.188457335281101,0.0252158399610884
p.Glu287Gly,0.848769730596863,0.108780849888783,0.73998888070808,0.957550580485646
p.Ser117Ter,0.0609887743375985,0.105767019415541,0.16675579375314,-0.0447782450779426
p.Thr466Cys,0.981889496509293,0.0868104911638364,1.06869998767313,0.895079005345457
p.Thr151Lys,0.306751871721016,0.322755161115176,0.629507032836192,-0.0160032893941603
p.Pro50Thr,0.554378672822024,0.0564250768830719,0.610803749705096,0.497953595938952
p.Pro172Gly,0.946692321067061,0.119617575187571,1.06630989625463,0.827074745879487
p.Val5His,1.02387255158883,0.042138588608474,1.0660111401973,0.981733962980352
p.Tyr249Phe,1.15438114815112,0.09790497217264,1.25228612032376,1.05647617597848
p.Leu440Trp,0.902592567666045,0.105430820713397,1.00802338837944,0.797161746952646
p.Met37Ala,0.88227087658471,0.0318585225688439,0.850412354015866,0.914129399153554
p.Ser418Arg,1.16621435545692,0.015510233862835,1.15070412159408,1.18172458931975
p.Thr466Ala,1.09103876509994,0.02029355710836,1.1113323222083,1.07074520799158
p.Leu420Gln,1.25967452129892,0.135348013672925,1.39502253497185,1.124326507626
p.Asn414=,0.961674335479513,0.0949030871632455,0.866771248316269,1.05657742264276
p.Leu211Pro,0.038335853014485,0.0153685526643281,0.0229673003501569,0.0537044056788132
p.Leu214Glu,0.470458334708945,0.27726613319554,0.747724467904485,0.193192201513404
p.Phe381His,0.242695773760289,0.177647882701572,0.420343656461861,0.0650478910587164
p.Lys478Leu,1.15769274584517,0.11791761933573,1.2756103651809,1.03977512650944
p.Arg498Ala,1.02535511289729,0.08049252072597,1.10584763362326,0.94486259217132
p.Gly242Ser,0.976366148129498,0.0168455642205559,0.993211712350054,0.959520583908942
p.Glu148Phe,1.10653938028991,0.108178135658769,1.21471751594868,0.998361244631142
p.Tyr202Pro,1.22286803546686,0.050062102807745,1.27293013827461,1.17280593265912
p.Glu170Asn,1.04371921583937,0.0318835442106499,1.01183567162872,1.07560276005002
p.Ser184=,0.915330657791431,0.0440262860003715,0.87130437179106,0.959356943791803
p.Leu264Val,0.805745296207378,0.012823851352147,0.792921444855231,0.818569147559525
p.Glu170Met,0.723145682532803,0.175694346900373,0.547451335632429,0.898840029433176
p.Arg215Gly,0.111148296713488,0.0621688222888193,0.173317119002307,0.0489794744246683
p.Leu43Ser,0.785248527490756,0.0499297954184185,0.835178322909174,0.735318732072337
p.Phe337Asn,0.0536376389411414,0.100274031073578,-0.0466363921324366,0.153911670014719
p.Leu468=,1.06977007220984,0.0857678949544945,1.15553796716433,0.984002177255341
p.His124Lys,0.95073436273982,0.116617008066362,1.06735137080618,0.834117354673456
p.Leu142Phe,1.08034065402828,0.125154435249236,1.20549508927751,0.955186218779037
p.Tyr437Trp,1.08475008418116,0.130273075929634,1.21502316011079,0.954477008251521
p.Asn397Glu,1.16955539026551,0.091357423138515,1.26091281340403,1.078197967127
p.Arg136Met,0.836592546378318,0.108106132709945,0.944698679088263,0.728486413668373
p.Arg393Ala,1.30842520379828,0.09949636087428,1.40792156467256,1.208928842924
p.Tyr249Ter,0.283772410748571,0.243657810377874,0.527430221126445,0.0401146003706963
p.Arg370Ser,0.990553295273992,0.0106158765512799,0.97993741872271,1.00116917182527
p.Asn426Ter,-0.0571600258246864,0.0178642253190183,-0.0750242511437047,-0.0392958005056681
p.Ile392Leu,1.15342940772277,0.158092670352571,1.31152207807534,0.995336737370198
p.Phe138Asn,0.102324310760025,0.0364306852667507,0.0658936254932744,0.138754996026776
p.Ala90=,1.06047649864006,0.0229002717018799,1.03757622693818,1.08337677034194
p.Arg9Ala,0.862568469042762,0.0466554121673479,0.815913056875414,0.90922388121011
p.Gly204Gln,1.19593137844089,0.0266943221627899,1.1692370562781,1.22262570060368
p.Phe237Arg,0.741521792726951,0.040813864664623,0.782335657391574,0.700707928062328
p.Trp164Asp,0.847460832115015,0.062042561832056,0.785418270282959,0.909503393947071
p.Leu203Tyr,1.25781636845863,0.0860929095017249,1.34390927796035,1.1717234589569
p.Asp435Cys,1.217348993956,0.16487210830961,1.38222110226561,1.05247688564639
p.Leu440Pro,1.07341173591632,0.149486776381185,1.2228985122975,0.923924959535129
p.Cys294Val,0.951906117614451,0.0992326212474395,0.852673496367011,1.05113873886189
p.Tyr343Gln,1.04062656629977,0.0483538454358284,1.0889804117356,0.992272720863943
p.Leu305Arg,0.762976975893246,0.0152166793162379,0.778193655209484,0.747760296577008
p.His263Gly,1.21936886778377,0.15238195445802,1.37175082224179,1.06698691332575
p.Asn311Phe,0.956560416335961,0.0403183087008379,0.996878725036799,0.916242107635123
p.Asp379Thr,1.14336450266175,0.115326694172325,1.25869119683407,1.02803780848942
p.Met273Gly,0.747225212870781,0.092127251367828,0.839352464238609,0.655097961502953
p.Trp54Glu,1.15767317652058,0.07500820366971,1.23268138019029,1.08266497285087
p.Phe102Val,0.45595882839814,0.0179227315355229,0.473881559933663,0.438036096862617
p.Glu93His,0.879338916515723,0.0778579634543539,0.957196879970077,0.801480953061369
p.Asn135Gly,0.584819743412966,0.0899258829443104,0.494893860468656,0.674745626357277
p.Asp42Gln,1.05642736667018,0.0484195753493599,1.00800779132082,1.10484694201954
p.Leu458Glu,0.850936854674461,0.0057629524466585,0.856699807121119,0.845173902227802
p.Gly248Glu,1.210366734872,0.11801945978258,1.32838619465458,1.09234727508942
p.Arg227Glu,0.45935318905029,0.0636735439070084,0.523026732957298,0.395679645143281
p.Val213His,0.802080638574563,0.067964953136536,0.870045591711098,0.734115685438026
p.Gln11Trp,0.873130759286009,0.082717439917024,0.955848199203033,0.790413319368985
p.Glu93Phe,0.844192373131028,0.0225521016218605,0.866744474752889,0.821640271509168
p.Ser8Trp,0.721657831625001,0.068503946349222,0.790161777974223,0.653153885275779
p.Asp79Glu,1.02654013100365,0.0715070083097394,1.09804713931339,0.955033122693911
p.Leu323=,0.926645586509155,0.090122852517304,0.836522733991852,1.01676843902646
p.Arg81Pro,0.0447141630812854,0.201163084586306,-0.156448921505021,0.245877247667592
p.Gly331Ala,0.745768610446455,0.161257039295117,0.584511571151338,0.907025649741572
p.His186Gln,1.12533005549119,0.171374938244014,1.2967049937352,0.953955117247172
p.Pro312Leu,0.935433881553301,0.062026947974099,0.9974608295274,0.873406933579202
p.Asp114Trp,0.807162553717469,0.169982730997655,0.977145284715124,0.637179822719814
p.Arg498Val,0.898942127752231,0.0792491163215859,0.819693011430645,0.978191244073817
p.Glu494Ile,0.790101978236669,0.153178285959064,0.636923692277605,0.943280264195733
p.Val444Pro,0.910220167142179,0.234777034527251,1.14499720166943,0.675443132614927
p.Ala25His,1.17720901732666,0.188028889363901,1.36523790669056,0.989180127962759
p.Ser123Glu,0.977481529198511,0.0181364960602704,0.995618025258781,0.95934503313824
p.Asn414His,0.796282083379348,0.183793948490744,0.612488134888604,0.980076031870092
p.Thr466Phe,0.936898936158751,0.0243335360006475,0.961232472159399,0.912565400158104
p.Glu99Asn,1.0778661988555,0.0410116783547199,1.11887787721022,1.03685452050078
p.Tyr428Asp,1.23808228578722,0.037572855782335,1.27565514156956,1.20050943000489
p.Lys508Met,1.07578837538219,0.0602345815309149,1.13602295691311,1.01555379385128
p.Thr402Cys,0.789076249298798,0.394448442753769,0.394627806545031,1.18352469205257
p.Leu211Ile,0.683328559846805,0.347465708615763,0.335862851231043,1.03079426846257
p.Leu270Thr,1.11087777954144,0.025023341797545,1.13590112133898,1.08585443774389
p.Phe173Met,0.769590955284533,0.0808595433909924,0.688731411893541,0.850450498675526
p.Val271Trp,0.22597997289092,0.117099918315521,0.343079891206441,0.108880054575399
p.Glu239Phe,0.844107273706782,0.0312057190778984,0.87531299278468,0.812901554628883
p.Arg198=,1.06609343546279,0.0231922869965749,1.04290114846621,1.08928572245936
p.Arg192Leu,1.21675624519978,0.20707696107224,1.42383320627202,1.00967928412754
p.Glu347His,1.02808676052091,0.0533730627514334,0.974713697769473,1.08145982327234
p.Leu362Thr,0.579188686663904,0.404147283813597,0.175041402850306,0.983335970477501
p.Ser184Trp,0.757286683095344,0.13606384674465,0.621222836350694,0.893350529839994
p.Pro477Ser,1.12090055381452,0.121919473727523,1.24282002754204,0.998981080086993
p.Leu121Pro,0.0016240411896332,0.109265377855343,-0.10764133666571,0.110889419044977
p.Phe21Ile,1.06178944272046,0.106764552172766,1.16855399489323,0.955024890547698
p.Val12Ala,0.643830796909196,0.368462363081792,0.275368433827406,1.01229315999099
p.Phe445Cys,0.648524967777401,0.261272536949802,0.387252430827599,0.909797504727203
p.Leu121Gln,0.856815685118382,0.68671805607725,1.54353374119563,0.17009762904113
p.Ala335Glu,0.882335369579943,0.210716064713759,0.671619304866181,1.0930514342937
p.Glu368Pro,0.175069811169986,0.156702919617864,0.0183668915521225,0.33177273078785
p.Asp282Val,1.05130005834949,0.119719604930596,1.17101966328009,0.931580453418897
p.Lys288Ile,0.934114916717716,0.208835988716023,1.14295090543374,0.725278928001693
p.Trp509Arg,1.13983856974057,0.0454608654941049,1.18529943523468,1.09437770424647
p.Tyr507Gly,1.06663793229413,0.144066931802428,1.21070486409656,0.922571000491704
p.Arg454Ser,1.19329703167996,0.1530375425688,1.34633457424876,1.04025948911116
p.Pro512Gly,1.09452978706974,0.138180827059319,1.23271061412906,0.956348960010421
p.Lys320Ala,1.03317065852551,0.0703472951353619,0.962823363390146,1.10351795366087
p.Thr151Met,0.52552917164071,0.392797907296838,0.132731264343872,0.918327078937549
p.Ala127Gly,1.03762486042478,0.0409298910847,1.07855475150948,0.99669496934008
p.Thr327Ile,1.05470830742602,0.0847902614573395,1.13949856888336,0.969918045968681
p.Leu371Val,1.11775214592624,0.0013107863678649,1.1190629322941,1.11644135955837
p.Glu63Arg,1.12308385546458,0.0267926702684349,1.14987652573302,1.09629118519615
p.Gln502Leu,0.890741926090416,0.115609399887835,0.775132526202579,1.00635132597825
p.Pro467Met,0.935694912540292,0.18163569105562,1.11733060359591,0.75405922148467
p.Val303Phe,0.993279888318942,0.0368876282069755,1.03016751652592,0.956392260111969
p.Gln133Ser,0.985580591441273,0.0645506964940974,0.921029894947175,1.05013128793537
p.Leu495Tyr,0.641795512593176,0.046978223303338,0.688773735896514,0.594817289289838
p.Arg463Asn,0.951412023316555,0.169038996631115,1.12045101994767,0.782373026685439
p.Val444Ter,0.155350684813505,0.104054843790627,0.259405528604132,0.0512958410228772
p.Arg175Ter,0.209849808583921,0.144314570024492,0.354164378608413,0.0655352385594295
p.Pro467Arg,0.893528673365812,NA,NA,0.893528673365812
p.Gly331Leu,0.792317765434993,0.159929442900693,0.6323883225343,0.952247208335687
p.Tyr401His,1.35663377491363,0.142565964032225,1.49919973894586,1.21406781088141
p.Pro62Leu,0.51114718567939,0.0262086203666289,0.484938565312761,0.537355806046019
p.Arg348Ter,0.188644948560818,0.269278188895982,0.4579231374568,-0.0806332403351639
p.Glu148Lys,1.23843357825725,0.203557217811945,1.4419907960692,1.03487636044531
p.Met207Gly,0.993708950699193,0.024154113481767,1.01786306418096,0.969554837217426
p.Asp313Ala,0.937264566280299,0.0690523764297529,0.868212189850544,1.00631694271005
p.Gly204Tyr,1.30005445779152,0.08891754419129,1.38897200198281,1.21113691360023
p.Ala109Trp,0.86192060205375,0.118080733651385,0.743839868402365,0.980001335705135
p.Val431Ile,0.79595273912388,0.0962070334585394,0.699745705665341,0.89215977258242
p.Ala436Ile,1.21129169851922,0.224920105985169,1.43621180450439,0.986371592534051
p.Asp435Gly,1.0633303194012,0.0757800796241784,1.13911039902538,0.987550239777023
p.Cys385Lys,1.04597417165631,0.0315330082645799,1.07750717992089,1.01444116339173
p.Met159Ala,0.931235496777903,0.127202737643757,1.05843823442166,0.804032759134146
p.Val284Ile,1.05246771604371,0.116154344873365,1.16862206091707,0.936313371170341
p.Leu203Asn,1.22194512145415,0.0828144086880299,1.30475953014218,1.13913071276612
p.Asp282Phe,0.17847849727001,0.338741966968874,-0.160263469698864,0.517220464238884
p.Ala277Cys,0.835064008017892,0.0323852450280355,0.802678762989857,0.867449253045928
p.Gln195=,1.14054464858331,0.038536227127535,1.10200842145578,1.17908087571085
p.Glu3His,0.967654813607027,0.0228795613837375,0.990534374990765,0.94477525222329
p.Phe56Val,0.29570563021775,0.0410695116549345,0.254636118562815,0.336775141872684
p.Phe87Ser,0.681418997008275,0.0466725352142224,0.728091532222497,0.634746461794052
p.Tyr147Met,1.1286503083008,0.0063517771992299,1.13500208550003,1.12229853110157
p.Ser106Ala,0.843700788265265,0.0808935559345065,0.924594344199772,0.762807232330759
p.Val444Ile,0.843786243281614,0.11689471180784,0.726891531473774,0.960680955089454
p.Tyr401Lys,1.21889134111043,0.0882889741684549,1.30718031527888,1.13060236694197
p.Ser278Asp,0.394696952322112,0.279805464623406,0.114891487698706,0.674502416945518
p.Lys366Ser,1.22824112624902,0.101203362585125,1.32944448883414,1.12703776366389
p.Thr65Trp,1.09949341790599,0.096354194370815,1.19584761227681,1.00313922353518
p.Gln161Asn,0.758722349622855,0.207613986680225,0.55110836294263,0.966336336303081
p.Ala231=,0.981975818191538,0.0179132014166075,0.96406261677493,0.999889019608145
p.Glu491=,1.00507132704135,0.089183829632546,1.0942551566739,0.915887497408808
p.Tyr482His,-0.0223523829980999,0.161167174890693,-0.183519557888793,0.138814791892593
p.Arg72His,1.17796666581175,0.226079104123036,1.40404576993478,0.951887561688708
p.Phe66Tyr,1.3318347362473,0.124918422745685,1.45675315899299,1.20691631350162
p.Ser332Ala,1.05307462777477,0.310526524274812,1.36360115204958,0.742548103499956
p.Met37Leu,1.03218302273813,0.143902812012799,1.17608583475093,0.888280210725331
p.Ile392His,0.482864041114964,0.142633912871111,0.625497953986075,0.340230128243853
p.Gln299Leu,1.11798695873593,0.262627604255533,1.38061456299146,0.855359354480394
p.Thr423Gln,0.980316622074876,0.0178074900703195,0.998124112145196,0.962509132004557
p.Leu422Arg,0.560679118731006,0.113982297552581,0.674661416283587,0.446696821178425
p.Ala90Lys,0.606458529528618,0.033970138613422,0.572488390915196,0.64042866814204
p.Pro276Val,0.0105930718606904,0.0039957507403541,0.0065973211203363,0.0145888226010446
p.Ser188Thr,1.19057255055542,0.043163815747885,1.23373636630331,1.14740873480754
p.Arg439Asn,0.996156976135703,0.0378851438779045,1.03404212001361,0.958271832257801
p.Ser332=,0.977133783288751,0.128021714242931,0.849112069045818,1.10515549753168
p.Lys478=,1.07817877181312,0.114142056479862,1.19232082829298,0.964036715333256
p.His155Met,0.905327004547356,0.223002814308013,1.12832981885537,0.682324190239344
p.Val108Trp,0.548589287085862,0.0273927720795065,0.521196515006355,0.575982059165368
p.Asn302Ala,0.946407187319497,0.0475439632634164,0.993951150582914,0.898863224056081
p.Cys358=,0.889344880727004,0.160336655595818,0.729008225131183,1.04968153632282
p.Gly242Leu,0.652419687020827,0.261561980571488,0.913981667592315,0.390857706449339
p.Gly306Glu,0.17035000266437,0.108628928436955,0.0617210742274153,0.278978931101326
p.Phe87Lys,0.27306470156508,0.0865961547413435,0.186468546823736,0.359660856306423
p.Asn122Phe,0.750534904515483,0.111395933263803,0.861930837779287,0.63913897125168
p.Leu390His,0.12177388880635,0.0990362333190258,0.220810122125376,0.0227376554873244
p.Ser160Thr,0.988215678728663,0.0047457266335674,0.983469952095096,0.992961405362231
p.Phe191Thr,-0.0124965884994446,0.037517687088676,-0.0500142755881207,0.0250210985892315
p.Arg393Asp,1.20007690087092,0.07679670490581,1.27687360577673,1.12328019596511
p.Tyr507Asn,1.15551027085038,0.0074655193786049,1.16297579022899,1.14804475147178
p.Pro467Cys,0.813270869757993,0.0346344705894989,0.847905340347492,0.778636399168494
p.Pro144Met,1.07724640730016,0.0570879943866799,1.13433440168684,1.02015841291348
p.Val400Thr,1.18835565452081,0.0829966068962,1.27135226141701,1.10535904762461
p.Val5Glu,1.07025155773775,0.0558834552221599,1.12613501295991,1.01436810251559
p.Ile35Leu,0.836299584407684,0.0470424530737004,0.883342037481384,0.789257131333983
p.Lys293Trp,0.345971780296538,0.143234809207104,0.489206589503643,0.202736971089434
p.Lys508Phe,0.996603436380928,0.0336509900633715,1.0302544264443,0.962952446317557
p.Met207Thr,1.21929927013602,0.11641740699642,1.33571667713244,1.1028818631396
p.Leu468His,0.728846775204843,0.0426138885785999,0.771460663783443,0.686232886626243
p.Gly500Met,1.19567720391545,0.14473536178636,1.34041256570181,1.05094184212909
p.Thr65Val,1.01418327586133,0.068819704702577,1.08300298056391,0.945363571158756
p.Val150Thr,1.01103962080511,0.077134642271182,1.08817426307629,0.933904978533926
p.Ile33Trp,0.750472325108627,0.0226525927264985,0.727819732382129,0.773124917835126
p.Ile255Asp,0.373983508573111,0.218343146301969,0.59232665487508,0.155640362271142
p.Ala217Pro,0.0063596626583179,0.0091778007486829,0.0155374634070009,-0.0028181380903649
p.Thr423Arg,0.931537410546096,0.0970082199643665,0.834529190581727,1.02854563051046
p.Leu292Arg,0.11294459383072,0.0343356363337992,0.147280230164519,0.0786089574969204
p.Arg365=,1.13202787020676,0.05395289262358,1.18598076283034,1.07807497758318
p.Tyr322Met,0.317546109452306,0.195002633223079,0.512548742675386,0.122543476229227
p.Asn126=,1.0870371787305,0.105538941414643,1.19257612014514,0.981498237315854
p.Asp286Glu,1.06019852585138,0.0703482343412674,1.13054676019265,0.989850291510115
p.Asp283Ile,0.944732381813977,0.0782586249090104,1.02299100672299,0.866473756904969
p.Thr76=,0.94537162873454,0.0970856889528014,0.848285939781737,1.04245731768734
p.Glu419Phe,1.05828183506533,0.0744404167184025,1.13272225178373,0.983841418346925
p.Asn311Pro,0.626239643748765,0.0219180713289265,0.648157715077692,0.604321572419839
p.Ser189Gly,1.06731140520123,0.0137733957568949,1.05353800944433,1.08108480095812
p.Phe173Tyr,1.0659974205375,0.0431856534188099,1.02281176711869,1.10918307395631
p.Ser160Ala,0.945314588445748,0.0443231426915285,0.90099144575422,0.989637731137277
p.Lys275Glu,1.20259890638331,0.016825063375185,1.18577384300813,1.2194239697585
p.Val146Ser,0.882240460888799,0.015262223991266,0.866978236897533,0.897502684880065
p.Tyr424Thr,1.22835257597517,0.07427149576045,1.30262407173562,1.15408108021472
p.Trp349Val,0.446323625954736,0.216351360721797,0.662674986676533,0.229972265232938
p.Cys232Asp,0.293491364873005,0.132868674281601,0.426360039154606,0.160622690591405
p.Phe138Glu,0.103756048353246,0.0266716216429288,0.130427669996175,0.0770844267103173
p.Gly447Ile,0.218571559409906,0.143474276426039,0.362045835835945,0.0750972829838673
p.Arg215Thr,0.17059770975758,0.132768643942597,0.303366353700178,0.0378290658149834
p.Ser332Ile,0.0922003567151151,0.074290389031965,0.16649074574708,0.0179099676831499
p.Lys293Gln,1.06006662100367,0.0284450996865649,1.0316215213171,1.08851172069023
p.Arg227Ter,0.0429328903962562,0.0283154207654767,0.071248311161733,0.0146174696307795
p.Leu264Gly,0.628696771963147,0.0881537245129165,0.540543047450231,0.716850496476064
p.Val259Ala,1.18762177666683,0.12206467795501,1.30968645462184,1.06555709871182
p.Ala103Val,0.624986922261326,0.268321649270189,0.356665272991136,0.893308571531515
p.Gly447=,1.07509095638182,0.171788929584624,1.24687988596645,0.903302026797201
p.Ser40Ala,1.02591369424945,0.102111154848369,1.12802484909782,0.923802539401081
p.Phe87Thr,0.487622591650217,0.0105458690045145,0.498168460654732,0.477076722645703
p.Leu20Thr,0.372665938874833,0.301995362109492,0.0706705767653407,0.674661300984325
p.Phe56Asn,0.242952808779032,0.0956076035329984,0.147345205246033,0.33856041231203
p.Gln28Glu,0.829852151791986,0.158807524656328,0.671044627135658,0.988659676448314
p.Pro144Trp,1.05393999668755,0.00062565658779,1.05456565327534,1.05331434009976
p.Glu274Asn,0.925836340090279,0.0614677586267619,0.987304098717041,0.864368581463517
p.Lys478Gln,0.936432632284203,0.0502985809381195,0.886134051346083,0.986731213222322
p.Arg246Ala,1.03585982964887,0.114722240209513,0.921137589439355,1.15058206985838
p.Gln4Val,0.909192142051563,0.0433156171699649,0.952507759221528,0.865876524881598
p.Met267Arg,0.294144951634315,0.104973696526868,0.399118648161184,0.189171255107447
p.Pro143Gly,1.082841562867,0.0720472944834049,1.15488885735041,1.0107942683836
p.Gln261Tyr,1.11909414091127,0.0348877981844949,1.15398193909576,1.08420634272677
p.Glu297Arg,0.85518299145771,0.167633119962938,0.687549871494774,1.02281611142065
p.Tyr70=,1.02139725453124,0.0358571322641305,0.985540122267109,1.05725438679537
p.Gly174Thr,0.906957303847711,0.0633619265559334,0.970319230403645,0.843595377291778
p.Arg439Pro,1.10229913220885,0.0248106640810449,1.1271097962899,1.07748846812781
p.Gly410Ter,-0.0571303572061988,0.0309635107350662,-0.088093867941265,-0.0261668464711326
p.Ala127Leu,0.747730051427092,0.0907169596078474,0.657013091819244,0.838447011034939
p.Ala367Val,0.836737980877485,0.102595745235061,0.734142235642424,0.939333726112546
p.Gln28Asp,0.949002833691687,0.0773967128564329,0.871606120835254,1.02639954654812
p.Cys232Ile,0.481603522004485,0.039778416698176,0.521381938702661,0.441825105306309
p.Arg192=,1.03965854275077,0.0456212257697899,1.08527976852056,0.99403731698098
p.Arg219Val,1.09491931200273,0.0272776428827999,1.06764166911993,1.12219695488553
p.Met405Leu,1.21691876515479,0.11244236928243,1.32936113443722,1.10447639587236
p.Gly222Arg,1.05862205590395,0.0321583757225699,1.09078043162652,1.02646368018138
p.Arg387Met,0.959503272605604,0.153790022375717,1.11329329498132,0.805713250229886
p.Gly110Arg,-0.0201364448266619,0.115011956267738,-0.1351484010944,0.0948755114410762
p.Lys89Met,0.781721959796797,0.164452355745236,0.617269604051562,0.946174315542033
p.Gln83Met,0.866578932071934,0.127548321120895,0.73903061095104,0.994127253192829
p.Arg365Pro,1.06369809874177,0.00126757218359,1.06496567092536,1.06243052655818
p.Tyr484Thr,0.979649051779744,0.0136941956893549,0.993343247469099,0.965954856090389
p.Ala272Glu,0.385326257060588,0.0825631996368465,0.467889456697435,0.302763057423742
p.Ile36Ser,0.0070827623426331,0.148148900522335,-0.141066138179702,0.155231662864968
p.Thr51Arg,0.903086412627437,0.0121916547368524,0.91527806736429,0.890894757890585
p.Glu148Ter,0.0039736233893522,0.0151556071329001,0.0191292305222524,-0.0111819837435479
p.Glu18Arg,1.07917375202846,0.0818398277541215,1.16101357978258,0.997333924274337
p.Glu460Phe,0.59896437350783,0.0023123808981119,0.601276754405942,0.596651992609718
p.Gln307Lys,0.239904877356809,0.0763559377207995,0.316260815077609,0.16354893963601
p.Gln195Ala,0.751347779895558,0.105137586594709,0.646210193300849,0.856485366490267
p.Gly254Ser,0.851362469086383,0.133766596210175,0.717595872876208,0.985129065296558
p.Val376Ala,1.28002597850971,0.073215980793015,1.35324195930272,1.20680999771669
p.Gly222Lys,1.09267350024185,0.01126798584842,1.10394148609027,1.08140551439343
p.Gly410Asn,0.789524665254068,0.0316905403328539,0.821215205586922,0.757834124921214
p.Asp228Val,0.859805840422153,0.050437525885477,0.91024336630763,0.809368314536676
p.Cys446Glu,0.998777416834972,0.0296209244464004,1.02839834128137,0.969156492388569
p.Arg330Ala,1.04508738630857,0.093434780648175,1.13852216695674,0.95165260566039
p.Gly410Phe,1.13050934683104,0.0852422974599449,1.21575164429099,1.0452670493711
p.Asp283Glu,0.641852170780847,0.260530541381688,0.381321629399158,0.902382712162535
p.Tyr112Val,0.594738801384059,0.0561453228340459,0.538593478550013,0.650884124218105
p.Phe412Met,1.20055267261821,0.101260548508365,1.30181322112657,1.09929212410984
p.Glu345Val,0.786808643453299,0.0237527216667319,0.763055921786567,0.810561365120031
p.Gln395Phe,0.957575821442813,0.0384684213346024,0.996044242777415,0.91910740010821
p.Ala367Cys,0.944463168895877,0.0595186275479235,1.0039817964438,0.884944541347953
p.Asn153Ser,0.943855350671273,0.0184236977478755,0.925431652923397,0.962279048419148
p.Lys360Val,0.882449956336168,0.048031392701567,0.930481349037735,0.834418563634601
p.Ala2Arg,0.984437061533766,0.0028493166111844,0.987286378144951,0.981587744922582
p.Thr145Val,1.14054363067512,0.01944288658641,1.15998651726153,1.12110074408871
p.Ala277Ser,1.07473994814662,0.06396357446463,1.13870352261125,1.01077637368199
p.Thr151=,1.06039545571344,0.136727752675682,1.19712320838912,0.923667703037756
p.Gly245Ile,1.00104221422782,0.0393283516642459,1.04037056589206,0.961713862563568
p.His155Arg,0.968858853349498,0.0477262129180035,0.921132640431493,1.0165850662675
p.Val208Phe,1.08841350182301,0.0309107654007699,1.11932426722378,1.05750273642224
p.Arg348Asp,0.844950013244147,0.116249674581148,0.961199687825296,0.728700338662999
p.Glu93Ter,0.0312423175441007,0.0051429058493187,0.026099411694782,0.0363852233934194
p.Lys408Met,1.1487039560021,0.0096542805018,1.1583582365039,1.1390496755003
p.Phe56Thr,0.334466910589564,0.0030279060804354,0.33749481667,0.331439004509129
p.Arg365Lys,0.977332533043847,0.0487263497689029,1.02605888281275,0.928606183274944
p.Glu239Met,1.02388945299164,0.032582997510286,1.05647245050192,0.991306455481348
p.Lys82Asp,0.770915362422759,0.158935278280671,0.611980084142088,0.92985064070343
p.Lys497Ile,1.06041564828002,0.04897850057729,1.10939414885731,1.01143714770273
p.Tyr197Phe,0.906167784842947,0.136112981907254,0.770054802935692,1.0422807667502
p.Ile167=,1.00739803966284,0.0343778289993695,0.973020210663471,1.04177586866221
p.Gln372Cys,1.15177013956647,0.063669339382375,1.21543947894885,1.0881008001841
p.Lys47Thr,1.10296096618837,0.01904774097713,1.1220087071655,1.08391322521124
p.Tyr437Val,1.05541021115656,0.122477645360561,1.17788785651712,0.932932565795998
p.Pro50Asn,0.53784165447156,0.317016976371118,0.854858630842678,0.220824678100441
p.Leu130Ile,0.977115086657872,0.0236103484987269,0.953504738159146,1.0007254351566
p.Pro481Arg,0.999542555688992,6.23210965750021E-05,0.999480234592417,0.999604876785567
p.His27Lys,0.960642680401887,0.0184705384303145,0.979113218832201,0.942172141971572
p.Arg215His,0.538654581672638,0.233955114702011,0.77260969637465,0.304699466970627
p.Arg257His,0.941638823585247,0.0687273971994424,1.01036622078469,0.872911426385805
p.Ile154His,-0.0309239109249949,0.104085863768973,-0.135009774693968,0.0731619528439783
p.Leu356Glu,0.230148581932636,0.0377672353403144,0.267915817272951,0.192381346592322
p.Gln22Met,0.987127276242702,0.0600326630074685,0.927094613235233,1.04715993925017
p.Thr10Glu,1.12944477936006,0.058773201253675,1.18821798061373,1.07067157810638
p.Ile199Thr,0.642089585811979,0.0047751510229835,0.637314434788996,0.646864736834963
p.Phe26Thr,0.923960077493134,0.117467047793868,0.806493029699265,1.041427125287
p.Gly306Ter,-0.107471942255968,0.057491119365034,-0.164963061621002,-0.0499808228909338
p.Tyr322Arg,0.0420631209812549,0.0409556015456343,0.0830187225268892,0.0011075194356205
p.Tyr112Asn,0.602908354020499,0.065647400656883,0.668555754677382,0.537260953363616
p.Trp225Val,0.493975920918542,0.252142527751425,0.746118448669967,0.241833393167116
p.Arg387Ala,1.20421490039667,0.071797391253865,1.27601229165053,1.1324175091428
p.Gly174Pro,0.586075116372982,0.140097166137108,0.72617228251009,0.445977950235874
p.Gln209Ser,1.14006351897606,0.0616236531577299,1.20168717213379,1.07843986581833
p.Asp113Pro,0.544638624477416,0.217466054925633,0.762104679403049,0.327172569551784
p.Gln266Asp,1.00993830523546,0.0993379091995429,1.10927621443501,0.910600396035924
p.Thr236Ala,0.721354696016255,0.139736206904815,0.86109090292107,0.58161848911144
p.Leu60Trp,0.456669763568892,0.343988095772391,0.1126816677965,0.800657859341283
p.Gln261Val,1.25145135646557,0.03314022752321,1.28459158398878,1.21831112894236
p.Arg72Cys,1.03715755955206,0.10593372811141,1.14309128766347,0.931223831440649
p.Ile256=,1.05092623578812,0.091267674809649,1.14219391059777,0.959658560978472
p.Ala134Arg,1.0053999597919,0.129394305579924,1.13479426537183,0.876005654211982
p.Pro143Ser,0.715980023710427,0.003126684540631,0.712853339169796,0.719106708251058
p.Lys95Phe,1.14588400410803,0.104829687036,1.25071369114403,1.04105431707203
p.Leu265Gly,0.519820588123558,0.0722911674515764,0.592111755575135,0.447529420671982
p.Glu389Asp,0.83695156775799,0.173325098148388,1.01027666590638,0.663626469609604
p.Pro481Tyr,0.897284828059185,0.0349656275727854,0.932250455631971,0.8623192004864
p.Met159Cys,1.00260119093135,0.0456211308734469,1.0482223218048,0.956980060057906
p.Leu292Gln,0.275239970449403,0.0200372970269785,0.295277267476382,0.255202673422425
p.Val369Arg,0.237773652001311,0.0134561904984314,0.251229842499743,0.22431746150288
p.Asn262Trp,1.26859850446724,0.178468849486615,1.44706735395386,1.09012965498063
p.Arg81Ala,0.80485108599476,0.0176797768877919,0.822530862882552,0.787171309106968
p.Arg166Trp,0.0427082245025321,0.0271100556770279,0.0155981688255042,0.0698182801795601
p.Glu475Gln,1.0745728804023,0.144501873112103,1.2190747535144,0.930071007290194
p.Pro409His,1.24668407712926,0.0532053426402449,1.2998894197695,1.19347873448901
p.Arg120Gln,1.00468614386787,0.0047601301775954,1.00944627404546,0.999926013690269
p.Arg104Thr,0.558175757582099,0.0065961548515164,0.564771912433616,0.551579602730583
p.Val291Thr,0.847166759942587,0.075401807395936,0.771764952546651,0.922568567338523
p.Leu342Thr,1.08999836281039,0.0493019117716,1.13930027458199,1.04069645103879
p.Cys269Trp,0.14832396929321,0.0566874324441299,0.0916365368490802,0.20501140173734
p.Ile154Cys,0.772265784116894,0.0464928887199864,0.725772895396907,0.81875867283688
p.Gln161Lys,1.07490646175549,NA,NA,1.07490646175549
p.Val77Pro,0.894522020362964,0.003067624876868,0.897589645239832,0.891454395486096
p.Ser84Phe,0.961843648098464,0.147375514711973,1.10921916281044,0.814468133386493
p.Ala25Met,1.01577445440576,0.104260203230023,1.12003465763578,0.911514251175735
p.Phe445Lys,0.189670175958307,0.165308500143785,0.354978676102092,0.0243616758145224
p.Leu7Ile,1.07707066780945,0.105910772161106,1.18298143997055,0.971159895648339
p.Phe337Glu,0.116902679589366,0.06027012688434,0.0566325527050259,0.177172806473706
p.Arg454Asn,0.889322369321747,0.208878574072674,1.09820094339442,0.680443795249072
p.Asp325Thr,1.07462734014797,0.121871298990968,1.19649863913894,0.952756041157004
p.Phe21Leu,1.04155481614432,0.0794261311310844,1.12098094727541,0.962128685013241
p.Ala436Thr,1.29204309142673,0.10404187289669,1.39608496432342,1.18800121853004
p.Ile15Met,0.987404893114127,0.0354503474591715,1.0228552405733,0.951954545654957
p.Gln449Phe,0.38873044690368,0.331616125671258,0.720346572574938,0.0571143212324221
p.Gly222Glu,1.05015739972444,0.0342308463746049,1.08438824609904,1.01592655334983
p.Pro312Asp,1.03193262896252,0.0288977335411049,1.06083036250362,1.00303489542141
p.Val376Lys,0.393602869057699,0.217831825891965,0.611434694949664,0.175771043165733
p.Val108Gln,0.752755609005016,0.0378243029734114,0.790579911978428,0.714931306031605
p.Pro312Phe,0.879126550606685,0.0874063485576314,0.791720202049054,0.966532899164317
p.Ser132Ile,1.05922515478687,0.115545891824475,1.17477104661135,0.9436792629624
p.Tyr147Pro,0.826128105113169,0.155720979747399,0.981849084860568,0.67040712536577
p.Tyr249Leu,1.14188278333704,0.05225208924218,1.19413487257922,1.08963069409486
p.Thr402Phe,0.906577949628393,0.224070816948564,0.682507132679831,1.13064876657696
p.Thr151Trp,0.78113453421805,0.0023030664218675,0.778831467796182,0.783437600639917
p.Met273Val,0.646450083791726,0.068364163961031,0.714814247752757,0.578085919830695
p.Ile15Gly,0.846238029667221,0.0604916940597809,0.78574633560744,0.906729723727002
p.Ile220Trp,1.20517378191854,0.12834038619456,1.3335141681131,1.07683339572398
p.Val233Met,0.793978132353363,0.193005257696016,0.986983390049379,0.600972874657347
p.Lys366Ile,0.565768827132468,0.12913240897485,0.436636418157617,0.694901236107318
p.Leu128Ile,0.906410764069162,0.0586101620193145,0.847800602049847,0.965020926088476
p.Tyr401Phe,1.06559077547458,0.0183099171697799,1.08390069264436,1.0472808583048
p.Val453Tyr,1.26868678892093,0.107962354412495,1.37664914333343,1.16072443450844
p.Gly425Ala,0.813975190353707,0.0418274276229365,0.855802617976643,0.77214776273077
p.Pro240Cys,1.08024500571902,0.0952759070318775,1.1755209127509,0.984969098687145
p.Ser189Asn,1.17640150697697,0.105275005239955,1.28167651221692,1.07112650173701
p.His263Ala,1.37093488919858,0.061564924939785,1.43249981413836,1.30936996425879
p.Ile441Gln,0.0720115552843779,0.0498568625272728,0.121868417811651,0.0221546927571052
p.Gln11Val,0.721273264204222,0.0807994849419504,0.640473779262272,0.802072749146173
p.Glu148His,0.996954129742059,0.0246072944766229,0.972346835265434,1.02156142421868
p.Leu7Gly,0.932323376527692,0.0351212631306179,0.96744463965831,0.897202113397074
p.Pro434Cys,0.841670485986203,0.0437588890185769,0.797911596967626,0.88542937500478
p.Gln372Glu,0.769282667004439,0.0084910141687369,0.760791652835702,0.777773681173176
p.Lys205Ala,1.13714215208696,0.12803692932055,1.26517908140751,1.00910522276641
p.Gly316Asp,1.06558257024274,0.152118923945855,1.2177014941886,0.913463646296889
p.Leu214Ser,1.07935395630312,0.164409235594307,1.24376319189743,0.914944720708816
p.Ala335Asn,0.858061385071535,0.0569906429987199,0.915052028070255,0.801070742072815
p.Pro312Cys,1.00999533234482,0.0878466574585379,1.09784198980336,0.922148674886284
p.Pro329Ser,1.14739138542043,0.115092173745645,1.26248355916608,1.03229921167479
p.Asp113=,1.09880627752433,0.002102069072045,1.10090834659638,1.09670420845229
p.His155Gly,0.856338893793719,0.0955570683152055,0.760781825478514,0.951895962108925
p.Leu7Phe,0.743021429659914,0.183274924397225,0.559746505262689,0.926296354057139
p.Lys508Ter,1.32342423184011,0.12213708354832,1.44556131538843,1.20128714829179
p.Gln307Thr,0.992740080375606,0.144659420265776,1.13739950064138,0.848080660109828
p.Asn226Phe,0.352258296550435,0.0250042867228895,0.327254009827545,0.377262583273324
p.Asp435Tyr,0.893170416540885,0.143054100372263,0.750116316168623,1.03622451691315
p.Ala78Pro,0.961709515784329,0.109674663481101,1.07138417926543,0.852034852303228
p.Ile187Phe,1.02855339446458,0.0077024572387099,1.02085093722587,1.03625585170329
p.Val271=,1.1641935760635,0.17453201702843,1.33872559309193,0.989661559035069
p.Gly447Glu,0.663107874515264,0.011863193213745,0.651244681301519,0.674971067729009
p.Asp200Tyr,0.910201659048323,0.119511802008159,1.02971346105648,0.790689857040162
p.Ser84Asn,1.00807921016075,NA,NA,1.00807921016075
p.Arg81Gln,0.650515730979498,0.0893834691695494,0.561132261809948,0.739899200149047
p.Ser84Thr,0.973753147826499,0.036550747159623,1.01030389498612,0.937202400666874
p.Asn346Ile,0.341420356946154,0.118516394672461,0.459936751618615,0.222903962273693
p.Tyr437Asp,1.11168235958393,0.09209626466175,1.01958609492218,1.20377862424568
p.Tyr484Cys,0.945683137310907,0.0181046683382,0.927578468972707,0.963787805649107
p.Arg198Gln,0.638880367104597,0.255333909775547,0.894214276880144,0.38354645732905
p.Ala127Val,0.982795779055822,0.002971281296405,0.985767060352227,0.979824497759417
p.Asn397Gln,1.20300294796939,0.029138656595505,1.17386429137388,1.23214160456489
p.Phe413His,0.56617302148864,0.0902951779500339,0.475877843538606,0.656468199438674
p.Ile295Lys,0.275983001190209,0.117334623431552,0.393317624621761,0.158648377758657
p.Asp176Gln,0.797300161814714,0.206666379228378,1.00396654104309,0.590633782586334
p.Ser132His,1.10463873097199,0.12343760407757,1.22807633504956,0.981201126894421
p.Arg370Cys,1.11145400712169,0.018383014770265,1.09307099235143,1.12983702189196
p.Ala141Arg,0.28580578360929,0.0326774492745385,0.253128334334751,0.318483232883828
p.Asn511Met,1.17835850044118,0.140655590275815,1.31901409071699,1.03770291016536
p.Ser296Leu,0.888379946857951,0.116611337361379,1.00499128421933,0.771768609496573
p.Gln209Asp,1.31970000271477,0.107708514689205,1.42740851740397,1.21199148802556
p.Gln11Gly,0.88102806912044,0.0744696360764765,0.806558433043963,0.955497705196916
p.Lys386Ile,1.06982993974185,0.118831675294232,1.18866161503608,0.950998264447616
p.Glu156Ser,1.14969318523972,0.125337370239735,1.27503055547946,1.02435581499999
p.Asp435Arg,1.15460958217207,0.152784749176175,1.30739433134825,1.0018248329959
p.Met267Gly,0.843075764083391,0.105884337271409,0.9489601013548,0.737191426811982
p.Leu190Val,1.16120847666223,0.0846010275693199,1.24580950423155,1.07660744909291
p.Tyr401Ala,1.12810603038839,0.0752986965708499,1.20340472695924,1.05280733381754
p.Leu433Cys,1.08666196392804,0.0631349095819749,1.02352705434606,1.14979687351001
p.Pro312Ser,0.875072726640397,0.0546475681161,0.820425158524297,0.929720294756497
p.Cys13Ala,0.826937815391527,0.127581758118791,0.699356057272736,0.954519573510318
p.Ala127Trp,0.879228323684982,0.0709671554210709,0.808261168263911,0.950195479106053
p.Val431Trp,0.981518757177955,0.0527205311136565,0.928798226064297,1.03423928829161
p.Ala116Gln,1.01162917144108,0.031890716942811,1.04351988838389,0.979738454498268
p.His513Cys,1.08945332912046,0.0623999988688199,1.15185332798928,1.02705333025164
p.Arg487Thr,1.09106455181325,0.0553491462945149,1.14641369810777,1.03571540551874
p.Ile196Pro,-0.0080755009420746,0.0155992063024587,-0.0236747072445334,0.0075237053603841
p.Glu345Ter,0.0420764477373444,0.032318358301112,0.0743948060384564,0.0097580894362323
p.Val391Pro,0.0959585151338195,0.217164365241719,-0.1212058501079,0.313122880375539
p.Arg365Glu,1.16077502776622,0.10901700913689,1.26979203690311,1.05175801862933
p.Asn105Trp,0.887376508512259,0.0172652622389309,0.870111246273328,0.90464177075119
p.Tyr118Leu,1.02836432690526,0.089600098723068,1.11796442562833,0.938764228182194
p.Gln209Ile,1.10022843205022,0.07799263255442,1.17822106460464,1.0222357994958
p.Pro62Lys,0.821510334152139,0.0717757425371889,0.893286076689328,0.74973459161495
p.Asn280Ile,1.00839697974762,0.0390466404790359,1.04744362022666,0.969350339268588
p.Asn311Thr,1.00903234729863,0.029392912546955,1.03842525984559,0.97963943475168
p.Phe241Lys,1.09189620079818,0.050683161517545,1.14257936231573,1.04121303928064
p.Lys478Pro,1.03148551035582,0.119518579379832,1.15100408973565,0.911966930975986
p.Asp176Val,0.804954904081298,0.148244076363414,0.953198980444712,0.656710827717884
p.Gln299Met,0.836194634242851,0.007189955743334,0.843384589986185,0.829004678499517
p.Trp225Cys,0.135345096212015,0.0842929325836027,0.219638028795618,0.0510521636284125
p.Thr466=,0.942756282154361,0.137274036952969,1.08003031910733,0.805482245201391
p.Ala377Leu,0.983984842770071,0.0567158097547674,1.04070065252484,0.927269033015305
p.Arg120Trp,1.04500410876498,0.0727253146118879,1.11772942337687,0.972278794153094
p.Asn311Ile,0.911899103504882,0.099943511382499,0.811955592122382,1.01184261488738
p.Ile48Asn,-0.0237249868286005,0.0594219896372395,-0.0831469764658401,0.035697002808639
p.Val431Asp,1.2017568452529,0.108590884181035,1.31034772943394,1.09316596107187
p.His451Val,1.15727851805336,0.131255623642195,1.28853414169555,1.02602289441116
p.Val453Gln,1.22732224550206,0.0665586400076599,1.29388088550972,1.1607636054944
p.Ala115Gly,0.568462661725044,0.320132445278505,0.248330216446539,0.88859510700355
p.Lys275Ser,1.04717052882928,0.0829588693864915,1.13012939821577,0.964211659442787
p.Lys432Ter,-0.0864711050330605,0.0886215823217483,-0.175092687354809,0.0021504772886877
p.His374Trp,0.71271186528966,0.157608596761769,0.555103268527891,0.870320462051429
p.Asp375Ile,0.545965526640555,0.018277529652581,0.564243056293136,0.527687996987974
p.Gln266Thr,1.13365580430782,0.024508065482745,1.15816386979056,1.10914773882507
p.Gln11Ile,0.909263745116083,0.009206854098024,0.900056891018059,0.918470599214107
p.Met273Glu,0.102646480106148,0.0183711795403508,0.0842753005657973,0.121017659646499
p.Arg393Glu,1.15840399764399,0.007368065132305,1.15103593251169,1.1657720627763
p.Phe26Glu,0.840695894665489,0.122841873562209,0.71785402110328,0.963537768227698
p.Thr334Gly,0.969790833575144,0.0903554130531585,1.0601462466283,0.879435420521983
p.Gln384=,1.02912631582976,0.02243332622617,1.05155964205593,1.00669298960359
p.Glu93Asp,0.823947866172029,0.192621061276052,0.631326804895976,1.01656892744808
p.Leu342Tyr,0.0913366938608531,0.18219300158563,-0.0908563077247769,0.273529695446483
p.Val213Glu,1.17363980346567,0.0856986940370599,1.25933849750273,1.08794110942861
p.Gln133Glu,0.775900229646541,0.309366205502941,0.466534024143598,1.08526643514948
p.Val208His,1.11770555824122,0.06253730163446,1.05516825660676,1.18024285987568
p.Arg17Glu,0.800377304068466,0.097112982130105,0.703264321938361,0.897490286198571
p.Val5Gly,0.773996342738932,0.245831258097437,0.528165084641496,1.01982760083637
p.Tyr482Gln,0.321220430122234,0.024709449446074,0.345929879568308,0.29651098067616
p.Lys290Asn,1.05677276831887,0.0668537181558475,1.12362648647472,0.989919050163025
p.Lys205Gly,1.24790565794446,0.123867325904795,1.37177298384925,1.12403833203966
p.Glu170=,1.04780879827581,0.058596071387117,1.10640486966293,0.989212726888696
p.Met37Tyr,0.78459980197019,0.138131721975575,0.922731523945765,0.646468079994615
p.Ala115Arg,0.878295135138641,0.166037286159128,0.712257848979514,1.04433242129777
p.Glu475Met,0.901982290826562,0.0013938146180744,0.900588476208487,0.903376105444636
p.Tyr107Gln,0.899258394087671,0.479794617113198,1.37905301120087,0.419463776974473
p.Gln133Thr,1.06048264033153,0.0063716837808399,1.06685432411237,1.05411095655069
p.Thr319Arg,0.774840886499545,0.237556529853105,0.537284356646439,1.01239741635265
p.Ala461Cys,1.16615756269701,0.127863253548725,1.29402081624574,1.03829430914829
p.Leu305Phe,1.02203003163481,0.0103006498093,1.01172938182551,1.03233068144411
p.Tyr70Cys,0.813416336811367,0.0636710502718694,0.749745286539497,0.877087387083236
p.Asp324Asn,1.11280039927164,0.225216796449109,1.33801719572075,0.887583602822532
p.Phe452Ile,0.655927135863494,0.0247583740155249,0.680685509879019,0.631168761847969
p.Tyr322Asn,0.0768144151286273,0.0593771339343246,0.136191549062952,0.0174372811943026
p.Lys275Trp,0.257988419126736,0.169775423474135,0.427763842600871,0.0882129956526006
p.Lys152Tyr,0.977081181981689,0.0321084591344505,0.944972722847239,1.00918964111614
p.Glu368Asn,0.488878204011764,0.123603442425943,0.36527476158582,0.612481646437707
p.Leu55Arg,0.0441587459436455,0.0478042790049886,-0.0036455330613431,0.0919630249486342
p.Lys403Glu,0.837742836624005,0.138627628438885,0.97637046506289,0.69911520818512
p.Tyr401Gly,0.845812463843259,0.153578382255525,0.999390846098784,0.692234081587734
p.Ala25Cys,1.11632937130849,0.102992810753035,1.21932218206152,1.01333656055545
p.Glu317Thr,0.994926932144958,0.0200871705467104,1.01501410269167,0.974839761598249
p.Met159Trp,0.921710809934268,0.011669329015627,0.910041480918641,0.933380138949895
p.Gly23Cys,1.21475677945832,0.070071040362355,1.28482781982067,1.14468573909596
p.Gln299Pro,0.95202469982915,0.110661482197143,0.841363217632005,1.06268618202629
p.Arg175His,1.15979407807347,0.0140382717977899,1.17383234987126,1.14575580627568
p.Glu345Phe,0.782735259851139,0.0003271282388329,0.783062388089972,0.782408131612306
p.Thr236Gly,0.723475220962236,0.279007293713782,1.00248251467602,0.444467927248455
p.Lys89Thr,0.952816978812014,0.111573044111785,1.0643900229238,0.841243934700229
p.Thr76Tyr,0.777329153530489,0.184763557757809,0.962092711288297,0.59256559577268
p.Leu362=,1.11306978809637,0.143471275126819,1.25654106322319,0.969598512969551
p.Phe34Ile,1.2387245723823,0.039611088881585,1.27833566126388,1.19911348350071
p.Trp462Gln,1.13060479439748,0.0122159535881599,1.14282074798564,1.11838884080932
p.Thr333Pro,1.05437975462334,0.0932161537258919,1.14759590834923,0.961163600897446
p.Ile48=,1.16788275975434,0.061484787083475,1.22936754683782,1.10639797267087
p.Val169Phe,1.00897355477538,0.0668029335152555,1.07577648829064,0.942170621260129
p.Glu63Gly,1.16761744268332,0.14857197463372,1.31618941731704,1.0190454680496
p.Val291Ter,0.145428084779283,0.152312183323901,0.297740268103184,-0.0068840985446176
p.Arg9Phe,0.776987453463012,0.0070906286743044,0.769896824788708,0.784078082137317
p.Asn346Tyr,0.0837362524351182,0.0263923216025148,0.110128574037633,0.0573439308326034
p.Ala436Gln,1.29927561794805,0.0108222018335299,1.31009781978158,1.28845341611452
p.Ser188Ala,1.047220743943,0.0167506015042049,1.06397134544721,1.0304701424388
p.Val304Tyr,0.488263936014931,0.220067924705922,0.708331860720853,0.268196011309009
p.Asp42Arg,1.00480448328025,0.0783569077180275,1.08316139099828,0.926447575562225
p.Val510Phe,1.21294349991748,0.17155087990823,1.38449437982571,1.04139262000925
p.Ala318Ser,0.996352552972538,0.0314591054890134,1.02781165846155,0.964893447483523
p.Arg330Tyr,0.719913094975234,0.328214904930136,0.391698190045098,1.04812799990537
p.Tyr484Gln,0.992188914421597,0.0741059946000435,1.06629490902164,0.918082919821553
p.Gly242Trp,0.572791239303238,0.153014401665009,0.725805640968247,0.419776837638228
p.Lys293His,1.12962125366299,0.094728353625625,1.22434960728861,1.03489290003736
p.Asn135Tyr,0.372518357184768,0.0651655442709109,0.307352812913857,0.437683901455679
p.Glu206Thr,1.15803647336782,0.104553881767005,1.26259035513482,1.05348259160081
p.Glu85Arg,0.595827965076285,0.0023960253630685,0.593431939713217,0.598223990439354
p.Leu323Thr,0.483976445035257,0.591517148897625,-0.10754070386237,1.07549359393288
p.Ser281Thr,0.911414661016345,0.096540444446296,0.814874216570048,1.00795510546264
p.Asn426Thr,0.997102268250058,0.139307087734844,1.1364093559849,0.857795180515211
p.Leu356Tyr,0.211589905126751,0.0393751029480634,0.172214802178687,0.250965008074814
p.Val303Ter,-0.0617535475086116,0.0271232721429717,-0.0888768196515833,-0.0346302753656398
p.Leu469Ile,1.07429419485995,0.0335487493687299,1.10784294422868,1.04074544549122
p.Ile441Phe,0.963387046081317,0.002637651894696,0.960749394186621,0.966024697976013
p.Phe237Leu,0.722698077541243,0.0446939410433915,0.678004136497852,0.767392018584635
p.Val369Pro,0.524083943256052,0.285967650154407,0.810051593410459,0.238116293101645
p.Glu460His,0.896932226327465,NA,NA,0.896932226327465
p.Thr423Ile,0.911233299667446,0.044096457996363,0.867136841671083,0.955329757663809
p.Thr466Gly,1.20296336294212,0.065388804558375,1.26835216750049,1.13757455838374
p.Asn346Gly,0.783526853005587,0.058376621667243,0.84190347467283,0.725150231338344
p.Ser486Asp,1.01757842553261,0.184460437928652,1.20203886346126,0.833117987603956
p.Arg182Ala,0.930103489949383,0.0640518939526225,0.866051595996761,0.994155383902006
p.Thr506Phe,1.14250260663712,0.129536993018245,1.27203959965537,1.01296561361888
p.Phe413Gly,0.876452208019343,0.030677357292319,0.907129565311662,0.845774850727024
p.Gly247Ala,1.07740112715299,0.0568304668456399,1.13423159399863,1.02057066030735
p.Ala217Gly,0.663068858335784,0.517383020960756,0.145685837375027,1.18045187929654
p.Lys514Gly,1.0738409404483,0.0502437669132049,1.1240847073615,1.02359717353509
p.Arg166Val,0.195917653368168,0.013744853863717,0.182172799504451,0.209662507231885
p.Ile67Gly,0.021552819357254,0.141151188083967,-0.119598368726713,0.162704007441221
p.Ala116Phe,0.972299037755841,0.0289030630276909,0.943395974728148,1.00120210078353
p.Leu292His,0.278003574623821,0.169541207554727,0.447544782178548,0.108462367069094
p.Phe216Pro,0.0420656958323523,0.0261637701420216,0.068229465974374,0.0159019256903307
p.Tyr249His,1.15451449927131,0.10952997517883,1.26404447445014,1.04498452409248
p.Tyr139His,0.988016756531687,0.0872160260476024,1.07523278257929,0.900800730484085
p.Tyr107Ile,0.686850894649528,0.182235397102874,0.504615497546654,0.869086291752402
p.Phe237Thr,0.764284870056199,0.0758832661975494,0.68840160385865,0.840168136253749
p.Met404Pro,0.590108847460537,0.112963438881775,0.703072286342312,0.477145408578762
p.Asn388Leu,0.755961718791443,0.183603641300361,0.939565360091805,0.572358077491082
p.Ser418His,1.08688237215822,0.085111743687435,1.17199411584565,1.00177062847078
p.Gly242Tyr,0.4555334181636,0.227528772402477,0.683062190566077,0.228004645761122
p.Arg81Glu,0.558287382314973,0.049712402247109,0.508574980067864,0.607999784562082
p.Leu305Ala,0.610966313597573,0.0766686619179025,0.534297651679671,0.687634975515476
p.Leu440Asn,1.19887357370656,0.0179172775547099,1.21679085126127,1.18095629615185
p.Arg498Cys,0.902287888347061,0.0447070260664724,0.857580862280589,0.946994914413534
p.Lys432Met,1.18913947293279,0.0790018775002249,1.26814135043302,1.11013759543257
p.Asn126Lys,0.970992340101292,0.0468659732137085,0.924126366887583,1.017858313315
p.Pro512Ile,1.09152470076829,0.0281725720699999,1.06335212869829,1.11969727283829
p.Ser117Leu,0.601464420430271,0.0147781629959234,0.616242583426195,0.586686257434348
p.Glu156Ile,0.941388406230094,0.0148949388371955,0.926493467392898,0.956283345067289
p.Ser448Ter,-0.0679286758016374,0.0384229213527476,-0.106351597154385,-0.0295057544488896
p.Lys478Ter,-0.0621507474018132,0.0957048814059719,-0.157855628807785,0.033554134004159
p.His27Pro,0.530746805471981,0.382334344301817,0.148412461170164,0.913081149773799
p.Ser281Asp,1.09902472623317,0.0464735525417999,1.14549827877497,1.05255117369137
p.Pro240Asp,0.993748965112906,0.0385593871641969,1.0323083522771,0.955189577948706
p.Ala90Gly,0.741442029193587,0.0229544984277109,0.718487530765876,0.764396527621298
p.Ile483His,1.03135239503452,0.016219852994885,1.0475722480294,1.01513254203963
p.Ala361Leu,0.262895247701796,0.123394243005113,0.139501004696683,0.386289490706909
p.Glu347Val,0.883210330379716,0.033330806408479,0.849879523971237,0.916541136788195
p.Lys403Arg,1.22605200362756,0.07022502636821,1.29627702999577,1.15582697725935
p.Leu422Pro,0.711484064364066,0.263837256742932,0.975321321106998,0.447646807621133
p.Gln395Ala,0.956290734956796,0.0414666273369225,0.914824107619873,0.997757362293718
p.Cys358Lys,0.341452379598913,0.0980367690604734,0.439489148659387,0.24341561053844
p.Ser486Leu,0.607312781064995,0.231056153274732,0.838368934339728,0.376256627790263
p.Asp493His,1.07924001404298,0.110933811603725,1.19017382564671,0.96830620243926
p.Gln395Asp,1.18176189100219,0.0402601058511649,1.14150178515102,1.22202199685335
p.Thr334Cys,1.03884944312117,0.0162943896802949,1.05514383280146,1.02255505344087
p.Val12Phe,1.09054477840018,0.0600704247399299,1.15061520314011,1.03047435366025
p.Tyr147Glu,1.03247050472533,0.05006159040726,1.08253209513259,0.98240891431807
p.Ile441Trp,0.704753858588353,0.227059644284402,0.931813502872755,0.47769421430395
p.Ala103Ile,0.923675466215084,0.0648957816155035,0.988571247830587,0.85877968459958
p.Ala6Gly,0.683678034842787,0.240524289040399,0.443153745802388,0.924202323883187
p.Ala2Trp,0.639860243320263,0.243757588748301,0.396102654571962,0.883617832068565
p.Asp100Pro,0.262395980944336,0.0660622933459495,0.196333687598386,0.328458274290285
p.Phe241Met,1.20835404990126,0.11389324953634,1.3222472994376,1.09446080036492
p.Ser448Asn,1.00756440726024,0.0400997773027309,0.967464629957508,1.04766418456297
p.Ile48Thr,0.669045955375475,0.0480036660236344,0.62104228935184,0.717049621399109
p.Ala492Val,1.1377084233361,0.12519836130874,1.26290678464484,1.01251006202736
p.Val208Lys,0.219702356716265,0.148694016093061,0.368396372809326,0.0710083406232038
p.Glu193Ser,0.506836860422438,0.136331900604044,0.370504959818394,0.643168761026483
p.Glu19Gln,0.91731788027096,0.043366194566175,0.960684074837135,0.873951685704785
p.Arg215Phe,0.153819430412145,0.134829984490634,0.288649414902779,0.0189894459215112
p.Ala231Val,0.726867318694989,0.0404397676984094,0.767307086393399,0.68642755099658
p.Asp286Lys,0.768605180398835,0.0440338989231089,0.724571281475726,0.812639079321944
p.Glu94Gln,0.902056421685408,0.0785746556441245,0.823481766041284,0.980631077329533
p.Arg463Glu,0.616179086918613,0.205922081780644,0.822101168699258,0.410257005137969
p.Asp379Ser,1.24934108279212,0.110232258622835,1.35957334141496,1.13910882416929
p.Met404Gly,0.638903920236082,0.219217798007642,0.858121718243724,0.41968612222844
p.Ser117Met,0.993502703248116,0.121743131225184,1.1152458344733,0.871759572022933
p.Ile199Ter,0.0867625124640221,0.0491699896170608,0.135932502081083,0.0375925228469614
p.Asn426Ser,1.09592397929983,0.095346623270295,1.19127060257013,1.00057735602954
p.Lys476Ala,0.793369986510413,0.082544164694971,0.710825821815442,0.875914151205384
p.Arg487Phe,1.18483116487507,0.064147141931305,1.24897830680638,1.12068402294377
p.Glu315Lys,0.888130424707577,0.136763973410144,0.751366451297433,1.02489439811772
p.Asp375=,1.09671610306818,0.0300161375514,1.12673224061958,1.06669996551678
p.Gln133Val,0.947827530473473,0.0822174437874149,0.86561008668606,1.03004497426089
p.Val108Arg,0.434337218988406,0.0017759663264529,0.436113185314859,0.432561252661953
p.Asn210Thr,1.02595911338958,0.0492169074919294,1.07517602088151,0.976742205897651
p.Ala300Asn,1.06423235441057,0.0340070823710749,1.09823943678165,1.0302252720395
p.Tyr428Leu,1.0650870887328,0.006014098964745,1.07110118769754,1.05907298976805
p.Pro240Ala,1.0835760231799,0.053576194460335,1.13715221764023,1.02999982871956
p.Ala6=,1.14613036295991,0.167214720110926,1.31334508307084,0.978915642848988
p.Thr51Ala,0.8989660293432,0.184320945734767,0.714645083608435,1.08328697507797
p.Ile33Met,0.938631573176498,NA,NA,0.938631573176498
p.Arg215Trp,0.12576282471772,0.111819087375799,0.237581912093519,0.0139437373419206
p.His470Trp,0.961382225706801,0.039781309873031,1.00116353557983,0.921600915833768
p.Tyr507Arg,1.14424311425364,0.088515533480025,1.23275864773367,1.05572758077362
p.Phe354Gly,0.234879160305533,0.0692252290243389,0.165653931281194,0.304104389329872
p.Asn226Leu,0.111185540883596,0.0191771887976098,0.130362729681206,0.0920083520859862
p.Thr466Met,1.04189209586453,0.0971706146732544,0.944721481191281,1.13906271053779
p.Thr406Trp,1.11320853319064,0.0795467623914149,1.19275529558206,1.03366177079923
p.Tyr308Arg,0.0726970092626337,0.101632858747476,-0.0289358494848428,0.17432986801011
p.Trp462Asp,1.15609703344342,0.191766598211335,1.34786363165475,0.96433043523208
p.Lys360Ala,0.95023155169213,0.0623539003006304,1.01258545199276,0.887877651391499
p.Ala217=,0.97045879182821,0.0524972660269724,1.02295605785518,0.917961525801235
p.Ile199Glu,-0.0150630109835598,0.0218444095597496,-0.0369074205433095,0.0067813985761898
p.Pro326Ter,-0.016781569037114,0.006996293837505,-0.023777862874619,-0.0097852751996089
p.Asp350Thr,1.09828636634841,0.173130694135135,1.27141706048355,0.925155672213279
p.Tyr503Gln,1.1970285986629,0.005224118236045,1.20225271689895,1.19180448042686
p.Pro434Lys,0.787886733956942,0.05629310772416,0.844179841681102,0.731593626232782
p.Val352Gln,0.106044639936601,0.0539712580748429,0.0520733818617581,0.160015898011444
p.Glu475Ser,0.917133622718334,0.0413078745275725,0.875825748190762,0.958441497245907
p.Met260Phe,1.04530415348823,0.060915145255285,1.10621929874352,0.98438900823295
p.Ser160Glu,0.816653046783114,0.0747127964172695,0.891365843200384,0.741940250365845
p.Ile187Ter,0.0065884348407165,0.0089996311509437,0.0155880659916602,-0.0024111963102272
p.Leu305=,1.10809329249308,0.150042505847488,1.25813579834057,0.958050786645594
p.Phe26=,1.0897724400485,0.131282067936921,1.22105450798542,0.958490372111578
p.Thr336=,1.00280040788147,0.0877387527250255,1.09053916060649,0.915061655156439
p.Gly242Lys,0.727620822854043,0.163976384148633,0.891597207002676,0.56364443870541
p.Asn430Gln,1.15912797224728,0.166516209154134,1.32564418140141,0.992611763093141
p.Phe87Gln,0.63994389546556,0.0873117217661434,0.552632173699417,0.727255617231704
p.Ile48Leu,1.04795987263171,0.120909491960365,1.16886936459208,0.927050380671349
p.Pro312Asn,1.18249777246742,0.268279518126058,1.45077729059348,0.914218254341364
p.Cys294His,0.913384689950522,0.068315116060744,0.845069573889778,0.981699806011266
p.Tyr118Gly,0.200033875180395,0.0991711990539784,0.100862676126416,0.299205074234373
p.Asp58Met,0.950152595739228,0.020838480531058,0.92931411520817,0.970991076270286
p.Thr466Glu,1.16075928689956,0.091900471512765,1.25265975841232,1.06885881538679
p.Leu323Gln,1.04354864402795,0.02657762340517,1.07012626743312,1.01697102062278
p.Asp443Gly,0.698945129870221,0.164314380246443,0.534630749623778,0.863259510116664
p.Arg72Thr,0.837839129641314,0.0504519238336364,0.787387205807678,0.888291053474951
p.Pro512Cys,0.996194984161263,0.154044235870265,1.15023922003153,0.842150748291
p.Ile154Leu,1.12143532138653,0.05111934626762,1.17255466765415,1.07031597511891
p.Val233Trp,0.133946181348443,0.0918828808540867,0.0420633004943565,0.22582906220253
p.Arg357Lys,1.06924926785372,0.134933756329353,1.20418302418307,0.934315511524364
p.Tyr428Ala,1.23608755719171,0.113333417913895,1.34942097510561,1.12275413927782
p.Ala116Arg,0.985634568621548,0.018179633096434,1.00381420171798,0.967454935525112
p.Glu99Met,0.751713287336362,0.0015290343588914,0.750184252977471,0.753242321695254
p.Glu419Val,1.18531552759055,0.0729594644586999,1.25827499204925,1.11235606313185
p.Tyr49Asp,0.0279044387794732,0.0839156993591248,-0.0560112605796518,0.111820138138598
p.Gln178Phe,0.973403948186308,0.205904519842692,1.179308468029,0.767499428343615
p.Pro329His,0.973455914473898,0.0333390512563909,0.940116863217508,1.00679496573029
p.Gln383Met,1.00946338230517,0.0396260005046479,1.04908938280982,0.969837381800524
p.Ile154Pro,0.326740601079374,0.335899186166426,0.6626397872458,-0.0091585850870515
p.Leu305Tyr,0.5784681746232,0.234169685493475,0.344298489129725,0.812637860116676
p.Ala231Gly,1.08712413622365,0.116705588547043,1.20382972477069,0.970418547676604
p.Tyr308Val,0.444872337870343,0.028777569607438,0.416094768262905,0.473649907477781
p.Glu419Lys,1.05806386825597,0.16554247193699,1.22360634019296,0.89252139631898
p.Thr51Ser,0.613292916463943,0.296400961221031,0.316891955242911,0.909693877684974
p.Val77Thr,0.873615934034381,0.0089355369759734,0.882551471010355,0.864680397058408
p.Asp286Gln,0.852055041862847,0.158755906930403,0.693299134932444,1.01081094879325
p.Gly321Val,0.064607900731086,0.0336233581653609,0.0309845425657251,0.0982312588964469
p.Asp443Ter,-0.0875852807199324,0.0759543911119055,-0.163539671831838,-0.0116308896080269
p.Asn218His,0.127016297806842,0.128102531192943,0.255118828999785,-0.0010862333861007
p.Arg246Ile,1.16472174324574,0.137808722862315,1.30253046610805,1.02691302038342
p.Lys45Asn,1.09960442419484,0.108233738133356,1.2078381623282,0.991370686061488
p.Gln384Arg,0.921785794878174,0.128266831120156,0.793518963758017,1.05005262599833
p.Ile162Met,1.01926644767541,0.08800462922078,1.10727107689619,0.93126181845463
p.Thr31Asn,0.981672970974708,0.0116363564231665,0.970036614551542,0.993309327397875
p.Gly331Asp,1.12666080911004,0.143149100103713,1.26980990921375,0.983511709006323
p.His451Ala,1.32132655414561,0.16036172480311,1.48168827894872,1.1609648293425
p.Ser184Phe,0.870628873470922,0.0822997978744414,0.952928671345363,0.78832907559648
p.Gln133Lys,1.08273380096991,0.0992048472530895,1.181938648223,0.983528953716821
p.Lys45Thr,0.919938903219364,0.0772642543804879,0.842674648838876,0.997203157599852
p.Met404Ter,-0.0846135607074381,0.0525518459611428,-0.137165406668581,-0.0320617147462953
p.Arg120Asn,0.879799231633421,0.063964109546748,0.815835122086673,0.943763341180169
p.Phe354Lys,0.00462212216616,0.186198194964865,-0.181576072798705,0.190820317131025
p.Asp200Glu,0.970379762374867,0.02547350288673,0.995853265261597,0.944906259488137
p.Leu469Lys,0.261893364063577,0.10671697763912,0.368610341702697,0.155176386424458
p.Asp251Ter,-0.0959502547958322,0.0487769263625386,-0.144727181158371,-0.0471733284332937
p.Val233Thr,0.197888775255444,0.0249756618194005,0.222864437074844,0.172913113436043
p.Arg120Pro,0.758638357242495,0.213781668857592,0.972420026100087,0.544856688384903
p.Ala217Cys,0.754066703727361,0.115499433936738,0.638567269790624,0.869566137664099
p.Asp113Thr,1.02346946114374,0.0514080269698795,1.07487748811362,0.972061434173861
p.Arg365His,0.959375889555608,0.0005515539798899,0.958824335575718,0.959927443535498
p.Gln502Arg,0.805519225552223,0.319274915181977,0.486244310370246,1.1247941407342
p.Leu98Ser,0.503981876534167,0.106623833652652,0.610605710186819,0.397358042881515
p.Lys366Asn,1.13902697747633,0.08065744547881,1.21968442295514,1.05836953199752
p.Ser157Asn,0.89515789583156,0.017606055730687,0.912763951562247,0.877551840100873
p.Gly378Ser,1.25708617389746,0.256841133792935,1.51392730769039,1.00024504010452
p.Gln372Val,1.25200714182128,0.09805418885631,1.35006133067759,1.15395295296497
p.Asp228Pro,0.529880157575448,0.002849296801149,0.527030860774299,0.532729454376597
p.Lys429Ala,0.939688792571088,0.079997717469181,0.859691075101908,1.01968651004027
p.Arg136His,0.937441400531196,0.0166098416584459,0.954051242189642,0.92083155887275
p.Arg72Gln,0.961456563120121,0.0870104750183569,1.04846703813848,0.874446088101766
p.Leu20Ile,0.746393437839956,0.293607508791834,0.452785929048121,1.04000094663179
p.Asp350His,1.14347526922321,0.07378239498228,1.21725766420549,1.06969287424093
p.Thr334His,0.446287023396229,0.102254348714342,0.548541372110571,0.344032674681888
p.Asp258=,1.11458980107481,0.0291222990276599,1.08546750204715,1.14371210010247
p.Glu457Ala,1.08154543420368,0.070281086988325,1.151826521192,1.01126434721535
p.Pro415Gly,1.09414287849548,0.197311963573431,1.29145484206891,0.896830914922048
p.Leu61His,0.0646634535576262,0.137271506788738,-0.0726080532311116,0.201934960346364
p.Arg357=,0.809943851788719,0.0857503773686359,0.724193474420083,0.895694229157355
p.Phe241Ala,1.19190429411572,0.0442181289795999,1.23612242309532,1.14768616513612
p.Val169Asn,0.829965843123637,0.0162200318638954,0.846185874987532,0.813745811259741
p.Val352Thr,0.597550306878857,0.0427363727197719,0.554813934159085,0.640286679598629
p.Glu460Val,0.522030196014562,0.03641053670731,0.485619659307252,0.558440732721872
p.Pro240Ser,0.857971077528123,0.116930840377482,0.741040237150641,0.974901917905605
p.Leu20Ter,-0.0821499687627617,0.0400534612593341,-0.122203430022096,-0.0420965075034278
p.Lys82Gln,1.01533882301731,0.00032150927272,1.01566033229003,1.01501731374459
p.Glu460Leu,0.770204122725741,0.124153924406045,0.894358047131786,0.646050198319696
p.Leu20Gly,0.597054165061285,0.253210382037599,0.343843783023686,0.850264547098884
p.Gly351Cys,0.460390868109976,0.0513191253449644,0.511709993454941,0.409071742765012
p.Thr279Trp,1.24386549403894,0.12754329776232,1.37140879180126,1.11632219627662
p.Ile36Lys,0.174060302114781,0.0098148445741329,0.164245457540648,0.183875146688914
p.Lys320Pro,0.977123826584196,0.212712585353023,1.18983641193722,0.764411241231173
p.Asn430=,1.11047772880494,0.0365887644303301,1.14706649323527,1.07388896437461
p.Tyr482Pro,-0.0204755936384231,0.183318122486539,-0.203793716124962,0.162842528848116
p.Tyr202Phe,1.06821100614452,0.0577241738483049,1.01048683229621,1.12593517999282
p.Lys386Met,1.09040390777039,0.0108345289931249,1.10123843676352,1.07956937877727
p.Leu128Phe,0.921118858367227,0.036465302419496,0.884653555947731,0.957584160786723
p.Ile224Leu,1.04335614446379,0.0493767955938005,1.09273294005759,0.993979348869989
p.His32Ala,1.01114758227909,0.112784419346885,1.12393200162597,0.8983631629322
p.Val344Gly,0.374780764566797,0.174390389902636,0.549171154469432,0.200390374664161
p.Asp42Val,1.04256009786824,0.050819239400358,1.0933793372686,0.991740858467884
p.Val328Cys,0.483472857994016,0.318822665805155,0.164650192188861,0.802295523799171
p.Asn153Ter,0.141706916423853,0.118985404059955,0.260692320483808,0.0227215123638972
p.Arg9Thr,1.12306015226331,0.226721332575381,1.34978148483869,0.896338819687927
p.Asp258Thr,1.16252998435819,0.182750121604298,1.34528010596249,0.979779862753893
p.Thr91Asp,0.715250985068519,0.225703547508862,0.489547437559657,0.940954532577382
p.Val259Ter,0.0557287202022944,0.0950811027457657,0.15080982294806,-0.0393523825434714
p.Ala6His,0.927295884497486,0.026769178834799,0.900526705662687,0.954065063332285
p.Ala6Asn,1.09048331885229,0.0624866375175299,1.15296995636982,1.02799668133476
p.Phe216=,1.11219601704946,0.157752377373914,1.26994839442337,0.954443639675542
p.Leu137Cys,1.08340026092026,0.0567501838758499,1.14015044479611,1.02665007704441
p.Arg175Ala,1.0849791060119,0.22190186674269,1.30688097275459,0.86307723926921
p.Leu265Cys,1.02654061180516,0.0951618561621774,1.12170246796734,0.931378755642985
p.Arg246Tyr,1.08163080416652,0.024753727150575,1.10638453131709,1.05687707701594
p.Leu98Val,0.973629098003317,0.066510779790675,0.90711831821264,1.04013987779399
p.Glu85Trp,0.662694648198007,0.0767062259015215,0.739400874099529,0.585988422296486
p.Gln83Phe,1.13185058629491,0.207321382362304,1.33917196865721,0.924529203932601
p.Ile224Met,1.06473722297346,0.0207009843007649,1.0440362386727,1.08543820727423
p.Phe412Trp,1.07406149980774,0.082104343758084,1.15616584356582,0.991957156049652
p.Ile230Tyr,0.117611969386193,0.0243148824824067,0.0932970869037865,0.1419268518686
p.Asp42Trp,1.17114166702152,0.102694878825455,1.27383654584697,1.06844678819606
p.Glu3Met,0.977321445651534,0.151870817682515,1.12919226333405,0.82545062796902
p.Ile48Asp,0.0561763395450506,0.0005264861998889,0.0556498533451617,0.0567028257449396
p.Thr506Arg,1.11044172601844,0.160652200520693,1.27109392653913,0.949789525497743
p.Lys514Pro,1.12353764659736,0.00343409991033,1.12010354668703,1.12697174650769
p.Asn397Lys,1.09069958876992,0.0803563764563149,1.17105596522624,1.01034321231361
p.Asn511His,1.14166810566606,0.0591850185571,1.20085312422316,1.08248308710896
p.Asp443Ser,0.885723028371516,0.0060655366835949,0.879657491687921,0.891788565055111
p.Glu93=,1.101230114315,0.148518318121458,1.24974843243646,0.952711796193543
p.Pro329Tyr,1.01035964574788,0.069628632190989,0.940731013556892,1.07998827793887
p.Ala367Ile,0.971952053376719,0.0414889822516105,0.930463071125109,1.01344103562833
p.Asp30Arg,0.874817876778069,0.0166732372504145,0.858144639527654,0.891491114028483
p.Asp176His,0.907697681967536,0.264403625998372,1.17210130796591,0.643294055969166
p.Leu96Ser,1.16019813986184,0.0605681604797849,1.22076630034163,1.09962997938206
p.Ser40Lys,0.743113992681466,0.144312558842298,0.887426551523764,0.598801433839167
p.Asn218Arg,-0.0162790739941917,0.0459439973568685,0.0296649233626768,-0.0622230713510602
p.Pro353Tyr,0.121421476240274,0.0050479886258885,0.126469464866163,0.116373487614386
p.Pro467Gln,0.91826598176261,0.051048756615918,0.969314738378528,0.867217225146692
p.Glu94Arg,0.340148186228527,0.122661474102177,0.462809660330704,0.21748671212635
p.Asp176Lys,0.802382904722706,0.132876715664044,0.93525962038675,0.669506189058661
p.Leu420Ile,1.11811972495866,0.0033989310859799,1.11472079387268,1.12151865604464
p.Ile256His,0.0109531585981772,0.023310384780384,0.0342635433785613,-0.0123572261822069
p.Val108Glu,0.5336283558768,0.0975148428328569,0.436113513043943,0.631143198709657
p.Gln384Ter,-0.119792343903952,0.0826326146580188,-0.202424958561971,-0.0371597292459334
p.Asp251Pro,0.817495334878292,0.345933604181556,1.16342893905985,0.471561730696738
p.Asp114Pro,0.305271494231864,0.160537678534097,0.465809172765961,0.144733815697767
p.Cys158Tyr,0.0410575523405828,0.155334726982209,-0.114277174641627,0.196392279322792
p.Ile480Cys,0.634661187031381,0.296197579720476,0.338463607310905,0.930858766751857
p.Val309Gln,1.00584347268802,0.0578111255552689,1.06365459824329,0.948032347132752
p.Ile199Tyr,0.41936969171501,0.160147089529879,0.579516781244889,0.25922260218513
p.Glu93Leu,0.761386336307859,0.0658736424029059,0.827259978710765,0.695512693904953
p.Glu315Pro,1.26871686859634,0.583897497487377,1.85261436608372,0.684819371108967
p.Gly316Met,0.917410613486322,NA,NA,0.917410613486322
p.Leu268Ser,0.428320088025671,0.066843547452594,0.495163635478265,0.361476540573077
p.Ala492Asn,0.378732894481414,0.10466932295407,0.483402217435484,0.274063571527345
p.Lys360Phe,0.899096293459391,0.108449598571799,0.790646694887591,1.00754589203119
p.Ser455Ter,-0.0620295577694996,0.0425505060909116,-0.104580063860411,-0.0194790516785877
p.Lys171Arg,1.16249144954027,0.0852689355917449,1.24776038513201,1.07722251394852
p.Gln261Leu,1.23189134705902,0.0866371449151799,1.3185284919742,1.14525420214384
p.Ala71Lys,-0.0597275185726172,0.0973475189681487,-0.157075037540766,0.0376200003955314
p.Ala339Trp,0.436376256625002,0.148092857040677,0.584469113665679,0.288283399584325
p.Gly110Ter,-0.0360984016962385,0.0708850729702734,-0.106983474666512,0.034786671274035
p.Glu274Tyr,0.276672384945403,0.111147522243006,0.38781990718841,0.165524862702397
p.Met267Thr,1.10338616956198,0.0108609652689649,1.11424713483094,1.09252520429301
p.Ile234Ter,0.0609604143608919,0.0613400746787889,0.122300489039681,-0.0003796603178969
p.Phe56Gly,0.370693155709141,0.178311364571425,0.549004520280565,0.192381791137716
p.Tyr322Gly,0.0234348575269848,0.0434622724057169,0.0668971299327017,-0.0200274148787321
p.Thr336Tyr,0.172061384257033,0.071962456609357,0.24402384086639,0.100098927647676
p.Val303Ser,0.999895806866222,0.0080014899737699,1.00789729683999,0.99189431689245
p.Asn135Leu,0.294023596756614,0.16045622458819,0.454479821344804,0.133567372168424
p.Ala318Gln,1.04984621433245,0.0653676188955274,1.11521383322798,0.984478595436925
p.His155=,1.00416212486537,0.029472869915266,0.974689254950098,1.03363499478063
p.Val309Gly,0.838306215859489,0.0553011459601049,0.783005069899384,0.893607361819594
p.Leu440=,1.00681761847952,0.022232948675567,1.02905056715509,0.984584669803956
p.Leu270Asp,1.05812487907424,0.039274186549615,1.09739906562385,1.01885069252462
p.Arg370Tyr,0.813898637502621,0.109465802632918,0.923364440135539,0.704432834869704
p.Val289Asp,0.655939229117833,0.0970000248732865,0.75293925399112,0.558939204244547
p.Gly242Asn,0.944088942258339,0.0716084845002405,1.01569742675858,0.872480457758099
p.Ala44Gln,0.133424447547707,0.0053213363902269,0.138745783937934,0.12810311115748
p.Thr327Ter,0.13216121019631,0.111177687497745,0.243338897694055,0.0209835226985645
p.Pro312Gly,0.836658655858213,0.138168361887613,0.698490293970601,0.974827017745826
p.Thr336Val,0.16215079109263,0.0938774506012153,0.0682733404914143,0.256028241693845
p.Ala116Glu,1.13327248045696,0.0836030514149349,1.2168755318719,1.04966942904203
p.Lys47Ser,1.13065247975824,0.070699005475905,1.20135148523414,1.05995347428233
p.Gln502Pro,1.19134832305378,0.113465338479095,1.30481366153287,1.07788298457468
p.Pro144Glu,0.777297379057382,0.287684336895476,0.489613042161908,1.06498171595286
p.His186Asn,0.893269814561067,0.0271809089339264,0.866088905627141,0.920450723494994
p.Gly41Trp,0.418887992636026,0.105755013860675,0.313132978775352,0.524643006496701
p.Tyr428Asn,1.37567015110422,0.0711112667650449,1.44678141786927,1.30455888433918
p.Leu60Met,0.825220540744816,0.0991626724786504,0.726057868266166,0.924383213223467
p.Arg454Asp,0.381236331732361,0.239238123722943,0.620474455455304,0.141998208009417
p.Gly410Asp,1.0470207365527,0.0081279295466049,1.05514866609931,1.0388928070061
p.Asn511=,0.843441880080468,0.112485675991821,0.730956204088647,0.95592755607229
p.Lys288Pro,0.329757024672479,0.134611563590458,0.464368588262937,0.195145461082021
p.Val5Cys,1.04529580625101,0.0291617667821799,1.07445757303319,1.01613403946883
p.Lys320Ser,1.08763971639704,0.0910502681416959,1.17868998453874,0.996589448255348
p.Glu398Arg,1.1574788682033,0.139019978127915,1.29649884633122,1.01845889007539
p.Arg257Leu,0.844317611736735,0.0860547438220675,0.930372355558802,0.758262867914667
p.Lys497Asp,1.21435089486091,0.0950072520574649,1.30935814691838,1.11934364280345
p.Phe373Ile,0.684286303484385,0.184707106035121,0.868993409519506,0.499579197449264
p.Glu368Met,0.638543018780527,0.0455958053165194,0.684138824097047,0.592947213464008
p.Lys432Ser,1.12220516615703,0.12022330182658,1.24242846798361,1.00198186433045
p.Asp100Phe,1.13523358900744,0.010514373511165,1.1457479625186,1.12471921549627
p.Ala134Leu,0.754627538649414,0.0633945027581294,0.818022041407543,0.691233035891284
p.Val453Thr,1.30773408305397,0.15158025634543,1.4593143393994,1.15615382670854
p.Asp200Leu,1.09486044251643,0.105973678945595,1.20083412146202,0.988886763570829
p.Tyr139Val,0.769544089264388,0.298113854024384,1.06765794328877,0.471430235240003
p.Gly314Arg,1.04567725297723,0.0014595705395999,1.04421768243763,1.04713682351683
p.His32Ter,0.11941657235069,0.0025896983520734,0.122006270702764,0.116826873998617
p.Asp251Lys,0.7209075775822,0.0453027480825099,0.76621032566471,0.67560482949969
p.Tyr197Gly,0.0973810366102808,0.110150278087919,0.2075313146982,-0.012769241477638
p.Gly163Met,0.323961891808336,0.137082419850282,0.461044311658618,0.186879471958054
p.Leu98Asp,0.0037959617435571,0.0474304152384267,-0.0436344534948696,0.0512263769819839
p.Gly41Gln,0.881718457693699,0.0583849181720829,0.940103375865782,0.823333539521616
p.Arg219Ter,-0.030576743885062,0.0018343273829414,-0.0287424165021205,-0.0324110712680035
p.Pro489Val,1.01166085933822,0.072709241090995,1.08437010042922,0.93895161824723
p.Tyr308Leu,0.0027438570449093,0.0510662170278373,-0.048322359982928,0.0538100740727468
p.Glu504Gly,0.747063988979762,0.215896229055415,0.531167759924347,0.962960218035177
p.Gly38His,0.612752093358109,0.0527037502857725,0.665455843643882,0.560048343072337
p.Thr336Met,0.0197372107422586,0.001214033506315,0.0185231772359436,0.0209512442485736
p.Leu7Ter,0.471980693720855,0.0529620968468454,0.41901859687401,0.524942790567701
p.Ile441Asp,-0.0244768534372902,0.0727856644901941,-0.0972625179274843,0.0483088110529039
p.Arg454Ala,0.859966528110016,0.0302248381456184,0.890191366255634,0.829741689964397
p.Leu142Trp,1.01152116753147,0.101526879565295,1.11304804709676,0.90999428796617
p.Tyr118His,0.686567133396504,0.0799669787353729,0.766534112131877,0.606600154661131
p.Val289Met,1.09175052249783,0.0377675877615301,1.12951811025936,1.0539829347363
p.Pro144Ter,0.127450508977951,0.114949636704136,0.242400145682087,0.0125008722738153
p.Ile220Ser,0.528822763888134,0.004787121858826,0.524035642029308,0.53360988574696
p.Val68Glu,0.243511393661463,0.147543156180414,0.391054549841877,0.0959682374810483
p.Phe221Ser,1.08941801388064,0.0795105971510999,1.16892861103174,1.00990741672954
p.Val12Ser,1.11748312081135,0.0003092036541,1.11779232446545,1.11717391715725
p.Ser188Cys,1.10721379516936,0.12001871503502,1.22723251020438,0.98719508013434
p.Asp325Met,0.93792176113382,0.075256788938718,1.01317855007254,0.862664972195104
p.Thr406Glu,0.878643023562637,0.151442304632424,1.03008532819506,0.727200718930211
p.Ala318Phe,0.721908675410825,0.235744438196496,0.486164237214329,0.957653113607321
p.Leu305Ser,0.559210037165097,0.0124593973225204,0.571669434487617,0.546750639842576
p.Ile80Met,0.837891795615096,0.048206435859018,0.789685359756078,0.886098231474114
p.Tyr249=,1.04980046101421,0.035232815125355,1.08503327613956,1.01456764588885
p.Glu457Asp,0.558536063240441,0.124864142474833,0.683400205715274,0.433671920765608
p.Glu317Gln,0.989868353709424,0.0101351649987574,1.00000351870818,0.979733188710665
p.Arg17His,0.872239534657994,0.0632511616615025,0.935490696319497,0.808988372996492
p.Arg81His,0.57514680632679,0.0413684574678534,0.616515263794644,0.533778348858937
p.Ala231Thr,1.00296728004508,0.0896432690381145,1.0926105490832,0.913324011006971
p.Asp58Gly,0.669071709587961,0.0371133670930349,0.631958342494926,0.706185076680996
p.Lys152Met,0.949298465302693,0.0615861268668849,0.88771233843581,1.01088459216958
p.Leu7Met,0.88470486703767,0.130537089640959,0.754167777396712,1.01524195667863
p.Glu99Trp,0.326789152809079,0.0791178241458804,0.247671328663199,0.40590697695496
p.Val391Lys,1.08464777172396,0.0860443530026809,1.17069212472664,0.998603418721278
p.Ile441Val,1.00499277449677,0.01514091417971,1.02013368867648,0.98985186031706
p.Leu128Pro,0.994476064489519,0.352034138640802,1.34651020313032,0.642441925848715
p.Gln383Gly,1.08203204445308,0.0335569274840399,1.04847511696904,1.11558897193712
p.Phe221Tyr,1.18027893811354,0.09736533125007,1.27764426936361,1.08291360686347
p.Trp349Leu,0.119259357900046,0.0345558431144826,0.153815201014529,0.0847035147855637
p.Lys432Trp,0.980534021730498,0.0664209939090789,1.04695501563958,0.914113027821422
p.Gly316Trp,0.766348415031474,0.0945110588535189,0.671837356177955,0.860859473884993
p.Pro409Lys,0.981893525765329,0.13197836863908,1.11387189440441,0.849915157126249
p.Gly331Ter,0.368968545260295,0.359321400033731,0.728289945294026,0.0096471452265639
p.Gln266Phe,1.00893738913582,0.117404135265778,1.1263415244016,0.891533253870043
p.Gln4Lys,1.08580707048308,0.018651500379455,1.06715557010362,1.10445857086253
p.Ile255Trp,0.101055775306989,0.110085672083961,0.21114144739095,-0.0090298967769723
p.Glu252Arg,1.02376257766964,0.0779088463605925,1.10167142403023,0.945853731309045
p.Leu442Thr,0.913476731583419,0.100374308636681,1.0138510402201,0.813102422946738
p.His201Asp,0.948150962841779,0.0705826473811895,0.877568315460591,1.01873361022297
p.Met260Lys,0.0451558430972152,0.115981542425586,-0.0708256993283705,0.161137385522801
p.Ser40Tyr,0.668834801506747,0.122633639654048,0.546201161852698,0.791468441160795
p.His201Ala,0.795806877996648,0.074438620119768,0.72136825787688,0.870245498116416
p.Arg166Asn,0.331536633993071,0.145379763248627,0.476916397241698,0.186156870744443
p.Asp286Ala,0.717627040217836,0.0860306936415895,0.803657733859426,0.631596346576247
p.Ser455Gln,0.646327020683956,0.131577432971379,0.514749587712577,0.777904453655335
p.Ser486Trp,0.456618659829418,0.0687072339175665,0.525325893746984,0.387911425911851
p.Ile154Phe,-0.0114015168578336,0.0232343169197195,-0.0346358337775531,0.0118328000618859
p.Leu265Asp,0.0717193166991021,0.0861013980278321,-0.0143820813287302,0.157820714726934
p.Lys97Tyr,0.730315844411622,0.0231315988187645,0.707184245592857,0.753447443230386
p.Phe173His,0.738216298359065,0.0688713143067779,0.669344984052287,0.807087612665843
p.Gly131Ala,0.822748292138653,0.0178514085300854,0.840599700668738,0.804896883608567
p.Ala338Ser,0.969842790225392,0.004110324158599,0.973953114383991,0.965732466066793
p.Thr327Leu,1.21917034705459,0.1343851680554,1.35355551510999,1.08478517899919
p.Pro276Gln,-0.0231563134572195,0.0278650941540487,-0.0510214076112683,0.0047087806968293
p.Thr327Asn,1.10543145389158,0.0217733938655849,1.12720484775716,1.08365806002599
p.Trp349Lys,0.251572132503353,0.191678723746747,0.0598934087566059,0.4432508562501
p.Gly242His,0.975404731888665,0.193346955846543,1.16875168773521,0.782057776042124
p.Tyr107Lys,0.128254522356205,0.0983307717272698,0.226585294083475,0.0299237506289353
p.Met212Glu,0.741322437121903,0.147674368106809,0.888996805228711,0.593648069015094
p.Ile220Ter,0.178567989812555,0.152451377683277,0.331019367495832,0.0261166121292783
p.Tyr197Trp,1.06474423044602,0.00745628997287,1.05728794047315,1.07220052041889
p.Ile355=,1.15145218351977,0.098933534628295,1.25038571814807,1.05251864889148
p.Asp58Glu,0.98876294086253,0.0981773409503589,1.08694028181289,0.890585599912172
p.Ala277Tyr,0.942646941418681,0.0696352122965395,0.873011729122141,1.01228215371522
p.Asp324Arg,0.803516373979887,0.0691936153827414,0.872709989362628,0.734322758597145
p.Ser29=,0.964262579752848,0.014873031915971,0.949389547836877,0.979135611668819
p.Ala339Gly,0.855042902231496,0.0793865846743825,0.934429486905878,0.775656317557113
p.Gln502=,1.17575541124915,0.08516927740069,1.26092468864984,1.09058613384846
p.Leu43Tyr,1.11120719408977,0.071545117569105,1.18275231165887,1.03966207652066
p.Asn64Arg,0.937927635729957,0.0002505834512485,0.937677052278708,0.938178219181205
p.Gln119Cys,1.12852994085028,0.0179746622466349,1.14650460309692,1.11055527860365
p.Ser123Arg,1.02497543169953,0.056881800879278,1.08185723257881,0.968093630820254
p.Phe253Glu,1.00057442798875,0.001916961287874,1.00249138927662,0.998657466700872
p.Leu211Thr,0.895457824059532,0.051685737501152,0.947143561560684,0.84377208655838
p.Glu156Val,1.01168491278339,0.023189062278337,0.988495850505056,1.03487397506173
p.Trp164Ile,0.887241583652379,0.101022640068161,0.988264223720541,0.786218943584218
p.Ile392Trp,1.26026796780438,0.13017725901146,1.39044522681584,1.13009070879292
p.Leu362Ser,0.86422923153681,0.19280173939567,1.05703097093248,0.671427492141139
p.Ile220Leu,0.968770032975251,0.0030604984207149,0.965709534554536,0.971830531395966
p.Trp462Ala,1.0220170797922,0.0629747952076165,0.959042284584587,1.08499187499982
p.Gln449His,0.296149031270568,0.327070806233474,-0.0309217749629054,0.623219837504042
p.Glu206Asn,1.16011409937766,0.23388540767766,1.39399950705532,0.926228691699999
p.Glu99Arg,0.969726379537621,0.0385809391861389,1.00830731872376,0.931145440351482
p.Asp100Met,1.16789487283472,0.102788678717625,1.27068355155235,1.0651061941171
p.Leu16Glu,0.820808046251634,0.0432255476110159,0.777582498640618,0.86403359386265
p.Lys432Val,1.11112608095374,0.0083611758794999,1.10276490507424,1.11948725683324
p.Met273Tyr,0.0605623771960104,0.005483631934385,0.0550787452616254,0.0660460091303954
p.Met212Ser,0.361363554604021,0.219951933536855,0.581315488140876,0.141411621067166
p.Trp349Cys,0.0743158455073964,0.111089070126838,-0.0367732246194412,0.185404915634234
p.Trp53Met,0.012660534093749,0.0840529990867024,-0.0713924649929535,0.0967135331804515
p.Glu148Pro,1.17985967571598,0.0594421881822849,1.23930186389826,1.12041748753369
p.Pro415Met,1.03503861687923,0.0153394075303899,1.05037802440962,1.01969920934884
p.Lys82=,1.13034658079138,0.0935356151791749,1.22388219597055,1.0368109656122
p.Met207Gln,1.07370273050539,0.07160087306783,1.14530360357322,1.00210185743756
p.Pro276Asp,0.363456268915766,0.257674081510664,0.62113035042643,0.105782187405101
p.Leu292=,1.07748987390819,0.0570235618739499,1.13451343578214,1.02046631203424
p.Lys95Gln,1.16481017345326,0.0930341109989599,1.25784428445222,1.0717760624543
p.Asn302Gly,0.699362053249406,0.120738869525319,0.578623183724087,0.820100922774725
p.Gln161Asp,0.919991793755363,0.104515321366717,1.02450711512208,0.815476472388645
p.Ser132Asn,1.16709001127103,0.088584479971475,1.2556744912425,1.07850553129955
p.Ala335Arg,0.306450286587927,0.10437031638643,0.410820602974357,0.202079970201497
p.Thr76Gln,0.94033534588344,0.034263309929957,0.974598655813397,0.906072035953483
p.Gly59Tyr,0.417743799686187,0.014053052932616,0.403690746753571,0.431796852618803
p.Val328Phe,0.632329779608818,0.221360594985644,0.853690374594462,0.410969184623173
p.Val303Asn,0.169191235939856,0.148776909748207,0.0204143261916492,0.317968145688063
p.Lys46Met,0.893335666475021,0.149747216934467,0.743588449540556,1.04308288340949
p.Gly163Arg,0.448303265892224,0.251332689306693,0.699635955198917,0.19697057658553
p.Leu140Cys,0.867650436957598,0.0328355792220755,0.834814857735522,0.900486016179673
p.Thr406Pro,0.684334040252588,0.108912636284298,0.793246676536886,0.57542140396829
p.Gly316Ser,0.969456258084132,0.0435358598259405,1.01299211791007,0.925920398258189
p.Asn226Thr,0.943076121358795,0.018107815436536,0.924968305922259,0.961183936795331
p.Met260Asp,0.0420303267807143,0.0511134891369668,-0.0090831623562526,0.0931438159176812
p.Leu7Lys,0.986633281205332,0.095226250308878,1.08185953151421,0.891407030896454
p.Tyr107Leu,0.972977256329502,0.0641734793494959,0.908803776980008,1.037150735679
p.Lys47Pro,-0.0413205542832267,0.0734502076041641,-0.114770761887391,0.0321296533209373
p.Thr151Gln,0.934565073531908,0.0255430368371319,0.96010811036904,0.909022036694776
p.Ile230Cys,0.867165996958624,0.0308786409220559,0.89804463788068,0.836287356036568
p.Val431Cys,1.03068281771063,0.0126619918002549,1.01802082591038,1.04334480951089
p.Gly425Arg,1.0212394040923,0.0963717082939429,1.11761111238624,0.924867695798354
p.Leu121Met,0.853587909942651,0.0176720424340804,0.871259952376732,0.835915867508571
p.Leu469Tyr,1.2895316378792,0.114147099313385,1.40367873719258,1.17538453856581
p.Gly310Met,0.906699862959019,0.0271487138151634,0.933848576774183,0.879551149143856
p.Ile483Pro,0.878434855218883,0.171255293534558,0.707179561684324,1.04969014875344
p.Leu190Met,0.931015354868496,0.0285065511321135,0.902508803736383,0.95952190600061
p.Trp509Pro,1.19066247947833,0.068220941594255,1.25888342107259,1.12244153788408
p.Tyr107Arg,0.229928495713773,0.0861576055248319,0.316086101238605,0.143770890188941
p.Ala39Ter,0.0653211248632948,0.0793562443951273,0.144677369258422,-0.0140351195318327
p.Ile483Leu,1.06256957391683,0.0899027898747014,1.15247236379153,0.972666784042127
p.Ile380Ser,0.607961831716183,0.249572579344541,0.857534411060724,0.358389252371642
p.Gln307Cys,0.657023660366762,0.0708838107464184,0.586139849620344,0.727907471113181
p.Gly110His,0.0814012532598061,0.11834315288035,-0.0369418996205434,0.199744406140156
p.Arg285Ter,0.313289878024606,0.238687082423678,0.551976960448284,0.0746027956009287
p.Glu389Arg,0.101072075830528,0.102793319530654,0.203865395361182,-0.0017212437001254
p.Glu94Lys,0.302153152939537,0.0240408350572235,0.326193987996761,0.278112317882314
p.Thr65His,0.209301604106772,0.0908575459268485,0.118444058179924,0.300159150033621
p.Ala272Tyr,0.236474776187649,0.231065968548599,0.467540744736248,0.0054088076390496
p.Ser106Arg,0.872716736026775,0.007824020323833,0.880540756350608,0.864892715702942
p.Ser29Asn,1.06950097848248,0.02745345032374,1.09695442880622,1.04204752815874
p.Gly447Cys,0.750102705845281,0.117462099591259,0.867564805436541,0.632640606254022
p.Arg357Ser,1.05455787152316,0.100526051411098,1.15508392293426,0.954031820112065
p.Phe102His,0.526913349952622,0.025078112412986,0.501835237539636,0.551991462365608
p.Ile295Met,0.987013674585612,0.0885252563493074,1.07553893093492,0.898488418236305
p.Glu170His,1.08118432592664,0.051345625031005,1.13252995095765,1.02983870089564
p.Gln471Leu,1.09858194629144,0.0913444826927799,1.18992642898422,1.00723746359866
p.Ile380Cys,0.921051327705805,0.0780518313530024,0.999103159058807,0.842999496352802
p.Phe337Pro,0.138378645547767,0.106889066247013,0.0314895793007531,0.24526771179478
p.Ser188Gly,1.11229207872257,0.0549799317176899,1.16727201044026,1.05731214700488
p.Gly410Arg,0.670189956035717,0.161099684550636,0.831289640586353,0.50909027148508
p.Lys45Ser,0.992918281601574,0.009824487823108,0.983093793778464,1.00274276942468
p.Ala277Gly,0.977093409508093,0.0070332220454785,0.970060187462614,0.984126631553571
p.Leu177Glu,0.868464937387127,0.0299262301335549,0.838538707253572,0.898391167520682
p.Val391Phe,1.01675141628918,0.0033094055793699,1.02006082186855,1.01344201070981
p.Ile234Lys,1.13302580327645,0.103720820426115,1.23674662370257,1.02930498285034
p.Ile199Asn,0.559638958754371,0.10713005805501,0.666769016809382,0.452508900699361
p.Phe34Trp,0.804757465230864,0.0111713281630145,0.79358613706785,0.815928793393879
p.Leu420Asn,1.18261107425472,0.0012126522909349,1.18139842196379,1.18382372654566
p.Ser160Val,0.919322816710317,0.131631403113312,1.05095421982363,0.787691413597005
p.Ile295His,0.206991613891369,0.0218246299957464,0.228816243887116,0.185166983895623
p.Cys13Arg,0.972196957271149,0.0350318663373825,1.00722882360853,0.937165090933765
p.Val77Ter,0.0186419270578887,0.0006864657212578,0.0193283927791466,0.0179554613366309
p.Ala44Leu,0.291617998194488,0.0738057362421435,0.365423734436631,0.217812261952344
p.Arg463Cys,0.329370340669825,0.0136223682971154,0.315747972372709,0.34299270896694
p.Asp282Met,0.950094246077322,0.0193086716432729,0.930785574434049,0.969402917720595
p.Arg192Thr,0.933651485974738,0.0401078020865819,0.97375928806132,0.893543683888156
p.Tyr70Gly,0.0969479972633771,0.0507445556756886,0.0462034415876886,0.147692552939066
p.Phe56Ser,0.287187584132328,0.0968716040056715,0.190315980126656,0.384059188137999
p.Val259=,1.0064165465325,0.0361774366473925,1.04259398317989,0.970239109885105
p.Glu317Gly,0.996081167695497,0.0706131129373124,0.925468054758185,1.06669428063281
p.Gly254Arg,0.0368162552720429,0.0304819426602428,0.0063343126118,0.0672981979322858
p.Glu473Asp,1.01392090806867,0.026802127334439,1.04072303540311,0.987118780734232
p.Asp435Ala,1.08224933112759,0.019977796104625,1.10222712723221,1.06227153502296
p.Thr65Cys,1.15926264119173,0.16628805336026,1.32555069455199,0.992974587831469
p.Gln307Ile,0.208782511838814,0.0883922953061144,0.297174807144928,0.120390216532699
p.Ile167Leu,1.05888672756151,0.0675122452448664,1.12639897280638,0.991374482316647
p.Met37Arg,0.176889000011925,0.066273164734523,0.243162164746448,0.110615835277402
p.Thr423Glu,1.02828439816241,0.006915022632065,1.03519942079447,1.02136937553034
p.Gln209Glu,1.26195268479862,0.0751021308580299,1.33705481565665,1.18685055394059
p.Glu368Asp,0.971493743975662,0.0545127240777559,1.02600646805342,0.916981019897908
p.Leu130Trp,0.975718421315708,0.0048920679833679,0.980610489299076,0.97082635333234
p.Ala6Gln,0.968552009502375,0.213779506310744,0.754772503191632,1.18233151581312
p.Gln395Trp,0.967492081130161,0.0668224550172295,1.03431453614739,0.900669626112931
p.Gly38Lys,0.018890402410114,0.0238029802339952,-0.0049125778238812,0.0426933826441093
p.Lys97Gly,0.561229060001911,0.0559955221936495,0.505233537808261,0.61722458219556
p.Gly351Gln,0.765639487949582,0.0266566346805784,0.738982853269004,0.792296122630161
p.Ala116Cys,0.776907461050824,0.120937774850548,0.655969686200276,0.897845235901372
p.Ala377Pro,0.964930778583827,0.0680954168389459,0.896835361744878,1.03302619542277
p.Ser160=,1.11648132725061,0.071864027045465,1.18834535429607,1.04461730020514
p.Thr490Gln,1.00420641527912,0.0102165576637709,1.01442297294289,0.993989857615348
p.Val289Thr,1.11482572847186,0.0748240383774749,1.18964976684933,1.04000169009438
p.Lys408Thr,1.18391322181046,0.093054662527155,1.09085855928331,1.27696788433762
p.Val146Gly,0.841773125712462,0.0232948258414364,0.865067951553899,0.818478299871026
p.Ile162Thr,1.09222189326798,0.0372136452516149,1.05500824801636,1.12943553851959
p.Asp350Gly,1.19879623462039,0.0583284303473949,1.25712466496779,1.140467804273
p.Pro312Lys,0.908830170434383,0.136704939067755,0.772125231366629,1.04553510950214
p.Gln28Met,1.0413455343325,0.0312857629186,1.0726312972511,1.0100597714139
p.Lys45Cys,1.02445197357432,0.0335855341810815,1.0580375077554,0.990866439393237
p.Arg463Ser,0.613586986602282,0.034657977665184,0.578929008937098,0.648244964267466
p.Arg215Glu,0.178219580297652,0.113753978966018,0.29197355926367,0.0644656013316343
p.Leu468Glu,0.127637786021313,0.0681182267354529,0.195756012756766,0.0595195592858601
p.Ala361Gln,0.0516572325093401,0.0177389498340299,0.06939618234337,0.0339182826753102
p.Pro50Ter,-0.053478843584771,0.0080236259433474,-0.0615024695281184,-0.0454552176414235
p.Ile168Ala,0.954204232864698,0.104598589203602,1.0588028220683,0.849605643661096
p.Tyr197Asp,-0.0729882689309429,0.0508776494684681,-0.123865918399411,-0.0221106194624747
p.Thr490Ter,-0.0215280137269405,0.0013000581044138,-0.0228280718313543,-0.0202279556225267
p.Val328Arg,0.774025647065135,0.164611339022722,0.938636986087858,0.609414308042413
p.Ser117Lys,0.629513178725069,0.105157811208502,0.524355367516568,0.734670989933571
p.Ala149Ile,1.03243102326376,0.072510587737152,1.10494161100091,0.959920435526606
p.Ala25Val,0.885941052988185,0.080019567139649,0.805921485848536,0.965960620127834
p.Val304Asp,0.145076377347661,0.162871620053195,-0.0177952427055348,0.307947997400856
p.Asp325Ter,-0.112239818486967,0.0364870662284067,-0.148726884715374,-0.0757527522585606
p.Ser486Arg,0.725921748898021,0.0526708223667605,0.67325092653126,0.778592571264781
p.Ser296Tyr,0.802486691351598,0.056961378752261,0.745525312599337,0.859448070103859
p.Ser332Trp,0.0564024208234052,0.0411392146942738,0.097541635517679,0.0152632061291314
p.Gln133Gly,0.933133212787833,0.050347114314627,0.98348032710246,0.882786098473206
p.Glu99Lys,0.902734438874231,0.0900352471218604,0.992769685996092,0.812699191752371
p.Lys205Val,1.25889508167429,0.095614434521035,1.35450951619533,1.16328064715326
p.Ala25Arg,0.999494345131076,0.0086392373923059,1.00813358252338,0.990855107738768
p.Gly359Trp,0.0940342177021336,0.0728929089586454,0.0211413087434881,0.166927126660779
p.Phe101Gly,0.0401340580724925,0.0489999608133816,-0.0088659027408891,0.0891340188858741
p.Gln11Cys,0.844681592413594,0.0067854436273079,0.851467036040902,0.837896148786286
p.Tyr49Gly,0.111410201234288,0.0992069237911698,0.0122032774431183,0.210617125025458
p.Tyr482=,1.08750324168968,0.0098778458837849,1.09738108757347,1.0776253958059
p.Glu63Val,0.937599467599777,0.0857000968707425,0.851899370729035,1.02329956447052
p.Glu398=,1.02431551324451,0.01084606165908,1.03516157490359,1.01346945158543
p.Met212Leu,0.829977802771211,0.131718402657722,0.698259400113489,0.961696205428933
p.Gly331Glu,0.90582207640939,0.11818437312875,0.787637703280641,1.02400644953814
p.Glu99Gly,0.973189117491178,0.14061374874982,1.113802866241,0.832575368741359
p.Ser73Trp,0.717551277672773,0.0295970623080364,0.687954215364737,0.74714833998081
p.Ser448Cys,0.956852948980786,0.0207564816189039,0.97760943059969,0.936096467361882
p.Pro144Lys,1.04755383174877,0.101579969840788,1.14913380158956,0.945973861907984
p.Met267Ter,0.0581916784941622,0.03933493729334,0.0975266157875022,0.0188567412008221
p.Gln307Asn,0.0929511300151403,0.0917582978943086,0.184709427909449,0.0011928321208316
p.Ile162Arg,1.05889172801792,0.0072389760910199,1.06613070410894,1.0516527519269
p.Arg120Ter,-0.079507621193724,0.0791178552587439,-0.158625476452468,-0.0003897659349801
p.Gly425Leu,0.912061939667457,0.0011753286163335,0.910886611051124,0.913237268283791
p.Pro396Arg,0.645010272983164,0.250976846875551,0.895987119858716,0.394033426107613
p.Val444Lys,0.100267157019542,0.0291329765135067,0.0711341805060355,0.129400133533049
p.Lys288Ter,0.215275086590356,0.175630223114632,0.390905309704988,0.0396448634757243
p.Leu96Pro,0.903033425287927,0.0508000536680465,0.852233371619881,0.953833478955974
p.Pro415Trp,1.16727682397931,0.05874339139425,1.22602021537356,1.10853343258506
p.Tyr424Lys,0.816004150218189,0.029550656532834,0.845554806751023,0.786453493685355
p.Lys288Gln,1.09379331300656,0.0973043344622964,1.19109764746886,0.996488978544267
p.Cys269Leu,0.488637094742662,0.292670059062029,0.195967035680633,0.781307153804691
p.Phe56Met,0.895996202542784,0.173043595526774,1.06903979806956,0.722952607016013
p.Glu63Tyr,1.1894967920959,0.17939446024217,1.36889125233807,1.01010233185373
p.Tyr202Val,1.02616182922985,0.0543605712987145,1.08052240052857,0.971801257931141
p.Val328Asp,0.742448183702741,0.376028639979011,1.11847682368175,0.366419543723727
p.Leu140Val,1.00748644192023,0.093023651396663,1.10051009331689,0.914462790523564
p.Ile380Leu,1.28221921434272,0.10997810906022,1.39219732340294,1.1722411052825
p.Ala367Thr,1.16132211440348,0.120763685303905,1.28208579970739,1.04055842909958
p.Asn153Leu,0.91618762848524,0.0163071041547649,0.932494732640005,0.899880524330475
p.Val344Ser,0.0221546809444423,0.106903331448407,-0.0847486505039645,0.129058012392849
p.Ile80Lys,0.0590712221317798,0.0022900292438559,0.0613612513756358,0.0567811928879239
p.His382Cys,1.02716917179743,0.0160814771952849,1.01108769460214,1.04325064899271
p.Gly310Cys,0.805184466740627,0.085910632127443,0.719273834613184,0.89109509886807
p.Thr243Ser,0.993288634703133,0.000917415373295,0.994206050076428,0.992371219329838
p.His470Gly,1.00985268035228,0.0624676083856529,1.07232028873793,0.947385071966624
p.Tyr308Ser,0.0686562953073933,0.0116930188611154,0.0569632764462779,0.0803493141685087
p.Trp349Pro,0.298146592849808,0.014722172455953,0.312868765305761,0.283424420393855
p.Asp282Gln,1.12519282747152,0.109892570652215,1.23508539812374,1.01530025681931
p.Asp24Ala,1.03902072022918,0.0571342784558405,1.09615499868502,0.981886441773339
p.Leu214Gly,0.451980876497927,0.16850020001436,0.620481076512287,0.283480676483568
p.Leu458His,0.648807189837638,0.123728759856667,0.772535949694305,0.525078429980971
p.Glu389Tyr,0.148789587922093,0.0609701285779349,0.209759716500028,0.0878194593441582
p.Leu140Lys,0.0286069879743332,0.0350865523187322,-0.006479564344399,0.0636935402930655
p.Ile167Gln,0.021171308599711,0.0711372629697592,-0.0499659543700483,0.0923085715694702
p.Asp324=,1.00038514291675,0.0658458948923095,0.934539248024441,1.06623103780906
p.Cys385Gly,1.08143999287063,0.110555922806411,1.19199591567704,0.970884070064218
p.Pro396Leu,0.135719873108811,0.111162404086867,0.246882277195677,0.0245574690219436
p.Arg17Met,0.960849683316704,0.178680147661817,1.13952983097852,0.782169535654887
p.His470Ter,-0.103339366388141,0.0314564304085261,-0.134795796796667,-0.0718829359796148
p.Leu16Thr,0.940109038796231,0.13637555023265,1.07648458902888,0.803733488563579
p.Gly242Val,0.584727952824607,0.0324745491834209,0.617202502008028,0.552253403641186
p.Val400Ter,-0.116013284193282,0.0609182266725919,-0.176931510865874,-0.0550950575206901
p.Asn346Arg,0.467035232054707,0.014854704423331,0.481889936478038,0.452180527631376
p.Tyr118Met,1.11207123014064,0.0902671288623049,1.20233835900295,1.02180410127834
p.Ile36Arg,0.19046630216567,0.065411164743314,0.125055137422356,0.255877466908984
p.Glu317Asp,0.992319739807339,0.0011955778079649,0.993515317615304,0.991124161999374
p.Pro172Lys,0.754113222859389,0.116172930858991,0.87028615371838,0.637940292000398
p.Glu170Lys,0.953856097425639,0.152086237319133,1.10594233474477,0.801769860106505
p.Phe373Leu,1.00385339031813,0.100189490880979,1.10404288119911,0.903663899437153
p.Phe241Tyr,1.04016352842595,0.0220818333686999,1.01808169505725,1.06224536179465
p.Thr10Val,0.881547963270849,0.0244050619303225,0.857142901340527,0.905953025201172
p.Lys238Ala,1.01618764019953,0.0563475131945214,1.07253515339405,0.959840127005007
p.Met450Thr,0.579859085556144,0.35571724585707,0.224141839699073,0.935576331413214
p.Pro143Ala,0.923107836000758,0.252992678271891,1.17610051427265,0.670115157728867
p.Gln111Ter,0.228404351917023,0.12882557966284,0.357229931579864,0.099578772254183
p.Gly59Ter,-0.0932194786306511,0.0492357794399426,-0.142455258070594,-0.0439836991907086
p.Leu96Ter,-0.0413923974581392,0.0091161388603943,-0.0322762585977449,-0.0505085363185335
p.Gly204Ile,1.32060846783428,0.097262780885155,1.41787124871943,1.22334568694912
p.Asp24Ile,0.945043133857677,0.1866266763201,0.758416457537579,1.13166981017778
p.Pro326Gln,0.843062230743942,0.0535817159176734,0.789480514826268,0.896643946661615
p.Leu305Asn,0.115603282303304,0.0616163170474833,0.177219599350787,0.0539869652558203
p.Arg215Met,0.322152476319584,0.203997949974017,0.526150426293602,0.118154526345567
p.Phe34Thr,0.845010570306778,0.137309751945872,0.98232032225265,0.707700818360906
p.Phe87Arg,0.630137753575727,0.0563874915296024,0.686525245105329,0.573750262046124
p.Ala149Tyr,1.0504167092719,0.00050268836466,1.05091939763656,1.04991402090724
p.Leu268Met,1.09458003251686,0.125600454450278,1.22018048696714,0.968979578066585
p.Ser455Lys,0.620006449185282,0.241714935375203,0.378291513810078,0.861721384560485
p.Pro312Val,1.07197088398785,0.047176181430155,1.119147065418,1.02479470255769
p.Ile380Asn,0.604650724472121,0.186080042007734,0.790730766479855,0.418570682464387
p.Asn122His,0.988146721069863,0.0587637605188575,0.929382960551005,1.04691048158872
p.Asp200Asn,1.21098220139421,0.11183720570992,1.32281940710413,1.09914499568429
p.Glu438Phe,0.667597533644262,0.204252723188136,0.463344810456126,0.871850256832399
p.Glu297Gln,1.03340235972488,0.10524834515273,1.13865070487761,0.92815401457215
p.Asp58=,1.07774512401903,0.05391504380979,1.13166016782882,1.02383008020924
p.Phe412Cys,1.13291927561057,0.065545195128005,1.19846447073858,1.06737408048257
p.Gly204=,1.07063931776615,0.120729281795729,1.19136859956188,0.949910035970421
p.Val431Phe,1.09184424555292,0.08204018080968,1.1738844263626,1.00980406474324
p.Glu475Cys,1.02739363428876,0.0721757758475775,1.09956941013634,0.955217858441185
p.Glu85Asn,0.649048621688726,0.0259168251828484,0.674965446871574,0.623131796505877
p.Leu442Cys,0.821541380662765,0.026855330968671,0.848396711631436,0.794686049694094
p.Val340Phe,1.13436767141659,0.127516030567095,1.26188370198369,1.0068516408495
p.Glu19Trp,0.794649276000609,0.0865014511956064,0.881150727196216,0.708147824805003
p.Phe66Ala,0.928128880570798,0.150549653647252,1.07867853421805,0.777579226923547
p.Leu458Pro,0.438182325550133,0.093353349885159,0.344828975664974,0.531535675435292
p.Asn105Ala,0.942030949494032,0.108257184533481,1.05028813402751,0.833773764960549
p.Ala115Gln,1.09173688389251,0.06808505773014,1.15982194162265,1.02365182616237
p.Glu438Tyr,0.712181003320339,0.015469822878611,0.72765082619895,0.696711180441728
p.Thr76Glu,0.694472067597668,0.100458537531775,0.594013530065893,0.794930605129442
p.Val213Pro,0.74357375595008,0.0158633927028334,0.759437148652914,0.727710363247247
p.Ile380Thr,0.908816979632821,0.13852508558473,1.04734206521755,0.77029189404809
p.Asn301Val,0.971124521195264,0.0417515165335274,1.01287603772879,0.929373004661735
p.Val208Ter,-0.0668020927776344,0.0640433548613885,-0.130845447639023,-0.002758737916246
p.Ile380Phe,1.14936237333064,0.058503681846735,1.20786605517738,1.09085869148391
p.Leu211His,0.264043690810875,0.155311832293023,0.419355523103898,0.108731858517852
p.Leu214Asp,0.398260673440439,0.200479657155413,0.598740330595853,0.197781016285026
p.Pro489Gln,0.171648401292409,0.0713442002919025,0.100304201000506,0.242992601584311
p.Glu438Ile,0.87821801982969,0.113795615825903,0.764422404003787,0.992013635655593
p.Lys45Gly,0.728093540458864,0.0218770092420825,0.749970549700946,0.706216531216781
p.Lys407Thr,1.29240314279586,0.0528286378858699,1.34523178068173,1.23957450490999
p.Ala492Gln,0.958583745910042,0.133065227565127,0.825518518344917,1.09164897347517
p.Gly425Asn,0.910007608286596,0.120585321336391,0.789422286950207,1.03059292962299
p.Gly242Phe,0.932638274633836,0.0826065763034845,1.01524485093732,0.850031698330351
p.Phe221Leu,1.01028396295759,0.008055829768975,1.01833979272657,1.00222813318862
p.Leu469Thr,1.03283188560968,0.12280110272074,1.15563298833042,0.910030782888939
p.Asn229Gln,1.07285838691857,0.0124135459539249,1.08527193287249,1.06044484096464
p.Asn226Cys,1.0011659459858,0.0196239638054565,1.02078990979126,0.981541982180347
p.Leu356Cys,0.891780842089122,0.0909359091409304,0.982716751230053,0.800844932948192
p.Ile483Ter,-0.0631768893540891,0.0034982662216995,-0.0666751555757887,-0.0596786231323895
p.Asn511Thr,0.968687483339669,0.040622795763869,1.00931027910354,0.928064687575802
p.Glu206Cys,1.09769133569936,0.12146127630317,1.21915261200253,0.976230059396189
p.Asp493Gly,0.970273777857683,0.0383698234900565,1.00864360134774,0.931903954367627
p.His32Trp,0.613549914490181,0.218537674430503,0.395012240059678,0.832087588920684
p.Lys478Asp,0.906803425781434,0.0213563483975665,0.885447077383867,0.928159774179
p.Val5Ile,0.851980929859196,0.11162025867864,0.740360671180557,0.963601188537836
p.Trp225Glu,0.0696381546028721,0.0442324409244219,0.0254057136784501,0.113870595527294
p.Ala78Cys,0.948660344957587,0.0574677451344249,1.00612809009201,0.89119259982316
p.Gln383Val,0.977582751420751,0.0479534041509184,1.02553615557167,0.929629347269833
p.Phe26Cys,0.971094729667915,0.0792803189238944,1.05037504859181,0.891814410744021
p.Lys205Gln,1.21007995901412,0.05614340703437,1.26622336604849,1.15393655197975
p.Leu183Ala,1.0728250093037,0.05045448490568,1.12327949420938,1.02237052439802
p.Leu342Cys,1.25548141787554,0.1479045103773,1.40338592825284,1.10757690749824
p.Ile380Asp,0.728351039393862,0.247461713384505,0.975812752778367,0.480889326009357
p.Leu422Cys,1.06793066359814,0.0526996551039,1.01523100849424,1.12063031870204
p.Ser40Leu,0.760239644065635,0.0247511799842959,0.735488464081339,0.784990824049931
p.Gln11Glu,1.11121285081828,0.0719051956744399,1.18311804649272,1.03930765514384
p.Thr10Asn,0.926960352253641,0.0768079426134175,0.850152409640225,1.00376829486706
p.Asp286Ser,1.05171009792707,0.116849887124285,1.16855998505136,0.93486021080279
p.Cys13Leu,0.824262065834418,0.124332829597529,0.699929236236889,0.948594895431948
p.Leu362Val,0.851231701318626,0.0502666599114954,0.80096504140713,0.901498361230121
p.Gly69Thr,0.825666256974878,0.137703546552812,0.96336980352769,0.687962710422066
p.Leu96His,1.02291533288327,0.179103821458022,1.20201915434129,0.843811511425246
p.Gly488Ala,0.423174108053421,0.0698518084640885,0.493025916517509,0.353322299589332
p.Pro477His,1.05347493263978,0.01076921970839,1.04270571293139,1.06424415234817
p.Asp58Phe,0.649491204103439,0.0905993771270324,0.558891826976406,0.740090581230471
p.Val146His,1.0053322635237,0.0859293366558284,1.09126160017953,0.919402926867873
p.Ala134=,1.07598559542882,0.087071008301793,1.16305660373062,0.988914587127034
p.Ala217Met,0.835406086075612,0.220972320904337,1.05637840697995,0.614433765171276
p.Tyr503Gly,1.12228733714449,0.06936933072901,1.1916566678735,1.05291800641548
p.Glu93Thr,0.999765721759424,0.090263907756784,1.09002962951621,0.909501814002642
p.Gly485Ser,0.985206603115897,0.099507961265383,1.08471456438128,0.885698641850514
p.Leu474Arg,0.982144167624638,0.0341925249655925,0.947951642659045,1.01633669259023
p.Ile230Pro,0.180919107703868,0.020135111508054,0.160783996195814,0.201054219211922
p.Leu140Tyr,0.699012903692371,0.129117285859393,0.569895617832978,0.828130189551765
p.Leu433Thr,1.12793006273886,0.0006502100329599,1.1272798527059,1.12858027277182
p.Asp375Ser,0.898744948438365,0.0586778555828715,0.840067092855494,0.957422804021237
p.Leu422=,0.902266509702229,0.0632289430158405,0.839037566686389,0.96549545271807
p.Pro489Ter,-0.0872884195545681,0.0617922313035248,-0.149080650858093,-0.0254961882510433
p.Asn363Tyr,0.741020308750843,0.145997124893952,0.887017433644796,0.595023183856891
p.Gly447Gln,0.939846116631454,0.025679177221111,0.965525293852565,0.914166939410343
p.Phe445Asn,0.451892026513446,0.224137994486688,0.676030021000135,0.227754032026758
p.Leu292Asn,0.453042713728068,0.295814649876262,0.748857363604331,0.157228063851806
p.Ile355Pro,0.35129491642906,0.0846212284392539,0.435916144868314,0.266673687989806
p.Asn511Ter,1.29333256926348,0.05665835798447,1.34999092724795,1.23667421127901
p.His186Glu,1.0175639420656,0.172294927903094,1.1898588699687,0.845269014162512
p.Leu190Gly,0.417450084676674,0.308927072371001,0.108523012305673,0.726377157047676
p.Asp435Thr,1.12008329149135,0.04193100637762,1.16201429786897,1.07815228511373
p.Gly248Phe,1.04336892897579,0.0296138525872299,1.07298278156302,1.01375507638856
p.Leu183Lys,0.974456204859521,0.156410225996278,1.1308664308558,0.818045978863243
p.Arg72Pro,1.10758157629396,0.013589002632155,1.12117057892611,1.0939925736618
p.Asp456Asn,0.87602518458118,0.239471183239061,1.11549636782024,0.636554001342118
p.Tyr424Gln,1.23457776501821,0.127218933129845,1.36179669814805,1.10735883188836
p.Leu16Val,0.783031331712253,0.033025786784303,0.75000554492795,0.816057118496556
p.Leu270Met,1.16260952661098,0.10974041403039,1.27234994064137,1.05286911258059
p.Thr333Tyr,1.1018755941401,0.123276164145493,1.22515175828559,0.978599429994603
p.Glu457Phe,1.15252624069469,0.0508466289641099,1.2033728696588,1.10167961173058
p.Asn229Ile,0.388451419419807,0.0632782991584809,0.451729718578288,0.325173120261326
p.Glu473Gln,1.03075680065894,0.0543161075879379,1.08507290824688,0.976440693071004
p.Gln266Ala,1.13099609882808,0.0783236301477,1.20931972897578,1.05267246868038
p.Phe253Trp,1.08831568232337,0.0539486756090899,1.14226435793246,1.03436700671428
p.Asn153Thr,0.552220752915569,0.009910149503532,0.542310603412037,0.562130902419101
p.Ile483Thr,1.05015403483194,0.0859242969214594,1.1360783317534,0.964229737910481
p.Cys446Leu,0.829912666432974,0.0375617424496415,0.867474408882616,0.792350923983333
p.Leu292Phe,0.798389846104774,0.0672905648288359,0.86568041093361,0.731099281275938
p.Lys46Gln,1.06363379075992,0.0883235251714285,1.15195731593135,0.975310265588493
p.Asn346Ser,1.04800022690151,0.102952608422457,1.15095283532396,0.945047618479047
p.Glu170Thr,0.987058596435401,0.0878825178029265,1.07494111423833,0.899176078632477
p.Gln266Trp,1.03046217114786,0.0342995164987204,1.06476168764658,0.996162654649139
p.Lys407Ile,1.24141332849201,0.143485007383565,1.38489833587558,1.09792832110845
p.Met260His,0.897938643052676,0.101867464952806,0.999806108005482,0.79607117809987
p.Arg198Trp,0.4171948407326,0.17611229462974,0.59330713536234,0.24108254610286
p.Pro409Ter,-0.0973383385654421,0.052351033040037,-0.149689371605479,-0.0449873055254048
p.Arg9Ile,0.657407134587962,0.101933722390008,0.555473412197954,0.75934085697797
p.Glu460Asn,0.640504639479526,0.0210170320674384,0.619487607412087,0.661521671546964
p.Gly38Met,0.111830480832171,0.0436561944636188,0.15548667529579,0.0681742863685524
p.Lys514Ter,1.32869621094494,0.152440337416375,1.48113654836131,1.17625587352856
p.Asp283Lys,0.924789700028087,0.0003555003463904,0.924434199681696,0.925145200374477
p.Ala103Gln,1.12693074741662,0.120993610957275,1.24792435837389,1.00593713645934
p.Ile472Ser,0.908913887907904,0.209200659338834,1.11811454724674,0.699713228569071
p.Ser278Cys,0.953440144608412,0.0085010397895944,0.944939104818817,0.961941184398006
p.Gln384His,0.943888097331547,0.123427011342552,0.820461085988996,1.0673151086741
p.Tyr343His,0.859144874050641,0.0821474754721354,0.776997398578506,0.941292349522777
p.Lys288Thr,0.964390407873255,0.115867268134556,1.08025767600781,0.848523139738698
p.Gln83Ser,1.01473515791118,0.00791544949582,1.022650607407,1.00681970841536
p.Ala461Ser,1.04624854901686,0.0190455225373949,1.06529407155426,1.02720302647947
p.Asn280Thr,1.04567199783531,0.0749926311054594,1.12066462894077,0.970679366729851
p.Thr506Leu,1.07639573403852,0.026005304197215,1.0503904298413,1.10240103823573
p.Glu417Arg,0.959095581532265,0.083431965659827,0.875663615872436,1.04252754719209
p.Gln11Leu,0.845520627858912,0.0047079767841134,0.840812651074799,0.850228604643026
p.Asn302Leu,0.857566802120085,0.0520629253743685,0.909629727494453,0.805503876745716
p.Thr145Met,1.11366342582195,0.0583925815457699,1.17205600736772,1.05527084427618
p.Val431=,0.905471334313193,0.0661320809534995,0.839339253359693,0.971603415266692
p.Gln22Val,1.113702402022,0.0863444195684,1.2000468215904,1.0273579824536
p.Lys205Pro,1.16366037402077,0.038943946988655,1.20260432100942,1.12471642703211
p.Gly310Asp,0.761424454474425,0.0952934477765269,0.666131006697898,0.856717902250952
p.Pro144Ile,1.09830860625282,0.00755060325292,1.10585920950574,1.0907580029999
p.Pro326Arg,1.05002660625432,0.0773731751807795,1.1273997814351,0.972653431073541
p.Gln307Arg,0.699441296657483,0.126307228401748,0.573134068255735,0.825748525059232
p.Asn426Pro,1.09552305588754,0.0138812001135,1.10940425600104,1.08164185577404
p.Tyr49Ala,0.17846468136476,0.11498608200496,0.29345076336972,0.0634785993597997
p.Phe452Ser,0.466811471497154,0.0293026660825839,0.496114137579738,0.43750880541457
p.Phe34Ala,0.924176885936538,0.0588266144204939,0.983003500357032,0.865350271516044
p.Asn135Phe,0.208909248352557,0.212551821228944,-0.0036425728763863,0.421461069581501
p.Arg246Cys,1.16094735436234,0.02187675030383,1.18282410466617,1.13907060405851
p.Arg330Gln,0.967093422940589,0.08041225934036,0.88668116360023,1.04750568228095
p.Val304Ser,0.672935615217149,0.0213684857963284,0.694304101013477,0.65156712942082
p.Leu458Ile,0.737158230171568,0.186995597279795,0.924153827451363,0.550162632891773
p.Ile187Trp,0.544122889688331,0.449174500831136,0.0949483888571948,0.993297390519467
p.Asn511Glu,1.13176800944168,0.02826318320692,1.10350482623476,1.1600311926486
p.Lys478Tyr,0.849597883704241,0.0521952737282025,0.797402609976038,0.901793157432443
p.Thr51Gly,0.815796942979307,0.125379227071767,0.69041771590754,0.941176170051074
p.Asn218=,0.996053956949834,0.0524103134932474,1.04846427044308,0.943643643456585
p.Ala90Val,0.993486472800455,0.0979802448265365,1.09146671762699,0.895506227973917
p.Pro240Arg,0.911419198855594,0.0225972365444774,0.934016435400071,0.888821962311116
p.Gln502Lys,1.08699649679622,0.182801646889365,1.26979814368558,0.90419484990685
p.Glu475Gly,1.25422868595599,0.1857819800498,1.44001066600579,1.06844670590619
p.Ala71Gly,1.05405100688519,0.0279334443753249,1.08198445126051,1.02611756250986
p.Pro144Thr,1.04492133819778,0.0405519623841149,1.00436937581366,1.08547330058189
p.Asp313Gln,0.900873076828305,0.0296740980262885,0.871198978802016,0.930547174854593
p.Ala149Met,0.851342542195723,0.158514723374936,0.692827818820787,1.00985726557066
p.Arg257Thr,1.15368304320516,0.0875638027938799,1.24124684599904,1.06611924041128
p.Gly247Gln,0.976960791440766,0.0352761066376259,0.941684684803138,1.01223689807839
p.Pro223Lys,1.20239560287869,0.05272725421472,1.25512285709341,1.14966834866397
p.Tyr118Pro,0.054948642736986,0.0035479658023944,0.0584966085393805,0.0514006769345915
p.Thr279Pro,1.15758373862012,0.0934771421593349,1.25106088077946,1.06410659646079
p.Glu239Asp,1.07204257039931,0.078685856723903,1.15072842712321,0.993356713675404
p.Glu398Ile,0.941177362177001,0.142122697879398,1.0833000600564,0.799054664297603
p.Gln22His,0.64272362728811,0.159834035113959,0.482889592174151,0.80255766240207
p.Gln261Asn,1.15872974811401,0.069785077910505,1.22851482602452,1.08894467020351
p.Ala335Phe,0.155095503182477,0.0765346484039522,0.231630151586429,0.0785608547785245
p.Asp421Ter,-0.0614478408356422,0.0248084402657009,-0.0862562811013432,-0.0366394005699413
p.Ile255Thr,1.12081790055055,0.067286433130665,1.18810433368121,1.05353146741988
p.Pro479Val,1.05717042923749,0.036079184771665,1.09324961400915,1.02109124446582
p.Val213Gln,1.14104357866324,0.233692525282659,1.3747361039459,0.907351053380581
p.Asp324Tyr,0.944419089456292,0.17818379942368,1.12260288887997,0.76623529003261
p.Ser188Leu,0.934173419126249,0.0301132741400494,0.904060144986199,0.964286693266298
p.Thr423Val,0.837766761500528,0.152553433301051,0.685213328199476,0.990320194801579
p.Gln209Leu,0.934610217305307,0.032303758230637,0.966913975535944,0.90230645907467
p.Glu274Ala,0.840867441269405,0.0574925798852189,0.783374861384186,0.898360021154624
p.Tyr507Pro,1.1212493769985,0.01533340828239,1.13658278528089,1.10591596871611
p.Thr279Ter,0.176696033408712,0.0978675461102174,0.27456357951893,0.0788284872984951
p.Arg498Trp,0.906405827515959,0.0485144700757835,0.954920297591743,0.857891357440176
p.Asp421Ala,0.95000273155234,0.136681470767021,0.813321260785317,1.08668420231936
p.Leu121=,1.2981825558982,0.26004662479729,1.55822918069549,1.03813593110091
p.Asp251Ala,0.810921405874118,0.008989677728991,0.801931728145127,0.819911083603109
p.Gln395Met,1.11546077628243,0.063597565117965,1.1790583414004,1.05186321116447
p.Ala90Tyr,0.899135126751142,0.0129276414862334,0.912062768237376,0.886207485264909
p.Ile392Asn,-0.032407966558292,0.0780191190341088,-0.110427085592401,0.0456111524758167
p.Lys238Ser,1.10165147847017,0.01381901983022,1.11547049830039,1.08783245863995
p.Gln111Asp,0.802643921872596,0.163080317655235,0.639563604217361,0.965724239527831
p.Asp114Ser,0.948338722435811,0.124733832539489,1.0730725549753,0.823604889896321
p.Pro172Leu,0.877869346387336,0.0911403792290669,0.969009725616403,0.786728967158269
p.Gly485Tyr,0.396595561554512,0.0664579577125094,0.463053519267021,0.330137603842002
p.Gln83Cys,1.1274170988559,0.111815130021465,1.23923222887737,1.01560196883444
p.Leu203Val,1.18251735461496,0.05590490632683,1.23842226094179,1.12661244828813
p.Ser40His,0.665961820411104,0.124874430732267,0.541087389678837,0.79083625114337
p.Ser179Thr,1.09562009652351,0.0509417433153749,1.14656183983889,1.04467835320814
p.Val376His,1.06258266043321,0.192784673650766,1.25536733408398,0.869797986782447
p.Glu457Asn,0.722450874297704,0.0421762101467124,0.764627084444416,0.680274664150991
p.Trp509Asn,1.09623775445246,0.059195552564255,1.15543330701672,1.03704220188821
p.Pro312Ile,1.01309415760184,0.0423383905948124,1.05543254819665,0.970755767007025
p.Arg330Leu,0.991671678959182,0.0923453710980174,0.899326307861165,1.0840170500572
p.Tyr401Ser,0.964271299845482,0.102923388032646,0.861347911812838,1.06719468787813
p.Tyr249Thr,1.20220107911955,0.10402352074646,1.30622459986601,1.09817755837309
p.Met159Glu,0.979464379392233,0.0294943080719665,1.0089586874642,0.949970071320267
p.Ile234Arg,1.16149998083894,0.0125273031591249,1.14897267767981,1.17402728399806
p.Gln372Met,1.14347279065891,0.0699422868551149,1.21341507751403,1.0735305038038
p.Ile483Asn,0.91267610994479,0.078097283467688,0.834578826477102,0.990773393412478
p.Val291Met,0.883146258142758,0.110122136990634,0.993268395133393,0.773024121152124
p.Asp58Cys,0.915713730691356,0.066182805511507,0.981896536202863,0.849530925179849
p.Trp509Tyr,1.19387325488444,0.103514654135545,1.29738790901999,1.0903586007489
p.Ala109Arg,1.0207193360644,0.0150526548282349,1.00566668123617,1.03577199089264
p.Ile15Pro,0.80628779514657,0.002516101077173,0.803771694069397,0.808803896223743
p.Arg166Ile,0.512153282687226,0.285697364141698,0.797850646828924,0.226455918545528
p.Gly254Ile,0.375926856964753,0.220828596741934,0.596755453706687,0.155098260222819
p.Val146Tyr,0.791418327549374,0.002106554397096,0.79352488194647,0.789311773152278
p.Leu474Ile,0.88649168750486,0.0811850706504685,0.805306616854391,0.967676758155328
p.Asp100Ile,1.14256175164335,0.0883691043807399,1.23093085602409,1.05419264726261
p.Thr31Asp,1.04657011460169,0.0904702368270484,1.13704035142874,0.956099877774643
p.Lys290His,1.02887742273222,0.125018410718324,1.15389583345055,0.903859012013903
p.Gln28His,0.888238782351604,0.0636666463392899,0.824572136012314,0.951905428690894
p.Ile255Ser,0.974664704721898,0.080293847668961,0.894370857052938,1.05495855239086
p.Gln449Asp,0.234341487345693,0.122415963846201,0.111925523499491,0.356757451191894
p.Asn511Gln,1.06378486477689,0.08342674825755,0.98035811651934,1.14721161303444
p.His129Leu,0.986143607630504,0.064758525979385,1.05090213360989,0.92138508165112
p.Lys429Pro,0.739168332211732,0.074677824343522,0.66449050786821,0.813846156555254
p.Gly410Ala,1.34498110663225,0.0981400308785399,1.44312113751079,1.24684107575371
p.Leu270Val,1.06122811629935,0.0035039702856251,1.05772414601372,1.06473208658497
p.Thr336Lys,0.208150536469131,0.424701445083418,-0.216550908614287,0.632851981552549
p.Pro50Ile,-0.0280512921246869,0.0712568855607029,-0.0993081776853898,0.0432055934360161
p.Val453Ala,1.10536504607052,0.02780307565383,1.13316812172435,1.07756197041669
p.Pro396Met,0.140784832267194,0.0812428960700249,0.222027728337219,0.0595419361971692
p.Thr145Trp,1.0320063086905,0.0401147818915514,1.07212109058205,0.991891526798947
p.Val150Lys,-0.0591266977722891,0.0749105959209466,-0.134037293693236,0.0157838981486573
p.Leu235Tyr,0.994670019666579,NA,NA,0.994670019666579
p.Ser29Arg,0.911692929720466,0.146424262968807,0.765268666751657,1.05811719268927
p.Arg365Met,1.10767390686238,0.158467790560251,1.26614169742263,0.949206116302127
p.Met37Asp,0.0292809026286217,0.0484193979657439,-0.0191384953371222,0.0777003005943656
p.Arg463Gln,0.95538706536076,0.30572038985249,1.26110745521325,0.64966667550827
p.Ser157Leu,1.06746383149304,0.0957861933006985,1.16325002479374,0.971677638192343
p.Arg439Gln,1.22996392520826,0.02731295163274,1.257276876841,1.20265097357552
p.Gly222His,0.935484563907159,0.081327404273412,0.854157159633746,1.01681196818057
p.Val394Ala,1.18486077331208,0.081228896848195,1.26608967016027,1.10363187646388
p.Asp456Cys,0.789802659555213,0.09652799604045,0.886330655595663,0.693274663514763
p.Glu317Tyr,1.07919114026987,0.0648133103406099,1.14400445061048,1.01437782992926
p.Leu130=,0.794841642721354,0.240362428239957,0.554479214481395,1.03520407096131
p.Ala90Ter,-0.0549466787939705,0.0615351431666773,-0.116481821960648,0.0065884643727067
p.Asn426=,1.04058776410161,0.02909842511212,1.01148933898949,1.06968618921373
p.Asp313Cys,1.00418378291287,0.0088606867674325,0.995323096145435,1.0130444696803
p.Ser184Ile,0.977174033872385,0.056521685290665,1.03369571916305,0.92065234858172
p.Arg498Gln,1.1246406373832,0.078043726901805,1.202684364285,1.04659691048139
p.Ala109=,0.997269545805082,0.0382536834983674,1.03552322930345,0.959015862306715
p.Glu18Pro,0.812739526889278,0.139088285724016,0.951827812613294,0.673651241165261
p.Phe173Trp,1.04981817322567,0.0258178047296649,1.07563597795533,1.024000368496
p.Phe101Ser,-0.0113695435097627,0.0581819068541659,-0.0695514503639287,0.0468123633444033
p.Ala134Pro,0.691767332819088,0.083049108917489,0.774816441736577,0.608718223901599
p.Glu494Lys,0.913863712722175,0.0094144610780154,0.923278173800191,0.90444925164416
p.Ala71Tyr,0.557836656209966,0.012869163496925,0.570705819706891,0.544967492713041
p.Leu121Val,0.562791678513771,0.12107771835257,0.683869396866341,0.4417139601612
p.Pro512Met,1.18512523766542,0.04855990382912,1.23368514149454,1.1365653338363
p.Phe102Tyr,1.05050599461194,0.115630312887684,1.16613630749963,0.934875681724261
p.Val289Gly,0.680946216192138,0.0443810895067899,0.636565126685348,0.725327305698928
p.Val391Ile,1.12330367417926,0.10529496813098,1.22859864231024,1.01800870604828
p.Asn226Asp,0.936798676210895,0.049141623271359,0.887657052939536,0.985940299482254
p.Asn397=,1.0517282883284,0.03717004790885,1.08889833623725,1.01455824041955
p.Leu7His,1.01067512173047,0.128019961235355,1.13869508296582,0.88265516049511
p.Glu297Ile,1.11940157955387,0.224889159297789,1.34429073885166,0.894512420256082
p.Val394Cys,1.20616835983136,0.0045159964416049,1.21068435627296,1.20165236338975
p.Asp350Ile,0.786181447241023,0.017136722412744,0.769044724828279,0.803318169653767
p.Val510Tyr,1.050915308992,0.018082322541475,1.03283298645053,1.06899763153348
p.Leu96Trp,1.02811764276219,0.0602788139639389,1.08839645672613,0.967838828798252
p.Leu214Cys,1.20247016119646,0.111422094580385,1.31389225577684,1.09104806661607
p.Ile255Ter,0.151999646828144,NA,NA,0.151999646828144
p.Ala339Tyr,0.82013937667511,0.204620153417442,1.02475953009255,0.615519223257665
p.Leu75Asn,0.695393706363136,0.101932101636786,0.593461604726351,0.797325807999922
p.Leu362Asp,0.372384849039869,0.300470822927138,0.672855671967007,0.0719140261127314
p.Gln133Met,1.14363168248552,0.10427050003752,1.24790218252304,1.039361182448
p.Arg57Thr,0.464591794009113,0.187648105260889,0.652239899270002,0.276943688748224
p.Gly447Thr,0.351763847092743,0.247778747715985,0.599542594808728,0.103985099376758
p.Ile224Pro,0.673660606398211,0.16471561941139,0.8383762258096,0.508944986986821
p.Pro396Ile,0.0395894230895238,0.0179408559275725,0.0575302790170964,0.0216485671619513
p.Thr506Gln,1.06868230240887,0.0541363867825149,1.01454591562635,1.12281868919138
p.Gln383Tyr,1.17077169908741,0.0899320551647799,1.26070375425219,1.08083964392263
p.Arg463Ter,-0.0804987717507056,0.0035261343146773,-0.0769726374360282,-0.0840249060653829
p.Thr91His,1.00127130315755,0.102350040000627,1.10362134315818,0.898921263156925
p.Phe26Pro,1.12963862284104,0.0711043045219799,1.20074292736302,1.05853431831906
p.Ile187His,0.60506613010032,0.0896964161461069,0.694762546246427,0.515369713954213
p.Leu422Ile,1.20027395510343,0.0885931889757199,1.28886714407915,1.11168076612771
p.Leu323Pro,1.0149563036628,0.043419743539708,1.05837604720251,0.971536560123094
p.Ser157Gln,1.02395609600757,0.0088254235600749,1.03278151956764,1.01513067244749
p.Val77Arg,0.8462553149873,0.109867502978261,0.736387812009039,0.956122817965561
p.Gln119Ter,-0.0967969965513505,0.0800679522291234,-0.176864948780474,-0.0167290443222272
p.Arg74Trp,1.0386138791727,0.0880077355979365,1.12662161477064,0.950606143574767
p.Arg454Met,0.362202230937823,0.132478512806,0.229723718131822,0.494680743743823
p.Gln133Pro,1.19393585772701,0.0101271675584949,1.2040630252855,1.18380869016851
p.Trp462Tyr,1.06326542450104,0.0752651189676894,1.13853054346873,0.988000305533351
p.Ser180Asn,0.826029833140071,0.0891694443120119,0.736860388828059,0.915199277452083
p.Asp379Gly,1.21402573673577,0.0060072556918999,1.20801848104387,1.22003299242767
p.Ala436Pro,1.10751133948741,0.152353610428623,1.25986494991603,0.955157729058783
p.His513Pro,1.08557099235763,0.197481906090513,1.28305289844814,0.888089086267114
p.Ile480Phe,1.17189889651983,0.154677992450005,1.32657688896983,1.01722090406982
p.Asp30Ile,0.846251880932663,0.141596073069098,0.704655807863565,0.98784795400176
p.Met260Pro,0.483531995222747,0.137801636445623,0.62133363166837,0.345730358777123
p.Lys46Gly,0.625724039152845,0.108623982907014,0.517100056245832,0.734348022059859
p.Ile234Asp,1.12448812119712,0.006209566130965,1.13069768732808,1.11827855506615
p.Arg330=,0.913059561858395,0.0779195910384035,0.835139970819992,0.990979152896799
p.Ile255Tyr,0.332453990370343,0.300925692753203,0.633379683123546,0.0315282976171399
p.Gln178Met,1.0713958136885,0.338755202823011,1.41015101651151,0.732640610865487
p.Lys508=,1.21671239306367,0.376569699967918,1.59328209303159,0.840142693095753
p.Arg17Tyr,0.764659605881201,0.0590701200846365,0.705589485796564,0.823729725965837
p.Glu457Ile,0.6154076474383,0.189015363856441,0.426392283581859,0.804423011294741
p.Ala436=,0.87962612385097,0.264596961735238,0.615029162115733,1.14422308558621
p.Leu458Asp,0.73545586525803,0.131103645188951,0.604352220069079,0.866559510446982
p.His470Phe,0.971207747882905,0.0238994341416944,0.9951071820246,0.947308313741211
p.Asp283Ala,1.13467390479395,0.150940631935309,1.28561453672926,0.983733272858641
p.Glu416Gly,1.32310286378773,0.080091207757785,1.40319407154552,1.24301165602995
p.Ala436Asn,1.16756461334378,0.023775759053105,1.19134037239688,1.14378885429067
p.Pro329Asp,0.856977925633893,NA,NA,0.856977925633893
p.Ile224Ala,1.29816423761542,0.144552950040115,1.44271718765553,1.1536112875753
p.Ser180Asp,1.13984230695769,0.136265897358465,1.27610820431616,1.00357640959923
p.Ile48Ala,0.78812533309082,0.310112874799168,1.09823820788999,0.478012458291653
p.Pro86Gln,0.989596392475056,0.0342582621603724,1.02385465463543,0.955338130314685
p.Leu292Met,0.616262858808175,0.602497139792334,0.013765719015841,1.21875999860051
p.Asn135Lys,1.24730747047904,NA,1.24730747047904,NA
